ISO-10303-21;
HEADER;
/*Generated by software containing ST-Developer
 * from STEP Tools, Inc. (www.steptools.com) 
 */
/*OPTION: using custom renumber hook */
/*description */
/*implementation_level */
FILE_DESCRIPTION(('STEP AP242 Edition 2','STEP AP242 Edition 2''CAx-IF Rec.Pracs.---Representation and Presentation of Product Manufa
cturing Information (PMI)---4.0---2014-10-13','STEP AP242 Edition 2''CAx-IF Rec.Pracs.---Representation and Presentation of Product Manufa
cturing Information (PMI)---4.0---2014-10-13''CAx-IF Rec.Pracs.---3D Tessellated Geometry---0.4---2014-09-14','STEP AP242 Edition 2''CAx-IF Rec.Pracs.---Representation and Presentation of Product Manufa
cturing Information (PMI)---4.0---2014-10-13''CAx-IF Rec.Pracs.---3D Tessellated Geometry---0.4---2014-09-14''2;1','STEP AP242 Edition 2''CAx-IF Rec.Pracs.---Representation and Presentation of Product Manufa
cturing Information (PMI)---4.0---2014-10-13''CAx-IF Rec.Pracs.---3D Tessellated Geometry---0.4---2014-09-14''2;1''CAx-IF Rec.Pracs.---User Defined Attributes---1.5---2016-08-15'),'2;1');
/*name */
/*time_stamp */
/*author */
/*organization */
/*preprocessor_version */
/*originating_system */
/*authorisation */
FILE_NAME('/vol/tmp/translate-9585817536892156851/DTP502535 - Part 75.step','2026-02-21T11:33:59',(''),(''),'ST-DEVELOPER v20','ONSHAPE BY PTC INC, 1.211','  ');
FILE_SCHEMA(('AP242_MANAGED_MODEL_BASED_3D_ENGINEERING_MIM_LF { 1 0 10303 442 3 1 4 }'));
ENDSEC;
DATA;
#10=SHAPE_REPRESENTATION_RELATIONSHIP('','',#1755,#11);
#11=ADVANCED_BREP_SHAPE_REPRESENTATION('',(#1753),#2777);
#12=CYLINDRICAL_SURFACE('',#1767,0.0011);
#13=CYLINDRICAL_SURFACE('',#1770,0.0011);
#14=CYLINDRICAL_SURFACE('',#1773,0.0011);
#15=CYLINDRICAL_SURFACE('',#1776,0.0011);
#16=CYLINDRICAL_SURFACE('',#1836,0.00225);
#17=CYLINDRICAL_SURFACE('',#1839,0.00225);
#18=CYLINDRICAL_SURFACE('',#1842,0.00225);
#19=CYLINDRICAL_SURFACE('',#1845,0.00225);
#20=CIRCLE('',#1759,0.00225);
#21=CIRCLE('',#1760,0.00225);
#22=CIRCLE('',#1763,0.00225);
#23=CIRCLE('',#1764,0.00225);
#24=CIRCLE('',#1768,0.0011);
#25=CIRCLE('',#1769,0.0011);
#26=CIRCLE('',#1771,0.0011);
#27=CIRCLE('',#1772,0.0011);
#28=CIRCLE('',#1774,0.0011);
#29=CIRCLE('',#1775,0.0011);
#30=CIRCLE('',#1777,0.0011);
#31=CIRCLE('',#1778,0.0011);
#32=CIRCLE('',#1837,0.00225);
#33=CIRCLE('',#1840,0.00225);
#34=CIRCLE('',#1843,0.00225);
#35=CIRCLE('',#1846,0.00225);
#36=ORIENTED_EDGE('',*,*,#512,.F.);
#37=ORIENTED_EDGE('',*,*,#513,.T.);
#38=ORIENTED_EDGE('',*,*,#514,.T.);
#39=ORIENTED_EDGE('',*,*,#515,.F.);
#40=ORIENTED_EDGE('',*,*,#516,.F.);
#41=ORIENTED_EDGE('',*,*,#517,.F.);
#42=ORIENTED_EDGE('',*,*,#518,.F.);
#43=ORIENTED_EDGE('',*,*,#519,.T.);
#44=ORIENTED_EDGE('',*,*,#520,.F.);
#45=ORIENTED_EDGE('',*,*,#521,.T.);
#46=ORIENTED_EDGE('',*,*,#522,.T.);
#47=ORIENTED_EDGE('',*,*,#523,.T.);
#48=ORIENTED_EDGE('',*,*,#524,.F.);
#49=ORIENTED_EDGE('',*,*,#525,.F.);
#50=ORIENTED_EDGE('',*,*,#526,.T.);
#51=ORIENTED_EDGE('',*,*,#527,.T.);
#52=ORIENTED_EDGE('',*,*,#528,.F.);
#53=ORIENTED_EDGE('',*,*,#529,.F.);
#54=ORIENTED_EDGE('',*,*,#530,.T.);
#55=ORIENTED_EDGE('',*,*,#531,.F.);
#56=ORIENTED_EDGE('',*,*,#532,.F.);
#57=ORIENTED_EDGE('',*,*,#533,.T.);
#58=ORIENTED_EDGE('',*,*,#534,.F.);
#59=ORIENTED_EDGE('',*,*,#535,.F.);
#60=ORIENTED_EDGE('',*,*,#536,.T.);
#61=ORIENTED_EDGE('',*,*,#537,.T.);
#62=ORIENTED_EDGE('',*,*,#538,.T.);
#63=ORIENTED_EDGE('',*,*,#539,.F.);
#64=ORIENTED_EDGE('',*,*,#540,.F.);
#65=ORIENTED_EDGE('',*,*,#541,.T.);
#66=ORIENTED_EDGE('',*,*,#542,.F.);
#67=ORIENTED_EDGE('',*,*,#543,.T.);
#68=ORIENTED_EDGE('',*,*,#544,.T.);
#69=ORIENTED_EDGE('',*,*,#545,.T.);
#70=ORIENTED_EDGE('',*,*,#546,.F.);
#71=ORIENTED_EDGE('',*,*,#547,.F.);
#72=ORIENTED_EDGE('',*,*,#548,.F.);
#73=ORIENTED_EDGE('',*,*,#549,.T.);
#74=ORIENTED_EDGE('',*,*,#550,.T.);
#75=ORIENTED_EDGE('',*,*,#551,.T.);
#76=ORIENTED_EDGE('',*,*,#552,.T.);
#77=ORIENTED_EDGE('',*,*,#553,.F.);
#78=ORIENTED_EDGE('',*,*,#554,.F.);
#79=ORIENTED_EDGE('',*,*,#555,.T.);
#80=ORIENTED_EDGE('',*,*,#556,.F.);
#81=ORIENTED_EDGE('',*,*,#557,.T.);
#82=ORIENTED_EDGE('',*,*,#558,.F.);
#83=ORIENTED_EDGE('',*,*,#559,.T.);
#84=ORIENTED_EDGE('',*,*,#560,.T.);
#85=ORIENTED_EDGE('',*,*,#561,.T.);
#86=ORIENTED_EDGE('',*,*,#562,.F.);
#87=ORIENTED_EDGE('',*,*,#563,.F.);
#88=ORIENTED_EDGE('',*,*,#564,.T.);
#89=ORIENTED_EDGE('',*,*,#565,.T.);
#90=ORIENTED_EDGE('',*,*,#566,.F.);
#91=ORIENTED_EDGE('',*,*,#567,.F.);
#92=ORIENTED_EDGE('',*,*,#568,.T.);
#93=ORIENTED_EDGE('',*,*,#569,.T.);
#94=ORIENTED_EDGE('',*,*,#570,.T.);
#95=ORIENTED_EDGE('',*,*,#571,.F.);
#96=ORIENTED_EDGE('',*,*,#572,.F.);
#97=ORIENTED_EDGE('',*,*,#573,.T.);
#98=ORIENTED_EDGE('',*,*,#574,.F.);
#99=ORIENTED_EDGE('',*,*,#575,.T.);
#100=ORIENTED_EDGE('',*,*,#576,.T.);
#101=ORIENTED_EDGE('',*,*,#577,.T.);
#102=ORIENTED_EDGE('',*,*,#578,.F.);
#103=ORIENTED_EDGE('',*,*,#579,.T.);
#104=ORIENTED_EDGE('',*,*,#580,.T.);
#105=ORIENTED_EDGE('',*,*,#581,.T.);
#106=ORIENTED_EDGE('',*,*,#582,.F.);
#107=ORIENTED_EDGE('',*,*,#583,.T.);
#108=ORIENTED_EDGE('',*,*,#584,.F.);
#109=ORIENTED_EDGE('',*,*,#585,.T.);
#110=ORIENTED_EDGE('',*,*,#586,.F.);
#111=ORIENTED_EDGE('',*,*,#587,.T.);
#112=ORIENTED_EDGE('',*,*,#588,.F.);
#113=ORIENTED_EDGE('',*,*,#589,.T.);
#114=ORIENTED_EDGE('',*,*,#590,.F.);
#115=ORIENTED_EDGE('',*,*,#591,.F.);
#116=ORIENTED_EDGE('',*,*,#531,.T.);
#117=ORIENTED_EDGE('',*,*,#592,.T.);
#118=ORIENTED_EDGE('',*,*,#593,.F.);
#119=ORIENTED_EDGE('',*,*,#594,.F.);
#120=ORIENTED_EDGE('',*,*,#532,.T.);
#121=ORIENTED_EDGE('',*,*,#591,.T.);
#122=ORIENTED_EDGE('',*,*,#595,.T.);
#123=ORIENTED_EDGE('',*,*,#596,.F.);
#124=ORIENTED_EDGE('',*,*,#533,.F.);
#125=ORIENTED_EDGE('',*,*,#594,.T.);
#126=ORIENTED_EDGE('',*,*,#566,.T.);
#127=ORIENTED_EDGE('',*,*,#597,.T.);
#128=ORIENTED_EDGE('',*,*,#534,.T.);
#129=ORIENTED_EDGE('',*,*,#596,.T.);
#130=ORIENTED_EDGE('',*,*,#598,.F.);
#131=ORIENTED_EDGE('',*,*,#599,.F.);
#132=ORIENTED_EDGE('',*,*,#600,.F.);
#133=ORIENTED_EDGE('',*,*,#601,.F.);
#134=ORIENTED_EDGE('',*,*,#567,.T.);
#135=ORIENTED_EDGE('',*,*,#599,.T.);
#136=ORIENTED_EDGE('',*,*,#602,.T.);
#137=ORIENTED_EDGE('',*,*,#603,.F.);
#138=ORIENTED_EDGE('',*,*,#568,.F.);
#139=ORIENTED_EDGE('',*,*,#601,.T.);
#140=ORIENTED_EDGE('',*,*,#604,.T.);
#141=ORIENTED_EDGE('',*,*,#605,.F.);
#142=ORIENTED_EDGE('',*,*,#569,.F.);
#143=ORIENTED_EDGE('',*,*,#603,.T.);
#144=ORIENTED_EDGE('',*,*,#606,.T.);
#145=ORIENTED_EDGE('',*,*,#607,.F.);
#146=ORIENTED_EDGE('',*,*,#570,.F.);
#147=ORIENTED_EDGE('',*,*,#605,.T.);
#148=ORIENTED_EDGE('',*,*,#608,.F.);
#149=ORIENTED_EDGE('',*,*,#609,.F.);
#150=ORIENTED_EDGE('',*,*,#571,.T.);
#151=ORIENTED_EDGE('',*,*,#607,.T.);
#152=ORIENTED_EDGE('',*,*,#610,.F.);
#153=ORIENTED_EDGE('',*,*,#611,.F.);
#154=ORIENTED_EDGE('',*,*,#572,.T.);
#155=ORIENTED_EDGE('',*,*,#609,.T.);
#156=ORIENTED_EDGE('',*,*,#612,.T.);
#157=ORIENTED_EDGE('',*,*,#613,.F.);
#158=ORIENTED_EDGE('',*,*,#573,.F.);
#159=ORIENTED_EDGE('',*,*,#611,.T.);
#160=ORIENTED_EDGE('',*,*,#528,.T.);
#161=ORIENTED_EDGE('',*,*,#614,.T.);
#162=ORIENTED_EDGE('',*,*,#548,.T.);
#163=ORIENTED_EDGE('',*,*,#613,.T.);
#164=ORIENTED_EDGE('',*,*,#615,.F.);
#165=ORIENTED_EDGE('',*,*,#616,.F.);
#166=ORIENTED_EDGE('',*,*,#617,.F.);
#167=ORIENTED_EDGE('',*,*,#618,.F.);
#168=ORIENTED_EDGE('',*,*,#529,.T.);
#169=ORIENTED_EDGE('',*,*,#616,.T.);
#170=ORIENTED_EDGE('',*,*,#619,.T.);
#171=ORIENTED_EDGE('',*,*,#620,.F.);
#172=ORIENTED_EDGE('',*,*,#514,.F.);
#173=ORIENTED_EDGE('',*,*,#621,.T.);
#174=ORIENTED_EDGE('',*,*,#535,.T.);
#175=ORIENTED_EDGE('',*,*,#622,.T.);
#176=ORIENTED_EDGE('',*,*,#623,.F.);
#177=ORIENTED_EDGE('',*,*,#624,.T.);
#178=ORIENTED_EDGE('',*,*,#515,.T.);
#179=ORIENTED_EDGE('',*,*,#620,.T.);
#180=ORIENTED_EDGE('',*,*,#625,.F.);
#181=ORIENTED_EDGE('',*,*,#626,.F.);
#182=ORIENTED_EDGE('',*,*,#627,.T.);
#183=ORIENTED_EDGE('',*,*,#628,.F.);
#184=ORIENTED_EDGE('',*,*,#536,.F.);
#185=ORIENTED_EDGE('',*,*,#626,.T.);
#186=ORIENTED_EDGE('',*,*,#629,.T.);
#187=ORIENTED_EDGE('',*,*,#630,.F.);
#188=ORIENTED_EDGE('',*,*,#537,.F.);
#189=ORIENTED_EDGE('',*,*,#628,.T.);
#190=ORIENTED_EDGE('',*,*,#631,.T.);
#191=ORIENTED_EDGE('',*,*,#632,.F.);
#192=ORIENTED_EDGE('',*,*,#538,.F.);
#193=ORIENTED_EDGE('',*,*,#630,.T.);
#194=ORIENTED_EDGE('',*,*,#633,.F.);
#195=ORIENTED_EDGE('',*,*,#634,.F.);
#196=ORIENTED_EDGE('',*,*,#539,.T.);
#197=ORIENTED_EDGE('',*,*,#632,.T.);
#198=ORIENTED_EDGE('',*,*,#635,.F.);
#199=ORIENTED_EDGE('',*,*,#636,.F.);
#200=ORIENTED_EDGE('',*,*,#540,.T.);
#201=ORIENTED_EDGE('',*,*,#634,.T.);
#202=ORIENTED_EDGE('',*,*,#637,.T.);
#203=ORIENTED_EDGE('',*,*,#638,.F.);
#204=ORIENTED_EDGE('',*,*,#541,.F.);
#205=ORIENTED_EDGE('',*,*,#636,.T.);
#206=ORIENTED_EDGE('',*,*,#639,.F.);
#207=ORIENTED_EDGE('',*,*,#640,.F.);
#208=ORIENTED_EDGE('',*,*,#518,.T.);
#209=ORIENTED_EDGE('',*,*,#638,.T.);
#210=ORIENTED_EDGE('',*,*,#512,.T.);
#211=ORIENTED_EDGE('',*,*,#641,.T.);
#212=ORIENTED_EDGE('',*,*,#578,.T.);
#213=ORIENTED_EDGE('',*,*,#642,.T.);
#214=ORIENTED_EDGE('',*,*,#643,.T.);
#215=ORIENTED_EDGE('',*,*,#644,.F.);
#216=ORIENTED_EDGE('',*,*,#645,.F.);
#217=ORIENTED_EDGE('',*,*,#646,.T.);
#218=ORIENTED_EDGE('',*,*,#647,.F.);
#219=ORIENTED_EDGE('',*,*,#648,.T.);
#220=ORIENTED_EDGE('',*,*,#649,.F.);
#221=ORIENTED_EDGE('',*,*,#650,.T.);
#222=ORIENTED_EDGE('',*,*,#645,.T.);
#223=ORIENTED_EDGE('',*,*,#651,.T.);
#224=ORIENTED_EDGE('',*,*,#576,.F.);
#225=ORIENTED_EDGE('',*,*,#652,.T.);
#226=ORIENTED_EDGE('',*,*,#544,.F.);
#227=ORIENTED_EDGE('',*,*,#653,.T.);
#228=ORIENTED_EDGE('',*,*,#647,.T.);
#229=ORIENTED_EDGE('',*,*,#654,.T.);
#230=ORIENTED_EDGE('',*,*,#655,.F.);
#231=ORIENTED_EDGE('',*,*,#656,.T.);
#232=ORIENTED_EDGE('',*,*,#545,.F.);
#233=ORIENTED_EDGE('',*,*,#657,.T.);
#234=ORIENTED_EDGE('',*,*,#658,.T.);
#235=ORIENTED_EDGE('',*,*,#659,.T.);
#236=ORIENTED_EDGE('',*,*,#527,.F.);
#237=ORIENTED_EDGE('',*,*,#660,.T.);
#238=ORIENTED_EDGE('',*,*,#661,.F.);
#239=ORIENTED_EDGE('',*,*,#662,.F.);
#240=ORIENTED_EDGE('',*,*,#663,.F.);
#241=ORIENTED_EDGE('',*,*,#664,.F.);
#242=ORIENTED_EDGE('',*,*,#542,.T.);
#243=ORIENTED_EDGE('',*,*,#662,.T.);
#244=ORIENTED_EDGE('',*,*,#665,.F.);
#245=ORIENTED_EDGE('',*,*,#666,.F.);
#246=ORIENTED_EDGE('',*,*,#520,.T.);
#247=ORIENTED_EDGE('',*,*,#667,.T.);
#248=ORIENTED_EDGE('',*,*,#668,.T.);
#249=ORIENTED_EDGE('',*,*,#669,.F.);
#250=ORIENTED_EDGE('',*,*,#521,.F.);
#251=ORIENTED_EDGE('',*,*,#666,.T.);
#252=ORIENTED_EDGE('',*,*,#670,.T.);
#253=ORIENTED_EDGE('',*,*,#671,.F.);
#254=ORIENTED_EDGE('',*,*,#522,.F.);
#255=ORIENTED_EDGE('',*,*,#669,.T.);
#256=ORIENTED_EDGE('',*,*,#672,.T.);
#257=ORIENTED_EDGE('',*,*,#673,.F.);
#258=ORIENTED_EDGE('',*,*,#523,.F.);
#259=ORIENTED_EDGE('',*,*,#671,.T.);
#260=ORIENTED_EDGE('',*,*,#674,.F.);
#261=ORIENTED_EDGE('',*,*,#675,.F.);
#262=ORIENTED_EDGE('',*,*,#524,.T.);
#263=ORIENTED_EDGE('',*,*,#673,.T.);
#264=ORIENTED_EDGE('',*,*,#676,.F.);
#265=ORIENTED_EDGE('',*,*,#677,.F.);
#266=ORIENTED_EDGE('',*,*,#525,.T.);
#267=ORIENTED_EDGE('',*,*,#675,.T.);
#268=ORIENTED_EDGE('',*,*,#678,.F.);
#269=ORIENTED_EDGE('',*,*,#679,.F.);
#270=ORIENTED_EDGE('',*,*,#556,.T.);
#271=ORIENTED_EDGE('',*,*,#680,.T.);
#272=ORIENTED_EDGE('',*,*,#681,.T.);
#273=ORIENTED_EDGE('',*,*,#682,.T.);
#274=ORIENTED_EDGE('',*,*,#581,.F.);
#275=ORIENTED_EDGE('',*,*,#683,.T.);
#276=ORIENTED_EDGE('',*,*,#684,.T.);
#277=ORIENTED_EDGE('',*,*,#685,.F.);
#278=ORIENTED_EDGE('',*,*,#557,.F.);
#279=ORIENTED_EDGE('',*,*,#679,.T.);
#280=ORIENTED_EDGE('',*,*,#686,.T.);
#281=ORIENTED_EDGE('',*,*,#687,.F.);
#282=ORIENTED_EDGE('',*,*,#577,.F.);
#283=ORIENTED_EDGE('',*,*,#688,.T.);
#284=ORIENTED_EDGE('',*,*,#689,.F.);
#285=ORIENTED_EDGE('',*,*,#690,.F.);
#286=ORIENTED_EDGE('',*,*,#574,.T.);
#287=ORIENTED_EDGE('',*,*,#687,.T.);
#288=ORIENTED_EDGE('',*,*,#691,.T.);
#289=ORIENTED_EDGE('',*,*,#692,.T.);
#290=ORIENTED_EDGE('',*,*,#575,.F.);
#291=ORIENTED_EDGE('',*,*,#690,.T.);
#292=ORIENTED_EDGE('',*,*,#693,.F.);
#293=ORIENTED_EDGE('',*,*,#694,.F.);
#294=ORIENTED_EDGE('',*,*,#549,.F.);
#295=ORIENTED_EDGE('',*,*,#695,.T.);
#296=ORIENTED_EDGE('',*,*,#696,.T.);
#297=ORIENTED_EDGE('',*,*,#697,.F.);
#298=ORIENTED_EDGE('',*,*,#550,.F.);
#299=ORIENTED_EDGE('',*,*,#694,.T.);
#300=ORIENTED_EDGE('',*,*,#698,.T.);
#301=ORIENTED_EDGE('',*,*,#699,.F.);
#302=ORIENTED_EDGE('',*,*,#551,.F.);
#303=ORIENTED_EDGE('',*,*,#697,.T.);
#304=ORIENTED_EDGE('',*,*,#700,.T.);
#305=ORIENTED_EDGE('',*,*,#701,.F.);
#306=ORIENTED_EDGE('',*,*,#552,.F.);
#307=ORIENTED_EDGE('',*,*,#699,.T.);
#308=ORIENTED_EDGE('',*,*,#702,.F.);
#309=ORIENTED_EDGE('',*,*,#703,.F.);
#310=ORIENTED_EDGE('',*,*,#553,.T.);
#311=ORIENTED_EDGE('',*,*,#701,.T.);
#312=ORIENTED_EDGE('',*,*,#704,.F.);
#313=ORIENTED_EDGE('',*,*,#705,.F.);
#314=ORIENTED_EDGE('',*,*,#554,.T.);
#315=ORIENTED_EDGE('',*,*,#703,.T.);
#316=ORIENTED_EDGE('',*,*,#706,.T.);
#317=ORIENTED_EDGE('',*,*,#707,.T.);
#318=ORIENTED_EDGE('',*,*,#565,.F.);
#319=ORIENTED_EDGE('',*,*,#708,.T.);
#320=ORIENTED_EDGE('',*,*,#709,.F.);
#321=ORIENTED_EDGE('',*,*,#710,.F.);
#322=ORIENTED_EDGE('',*,*,#579,.F.);
#323=ORIENTED_EDGE('',*,*,#711,.T.);
#324=ORIENTED_EDGE('',*,*,#712,.T.);
#325=ORIENTED_EDGE('',*,*,#683,.F.);
#326=ORIENTED_EDGE('',*,*,#580,.F.);
#327=ORIENTED_EDGE('',*,*,#710,.T.);
#328=ORIENTED_EDGE('',*,*,#713,.F.);
#329=ORIENTED_EDGE('',*,*,#714,.F.);
#330=ORIENTED_EDGE('',*,*,#558,.T.);
#331=ORIENTED_EDGE('',*,*,#685,.T.);
#332=ORIENTED_EDGE('',*,*,#715,.T.);
#333=ORIENTED_EDGE('',*,*,#716,.F.);
#334=ORIENTED_EDGE('',*,*,#559,.F.);
#335=ORIENTED_EDGE('',*,*,#714,.T.);
#336=ORIENTED_EDGE('',*,*,#717,.T.);
#337=ORIENTED_EDGE('',*,*,#718,.F.);
#338=ORIENTED_EDGE('',*,*,#560,.F.);
#339=ORIENTED_EDGE('',*,*,#716,.T.);
#340=ORIENTED_EDGE('',*,*,#719,.T.);
#341=ORIENTED_EDGE('',*,*,#720,.F.);
#342=ORIENTED_EDGE('',*,*,#561,.F.);
#343=ORIENTED_EDGE('',*,*,#718,.T.);
#344=ORIENTED_EDGE('',*,*,#721,.F.);
#345=ORIENTED_EDGE('',*,*,#722,.F.);
#346=ORIENTED_EDGE('',*,*,#562,.T.);
#347=ORIENTED_EDGE('',*,*,#720,.T.);
#348=ORIENTED_EDGE('',*,*,#723,.F.);
#349=ORIENTED_EDGE('',*,*,#724,.F.);
#350=ORIENTED_EDGE('',*,*,#563,.T.);
#351=ORIENTED_EDGE('',*,*,#722,.T.);
#352=ORIENTED_EDGE('',*,*,#725,.T.);
#353=ORIENTED_EDGE('',*,*,#592,.F.);
#354=ORIENTED_EDGE('',*,*,#530,.F.);
#355=ORIENTED_EDGE('',*,*,#618,.T.);
#356=ORIENTED_EDGE('',*,*,#726,.T.);
#357=ORIENTED_EDGE('',*,*,#727,.T.);
#358=ORIENTED_EDGE('',*,*,#543,.F.);
#359=ORIENTED_EDGE('',*,*,#664,.T.);
#360=ORIENTED_EDGE('',*,*,#728,.F.);
#361=ORIENTED_EDGE('',*,*,#667,.F.);
#362=ORIENTED_EDGE('',*,*,#519,.F.);
#363=ORIENTED_EDGE('',*,*,#640,.T.);
#364=ORIENTED_EDGE('',*,*,#729,.F.);
#365=ORIENTED_EDGE('',*,*,#621,.F.);
#366=ORIENTED_EDGE('',*,*,#513,.F.);
#367=ORIENTED_EDGE('',*,*,#730,.T.);
#368=ORIENTED_EDGE('',*,*,#643,.F.);
#369=ORIENTED_EDGE('',*,*,#731,.T.);
#370=ORIENTED_EDGE('',*,*,#732,.T.);
#371=ORIENTED_EDGE('',*,*,#733,.T.);
#372=ORIENTED_EDGE('',*,*,#655,.T.);
#373=ORIENTED_EDGE('',*,*,#734,.F.);
#374=ORIENTED_EDGE('',*,*,#735,.T.);
#375=ORIENTED_EDGE('',*,*,#660,.F.);
#376=ORIENTED_EDGE('',*,*,#526,.F.);
#377=ORIENTED_EDGE('',*,*,#677,.T.);
#378=ORIENTED_EDGE('',*,*,#736,.T.);
#379=ORIENTED_EDGE('',*,*,#680,.F.);
#380=ORIENTED_EDGE('',*,*,#555,.F.);
#381=ORIENTED_EDGE('',*,*,#705,.T.);
#382=ORIENTED_EDGE('',*,*,#737,.T.);
#383=ORIENTED_EDGE('',*,*,#708,.F.);
#384=ORIENTED_EDGE('',*,*,#564,.F.);
#385=ORIENTED_EDGE('',*,*,#724,.T.);
#386=ORIENTED_EDGE('',*,*,#709,.T.);
#387=ORIENTED_EDGE('',*,*,#737,.F.);
#388=ORIENTED_EDGE('',*,*,#723,.T.);
#389=ORIENTED_EDGE('',*,*,#721,.T.);
#390=ORIENTED_EDGE('',*,*,#719,.F.);
#391=ORIENTED_EDGE('',*,*,#717,.F.);
#392=ORIENTED_EDGE('',*,*,#715,.F.);
#393=ORIENTED_EDGE('',*,*,#713,.T.);
#394=ORIENTED_EDGE('',*,*,#684,.F.);
#395=ORIENTED_EDGE('',*,*,#712,.F.);
#396=ORIENTED_EDGE('',*,*,#678,.T.);
#397=ORIENTED_EDGE('',*,*,#736,.F.);
#398=ORIENTED_EDGE('',*,*,#704,.T.);
#399=ORIENTED_EDGE('',*,*,#702,.T.);
#400=ORIENTED_EDGE('',*,*,#700,.F.);
#401=ORIENTED_EDGE('',*,*,#698,.F.);
#402=ORIENTED_EDGE('',*,*,#696,.F.);
#403=ORIENTED_EDGE('',*,*,#693,.T.);
#404=ORIENTED_EDGE('',*,*,#689,.T.);
#405=ORIENTED_EDGE('',*,*,#686,.F.);
#406=ORIENTED_EDGE('',*,*,#661,.T.);
#407=ORIENTED_EDGE('',*,*,#735,.F.);
#408=ORIENTED_EDGE('',*,*,#676,.T.);
#409=ORIENTED_EDGE('',*,*,#674,.T.);
#410=ORIENTED_EDGE('',*,*,#672,.F.);
#411=ORIENTED_EDGE('',*,*,#670,.F.);
#412=ORIENTED_EDGE('',*,*,#668,.F.);
#413=ORIENTED_EDGE('',*,*,#665,.T.);
#414=ORIENTED_EDGE('',*,*,#728,.T.);
#415=ORIENTED_EDGE('',*,*,#663,.T.);
#416=ORIENTED_EDGE('',*,*,#644,.T.);
#417=ORIENTED_EDGE('',*,*,#734,.T.);
#418=ORIENTED_EDGE('',*,*,#654,.F.);
#419=ORIENTED_EDGE('',*,*,#651,.F.);
#420=ORIENTED_EDGE('',*,*,#619,.F.);
#421=ORIENTED_EDGE('',*,*,#729,.T.);
#422=ORIENTED_EDGE('',*,*,#639,.T.);
#423=ORIENTED_EDGE('',*,*,#637,.F.);
#424=ORIENTED_EDGE('',*,*,#635,.T.);
#425=ORIENTED_EDGE('',*,*,#633,.T.);
#426=ORIENTED_EDGE('',*,*,#631,.F.);
#427=ORIENTED_EDGE('',*,*,#629,.F.);
#428=ORIENTED_EDGE('',*,*,#627,.F.);
#429=ORIENTED_EDGE('',*,*,#625,.T.);
#430=ORIENTED_EDGE('',*,*,#586,.T.);
#431=ORIENTED_EDGE('',*,*,#590,.T.);
#432=ORIENTED_EDGE('',*,*,#725,.F.);
#433=ORIENTED_EDGE('',*,*,#617,.T.);
#434=ORIENTED_EDGE('',*,*,#615,.T.);
#435=ORIENTED_EDGE('',*,*,#612,.F.);
#436=ORIENTED_EDGE('',*,*,#610,.T.);
#437=ORIENTED_EDGE('',*,*,#608,.T.);
#438=ORIENTED_EDGE('',*,*,#606,.F.);
#439=ORIENTED_EDGE('',*,*,#604,.F.);
#440=ORIENTED_EDGE('',*,*,#602,.F.);
#441=ORIENTED_EDGE('',*,*,#600,.T.);
#442=ORIENTED_EDGE('',*,*,#598,.T.);
#443=ORIENTED_EDGE('',*,*,#595,.F.);
#444=ORIENTED_EDGE('',*,*,#593,.T.);
#445=ORIENTED_EDGE('',*,*,#584,.T.);
#446=ORIENTED_EDGE('',*,*,#582,.T.);
#447=ORIENTED_EDGE('',*,*,#588,.T.);
#448=ORIENTED_EDGE('',*,*,#738,.F.);
#449=ORIENTED_EDGE('',*,*,#517,.T.);
#450=ORIENTED_EDGE('',*,*,#587,.F.);
#451=ORIENTED_EDGE('',*,*,#738,.T.);
#452=ORIENTED_EDGE('',*,*,#739,.F.);
#453=ORIENTED_EDGE('',*,*,#546,.T.);
#454=ORIENTED_EDGE('',*,*,#583,.F.);
#455=ORIENTED_EDGE('',*,*,#739,.T.);
#456=ORIENTED_EDGE('',*,*,#740,.F.);
#457=ORIENTED_EDGE('',*,*,#547,.T.);
#458=ORIENTED_EDGE('',*,*,#589,.F.);
#459=ORIENTED_EDGE('',*,*,#740,.T.);
#460=ORIENTED_EDGE('',*,*,#741,.F.);
#461=ORIENTED_EDGE('',*,*,#516,.T.);
#462=ORIENTED_EDGE('',*,*,#585,.F.);
#463=ORIENTED_EDGE('',*,*,#741,.T.);
#464=ORIENTED_EDGE('',*,*,#732,.F.);
#465=ORIENTED_EDGE('',*,*,#742,.T.);
#466=ORIENTED_EDGE('',*,*,#681,.F.);
#467=ORIENTED_EDGE('',*,*,#743,.T.);
#468=ORIENTED_EDGE('',*,*,#623,.T.);
#469=ORIENTED_EDGE('',*,*,#744,.T.);
#470=ORIENTED_EDGE('',*,*,#706,.F.);
#471=ORIENTED_EDGE('',*,*,#745,.T.);
#472=ORIENTED_EDGE('',*,*,#658,.F.);
#473=ORIENTED_EDGE('',*,*,#746,.T.);
#474=ORIENTED_EDGE('',*,*,#691,.F.);
#475=ORIENTED_EDGE('',*,*,#747,.T.);
#476=ORIENTED_EDGE('',*,*,#649,.T.);
#477=ORIENTED_EDGE('',*,*,#748,.T.);
#478=ORIENTED_EDGE('',*,*,#726,.F.);
#479=ORIENTED_EDGE('',*,*,#749,.T.);
#480=ORIENTED_EDGE('',*,*,#657,.F.);
#481=ORIENTED_EDGE('',*,*,#652,.F.);
#482=ORIENTED_EDGE('',*,*,#692,.F.);
#483=ORIENTED_EDGE('',*,*,#746,.F.);
#484=ORIENTED_EDGE('',*,*,#659,.F.);
#485=ORIENTED_EDGE('',*,*,#747,.F.);
#486=ORIENTED_EDGE('',*,*,#695,.F.);
#487=ORIENTED_EDGE('',*,*,#614,.F.);
#488=ORIENTED_EDGE('',*,*,#707,.F.);
#489=ORIENTED_EDGE('',*,*,#744,.F.);
#490=ORIENTED_EDGE('',*,*,#622,.F.);
#491=ORIENTED_EDGE('',*,*,#597,.F.);
#492=ORIENTED_EDGE('',*,*,#624,.F.);
#493=ORIENTED_EDGE('',*,*,#745,.F.);
#494=ORIENTED_EDGE('',*,*,#711,.F.);
#495=ORIENTED_EDGE('',*,*,#641,.F.);
#496=ORIENTED_EDGE('',*,*,#682,.F.);
#497=ORIENTED_EDGE('',*,*,#742,.F.);
#498=ORIENTED_EDGE('',*,*,#731,.F.);
#499=ORIENTED_EDGE('',*,*,#642,.F.);
#500=ORIENTED_EDGE('',*,*,#688,.F.);
#501=ORIENTED_EDGE('',*,*,#656,.F.);
#502=ORIENTED_EDGE('',*,*,#733,.F.);
#503=ORIENTED_EDGE('',*,*,#743,.F.);
#504=ORIENTED_EDGE('',*,*,#648,.F.);
#505=ORIENTED_EDGE('',*,*,#653,.F.);
#506=ORIENTED_EDGE('',*,*,#727,.F.);
#507=ORIENTED_EDGE('',*,*,#748,.F.);
#508=ORIENTED_EDGE('',*,*,#650,.F.);
#509=ORIENTED_EDGE('',*,*,#749,.F.);
#510=ORIENTED_EDGE('',*,*,#730,.F.);
#511=ORIENTED_EDGE('',*,*,#646,.F.);
#512=EDGE_CURVE('',#750,#751,#910,.T.);
#513=EDGE_CURVE('',#750,#752,#911,.T.);
#514=EDGE_CURVE('',#752,#753,#912,.T.);
#515=EDGE_CURVE('',#751,#753,#913,.T.);
#516=EDGE_CURVE('',#754,#754,#20,.T.);
#517=EDGE_CURVE('',#755,#755,#21,.T.);
#518=EDGE_CURVE('',#756,#757,#914,.T.);
#519=EDGE_CURVE('',#756,#758,#915,.T.);
#520=EDGE_CURVE('',#759,#758,#916,.T.);
#521=EDGE_CURVE('',#759,#760,#917,.T.);
#522=EDGE_CURVE('',#760,#761,#918,.T.);
#523=EDGE_CURVE('',#761,#762,#919,.T.);
#524=EDGE_CURVE('',#763,#762,#920,.T.);
#525=EDGE_CURVE('',#764,#763,#921,.T.);
#526=EDGE_CURVE('',#764,#765,#922,.T.);
#527=EDGE_CURVE('',#765,#766,#923,.T.);
#528=EDGE_CURVE('',#767,#766,#924,.T.);
#529=EDGE_CURVE('',#768,#767,#925,.T.);
#530=EDGE_CURVE('',#768,#769,#926,.T.);
#531=EDGE_CURVE('',#770,#769,#927,.T.);
#532=EDGE_CURVE('',#771,#770,#928,.T.);
#533=EDGE_CURVE('',#771,#772,#929,.T.);
#534=EDGE_CURVE('',#773,#772,#930,.T.);
#535=EDGE_CURVE('',#774,#773,#931,.T.);
#536=EDGE_CURVE('',#774,#775,#932,.T.);
#537=EDGE_CURVE('',#775,#776,#933,.T.);
#538=EDGE_CURVE('',#776,#777,#934,.T.);
#539=EDGE_CURVE('',#778,#777,#935,.T.);
#540=EDGE_CURVE('',#779,#778,#936,.T.);
#541=EDGE_CURVE('',#779,#757,#937,.T.);
#542=EDGE_CURVE('',#780,#781,#938,.T.);
#543=EDGE_CURVE('',#780,#782,#939,.T.);
#544=EDGE_CURVE('',#782,#783,#940,.T.);
#545=EDGE_CURVE('',#783,#781,#941,.T.);
#546=EDGE_CURVE('',#784,#784,#22,.T.);
#547=EDGE_CURVE('',#785,#785,#23,.T.);
#548=EDGE_CURVE('',#786,#787,#942,.T.);
#549=EDGE_CURVE('',#786,#788,#943,.T.);
#550=EDGE_CURVE('',#788,#789,#944,.T.);
#551=EDGE_CURVE('',#789,#790,#945,.T.);
#552=EDGE_CURVE('',#790,#791,#946,.T.);
#553=EDGE_CURVE('',#792,#791,#947,.T.);
#554=EDGE_CURVE('',#793,#792,#948,.T.);
#555=EDGE_CURVE('',#793,#794,#949,.T.);
#556=EDGE_CURVE('',#795,#794,#950,.T.);
#557=EDGE_CURVE('',#795,#796,#951,.T.);
#558=EDGE_CURVE('',#797,#796,#952,.T.);
#559=EDGE_CURVE('',#797,#798,#953,.T.);
#560=EDGE_CURVE('',#798,#799,#954,.T.);
#561=EDGE_CURVE('',#799,#800,#955,.T.);
#562=EDGE_CURVE('',#801,#800,#956,.T.);
#563=EDGE_CURVE('',#802,#801,#957,.T.);
#564=EDGE_CURVE('',#802,#803,#958,.T.);
#565=EDGE_CURVE('',#803,#804,#959,.T.);
#566=EDGE_CURVE('',#805,#804,#960,.T.);
#567=EDGE_CURVE('',#806,#805,#961,.T.);
#568=EDGE_CURVE('',#806,#807,#962,.T.);
#569=EDGE_CURVE('',#807,#808,#963,.F.);
#570=EDGE_CURVE('',#808,#809,#964,.T.);
#571=EDGE_CURVE('',#810,#809,#965,.T.);
#572=EDGE_CURVE('',#811,#810,#966,.T.);
#573=EDGE_CURVE('',#811,#787,#967,.T.);
#574=EDGE_CURVE('',#812,#813,#968,.T.);
#575=EDGE_CURVE('',#812,#814,#969,.T.);
#576=EDGE_CURVE('',#814,#815,#970,.T.);
#577=EDGE_CURVE('',#815,#813,#971,.T.);
#578=EDGE_CURVE('',#816,#817,#972,.T.);
#579=EDGE_CURVE('',#816,#818,#973,.T.);
#580=EDGE_CURVE('',#818,#819,#974,.T.);
#581=EDGE_CURVE('',#819,#817,#975,.T.);
#582=EDGE_CURVE('',#820,#820,#24,.T.);
#583=EDGE_CURVE('',#821,#821,#25,.T.);
#584=EDGE_CURVE('',#822,#822,#26,.T.);
#585=EDGE_CURVE('',#823,#823,#27,.T.);
#586=EDGE_CURVE('',#824,#824,#28,.T.);
#587=EDGE_CURVE('',#825,#825,#29,.T.);
#588=EDGE_CURVE('',#826,#826,#30,.T.);
#589=EDGE_CURVE('',#827,#827,#31,.T.);
#590=EDGE_CURVE('',#828,#829,#976,.T.);
#591=EDGE_CURVE('',#770,#828,#977,.T.);
#592=EDGE_CURVE('',#769,#829,#978,.T.);
#593=EDGE_CURVE('',#830,#828,#979,.T.);
#594=EDGE_CURVE('',#771,#830,#980,.T.);
#595=EDGE_CURVE('',#830,#831,#981,.T.);
#596=EDGE_CURVE('',#772,#831,#982,.T.);
#597=EDGE_CURVE('',#804,#773,#983,.T.);
#598=EDGE_CURVE('',#832,#831,#984,.T.);
#599=EDGE_CURVE('',#805,#832,#985,.T.);
#600=EDGE_CURVE('',#833,#832,#986,.T.);
#601=EDGE_CURVE('',#806,#833,#987,.T.);
#602=EDGE_CURVE('',#833,#834,#988,.T.);
#603=EDGE_CURVE('',#807,#834,#989,.T.);
#604=EDGE_CURVE('',#834,#835,#990,.F.);
#605=EDGE_CURVE('',#808,#835,#991,.T.);
#606=EDGE_CURVE('',#835,#836,#992,.T.);
#607=EDGE_CURVE('',#809,#836,#993,.T.);
#608=EDGE_CURVE('',#837,#836,#994,.T.);
#609=EDGE_CURVE('',#810,#837,#995,.T.);
#610=EDGE_CURVE('',#838,#837,#996,.T.);
#611=EDGE_CURVE('',#811,#838,#997,.T.);
#612=EDGE_CURVE('',#838,#839,#998,.T.);
#613=EDGE_CURVE('',#787,#839,#999,.T.);
#614=EDGE_CURVE('',#766,#786,#1000,.T.);
#615=EDGE_CURVE('',#840,#839,#1001,.T.);
#616=EDGE_CURVE('',#767,#840,#1002,.T.);
#617=EDGE_CURVE('',#841,#840,#1003,.T.);
#618=EDGE_CURVE('',#768,#841,#1004,.T.);
#619=EDGE_CURVE('',#842,#843,#1005,.T.);
#620=EDGE_CURVE('',#753,#843,#1006,.T.);
#621=EDGE_CURVE('',#752,#842,#1007,.T.);
#622=EDGE_CURVE('',#773,#844,#1008,.F.);
#623=EDGE_CURVE('',#845,#844,#1009,.T.);
#624=EDGE_CURVE('',#845,#751,#1010,.F.);
#625=EDGE_CURVE('',#846,#843,#1011,.T.);
#626=EDGE_CURVE('',#774,#846,#1012,.T.);
#627=EDGE_CURVE('',#846,#847,#1013,.T.);
#628=EDGE_CURVE('',#775,#847,#1014,.T.);
#629=EDGE_CURVE('',#847,#848,#1015,.T.);
#630=EDGE_CURVE('',#776,#848,#1016,.T.);
#631=EDGE_CURVE('',#848,#849,#1017,.T.);
#632=EDGE_CURVE('',#777,#849,#1018,.T.);
#633=EDGE_CURVE('',#850,#849,#1019,.T.);
#634=EDGE_CURVE('',#778,#850,#1020,.T.);
#635=EDGE_CURVE('',#851,#850,#1021,.T.);
#636=EDGE_CURVE('',#779,#851,#1022,.T.);
#637=EDGE_CURVE('',#851,#852,#1023,.T.);
#638=EDGE_CURVE('',#757,#852,#1024,.T.);
#639=EDGE_CURVE('',#853,#852,#1025,.T.);
#640=EDGE_CURVE('',#756,#853,#1026,.T.);
#641=EDGE_CURVE('',#751,#816,#1027,.T.);
#642=EDGE_CURVE('',#817,#854,#1028,.T.);
#643=EDGE_CURVE('',#854,#855,#1029,.T.);
#644=EDGE_CURVE('',#856,#855,#1030,.T.);
#645=EDGE_CURVE('',#857,#856,#1031,.T.);
#646=EDGE_CURVE('',#857,#750,#1032,.T.);
#647=EDGE_CURVE('',#858,#859,#1033,.T.);
#648=EDGE_CURVE('',#858,#860,#1034,.T.);
#649=EDGE_CURVE('',#861,#860,#1035,.T.);
#650=EDGE_CURVE('',#861,#857,#1036,.F.);
#651=EDGE_CURVE('',#856,#859,#1037,.T.);
#652=EDGE_CURVE('',#814,#783,#1038,.T.);
#653=EDGE_CURVE('',#782,#858,#1039,.T.);
#654=EDGE_CURVE('',#859,#862,#1040,.T.);
#655=EDGE_CURVE('',#863,#862,#1041,.T.);
#656=EDGE_CURVE('',#863,#815,#1042,.T.);
#657=EDGE_CURVE('',#783,#864,#1043,.T.);
#658=EDGE_CURVE('',#864,#865,#1044,.T.);
#659=EDGE_CURVE('',#865,#766,#1045,.F.);
#660=EDGE_CURVE('',#765,#866,#1046,.T.);
#661=EDGE_CURVE('',#867,#866,#1047,.T.);
#662=EDGE_CURVE('',#781,#867,#1048,.T.);
#663=EDGE_CURVE('',#868,#867,#1049,.T.);
#664=EDGE_CURVE('',#780,#868,#1050,.T.);
#665=EDGE_CURVE('',#869,#870,#1051,.T.);
#666=EDGE_CURVE('',#759,#869,#1052,.T.);
#667=EDGE_CURVE('',#758,#870,#1053,.T.);
#668=EDGE_CURVE('',#869,#871,#1054,.T.);
#669=EDGE_CURVE('',#760,#871,#1055,.T.);
#670=EDGE_CURVE('',#871,#872,#1056,.T.);
#671=EDGE_CURVE('',#761,#872,#1057,.T.);
#672=EDGE_CURVE('',#872,#873,#1058,.T.);
#673=EDGE_CURVE('',#762,#873,#1059,.T.);
#674=EDGE_CURVE('',#874,#873,#1060,.T.);
#675=EDGE_CURVE('',#763,#874,#1061,.T.);
#676=EDGE_CURVE('',#875,#874,#1062,.T.);
#677=EDGE_CURVE('',#764,#875,#1063,.T.);
#678=EDGE_CURVE('',#876,#877,#1064,.T.);
#679=EDGE_CURVE('',#795,#876,#1065,.T.);
#680=EDGE_CURVE('',#794,#877,#1066,.T.);
#681=EDGE_CURVE('',#878,#879,#1067,.T.);
#682=EDGE_CURVE('',#879,#817,#1068,.F.);
#683=EDGE_CURVE('',#819,#880,#1069,.T.);
#684=EDGE_CURVE('',#880,#881,#1070,.T.);
#685=EDGE_CURVE('',#796,#881,#1071,.T.);
#686=EDGE_CURVE('',#876,#882,#1072,.T.);
#687=EDGE_CURVE('',#813,#882,#1073,.T.);
#688=EDGE_CURVE('',#815,#878,#1074,.T.);
#689=EDGE_CURVE('',#883,#882,#1075,.T.);
#690=EDGE_CURVE('',#812,#883,#1076,.T.);
#691=EDGE_CURVE('',#884,#885,#1077,.T.);
#692=EDGE_CURVE('',#885,#814,#1078,.T.);
#693=EDGE_CURVE('',#886,#883,#1079,.T.);
#694=EDGE_CURVE('',#788,#886,#1080,.T.);
#695=EDGE_CURVE('',#786,#884,#1081,.F.);
#696=EDGE_CURVE('',#886,#887,#1082,.T.);
#697=EDGE_CURVE('',#789,#887,#1083,.T.);
#698=EDGE_CURVE('',#887,#888,#1084,.T.);
#699=EDGE_CURVE('',#790,#888,#1085,.T.);
#700=EDGE_CURVE('',#888,#889,#1086,.T.);
#701=EDGE_CURVE('',#791,#889,#1087,.T.);
#702=EDGE_CURVE('',#890,#889,#1088,.T.);
#703=EDGE_CURVE('',#792,#890,#1089,.T.);
#704=EDGE_CURVE('',#891,#890,#1090,.T.);
#705=EDGE_CURVE('',#793,#891,#1091,.T.);
#706=EDGE_CURVE('',#892,#893,#1092,.T.);
#707=EDGE_CURVE('',#893,#804,#1093,.F.);
#708=EDGE_CURVE('',#803,#894,#1094,.T.);
#709=EDGE_CURVE('',#895,#894,#1095,.T.);
#710=EDGE_CURVE('',#818,#895,#1096,.T.);
#711=EDGE_CURVE('',#816,#892,#1097,.F.);
#712=EDGE_CURVE('',#895,#880,#1098,.T.);
#713=EDGE_CURVE('',#896,#881,#1099,.T.);
#714=EDGE_CURVE('',#797,#896,#1100,.T.);
#715=EDGE_CURVE('',#896,#897,#1101,.T.);
#716=EDGE_CURVE('',#798,#897,#1102,.T.);
#717=EDGE_CURVE('',#897,#898,#1103,.T.);
#718=EDGE_CURVE('',#799,#898,#1104,.T.);
#719=EDGE_CURVE('',#898,#899,#1105,.T.);
#720=EDGE_CURVE('',#800,#899,#1106,.T.);
#721=EDGE_CURVE('',#900,#899,#1107,.T.);
#722=EDGE_CURVE('',#801,#900,#1108,.T.);
#723=EDGE_CURVE('',#901,#900,#1109,.T.);
#724=EDGE_CURVE('',#802,#901,#1110,.T.);
#725=EDGE_CURVE('',#841,#829,#1111,.T.);
#726=EDGE_CURVE('',#902,#903,#1112,.T.);
#727=EDGE_CURVE('',#903,#782,#1113,.T.);
#728=EDGE_CURVE('',#870,#868,#1114,.T.);
#729=EDGE_CURVE('',#842,#853,#1115,.T.);
#730=EDGE_CURVE('',#750,#902,#1116,.F.);
#731=EDGE_CURVE('',#854,#904,#1117,.F.);
#732=EDGE_CURVE('',#904,#905,#1118,.T.);
#733=EDGE_CURVE('',#905,#863,#1119,.T.);
#734=EDGE_CURVE('',#855,#862,#1120,.T.);
#735=EDGE_CURVE('',#875,#866,#1121,.T.);
#736=EDGE_CURVE('',#891,#877,#1122,.T.);
#737=EDGE_CURVE('',#901,#894,#1123,.T.);
#738=EDGE_CURVE('',#906,#906,#32,.T.);
#739=EDGE_CURVE('',#907,#907,#33,.T.);
#740=EDGE_CURVE('',#908,#908,#34,.T.);
#741=EDGE_CURVE('',#909,#909,#35,.T.);
#742=EDGE_CURVE('',#904,#879,#1124,.T.);
#743=EDGE_CURVE('',#878,#905,#1125,.T.);
#744=EDGE_CURVE('',#844,#893,#1126,.T.);
#745=EDGE_CURVE('',#892,#845,#1127,.T.);
#746=EDGE_CURVE('',#864,#885,#1128,.T.);
#747=EDGE_CURVE('',#884,#865,#1129,.T.);
#748=EDGE_CURVE('',#860,#903,#1130,.T.);
#749=EDGE_CURVE('',#902,#861,#1131,.T.);
#750=VERTEX_POINT('',#2293);
#751=VERTEX_POINT('',#2294);
#752=VERTEX_POINT('',#2296);
#753=VERTEX_POINT('',#2298);
#754=VERTEX_POINT('',#2302);
#755=VERTEX_POINT('',#2304);
#756=VERTEX_POINT('',#2306);
#757=VERTEX_POINT('',#2307);
#758=VERTEX_POINT('',#2309);
#759=VERTEX_POINT('',#2311);
#760=VERTEX_POINT('',#2313);
#761=VERTEX_POINT('',#2315);
#762=VERTEX_POINT('',#2317);
#763=VERTEX_POINT('',#2319);
#764=VERTEX_POINT('',#2321);
#765=VERTEX_POINT('',#2323);
#766=VERTEX_POINT('',#2325);
#767=VERTEX_POINT('',#2327);
#768=VERTEX_POINT('',#2329);
#769=VERTEX_POINT('',#2331);
#770=VERTEX_POINT('',#2333);
#771=VERTEX_POINT('',#2335);
#772=VERTEX_POINT('',#2337);
#773=VERTEX_POINT('',#2339);
#774=VERTEX_POINT('',#2341);
#775=VERTEX_POINT('',#2343);
#776=VERTEX_POINT('',#2345);
#777=VERTEX_POINT('',#2347);
#778=VERTEX_POINT('',#2349);
#779=VERTEX_POINT('',#2351);
#780=VERTEX_POINT('',#2355);
#781=VERTEX_POINT('',#2356);
#782=VERTEX_POINT('',#2358);
#783=VERTEX_POINT('',#2360);
#784=VERTEX_POINT('',#2364);
#785=VERTEX_POINT('',#2366);
#786=VERTEX_POINT('',#2368);
#787=VERTEX_POINT('',#2369);
#788=VERTEX_POINT('',#2371);
#789=VERTEX_POINT('',#2373);
#790=VERTEX_POINT('',#2375);
#791=VERTEX_POINT('',#2377);
#792=VERTEX_POINT('',#2379);
#793=VERTEX_POINT('',#2381);
#794=VERTEX_POINT('',#2383);
#795=VERTEX_POINT('',#2385);
#796=VERTEX_POINT('',#2387);
#797=VERTEX_POINT('',#2389);
#798=VERTEX_POINT('',#2391);
#799=VERTEX_POINT('',#2393);
#800=VERTEX_POINT('',#2395);
#801=VERTEX_POINT('',#2397);
#802=VERTEX_POINT('',#2399);
#803=VERTEX_POINT('',#2401);
#804=VERTEX_POINT('',#2403);
#805=VERTEX_POINT('',#2405);
#806=VERTEX_POINT('',#2407);
#807=VERTEX_POINT('',#2409);
#808=VERTEX_POINT('',#2411);
#809=VERTEX_POINT('',#2413);
#810=VERTEX_POINT('',#2415);
#811=VERTEX_POINT('',#2417);
#812=VERTEX_POINT('',#2421);
#813=VERTEX_POINT('',#2422);
#814=VERTEX_POINT('',#2424);
#815=VERTEX_POINT('',#2426);
#816=VERTEX_POINT('',#2430);
#817=VERTEX_POINT('',#2431);
#818=VERTEX_POINT('',#2433);
#819=VERTEX_POINT('',#2435);
#820=VERTEX_POINT('',#2439);
#821=VERTEX_POINT('',#2441);
#822=VERTEX_POINT('',#2444);
#823=VERTEX_POINT('',#2446);
#824=VERTEX_POINT('',#2449);
#825=VERTEX_POINT('',#2451);
#826=VERTEX_POINT('',#2454);
#827=VERTEX_POINT('',#2456);
#828=VERTEX_POINT('',#2459);
#829=VERTEX_POINT('',#2460);
#830=VERTEX_POINT('',#2465);
#831=VERTEX_POINT('',#2469);
#832=VERTEX_POINT('',#2474);
#833=VERTEX_POINT('',#2478);
#834=VERTEX_POINT('',#2482);
#835=VERTEX_POINT('',#2486);
#836=VERTEX_POINT('',#2490);
#837=VERTEX_POINT('',#2494);
#838=VERTEX_POINT('',#2498);
#839=VERTEX_POINT('',#2502);
#840=VERTEX_POINT('',#2507);
#841=VERTEX_POINT('',#2511);
#842=VERTEX_POINT('',#2515);
#843=VERTEX_POINT('',#2516);
#844=VERTEX_POINT('',#2521);
#845=VERTEX_POINT('',#2523);
#846=VERTEX_POINT('',#2526);
#847=VERTEX_POINT('',#2530);
#848=VERTEX_POINT('',#2534);
#849=VERTEX_POINT('',#2538);
#850=VERTEX_POINT('',#2542);
#851=VERTEX_POINT('',#2546);
#852=VERTEX_POINT('',#2550);
#853=VERTEX_POINT('',#2554);
#854=VERTEX_POINT('',#2559);
#855=VERTEX_POINT('',#2561);
#856=VERTEX_POINT('',#2563);
#857=VERTEX_POINT('',#2565);
#858=VERTEX_POINT('',#2569);
#859=VERTEX_POINT('',#2570);
#860=VERTEX_POINT('',#2572);
#861=VERTEX_POINT('',#2574);
#862=VERTEX_POINT('',#2581);
#863=VERTEX_POINT('',#2583);
#864=VERTEX_POINT('',#2587);
#865=VERTEX_POINT('',#2589);
#866=VERTEX_POINT('',#2592);
#867=VERTEX_POINT('',#2594);
#868=VERTEX_POINT('',#2598);
#869=VERTEX_POINT('',#2602);
#870=VERTEX_POINT('',#2603);
#871=VERTEX_POINT('',#2608);
#872=VERTEX_POINT('',#2612);
#873=VERTEX_POINT('',#2616);
#874=VERTEX_POINT('',#2620);
#875=VERTEX_POINT('',#2624);
#876=VERTEX_POINT('',#2628);
#877=VERTEX_POINT('',#2629);
#878=VERTEX_POINT('',#2634);
#879=VERTEX_POINT('',#2635);
#880=VERTEX_POINT('',#2638);
#881=VERTEX_POINT('',#2640);
#882=VERTEX_POINT('',#2643);
#883=VERTEX_POINT('',#2648);
#884=VERTEX_POINT('',#2652);
#885=VERTEX_POINT('',#2653);
#886=VERTEX_POINT('',#2656);
#887=VERTEX_POINT('',#2661);
#888=VERTEX_POINT('',#2665);
#889=VERTEX_POINT('',#2669);
#890=VERTEX_POINT('',#2673);
#891=VERTEX_POINT('',#2677);
#892=VERTEX_POINT('',#2681);
#893=VERTEX_POINT('',#2682);
#894=VERTEX_POINT('',#2685);
#895=VERTEX_POINT('',#2687);
#896=VERTEX_POINT('',#2694);
#897=VERTEX_POINT('',#2698);
#898=VERTEX_POINT('',#2702);
#899=VERTEX_POINT('',#2706);
#900=VERTEX_POINT('',#2710);
#901=VERTEX_POINT('',#2714);
#902=VERTEX_POINT('',#2720);
#903=VERTEX_POINT('',#2721);
#904=VERTEX_POINT('',#2728);
#905=VERTEX_POINT('',#2730);
#906=VERTEX_POINT('',#2742);
#907=VERTEX_POINT('',#2746);
#908=VERTEX_POINT('',#2750);
#909=VERTEX_POINT('',#2754);
#910=LINE('',#2292,#1132);
#911=LINE('',#2295,#1133);
#912=LINE('',#2297,#1134);
#913=LINE('',#2299,#1135);
#914=LINE('',#2305,#1136);
#915=LINE('',#2308,#1137);
#916=LINE('',#2310,#1138);
#917=LINE('',#2312,#1139);
#918=LINE('',#2314,#1140);
#919=LINE('',#2316,#1141);
#920=LINE('',#2318,#1142);
#921=LINE('',#2320,#1143);
#922=LINE('',#2322,#1144);
#923=LINE('',#2324,#1145);
#924=LINE('',#2326,#1146);
#925=LINE('',#2328,#1147);
#926=LINE('',#2330,#1148);
#927=LINE('',#2332,#1149);
#928=LINE('',#2334,#1150);
#929=LINE('',#2336,#1151);
#930=LINE('',#2338,#1152);
#931=LINE('',#2340,#1153);
#932=LINE('',#2342,#1154);
#933=LINE('',#2344,#1155);
#934=LINE('',#2346,#1156);
#935=LINE('',#2348,#1157);
#936=LINE('',#2350,#1158);
#937=LINE('',#2352,#1159);
#938=LINE('',#2354,#1160);
#939=LINE('',#2357,#1161);
#940=LINE('',#2359,#1162);
#941=LINE('',#2361,#1163);
#942=LINE('',#2367,#1164);
#943=LINE('',#2370,#1165);
#944=LINE('',#2372,#1166);
#945=LINE('',#2374,#1167);
#946=LINE('',#2376,#1168);
#947=LINE('',#2378,#1169);
#948=LINE('',#2380,#1170);
#949=LINE('',#2382,#1171);
#950=LINE('',#2384,#1172);
#951=LINE('',#2386,#1173);
#952=LINE('',#2388,#1174);
#953=LINE('',#2390,#1175);
#954=LINE('',#2392,#1176);
#955=LINE('',#2394,#1177);
#956=LINE('',#2396,#1178);
#957=LINE('',#2398,#1179);
#958=LINE('',#2400,#1180);
#959=LINE('',#2402,#1181);
#960=LINE('',#2404,#1182);
#961=LINE('',#2406,#1183);
#962=LINE('',#2408,#1184);
#963=LINE('',#2410,#1185);
#964=LINE('',#2412,#1186);
#965=LINE('',#2414,#1187);
#966=LINE('',#2416,#1188);
#967=LINE('',#2418,#1189);
#968=LINE('',#2420,#1190);
#969=LINE('',#2423,#1191);
#970=LINE('',#2425,#1192);
#971=LINE('',#2427,#1193);
#972=LINE('',#2429,#1194);
#973=LINE('',#2432,#1195);
#974=LINE('',#2434,#1196);
#975=LINE('',#2436,#1197);
#976=LINE('',#2458,#1198);
#977=LINE('',#2461,#1199);
#978=LINE('',#2462,#1200);
#979=LINE('',#2464,#1201);
#980=LINE('',#2466,#1202);
#981=LINE('',#2468,#1203);
#982=LINE('',#2470,#1204);
#983=LINE('',#2472,#1205);
#984=LINE('',#2473,#1206);
#985=LINE('',#2475,#1207);
#986=LINE('',#2477,#1208);
#987=LINE('',#2479,#1209);
#988=LINE('',#2481,#1210);
#989=LINE('',#2483,#1211);
#990=LINE('',#2485,#1212);
#991=LINE('',#2487,#1213);
#992=LINE('',#2489,#1214);
#993=LINE('',#2491,#1215);
#994=LINE('',#2493,#1216);
#995=LINE('',#2495,#1217);
#996=LINE('',#2497,#1218);
#997=LINE('',#2499,#1219);
#998=LINE('',#2501,#1220);
#999=LINE('',#2503,#1221);
#1000=LINE('',#2505,#1222);
#1001=LINE('',#2506,#1223);
#1002=LINE('',#2508,#1224);
#1003=LINE('',#2510,#1225);
#1004=LINE('',#2512,#1226);
#1005=LINE('',#2514,#1227);
#1006=LINE('',#2517,#1228);
#1007=LINE('',#2518,#1229);
#1008=LINE('',#2520,#1230);
#1009=LINE('',#2522,#1231);
#1010=LINE('',#2524,#1232);
#1011=LINE('',#2525,#1233);
#1012=LINE('',#2527,#1234);
#1013=LINE('',#2529,#1235);
#1014=LINE('',#2531,#1236);
#1015=LINE('',#2533,#1237);
#1016=LINE('',#2535,#1238);
#1017=LINE('',#2537,#1239);
#1018=LINE('',#2539,#1240);
#1019=LINE('',#2541,#1241);
#1020=LINE('',#2543,#1242);
#1021=LINE('',#2545,#1243);
#1022=LINE('',#2547,#1244);
#1023=LINE('',#2549,#1245);
#1024=LINE('',#2551,#1246);
#1025=LINE('',#2553,#1247);
#1026=LINE('',#2555,#1248);
#1027=LINE('',#2557,#1249);
#1028=LINE('',#2558,#1250);
#1029=LINE('',#2560,#1251);
#1030=LINE('',#2562,#1252);
#1031=LINE('',#2564,#1253);
#1032=LINE('',#2566,#1254);
#1033=LINE('',#2568,#1255);
#1034=LINE('',#2571,#1256);
#1035=LINE('',#2573,#1257);
#1036=LINE('',#2575,#1258);
#1037=LINE('',#2576,#1259);
#1038=LINE('',#2578,#1260);
#1039=LINE('',#2579,#1261);
#1040=LINE('',#2580,#1262);
#1041=LINE('',#2582,#1263);
#1042=LINE('',#2584,#1264);
#1043=LINE('',#2586,#1265);
#1044=LINE('',#2588,#1266);
#1045=LINE('',#2590,#1267);
#1046=LINE('',#2591,#1268);
#1047=LINE('',#2593,#1269);
#1048=LINE('',#2595,#1270);
#1049=LINE('',#2597,#1271);
#1050=LINE('',#2599,#1272);
#1051=LINE('',#2601,#1273);
#1052=LINE('',#2604,#1274);
#1053=LINE('',#2605,#1275);
#1054=LINE('',#2607,#1276);
#1055=LINE('',#2609,#1277);
#1056=LINE('',#2611,#1278);
#1057=LINE('',#2613,#1279);
#1058=LINE('',#2615,#1280);
#1059=LINE('',#2617,#1281);
#1060=LINE('',#2619,#1282);
#1061=LINE('',#2621,#1283);
#1062=LINE('',#2623,#1284);
#1063=LINE('',#2625,#1285);
#1064=LINE('',#2627,#1286);
#1065=LINE('',#2630,#1287);
#1066=LINE('',#2631,#1288);
#1067=LINE('',#2633,#1289);
#1068=LINE('',#2636,#1290);
#1069=LINE('',#2637,#1291);
#1070=LINE('',#2639,#1292);
#1071=LINE('',#2641,#1293);
#1072=LINE('',#2642,#1294);
#1073=LINE('',#2644,#1295);
#1074=LINE('',#2645,#1296);
#1075=LINE('',#2647,#1297);
#1076=LINE('',#2649,#1298);
#1077=LINE('',#2651,#1299);
#1078=LINE('',#2654,#1300);
#1079=LINE('',#2655,#1301);
#1080=LINE('',#2657,#1302);
#1081=LINE('',#2658,#1303);
#1082=LINE('',#2660,#1304);
#1083=LINE('',#2662,#1305);
#1084=LINE('',#2664,#1306);
#1085=LINE('',#2666,#1307);
#1086=LINE('',#2668,#1308);
#1087=LINE('',#2670,#1309);
#1088=LINE('',#2672,#1310);
#1089=LINE('',#2674,#1311);
#1090=LINE('',#2676,#1312);
#1091=LINE('',#2678,#1313);
#1092=LINE('',#2680,#1314);
#1093=LINE('',#2683,#1315);
#1094=LINE('',#2684,#1316);
#1095=LINE('',#2686,#1317);
#1096=LINE('',#2688,#1318);
#1097=LINE('',#2689,#1319);
#1098=LINE('',#2691,#1320);
#1099=LINE('',#2693,#1321);
#1100=LINE('',#2695,#1322);
#1101=LINE('',#2697,#1323);
#1102=LINE('',#2699,#1324);
#1103=LINE('',#2701,#1325);
#1104=LINE('',#2703,#1326);
#1105=LINE('',#2705,#1327);
#1106=LINE('',#2707,#1328);
#1107=LINE('',#2709,#1329);
#1108=LINE('',#2711,#1330);
#1109=LINE('',#2713,#1331);
#1110=LINE('',#2715,#1332);
#1111=LINE('',#2717,#1333);
#1112=LINE('',#2719,#1334);
#1113=LINE('',#2722,#1335);
#1114=LINE('',#2723,#1336);
#1115=LINE('',#2724,#1337);
#1116=LINE('',#2725,#1338);
#1117=LINE('',#2727,#1339);
#1118=LINE('',#2729,#1340);
#1119=LINE('',#2731,#1341);
#1120=LINE('',#2732,#1342);
#1121=LINE('',#2734,#1343);
#1122=LINE('',#2736,#1344);
#1123=LINE('',#2738,#1345);
#1124=LINE('',#2757,#1346);
#1125=LINE('',#2758,#1347);
#1126=LINE('',#2760,#1348);
#1127=LINE('',#2761,#1349);
#1128=LINE('',#2763,#1350);
#1129=LINE('',#2764,#1351);
#1130=LINE('',#2766,#1352);
#1131=LINE('',#2767,#1353);
#1132=VECTOR('',#1864,1.);
#1133=VECTOR('',#1865,1.);
#1134=VECTOR('',#1866,1.);
#1135=VECTOR('',#1867,1.);
#1136=VECTOR('',#1874,1.);
#1137=VECTOR('',#1875,1.);
#1138=VECTOR('',#1876,1.);
#1139=VECTOR('',#1877,1.);
#1140=VECTOR('',#1878,1.);
#1141=VECTOR('',#1879,1.);
#1142=VECTOR('',#1880,1.);
#1143=VECTOR('',#1881,1.);
#1144=VECTOR('',#1882,1.);
#1145=VECTOR('',#1883,1.);
#1146=VECTOR('',#1884,1.);
#1147=VECTOR('',#1885,1.);
#1148=VECTOR('',#1886,1.);
#1149=VECTOR('',#1887,1.);
#1150=VECTOR('',#1888,1.);
#1151=VECTOR('',#1889,1.);
#1152=VECTOR('',#1890,1.);
#1153=VECTOR('',#1891,1.);
#1154=VECTOR('',#1892,1.);
#1155=VECTOR('',#1893,1.);
#1156=VECTOR('',#1894,1.);
#1157=VECTOR('',#1895,1.);
#1158=VECTOR('',#1896,1.);
#1159=VECTOR('',#1897,1.);
#1160=VECTOR('',#1900,1.);
#1161=VECTOR('',#1901,1.);
#1162=VECTOR('',#1902,1.);
#1163=VECTOR('',#1903,1.);
#1164=VECTOR('',#1910,1.);
#1165=VECTOR('',#1911,1.);
#1166=VECTOR('',#1912,1.);
#1167=VECTOR('',#1913,1.);
#1168=VECTOR('',#1914,1.);
#1169=VECTOR('',#1915,1.);
#1170=VECTOR('',#1916,1.);
#1171=VECTOR('',#1917,1.);
#1172=VECTOR('',#1918,1.);
#1173=VECTOR('',#1919,1.);
#1174=VECTOR('',#1920,1.);
#1175=VECTOR('',#1921,1.);
#1176=VECTOR('',#1922,1.);
#1177=VECTOR('',#1923,1.);
#1178=VECTOR('',#1924,1.);
#1179=VECTOR('',#1925,1.);
#1180=VECTOR('',#1926,1.);
#1181=VECTOR('',#1927,1.);
#1182=VECTOR('',#1928,1.);
#1183=VECTOR('',#1929,1.);
#1184=VECTOR('',#1930,1.);
#1185=VECTOR('',#1931,1.);
#1186=VECTOR('',#1932,1.);
#1187=VECTOR('',#1933,1.);
#1188=VECTOR('',#1934,1.);
#1189=VECTOR('',#1935,1.);
#1190=VECTOR('',#1938,1.);
#1191=VECTOR('',#1939,1.);
#1192=VECTOR('',#1940,1.);
#1193=VECTOR('',#1941,1.);
#1194=VECTOR('',#1944,1.);
#1195=VECTOR('',#1945,1.);
#1196=VECTOR('',#1946,1.);
#1197=VECTOR('',#1947,1.);
#1198=VECTOR('',#1974,1.);
#1199=VECTOR('',#1975,1.);
#1200=VECTOR('',#1976,1.);
#1201=VECTOR('',#1979,1.);
#1202=VECTOR('',#1980,1.);
#1203=VECTOR('',#1983,1.);
#1204=VECTOR('',#1984,1.);
#1205=VECTOR('',#1987,1.);
#1206=VECTOR('',#1988,1.);
#1207=VECTOR('',#1989,1.);
#1208=VECTOR('',#1992,1.);
#1209=VECTOR('',#1993,1.);
#1210=VECTOR('',#1996,1.);
#1211=VECTOR('',#1997,1.);
#1212=VECTOR('',#2000,1.);
#1213=VECTOR('',#2001,1.);
#1214=VECTOR('',#2004,1.);
#1215=VECTOR('',#2005,1.);
#1216=VECTOR('',#2008,1.);
#1217=VECTOR('',#2009,1.);
#1218=VECTOR('',#2012,1.);
#1219=VECTOR('',#2013,1.);
#1220=VECTOR('',#2016,1.);
#1221=VECTOR('',#2017,1.);
#1222=VECTOR('',#2020,1.);
#1223=VECTOR('',#2021,1.);
#1224=VECTOR('',#2022,1.);
#1225=VECTOR('',#2025,1.);
#1226=VECTOR('',#2026,1.);
#1227=VECTOR('',#2029,1.);
#1228=VECTOR('',#2030,1.);
#1229=VECTOR('',#2031,1.);
#1230=VECTOR('',#2034,1.);
#1231=VECTOR('',#2035,1.);
#1232=VECTOR('',#2036,1.);
#1233=VECTOR('',#2037,1.);
#1234=VECTOR('',#2038,1.);
#1235=VECTOR('',#2041,1.);
#1236=VECTOR('',#2042,1.);
#1237=VECTOR('',#2045,1.);
#1238=VECTOR('',#2046,1.);
#1239=VECTOR('',#2049,1.);
#1240=VECTOR('',#2050,1.);
#1241=VECTOR('',#2053,1.);
#1242=VECTOR('',#2054,1.);
#1243=VECTOR('',#2057,1.);
#1244=VECTOR('',#2058,1.);
#1245=VECTOR('',#2061,1.);
#1246=VECTOR('',#2062,1.);
#1247=VECTOR('',#2065,1.);
#1248=VECTOR('',#2066,1.);
#1249=VECTOR('',#2069,1.);
#1250=VECTOR('',#2070,1.);
#1251=VECTOR('',#2071,1.);
#1252=VECTOR('',#2072,1.);
#1253=VECTOR('',#2073,1.);
#1254=VECTOR('',#2074,1.);
#1255=VECTOR('',#2077,1.);
#1256=VECTOR('',#2078,1.);
#1257=VECTOR('',#2079,1.);
#1258=VECTOR('',#2080,1.);
#1259=VECTOR('',#2081,1.);
#1260=VECTOR('',#2084,1.);
#1261=VECTOR('',#2085,1.);
#1262=VECTOR('',#2086,1.);
#1263=VECTOR('',#2087,1.);
#1264=VECTOR('',#2088,1.);
#1265=VECTOR('',#2091,1.);
#1266=VECTOR('',#2092,1.);
#1267=VECTOR('',#2093,1.);
#1268=VECTOR('',#2094,1.);
#1269=VECTOR('',#2095,1.);
#1270=VECTOR('',#2096,1.);
#1271=VECTOR('',#2099,1.);
#1272=VECTOR('',#2100,1.);
#1273=VECTOR('',#2103,1.);
#1274=VECTOR('',#2104,1.);
#1275=VECTOR('',#2105,1.);
#1276=VECTOR('',#2108,1.);
#1277=VECTOR('',#2109,1.);
#1278=VECTOR('',#2112,1.);
#1279=VECTOR('',#2113,1.);
#1280=VECTOR('',#2116,1.);
#1281=VECTOR('',#2117,1.);
#1282=VECTOR('',#2120,1.);
#1283=VECTOR('',#2121,1.);
#1284=VECTOR('',#2124,1.);
#1285=VECTOR('',#2125,1.);
#1286=VECTOR('',#2128,1.);
#1287=VECTOR('',#2129,1.);
#1288=VECTOR('',#2130,1.);
#1289=VECTOR('',#2133,1.);
#1290=VECTOR('',#2134,1.);
#1291=VECTOR('',#2135,1.);
#1292=VECTOR('',#2136,1.);
#1293=VECTOR('',#2137,1.);
#1294=VECTOR('',#2138,1.);
#1295=VECTOR('',#2139,1.);
#1296=VECTOR('',#2140,1.);
#1297=VECTOR('',#2143,1.);
#1298=VECTOR('',#2144,1.);
#1299=VECTOR('',#2147,1.);
#1300=VECTOR('',#2148,1.);
#1301=VECTOR('',#2149,1.);
#1302=VECTOR('',#2150,1.);
#1303=VECTOR('',#2151,1.);
#1304=VECTOR('',#2154,1.);
#1305=VECTOR('',#2155,1.);
#1306=VECTOR('',#2158,1.);
#1307=VECTOR('',#2159,1.);
#1308=VECTOR('',#2162,1.);
#1309=VECTOR('',#2163,1.);
#1310=VECTOR('',#2166,1.);
#1311=VECTOR('',#2167,1.);
#1312=VECTOR('',#2170,1.);
#1313=VECTOR('',#2171,1.);
#1314=VECTOR('',#2174,1.);
#1315=VECTOR('',#2175,1.);
#1316=VECTOR('',#2176,1.);
#1317=VECTOR('',#2177,1.);
#1318=VECTOR('',#2178,1.);
#1319=VECTOR('',#2179,1.);
#1320=VECTOR('',#2182,1.);
#1321=VECTOR('',#2185,1.);
#1322=VECTOR('',#2186,1.);
#1323=VECTOR('',#2189,1.);
#1324=VECTOR('',#2190,1.);
#1325=VECTOR('',#2193,1.);
#1326=VECTOR('',#2194,1.);
#1327=VECTOR('',#2197,1.);
#1328=VECTOR('',#2198,1.);
#1329=VECTOR('',#2201,1.);
#1330=VECTOR('',#2202,1.);
#1331=VECTOR('',#2205,1.);
#1332=VECTOR('',#2206,1.);
#1333=VECTOR('',#2209,1.);
#1334=VECTOR('',#2212,1.);
#1335=VECTOR('',#2213,1.);
#1336=VECTOR('',#2214,1.);
#1337=VECTOR('',#2215,1.);
#1338=VECTOR('',#2216,1.);
#1339=VECTOR('',#2219,1.);
#1340=VECTOR('',#2220,1.);
#1341=VECTOR('',#2221,1.);
#1342=VECTOR('',#2222,1.);
#1343=VECTOR('',#2225,1.);
#1344=VECTOR('',#2228,1.);
#1345=VECTOR('',#2231,1.);
#1346=VECTOR('',#2260,1.);
#1347=VECTOR('',#2261,1.);
#1348=VECTOR('',#2264,1.);
#1349=VECTOR('',#2265,1.);
#1350=VECTOR('',#2268,1.);
#1351=VECTOR('',#2269,1.);
#1352=VECTOR('',#2272,1.);
#1353=VECTOR('',#2273,1.);
#1354=EDGE_LOOP('',(#36,#37,#38,#39));
#1355=EDGE_LOOP('',(#40));
#1356=EDGE_LOOP('',(#41));
#1357=EDGE_LOOP('',(#42,#43,#44,#45,#46,#47,#48,#49,#50,#51,#52,#53,#54,#55,#56,#57,#58,#59,#60,#61,#62,#63,#64,#65));
#1358=EDGE_LOOP('',(#66,#67,#68,#69));
#1359=EDGE_LOOP('',(#70));
#1360=EDGE_LOOP('',(#71));
#1361=EDGE_LOOP('',(#72,#73,#74,#75,#76,#77,#78,#79,#80,#81,#82,#83,#84,#85,#86,#87,#88,#89,#90,#91,#92,#93,#94,#95,#96,#97));
#1362=EDGE_LOOP('',(#98,#99,#100,#101));
#1363=EDGE_LOOP('',(#102,#103,#104,#105));
#1364=EDGE_LOOP('',(#106));
#1365=EDGE_LOOP('',(#107));
#1366=EDGE_LOOP('',(#108));
#1367=EDGE_LOOP('',(#109));
#1368=EDGE_LOOP('',(#110));
#1369=EDGE_LOOP('',(#111));
#1370=EDGE_LOOP('',(#112));
#1371=EDGE_LOOP('',(#113));
#1372=EDGE_LOOP('',(#114,#115,#116,#117));
#1373=EDGE_LOOP('',(#118,#119,#120,#121));
#1374=EDGE_LOOP('',(#122,#123,#124,#125));
#1375=EDGE_LOOP('',(#126,#127,#128,#129,#130,#131));
#1376=EDGE_LOOP('',(#132,#133,#134,#135));
#1377=EDGE_LOOP('',(#136,#137,#138,#139));
#1378=EDGE_LOOP('',(#140,#141,#142,#143));
#1379=EDGE_LOOP('',(#144,#145,#146,#147));
#1380=EDGE_LOOP('',(#148,#149,#150,#151));
#1381=EDGE_LOOP('',(#152,#153,#154,#155));
#1382=EDGE_LOOP('',(#156,#157,#158,#159));
#1383=EDGE_LOOP('',(#160,#161,#162,#163,#164,#165));
#1384=EDGE_LOOP('',(#166,#167,#168,#169));
#1385=EDGE_LOOP('',(#170,#171,#172,#173));
#1386=EDGE_LOOP('',(#174,#175,#176,#177,#178,#179,#180,#181));
#1387=EDGE_LOOP('',(#182,#183,#184,#185));
#1388=EDGE_LOOP('',(#186,#187,#188,#189));
#1389=EDGE_LOOP('',(#190,#191,#192,#193));
#1390=EDGE_LOOP('',(#194,#195,#196,#197));
#1391=EDGE_LOOP('',(#198,#199,#200,#201));
#1392=EDGE_LOOP('',(#202,#203,#204,#205));
#1393=EDGE_LOOP('',(#206,#207,#208,#209));
#1394=EDGE_LOOP('',(#210,#211,#212,#213,#214,#215,#216,#217));
#1395=EDGE_LOOP('',(#218,#219,#220,#221,#222,#223));
#1396=EDGE_LOOP('',(#224,#225,#226,#227,#228,#229,#230,#231));
#1397=EDGE_LOOP('',(#232,#233,#234,#235,#236,#237,#238,#239));
#1398=EDGE_LOOP('',(#240,#241,#242,#243));
#1399=EDGE_LOOP('',(#244,#245,#246,#247));
#1400=EDGE_LOOP('',(#248,#249,#250,#251));
#1401=EDGE_LOOP('',(#252,#253,#254,#255));
#1402=EDGE_LOOP('',(#256,#257,#258,#259));
#1403=EDGE_LOOP('',(#260,#261,#262,#263));
#1404=EDGE_LOOP('',(#264,#265,#266,#267));
#1405=EDGE_LOOP('',(#268,#269,#270,#271));
#1406=EDGE_LOOP('',(#272,#273,#274,#275,#276,#277,#278,#279,#280,#281,#282,#283));
#1407=EDGE_LOOP('',(#284,#285,#286,#287));
#1408=EDGE_LOOP('',(#288,#289,#290,#291,#292,#293,#294,#295));
#1409=EDGE_LOOP('',(#296,#297,#298,#299));
#1410=EDGE_LOOP('',(#300,#301,#302,#303));
#1411=EDGE_LOOP('',(#304,#305,#306,#307));
#1412=EDGE_LOOP('',(#308,#309,#310,#311));
#1413=EDGE_LOOP('',(#312,#313,#314,#315));
#1414=EDGE_LOOP('',(#316,#317,#318,#319,#320,#321,#322,#323));
#1415=EDGE_LOOP('',(#324,#325,#326,#327));
#1416=EDGE_LOOP('',(#328,#329,#330,#331));
#1417=EDGE_LOOP('',(#332,#333,#334,#335));
#1418=EDGE_LOOP('',(#336,#337,#338,#339));
#1419=EDGE_LOOP('',(#340,#341,#342,#343));
#1420=EDGE_LOOP('',(#344,#345,#346,#347));
#1421=EDGE_LOOP('',(#348,#349,#350,#351));
#1422=EDGE_LOOP('',(#352,#353,#354,#355));
#1423=EDGE_LOOP('',(#356,#357,#358,#359,#360,#361,#362,#363,#364,#365,#366,#367));
#1424=EDGE_LOOP('',(#368,#369,#370,#371,#372,#373));
#1425=EDGE_LOOP('',(#374,#375,#376,#377));
#1426=EDGE_LOOP('',(#378,#379,#380,#381));
#1427=EDGE_LOOP('',(#382,#383,#384,#385));
#1428=EDGE_LOOP('',(#386,#387,#388,#389,#390,#391,#392,#393,#394,#395));
#1429=EDGE_LOOP('',(#396,#397,#398,#399,#400,#401,#402,#403,#404,#405));
#1430=EDGE_LOOP('',(#406,#407,#408,#409,#410,#411,#412,#413,#414,#415));
#1431=EDGE_LOOP('',(#416,#417,#418,#419));
#1432=EDGE_LOOP('',(#420,#421,#422,#423,#424,#425,#426,#427,#428,#429));
#1433=EDGE_LOOP('',(#430));
#1434=EDGE_LOOP('',(#431,#432,#433,#434,#435,#436,#437,#438,#439,#440,#441,#442,#443,#444));
#1435=EDGE_LOOP('',(#445));
#1436=EDGE_LOOP('',(#446));
#1437=EDGE_LOOP('',(#447));
#1438=EDGE_LOOP('',(#448));
#1439=EDGE_LOOP('',(#449));
#1440=EDGE_LOOP('',(#450));
#1441=EDGE_LOOP('',(#451));
#1442=EDGE_LOOP('',(#452));
#1443=EDGE_LOOP('',(#453));
#1444=EDGE_LOOP('',(#454));
#1445=EDGE_LOOP('',(#455));
#1446=EDGE_LOOP('',(#456));
#1447=EDGE_LOOP('',(#457));
#1448=EDGE_LOOP('',(#458));
#1449=EDGE_LOOP('',(#459));
#1450=EDGE_LOOP('',(#460));
#1451=EDGE_LOOP('',(#461));
#1452=EDGE_LOOP('',(#462));
#1453=EDGE_LOOP('',(#463));
#1454=EDGE_LOOP('',(#464,#465,#466,#467));
#1455=EDGE_LOOP('',(#468,#469,#470,#471));
#1456=EDGE_LOOP('',(#472,#473,#474,#475));
#1457=EDGE_LOOP('',(#476,#477,#478,#479));
#1458=EDGE_LOOP('',(#480,#481,#482,#483));
#1459=EDGE_LOOP('',(#484,#485,#486,#487));
#1460=EDGE_LOOP('',(#488,#489,#490,#491));
#1461=EDGE_LOOP('',(#492,#493,#494,#495));
#1462=EDGE_LOOP('',(#496,#497,#498,#499));
#1463=EDGE_LOOP('',(#500,#501,#502,#503));
#1464=EDGE_LOOP('',(#504,#505,#506,#507));
#1465=EDGE_LOOP('',(#508,#509,#510,#511));
#1466=FACE_BOUND('',#1354,.T.);
#1467=FACE_BOUND('',#1355,.T.);
#1468=FACE_BOUND('',#1356,.T.);
#1469=FACE_BOUND('',#1357,.T.);
#1470=FACE_BOUND('',#1358,.T.);
#1471=FACE_BOUND('',#1359,.T.);
#1472=FACE_BOUND('',#1360,.T.);
#1473=FACE_BOUND('',#1361,.T.);
#1474=FACE_BOUND('',#1362,.T.);
#1475=FACE_BOUND('',#1363,.T.);
#1476=FACE_BOUND('',#1364,.T.);
#1477=FACE_BOUND('',#1365,.T.);
#1478=FACE_BOUND('',#1366,.T.);
#1479=FACE_BOUND('',#1367,.T.);
#1480=FACE_BOUND('',#1368,.T.);
#1481=FACE_BOUND('',#1369,.T.);
#1482=FACE_BOUND('',#1370,.T.);
#1483=FACE_BOUND('',#1371,.T.);
#1484=FACE_BOUND('',#1372,.T.);
#1485=FACE_BOUND('',#1373,.T.);
#1486=FACE_BOUND('',#1374,.T.);
#1487=FACE_BOUND('',#1375,.T.);
#1488=FACE_BOUND('',#1376,.T.);
#1489=FACE_BOUND('',#1377,.T.);
#1490=FACE_BOUND('',#1378,.T.);
#1491=FACE_BOUND('',#1379,.T.);
#1492=FACE_BOUND('',#1380,.T.);
#1493=FACE_BOUND('',#1381,.T.);
#1494=FACE_BOUND('',#1382,.T.);
#1495=FACE_BOUND('',#1383,.T.);
#1496=FACE_BOUND('',#1384,.T.);
#1497=FACE_BOUND('',#1385,.T.);
#1498=FACE_BOUND('',#1386,.T.);
#1499=FACE_BOUND('',#1387,.T.);
#1500=FACE_BOUND('',#1388,.T.);
#1501=FACE_BOUND('',#1389,.T.);
#1502=FACE_BOUND('',#1390,.T.);
#1503=FACE_BOUND('',#1391,.T.);
#1504=FACE_BOUND('',#1392,.T.);
#1505=FACE_BOUND('',#1393,.T.);
#1506=FACE_BOUND('',#1394,.T.);
#1507=FACE_BOUND('',#1395,.T.);
#1508=FACE_BOUND('',#1396,.T.);
#1509=FACE_BOUND('',#1397,.T.);
#1510=FACE_BOUND('',#1398,.T.);
#1511=FACE_BOUND('',#1399,.T.);
#1512=FACE_BOUND('',#1400,.T.);
#1513=FACE_BOUND('',#1401,.T.);
#1514=FACE_BOUND('',#1402,.T.);
#1515=FACE_BOUND('',#1403,.T.);
#1516=FACE_BOUND('',#1404,.T.);
#1517=FACE_BOUND('',#1405,.T.);
#1518=FACE_BOUND('',#1406,.T.);
#1519=FACE_BOUND('',#1407,.T.);
#1520=FACE_BOUND('',#1408,.T.);
#1521=FACE_BOUND('',#1409,.T.);
#1522=FACE_BOUND('',#1410,.T.);
#1523=FACE_BOUND('',#1411,.T.);
#1524=FACE_BOUND('',#1412,.T.);
#1525=FACE_BOUND('',#1413,.T.);
#1526=FACE_BOUND('',#1414,.T.);
#1527=FACE_BOUND('',#1415,.T.);
#1528=FACE_BOUND('',#1416,.T.);
#1529=FACE_BOUND('',#1417,.T.);
#1530=FACE_BOUND('',#1418,.T.);
#1531=FACE_BOUND('',#1419,.T.);
#1532=FACE_BOUND('',#1420,.T.);
#1533=FACE_BOUND('',#1421,.T.);
#1534=FACE_BOUND('',#1422,.T.);
#1535=FACE_BOUND('',#1423,.T.);
#1536=FACE_BOUND('',#1424,.T.);
#1537=FACE_BOUND('',#1425,.T.);
#1538=FACE_BOUND('',#1426,.T.);
#1539=FACE_BOUND('',#1427,.T.);
#1540=FACE_BOUND('',#1428,.T.);
#1541=FACE_BOUND('',#1429,.T.);
#1542=FACE_BOUND('',#1430,.T.);
#1543=FACE_BOUND('',#1431,.T.);
#1544=FACE_BOUND('',#1432,.T.);
#1545=FACE_BOUND('',#1433,.T.);
#1546=FACE_BOUND('',#1434,.T.);
#1547=FACE_BOUND('',#1435,.T.);
#1548=FACE_BOUND('',#1436,.T.);
#1549=FACE_BOUND('',#1437,.T.);
#1550=FACE_BOUND('',#1438,.T.);
#1551=FACE_BOUND('',#1439,.T.);
#1552=FACE_BOUND('',#1440,.T.);
#1553=FACE_BOUND('',#1441,.T.);
#1554=FACE_BOUND('',#1442,.T.);
#1555=FACE_BOUND('',#1443,.T.);
#1556=FACE_BOUND('',#1444,.T.);
#1557=FACE_BOUND('',#1445,.T.);
#1558=FACE_BOUND('',#1446,.T.);
#1559=FACE_BOUND('',#1447,.T.);
#1560=FACE_BOUND('',#1448,.T.);
#1561=FACE_BOUND('',#1449,.T.);
#1562=FACE_BOUND('',#1450,.T.);
#1563=FACE_BOUND('',#1451,.T.);
#1564=FACE_BOUND('',#1452,.T.);
#1565=FACE_BOUND('',#1453,.T.);
#1566=FACE_BOUND('',#1454,.T.);
#1567=FACE_BOUND('',#1455,.T.);
#1568=FACE_BOUND('',#1456,.T.);
#1569=FACE_BOUND('',#1457,.T.);
#1570=FACE_BOUND('',#1458,.T.);
#1571=FACE_BOUND('',#1459,.T.);
#1572=FACE_BOUND('',#1460,.T.);
#1573=FACE_BOUND('',#1461,.T.);
#1574=FACE_BOUND('',#1462,.T.);
#1575=FACE_BOUND('',#1463,.T.);
#1576=FACE_BOUND('',#1464,.T.);
#1577=FACE_BOUND('',#1465,.T.);
#1578=PLANE('',#1757);
#1579=PLANE('',#1758);
#1580=PLANE('',#1761);
#1581=PLANE('',#1762);
#1582=PLANE('',#1765);
#1583=PLANE('',#1766);
#1584=PLANE('',#1779);
#1585=PLANE('',#1780);
#1586=PLANE('',#1781);
#1587=PLANE('',#1782);
#1588=PLANE('',#1783);
#1589=PLANE('',#1784);
#1590=PLANE('',#1785);
#1591=PLANE('',#1786);
#1592=PLANE('',#1787);
#1593=PLANE('',#1788);
#1594=PLANE('',#1789);
#1595=PLANE('',#1790);
#1596=PLANE('',#1791);
#1597=PLANE('',#1792);
#1598=PLANE('',#1793);
#1599=PLANE('',#1794);
#1600=PLANE('',#1795);
#1601=PLANE('',#1796);
#1602=PLANE('',#1797);
#1603=PLANE('',#1798);
#1604=PLANE('',#1799);
#1605=PLANE('',#1800);
#1606=PLANE('',#1801);
#1607=PLANE('',#1802);
#1608=PLANE('',#1803);
#1609=PLANE('',#1804);
#1610=PLANE('',#1805);
#1611=PLANE('',#1806);
#1612=PLANE('',#1807);
#1613=PLANE('',#1808);
#1614=PLANE('',#1809);
#1615=PLANE('',#1810);
#1616=PLANE('',#1811);
#1617=PLANE('',#1812);
#1618=PLANE('',#1813);
#1619=PLANE('',#1814);
#1620=PLANE('',#1815);
#1621=PLANE('',#1816);
#1622=PLANE('',#1817);
#1623=PLANE('',#1818);
#1624=PLANE('',#1819);
#1625=PLANE('',#1820);
#1626=PLANE('',#1821);
#1627=PLANE('',#1822);
#1628=PLANE('',#1823);
#1629=PLANE('',#1824);
#1630=PLANE('',#1825);
#1631=PLANE('',#1826);
#1632=PLANE('',#1827);
#1633=PLANE('',#1828);
#1634=PLANE('',#1829);
#1635=PLANE('',#1830);
#1636=PLANE('',#1831);
#1637=PLANE('',#1832);
#1638=PLANE('',#1833);
#1639=PLANE('',#1834);
#1640=PLANE('',#1835);
#1641=PLANE('',#1838);
#1642=PLANE('',#1841);
#1643=PLANE('',#1844);
#1644=PLANE('',#1847);
#1645=PLANE('',#1848);
#1646=PLANE('',#1849);
#1647=PLANE('',#1850);
#1648=PLANE('',#1851);
#1649=PLANE('',#1852);
#1650=PLANE('',#1853);
#1651=PLANE('',#1854);
#1652=PLANE('',#1855);
#1653=PLANE('',#1856);
#1654=PLANE('',#1857);
#1655=PLANE('',#1858);
#1656=PLANE('',#1859);
#1657=ADVANCED_FACE('',(#1466),#1578,.T.);
#1658=ADVANCED_FACE('',(#1467,#1468,#1469),#1579,.T.);
#1659=ADVANCED_FACE('',(#1470),#1580,.T.);
#1660=ADVANCED_FACE('',(#1471,#1472,#1473),#1581,.T.);
#1661=ADVANCED_FACE('',(#1474),#1582,.T.);
#1662=ADVANCED_FACE('',(#1475),#1583,.T.);
#1663=ADVANCED_FACE('',(#1476,#1477),#12,.F.);
#1664=ADVANCED_FACE('',(#1478,#1479),#13,.F.);
#1665=ADVANCED_FACE('',(#1480,#1481),#14,.F.);
#1666=ADVANCED_FACE('',(#1482,#1483),#15,.F.);
#1667=ADVANCED_FACE('',(#1484),#1584,.T.);
#1668=ADVANCED_FACE('',(#1485),#1585,.T.);
#1669=ADVANCED_FACE('',(#1486),#1586,.F.);
#1670=ADVANCED_FACE('',(#1487),#1587,.T.);
#1671=ADVANCED_FACE('',(#1488),#1588,.T.);
#1672=ADVANCED_FACE('',(#1489),#1589,.F.);
#1673=ADVANCED_FACE('',(#1490),#1590,.F.);
#1674=ADVANCED_FACE('',(#1491),#1591,.F.);
#1675=ADVANCED_FACE('',(#1492),#1592,.T.);
#1676=ADVANCED_FACE('',(#1493),#1593,.T.);
#1677=ADVANCED_FACE('',(#1494),#1594,.F.);
#1678=ADVANCED_FACE('',(#1495),#1595,.T.);
#1679=ADVANCED_FACE('',(#1496),#1596,.T.);
#1680=ADVANCED_FACE('',(#1497),#1597,.F.);
#1681=ADVANCED_FACE('',(#1498),#1598,.T.);
#1682=ADVANCED_FACE('',(#1499),#1599,.F.);
#1683=ADVANCED_FACE('',(#1500),#1600,.F.);
#1684=ADVANCED_FACE('',(#1501),#1601,.F.);
#1685=ADVANCED_FACE('',(#1502),#1602,.T.);
#1686=ADVANCED_FACE('',(#1503),#1603,.T.);
#1687=ADVANCED_FACE('',(#1504),#1604,.F.);
#1688=ADVANCED_FACE('',(#1505),#1605,.T.);
#1689=ADVANCED_FACE('',(#1506),#1606,.T.);
#1690=ADVANCED_FACE('',(#1507),#1607,.F.);
#1691=ADVANCED_FACE('',(#1508),#1608,.F.);
#1692=ADVANCED_FACE('',(#1509),#1609,.T.);
#1693=ADVANCED_FACE('',(#1510),#1610,.T.);
#1694=ADVANCED_FACE('',(#1511),#1611,.T.);
#1695=ADVANCED_FACE('',(#1512),#1612,.F.);
#1696=ADVANCED_FACE('',(#1513),#1613,.F.);
#1697=ADVANCED_FACE('',(#1514),#1614,.F.);
#1698=ADVANCED_FACE('',(#1515),#1615,.T.);
#1699=ADVANCED_FACE('',(#1516),#1616,.T.);
#1700=ADVANCED_FACE('',(#1517),#1617,.T.);
#1701=ADVANCED_FACE('',(#1518),#1618,.F.);
#1702=ADVANCED_FACE('',(#1519),#1619,.T.);
#1703=ADVANCED_FACE('',(#1520),#1620,.T.);
#1704=ADVANCED_FACE('',(#1521),#1621,.F.);
#1705=ADVANCED_FACE('',(#1522),#1622,.F.);
#1706=ADVANCED_FACE('',(#1523),#1623,.F.);
#1707=ADVANCED_FACE('',(#1524),#1624,.T.);
#1708=ADVANCED_FACE('',(#1525),#1625,.T.);
#1709=ADVANCED_FACE('',(#1526),#1626,.T.);
#1710=ADVANCED_FACE('',(#1527),#1627,.F.);
#1711=ADVANCED_FACE('',(#1528),#1628,.T.);
#1712=ADVANCED_FACE('',(#1529),#1629,.F.);
#1713=ADVANCED_FACE('',(#1530),#1630,.F.);
#1714=ADVANCED_FACE('',(#1531),#1631,.F.);
#1715=ADVANCED_FACE('',(#1532),#1632,.T.);
#1716=ADVANCED_FACE('',(#1533),#1633,.T.);
#1717=ADVANCED_FACE('',(#1534),#1634,.F.);
#1718=ADVANCED_FACE('',(#1535),#1635,.T.);
#1719=ADVANCED_FACE('',(#1536),#1636,.T.);
#1720=ADVANCED_FACE('',(#1537),#1637,.F.);
#1721=ADVANCED_FACE('',(#1538),#1638,.F.);
#1722=ADVANCED_FACE('',(#1539),#1639,.F.);
#1723=ADVANCED_FACE('',(#1540,#1541,#1542,#1543,#1544,#1545,#1546,#1547,#1548,#1549),#1640,.F.);
#1724=ADVANCED_FACE('',(#1550,#1551),#16,.F.);
#1725=ADVANCED_FACE('',(#1552,#1553),#1641,.T.);
#1726=ADVANCED_FACE('',(#1554,#1555),#17,.F.);
#1727=ADVANCED_FACE('',(#1556,#1557),#1642,.T.);
#1728=ADVANCED_FACE('',(#1558,#1559),#18,.F.);
#1729=ADVANCED_FACE('',(#1560,#1561),#1643,.T.);
#1730=ADVANCED_FACE('',(#1562,#1563),#19,.F.);
#1731=ADVANCED_FACE('',(#1564,#1565),#1644,.T.);
#1732=ADVANCED_FACE('',(#1566),#1645,.T.);
#1733=ADVANCED_FACE('',(#1567),#1646,.T.);
#1734=ADVANCED_FACE('',(#1568),#1647,.T.);
#1735=ADVANCED_FACE('',(#1569),#1648,.T.);
#1736=ADVANCED_FACE('',(#1570),#1649,.T.);
#1737=ADVANCED_FACE('',(#1571),#1650,.F.);
#1738=ADVANCED_FACE('',(#1572),#1651,.F.);
#1739=ADVANCED_FACE('',(#1573),#1652,.F.);
#1740=ADVANCED_FACE('',(#1574),#1653,.F.);
#1741=ADVANCED_FACE('',(#1575),#1654,.T.);
#1742=ADVANCED_FACE('',(#1576),#1655,.T.);
#1743=ADVANCED_FACE('',(#1577),#1656,.F.);
#1744=CLOSED_SHELL('',(#1657,#1658,#1659,#1660,#1661,#1662,#1663,#1664,#1665,#1666,#1667,#1668,#1669,#1670,#1671,#1672,#1673,#1674,#1675,#1676,#1677,#1678,#1679,#1680,#1681,#1682,#1683,#1684,#1685,#1686,#1687,#1688,#1689,#1690,#1691,#1692,#1693,#1694,#1695,#1696,#1697,#1698,#1699,#1700,#1701,#1702,#1703,#1704,#1705,#1706,#1707,#1708,#1709,#1710,#1711,#1712,#1713,#1714,#1715,#1716,#1717,#1718,#1719,#1720,#1721,#1722,#1723,#1724,#1725,#1726,#1727,#1728,#1729,#1730,#1731,#1732,#1733,#1734,#1735,#1736,#1737,#1738,#1739,#1740,#1741,#1742,#1743));
#1745=STYLED_ITEM('',(#1746),#1753);
#1746=PRESENTATION_STYLE_ASSIGNMENT((#1747));
#1747=SURFACE_STYLE_USAGE(.BOTH.,#1748);
#1748=SURFACE_SIDE_STYLE('',(#1749));
#1749=SURFACE_STYLE_FILL_AREA(#1750);
#1750=FILL_AREA_STYLE('',(#1751));
#1751=FILL_AREA_STYLE_COLOUR('',#1752);
#1752=COLOUR_RGB('',0.231372549019608,0.380392156862745,0.705882352941177);
#1753=MANIFOLD_SOLID_BREP('Part 75',#1744);
#1754=SHAPE_DEFINITION_REPRESENTATION(#2782,#1755);
#1755=SHAPE_REPRESENTATION('Part 75',(#1756),#2777);
#1756=AXIS2_PLACEMENT_3D('',#2290,#1860,#1861);
#1757=AXIS2_PLACEMENT_3D('',#2291,#1862,#1863);
#1758=AXIS2_PLACEMENT_3D('',#2300,#1868,#1869);
#1759=AXIS2_PLACEMENT_3D('',#2301,#1870,#1871);
#1760=AXIS2_PLACEMENT_3D('',#2303,#1872,#1873);
#1761=AXIS2_PLACEMENT_3D('',#2353,#1898,#1899);
#1762=AXIS2_PLACEMENT_3D('',#2362,#1904,#1905);
#1763=AXIS2_PLACEMENT_3D('',#2363,#1906,#1907);
#1764=AXIS2_PLACEMENT_3D('',#2365,#1908,#1909);
#1765=AXIS2_PLACEMENT_3D('',#2419,#1936,#1937);
#1766=AXIS2_PLACEMENT_3D('',#2428,#1942,#1943);
#1767=AXIS2_PLACEMENT_3D('',#2437,#1948,#1949);
#1768=AXIS2_PLACEMENT_3D('',#2438,#1950,#1951);
#1769=AXIS2_PLACEMENT_3D('',#2440,#1952,#1953);
#1770=AXIS2_PLACEMENT_3D('',#2442,#1954,#1955);
#1771=AXIS2_PLACEMENT_3D('',#2443,#1956,#1957);
#1772=AXIS2_PLACEMENT_3D('',#2445,#1958,#1959);
#1773=AXIS2_PLACEMENT_3D('',#2447,#1960,#1961);
#1774=AXIS2_PLACEMENT_3D('',#2448,#1962,#1963);
#1775=AXIS2_PLACEMENT_3D('',#2450,#1964,#1965);
#1776=AXIS2_PLACEMENT_3D('',#2452,#1966,#1967);
#1777=AXIS2_PLACEMENT_3D('',#2453,#1968,#1969);
#1778=AXIS2_PLACEMENT_3D('',#2455,#1970,#1971);
#1779=AXIS2_PLACEMENT_3D('',#2457,#1972,#1973);
#1780=AXIS2_PLACEMENT_3D('',#2463,#1977,#1978);
#1781=AXIS2_PLACEMENT_3D('',#2467,#1981,#1982);
#1782=AXIS2_PLACEMENT_3D('',#2471,#1985,#1986);
#1783=AXIS2_PLACEMENT_3D('',#2476,#1990,#1991);
#1784=AXIS2_PLACEMENT_3D('',#2480,#1994,#1995);
#1785=AXIS2_PLACEMENT_3D('',#2484,#1998,#1999);
#1786=AXIS2_PLACEMENT_3D('',#2488,#2002,#2003);
#1787=AXIS2_PLACEMENT_3D('',#2492,#2006,#2007);
#1788=AXIS2_PLACEMENT_3D('',#2496,#2010,#2011);
#1789=AXIS2_PLACEMENT_3D('',#2500,#2014,#2015);
#1790=AXIS2_PLACEMENT_3D('',#2504,#2018,#2019);
#1791=AXIS2_PLACEMENT_3D('',#2509,#2023,#2024);
#1792=AXIS2_PLACEMENT_3D('',#2513,#2027,#2028);
#1793=AXIS2_PLACEMENT_3D('',#2519,#2032,#2033);
#1794=AXIS2_PLACEMENT_3D('',#2528,#2039,#2040);
#1795=AXIS2_PLACEMENT_3D('',#2532,#2043,#2044);
#1796=AXIS2_PLACEMENT_3D('',#2536,#2047,#2048);
#1797=AXIS2_PLACEMENT_3D('',#2540,#2051,#2052);
#1798=AXIS2_PLACEMENT_3D('',#2544,#2055,#2056);
#1799=AXIS2_PLACEMENT_3D('',#2548,#2059,#2060);
#1800=AXIS2_PLACEMENT_3D('',#2552,#2063,#2064);
#1801=AXIS2_PLACEMENT_3D('',#2556,#2067,#2068);
#1802=AXIS2_PLACEMENT_3D('',#2567,#2075,#2076);
#1803=AXIS2_PLACEMENT_3D('',#2577,#2082,#2083);
#1804=AXIS2_PLACEMENT_3D('',#2585,#2089,#2090);
#1805=AXIS2_PLACEMENT_3D('',#2596,#2097,#2098);
#1806=AXIS2_PLACEMENT_3D('',#2600,#2101,#2102);
#1807=AXIS2_PLACEMENT_3D('',#2606,#2106,#2107);
#1808=AXIS2_PLACEMENT_3D('',#2610,#2110,#2111);
#1809=AXIS2_PLACEMENT_3D('',#2614,#2114,#2115);
#1810=AXIS2_PLACEMENT_3D('',#2618,#2118,#2119);
#1811=AXIS2_PLACEMENT_3D('',#2622,#2122,#2123);
#1812=AXIS2_PLACEMENT_3D('',#2626,#2126,#2127);
#1813=AXIS2_PLACEMENT_3D('',#2632,#2131,#2132);
#1814=AXIS2_PLACEMENT_3D('',#2646,#2141,#2142);
#1815=AXIS2_PLACEMENT_3D('',#2650,#2145,#2146);
#1816=AXIS2_PLACEMENT_3D('',#2659,#2152,#2153);
#1817=AXIS2_PLACEMENT_3D('',#2663,#2156,#2157);
#1818=AXIS2_PLACEMENT_3D('',#2667,#2160,#2161);
#1819=AXIS2_PLACEMENT_3D('',#2671,#2164,#2165);
#1820=AXIS2_PLACEMENT_3D('',#2675,#2168,#2169);
#1821=AXIS2_PLACEMENT_3D('',#2679,#2172,#2173);
#1822=AXIS2_PLACEMENT_3D('',#2690,#2180,#2181);
#1823=AXIS2_PLACEMENT_3D('',#2692,#2183,#2184);
#1824=AXIS2_PLACEMENT_3D('',#2696,#2187,#2188);
#1825=AXIS2_PLACEMENT_3D('',#2700,#2191,#2192);
#1826=AXIS2_PLACEMENT_3D('',#2704,#2195,#2196);
#1827=AXIS2_PLACEMENT_3D('',#2708,#2199,#2200);
#1828=AXIS2_PLACEMENT_3D('',#2712,#2203,#2204);
#1829=AXIS2_PLACEMENT_3D('',#2716,#2207,#2208);
#1830=AXIS2_PLACEMENT_3D('',#2718,#2210,#2211);
#1831=AXIS2_PLACEMENT_3D('',#2726,#2217,#2218);
#1832=AXIS2_PLACEMENT_3D('',#2733,#2223,#2224);
#1833=AXIS2_PLACEMENT_3D('',#2735,#2226,#2227);
#1834=AXIS2_PLACEMENT_3D('',#2737,#2229,#2230);
#1835=AXIS2_PLACEMENT_3D('',#2739,#2232,#2233);
#1836=AXIS2_PLACEMENT_3D('',#2740,#2234,#2235);
#1837=AXIS2_PLACEMENT_3D('',#2741,#2236,#2237);
#1838=AXIS2_PLACEMENT_3D('',#2743,#2238,#2239);
#1839=AXIS2_PLACEMENT_3D('',#2744,#2240,#2241);
#1840=AXIS2_PLACEMENT_3D('',#2745,#2242,#2243);
#1841=AXIS2_PLACEMENT_3D('',#2747,#2244,#2245);
#1842=AXIS2_PLACEMENT_3D('',#2748,#2246,#2247);
#1843=AXIS2_PLACEMENT_3D('',#2749,#2248,#2249);
#1844=AXIS2_PLACEMENT_3D('',#2751,#2250,#2251);
#1845=AXIS2_PLACEMENT_3D('',#2752,#2252,#2253);
#1846=AXIS2_PLACEMENT_3D('',#2753,#2254,#2255);
#1847=AXIS2_PLACEMENT_3D('',#2755,#2256,#2257);
#1848=AXIS2_PLACEMENT_3D('',#2756,#2258,#2259);
#1849=AXIS2_PLACEMENT_3D('',#2759,#2262,#2263);
#1850=AXIS2_PLACEMENT_3D('',#2762,#2266,#2267);
#1851=AXIS2_PLACEMENT_3D('',#2765,#2270,#2271);
#1852=AXIS2_PLACEMENT_3D('',#2768,#2274,#2275);
#1853=AXIS2_PLACEMENT_3D('',#2769,#2276,#2277);
#1854=AXIS2_PLACEMENT_3D('',#2770,#2278,#2279);
#1855=AXIS2_PLACEMENT_3D('',#2771,#2280,#2281);
#1856=AXIS2_PLACEMENT_3D('',#2772,#2282,#2283);
#1857=AXIS2_PLACEMENT_3D('',#2773,#2284,#2285);
#1858=AXIS2_PLACEMENT_3D('',#2774,#2286,#2287);
#1859=AXIS2_PLACEMENT_3D('',#2775,#2288,#2289);
#1860=DIRECTION('',(0.,0.,1.));
#1861=DIRECTION('',(1.,0.,0.));
#1862=DIRECTION('',(0.,0.,-1.));
#1863=DIRECTION('',(1.,0.,0.));
#1864=DIRECTION('',(1.,0.,0.));
#1865=DIRECTION('',(0.,1.,0.));
#1866=DIRECTION('',(1.,0.,0.));
#1867=DIRECTION('',(0.,1.,0.));
#1868=DIRECTION('',(0.,0.,-1.));
#1869=DIRECTION('',(1.,0.,0.));
#1870=DIRECTION('',(0.,0.,-1.));
#1871=DIRECTION('',(-1.,0.,0.));
#1872=DIRECTION('',(0.,0.,-1.));
#1873=DIRECTION('',(-1.,0.,0.));
#1874=DIRECTION('',(1.,-5.42101086242752E-17,0.));
#1875=DIRECTION('',(0.,1.,0.));
#1876=DIRECTION('',(-1.,5.42101086242752E-17,0.));
#1877=DIRECTION('',(0.,1.,0.));
#1878=DIRECTION('',(-1.,0.,0.));
#1879=DIRECTION('',(0.,1.,0.));
#1880=DIRECTION('',(-1.,0.,0.));
#1881=DIRECTION('',(0.,1.,0.));
#1882=DIRECTION('',(1.,0.,0.));
#1883=DIRECTION('',(0.,-1.,0.));
#1884=DIRECTION('',(1.,0.,0.));
#1885=DIRECTION('',(0.,1.,0.));
#1886=DIRECTION('',(-1.,0.,0.));
#1887=DIRECTION('',(0.,1.,0.));
#1888=DIRECTION('',(-1.,0.,0.));
#1889=DIRECTION('',(0.,-1.,0.));
#1890=DIRECTION('',(-1.,0.,0.));
#1891=DIRECTION('',(0.,1.,0.));
#1892=DIRECTION('',(-1.,3.85494105772624E-16,0.));
#1893=DIRECTION('',(0.,-1.,0.));
#1894=DIRECTION('',(-1.,0.,0.));
#1895=DIRECTION('',(0.,-1.,0.));
#1896=DIRECTION('',(-1.,0.,0.));
#1897=DIRECTION('',(3.85099367297704E-16,1.,0.));
#1898=DIRECTION('',(0.,0.,-1.));
#1899=DIRECTION('',(1.,0.,0.));
#1900=DIRECTION('',(1.,0.,0.));
#1901=DIRECTION('',(0.,1.,0.));
#1902=DIRECTION('',(1.,0.,0.));
#1903=DIRECTION('',(0.,-1.,0.));
#1904=DIRECTION('',(0.,0.,-1.));
#1905=DIRECTION('',(1.,0.,0.));
#1906=DIRECTION('',(0.,0.,-1.));
#1907=DIRECTION('',(-1.,0.,0.));
#1908=DIRECTION('',(0.,0.,-1.));
#1909=DIRECTION('',(-1.,0.,0.));
#1910=DIRECTION('',(1.,0.,0.));
#1911=DIRECTION('',(0.,1.,0.));
#1912=DIRECTION('',(1.,0.,0.));
#1913=DIRECTION('',(-2.17090774668138E-16,1.,0.));
#1914=DIRECTION('',(1.,0.,0.));
#1915=DIRECTION('',(0.,1.,0.));
#1916=DIRECTION('',(1.,2.16840434497101E-16,0.));
#1917=DIRECTION('',(0.,-1.,0.));
#1918=DIRECTION('',(-1.,-5.42101086242752E-17,0.));
#1919=DIRECTION('',(0.,-1.,0.));
#1920=DIRECTION('',(1.,5.42101086242752E-17,0.));
#1921=DIRECTION('',(0.,-1.,0.));
#1922=DIRECTION('',(1.,2.17090774668138E-16,0.));
#1923=DIRECTION('',(0.,-1.,0.));
#1924=DIRECTION('',(1.,0.,0.));
#1925=DIRECTION('',(2.16840434497102E-16,-1.,0.));
#1926=DIRECTION('',(-1.,0.,0.));
#1927=DIRECTION('',(0.,1.,0.));
#1928=DIRECTION('',(-1.,0.,0.));
#1929=DIRECTION('',(2.16840434497101E-16,-1.,0.));
#1930=DIRECTION('',(1.,2.17090774668138E-16,0.));
#1931=DIRECTION('',(0.,1.,0.));
#1932=DIRECTION('',(1.,2.37187943191557E-16,0.));
#1933=DIRECTION('',(0.,-1.,0.));
#1934=DIRECTION('',(1.,2.16840434497101E-16,0.));
#1935=DIRECTION('',(-2.17090774668138E-16,1.,0.));
#1936=DIRECTION('',(0.,0.,-1.));
#1937=DIRECTION('',(1.,0.,0.));
#1938=DIRECTION('',(1.,0.,0.));
#1939=DIRECTION('',(0.,1.,0.));
#1940=DIRECTION('',(1.,0.,0.));
#1941=DIRECTION('',(0.,-1.,0.));
#1942=DIRECTION('',(0.,0.,-1.));
#1943=DIRECTION('',(1.,0.,0.));
#1944=DIRECTION('',(1.,0.,0.));
#1945=DIRECTION('',(0.,1.,0.));
#1946=DIRECTION('',(1.,0.,0.));
#1947=DIRECTION('',(0.,-1.,0.));
#1948=DIRECTION('',(0.,0.,1.));
#1949=DIRECTION('',(1.,0.,0.));
#1950=DIRECTION('',(0.,0.,-1.));
#1951=DIRECTION('',(-1.,0.,0.));
#1952=DIRECTION('',(0.,0.,-1.));
#1953=DIRECTION('',(-1.,0.,0.));
#1954=DIRECTION('',(0.,0.,1.));
#1955=DIRECTION('',(1.,0.,0.));
#1956=DIRECTION('',(0.,0.,-1.));
#1957=DIRECTION('',(-1.,0.,0.));
#1958=DIRECTION('',(0.,0.,-1.));
#1959=DIRECTION('',(-1.,0.,0.));
#1960=DIRECTION('',(0.,0.,1.));
#1961=DIRECTION('',(1.,0.,0.));
#1962=DIRECTION('',(0.,0.,-1.));
#1963=DIRECTION('',(-1.,0.,0.));
#1964=DIRECTION('',(0.,0.,-1.));
#1965=DIRECTION('',(-1.,0.,0.));
#1966=DIRECTION('',(0.,0.,1.));
#1967=DIRECTION('',(1.,0.,0.));
#1968=DIRECTION('',(0.,0.,-1.));
#1969=DIRECTION('',(-1.,0.,0.));
#1970=DIRECTION('',(0.,0.,-1.));
#1971=DIRECTION('',(-1.,0.,0.));
#1972=DIRECTION('',(1.,0.,0.));
#1973=DIRECTION('',(0.,0.,-1.));
#1974=DIRECTION('',(0.,1.,0.));
#1975=DIRECTION('',(0.,0.,1.));
#1976=DIRECTION('',(0.,0.,1.));
#1977=DIRECTION('',(0.,1.,0.));
#1978=DIRECTION('',(0.,0.,1.));
#1979=DIRECTION('',(-1.,0.,0.));
#1980=DIRECTION('',(0.,0.,1.));
#1981=DIRECTION('',(-1.,0.,0.));
#1982=DIRECTION('',(0.,0.,1.));
#1983=DIRECTION('',(0.,-1.,0.));
#1984=DIRECTION('',(0.,0.,1.));
#1985=DIRECTION('',(0.,1.,0.));
#1986=DIRECTION('',(0.,0.,1.));
#1987=DIRECTION('',(-1.,0.,0.));
#1988=DIRECTION('',(-1.,0.,0.));
#1989=DIRECTION('',(0.,0.,1.));
#1990=DIRECTION('',(-1.,-2.16840434497101E-16,0.));
#1991=DIRECTION('',(2.16840434497101E-16,-1.,0.));
#1992=DIRECTION('',(2.16840434497101E-16,-1.,0.));
#1993=DIRECTION('',(0.,0.,1.));
#1994=DIRECTION('',(2.17090774668138E-16,-1.,0.));
#1995=DIRECTION('',(1.,2.17090774668138E-16,0.));
#1996=DIRECTION('',(1.,2.17090774668138E-16,0.));
#1997=DIRECTION('',(0.,0.,1.));
#1998=DIRECTION('',(-1.,0.,0.));
#1999=DIRECTION('',(0.,0.,1.));
#2000=DIRECTION('',(0.,1.,0.));
#2001=DIRECTION('',(0.,0.,1.));
#2002=DIRECTION('',(2.37187943191557E-16,-1.,0.));
#2003=DIRECTION('',(1.,2.37187943191557E-16,0.));
#2004=DIRECTION('',(1.,2.37187943191557E-16,0.));
#2005=DIRECTION('',(0.,0.,1.));
#2006=DIRECTION('',(-1.,0.,0.));
#2007=DIRECTION('',(0.,0.,1.));
#2008=DIRECTION('',(0.,-1.,0.));
#2009=DIRECTION('',(0.,0.,1.));
#2010=DIRECTION('',(2.16840434497101E-16,-1.,0.));
#2011=DIRECTION('',(1.,2.16840434497101E-16,0.));
#2012=DIRECTION('',(1.,2.16840434497101E-16,0.));
#2013=DIRECTION('',(0.,0.,1.));
#2014=DIRECTION('',(1.,2.17090774668138E-16,0.));
#2015=DIRECTION('',(-2.17090774668138E-16,1.,0.));
#2016=DIRECTION('',(-2.17090774668138E-16,1.,0.));
#2017=DIRECTION('',(0.,0.,1.));
#2018=DIRECTION('',(0.,-1.,0.));
#2019=DIRECTION('',(0.,0.,-1.));
#2020=DIRECTION('',(1.,0.,0.));
#2021=DIRECTION('',(1.,0.,0.));
#2022=DIRECTION('',(0.,0.,1.));
#2023=DIRECTION('',(1.,0.,0.));
#2024=DIRECTION('',(0.,0.,-1.));
#2025=DIRECTION('',(0.,1.,0.));
#2026=DIRECTION('',(0.,0.,1.));
#2027=DIRECTION('',(0.,-1.,0.));
#2028=DIRECTION('',(0.,0.,-1.));
#2029=DIRECTION('',(1.,0.,0.));
#2030=DIRECTION('',(0.,0.,1.));
#2031=DIRECTION('',(0.,0.,1.));
#2032=DIRECTION('',(-1.,1.35525271560688E-16,0.));
#2033=DIRECTION('',(-1.35525271560688E-16,-1.,0.));
#2034=DIRECTION('',(9.58308385427109E-17,0.707106781186548,0.707106781186548));
#2035=DIRECTION('',(0.,1.,0.));
#2036=DIRECTION('',(9.58308385427109E-17,0.707106781186548,-0.707106781186548));
#2037=DIRECTION('',(-1.35525271560688E-16,-1.,0.));
#2038=DIRECTION('',(0.,0.,1.));
#2039=DIRECTION('',(3.85494105772624E-16,1.,0.));
#2040=DIRECTION('',(-1.,3.85494105772624E-16,0.));
#2041=DIRECTION('',(-1.,3.85494105772624E-16,0.));
#2042=DIRECTION('',(0.,0.,1.));
#2043=DIRECTION('',(-1.,0.,0.));
#2044=DIRECTION('',(0.,0.,1.));
#2045=DIRECTION('',(0.,-1.,0.));
#2046=DIRECTION('',(0.,0.,1.));
#2047=DIRECTION('',(0.,1.,0.));
#2048=DIRECTION('',(0.,0.,1.));
#2049=DIRECTION('',(-1.,0.,0.));
#2050=DIRECTION('',(0.,0.,1.));
#2051=DIRECTION('',(-1.,0.,0.));
#2052=DIRECTION('',(0.,0.,1.));
#2053=DIRECTION('',(0.,-1.,0.));
#2054=DIRECTION('',(0.,0.,1.));
#2055=DIRECTION('',(0.,1.,0.));
#2056=DIRECTION('',(0.,0.,1.));
#2057=DIRECTION('',(-1.,0.,0.));
#2058=DIRECTION('',(0.,0.,1.));
#2059=DIRECTION('',(1.,-3.85099367297704E-16,0.));
#2060=DIRECTION('',(3.85099367297704E-16,1.,0.));
#2061=DIRECTION('',(3.85099367297704E-16,1.,0.));
#2062=DIRECTION('',(0.,0.,1.));
#2063=DIRECTION('',(-5.42101086242752E-17,-1.,0.));
#2064=DIRECTION('',(1.,-5.42101086242752E-17,0.));
#2065=DIRECTION('',(1.,-5.42101086242752E-17,0.));
#2066=DIRECTION('',(0.,0.,1.));
#2067=DIRECTION('',(0.,-1.,0.));
#2068=DIRECTION('',(0.,0.,-1.));
#2069=DIRECTION('',(1.,0.,0.));
#2070=DIRECTION('',(1.,0.,0.));
#2071=DIRECTION('',(0.,0.,1.));
#2072=DIRECTION('',(1.,0.,0.));
#2073=DIRECTION('',(0.,0.,1.));
#2074=DIRECTION('',(1.,0.,0.));
#2075=DIRECTION('',(1.,0.,0.));
#2076=DIRECTION('',(0.,0.,-1.));
#2077=DIRECTION('',(0.,0.,1.));
#2078=DIRECTION('',(0.,-0.707106781186548,-0.707106781186548));
#2079=DIRECTION('',(0.,1.,0.));
#2080=DIRECTION('',(0.,0.707106781186548,-0.707106781186548));
#2081=DIRECTION('',(0.,1.,0.));
#2082=DIRECTION('',(0.,-1.,0.));
#2083=DIRECTION('',(0.,0.,-1.));
#2084=DIRECTION('',(-1.,0.,0.));
#2085=DIRECTION('',(-1.,0.,0.));
#2086=DIRECTION('',(1.,0.,0.));
#2087=DIRECTION('',(0.,0.,1.));
#2088=DIRECTION('',(-1.,0.,0.));
#2089=DIRECTION('',(-1.,0.,0.));
#2090=DIRECTION('',(0.,0.,1.));
#2091=DIRECTION('',(0.,-0.707106781186548,-0.707106781186548));
#2092=DIRECTION('',(0.,-1.,0.));
#2093=DIRECTION('',(0.,0.707106781186548,-0.707106781186548));
#2094=DIRECTION('',(0.,0.,1.));
#2095=DIRECTION('',(0.,-1.,0.));
#2096=DIRECTION('',(0.,0.,1.));
#2097=DIRECTION('',(0.,-1.,0.));
#2098=DIRECTION('',(0.,0.,-1.));
#2099=DIRECTION('',(1.,0.,0.));
#2100=DIRECTION('',(0.,0.,1.));
#2101=DIRECTION('',(5.42101086242752E-17,1.,0.));
#2102=DIRECTION('',(-1.,5.42101086242752E-17,0.));
#2103=DIRECTION('',(-1.,5.42101086242752E-17,0.));
#2104=DIRECTION('',(0.,0.,1.));
#2105=DIRECTION('',(0.,0.,1.));
#2106=DIRECTION('',(1.,0.,0.));
#2107=DIRECTION('',(0.,0.,-1.));
#2108=DIRECTION('',(0.,1.,0.));
#2109=DIRECTION('',(0.,0.,1.));
#2110=DIRECTION('',(0.,1.,0.));
#2111=DIRECTION('',(0.,0.,1.));
#2112=DIRECTION('',(-1.,0.,0.));
#2113=DIRECTION('',(0.,0.,1.));
#2114=DIRECTION('',(1.,0.,0.));
#2115=DIRECTION('',(0.,0.,-1.));
#2116=DIRECTION('',(0.,1.,0.));
#2117=DIRECTION('',(0.,0.,1.));
#2118=DIRECTION('',(0.,1.,0.));
#2119=DIRECTION('',(0.,0.,1.));
#2120=DIRECTION('',(-1.,0.,0.));
#2121=DIRECTION('',(0.,0.,1.));
#2122=DIRECTION('',(1.,0.,0.));
#2123=DIRECTION('',(0.,0.,-1.));
#2124=DIRECTION('',(0.,1.,0.));
#2125=DIRECTION('',(0.,0.,1.));
#2126=DIRECTION('',(-5.42101086242752E-17,1.,0.));
#2127=DIRECTION('',(-1.,-5.42101086242752E-17,0.));
#2128=DIRECTION('',(-1.,-5.42101086242752E-17,0.));
#2129=DIRECTION('',(0.,0.,1.));
#2130=DIRECTION('',(0.,0.,1.));
#2131=DIRECTION('',(1.,0.,0.));
#2132=DIRECTION('',(0.,0.,-1.));
#2133=DIRECTION('',(0.,-1.,0.));
#2134=DIRECTION('',(0.,0.707106781186548,-0.707106781186548));
#2135=DIRECTION('',(0.,0.,1.));
#2136=DIRECTION('',(0.,1.,0.));
#2137=DIRECTION('',(0.,0.,1.));
#2138=DIRECTION('',(0.,1.,0.));
#2139=DIRECTION('',(0.,0.,1.));
#2140=DIRECTION('',(0.,-0.707106781186548,-0.707106781186548));
#2141=DIRECTION('',(0.,-1.,0.));
#2142=DIRECTION('',(0.,0.,-1.));
#2143=DIRECTION('',(1.,0.,0.));
#2144=DIRECTION('',(0.,0.,1.));
#2145=DIRECTION('',(1.,0.,0.));
#2146=DIRECTION('',(0.,0.,-1.));
#2147=DIRECTION('',(0.,1.,0.));
#2148=DIRECTION('',(0.,0.707106781186548,0.707106781186548));
#2149=DIRECTION('',(0.,1.,0.));
#2150=DIRECTION('',(0.,0.,1.));
#2151=DIRECTION('',(0.,-0.707106781186548,0.707106781186548));
#2152=DIRECTION('',(0.,-1.,0.));
#2153=DIRECTION('',(0.,0.,-1.));
#2154=DIRECTION('',(1.,0.,0.));
#2155=DIRECTION('',(0.,0.,1.));
#2156=DIRECTION('',(1.,2.17090774668138E-16,0.));
#2157=DIRECTION('',(-2.17090774668138E-16,1.,0.));
#2158=DIRECTION('',(-2.17090774668138E-16,1.,0.));
#2159=DIRECTION('',(0.,0.,1.));
#2160=DIRECTION('',(0.,-1.,0.));
#2161=DIRECTION('',(0.,0.,-1.));
#2162=DIRECTION('',(1.,0.,0.));
#2163=DIRECTION('',(0.,0.,1.));
#2164=DIRECTION('',(1.,0.,0.));
#2165=DIRECTION('',(0.,0.,-1.));
#2166=DIRECTION('',(0.,1.,0.));
#2167=DIRECTION('',(0.,0.,1.));
#2168=DIRECTION('',(2.16840434497101E-16,-1.,0.));
#2169=DIRECTION('',(1.,2.16840434497101E-16,0.));
#2170=DIRECTION('',(1.,2.16840434497101E-16,0.));
#2171=DIRECTION('',(0.,0.,1.));
#2172=DIRECTION('',(1.,-1.0842021724855E-16,0.));
#2173=DIRECTION('',(1.0842021724855E-16,1.,0.));
#2174=DIRECTION('',(0.,1.,0.));
#2175=DIRECTION('',(-7.66646708341687E-17,-0.707106781186548,-0.707106781186548));
#2176=DIRECTION('',(0.,0.,1.));
#2177=DIRECTION('',(1.0842021724855E-16,1.,0.));
#2178=DIRECTION('',(0.,0.,1.));
#2179=DIRECTION('',(-7.66646708341687E-17,-0.707106781186548,0.707106781186548));
#2180=DIRECTION('',(0.,-1.,0.));
#2181=DIRECTION('',(0.,0.,-1.));
#2182=DIRECTION('',(1.,0.,0.));
#2183=DIRECTION('',(5.42101086242752E-17,-1.,0.));
#2184=DIRECTION('',(1.,5.42101086242752E-17,0.));
#2185=DIRECTION('',(1.,5.42101086242752E-17,0.));
#2186=DIRECTION('',(0.,0.,1.));
#2187=DIRECTION('',(-1.,0.,0.));
#2188=DIRECTION('',(0.,0.,1.));
#2189=DIRECTION('',(0.,-1.,0.));
#2190=DIRECTION('',(0.,0.,1.));
#2191=DIRECTION('',(2.17090774668138E-16,-1.,0.));
#2192=DIRECTION('',(1.,2.17090774668138E-16,0.));
#2193=DIRECTION('',(1.,2.17090774668138E-16,0.));
#2194=DIRECTION('',(0.,0.,1.));
#2195=DIRECTION('',(-1.,0.,0.));
#2196=DIRECTION('',(0.,0.,1.));
#2197=DIRECTION('',(0.,-1.,0.));
#2198=DIRECTION('',(0.,0.,1.));
#2199=DIRECTION('',(0.,-1.,0.));
#2200=DIRECTION('',(0.,0.,-1.));
#2201=DIRECTION('',(1.,0.,0.));
#2202=DIRECTION('',(0.,0.,1.));
#2203=DIRECTION('',(-1.,-2.16840434497102E-16,0.));
#2204=DIRECTION('',(2.16840434497102E-16,-1.,0.));
#2205=DIRECTION('',(2.16840434497102E-16,-1.,0.));
#2206=DIRECTION('',(0.,0.,1.));
#2207=DIRECTION('',(0.,1.,0.));
#2208=DIRECTION('',(0.,0.,1.));
#2209=DIRECTION('',(-1.,0.,0.));
#2210=DIRECTION('',(1.,0.,0.));
#2211=DIRECTION('',(0.,0.,-1.));
#2212=DIRECTION('',(0.,1.,0.));
#2213=DIRECTION('',(0.,0.707106781186548,0.707106781186548));
#2214=DIRECTION('',(0.,1.,0.));
#2215=DIRECTION('',(0.,1.,0.));
#2216=DIRECTION('',(0.,-0.707106781186548,0.707106781186548));
#2217=DIRECTION('',(1.,0.,0.));
#2218=DIRECTION('',(0.,0.,-1.));
#2219=DIRECTION('',(0.,-0.707106781186548,0.707106781186548));
#2220=DIRECTION('',(0.,1.,0.));
#2221=DIRECTION('',(0.,0.707106781186548,0.707106781186548));
#2222=DIRECTION('',(0.,1.,0.));
#2223=DIRECTION('',(0.,-1.,0.));
#2224=DIRECTION('',(0.,0.,-1.));
#2225=DIRECTION('',(1.,0.,0.));
#2226=DIRECTION('',(-1.,0.,0.));
#2227=DIRECTION('',(0.,0.,1.));
#2228=DIRECTION('',(0.,-1.,0.));
#2229=DIRECTION('',(0.,1.,0.));
#2230=DIRECTION('',(0.,0.,1.));
#2231=DIRECTION('',(-1.,0.,0.));
#2232=DIRECTION('',(0.,0.,-1.));
#2233=DIRECTION('',(1.,0.,0.));
#2234=DIRECTION('',(0.,0.,-1.));
#2235=DIRECTION('',(-1.,0.,0.));
#2236=DIRECTION('',(0.,0.,-1.));
#2237=DIRECTION('',(-1.,0.,0.));
#2238=DIRECTION('',(0.,0.,-1.));
#2239=DIRECTION('',(1.,0.,0.));
#2240=DIRECTION('',(0.,0.,-1.));
#2241=DIRECTION('',(-1.,0.,0.));
#2242=DIRECTION('',(0.,0.,-1.));
#2243=DIRECTION('',(-1.,0.,0.));
#2244=DIRECTION('',(0.,0.,-1.));
#2245=DIRECTION('',(1.,0.,0.));
#2246=DIRECTION('',(0.,0.,-1.));
#2247=DIRECTION('',(-1.,0.,0.));
#2248=DIRECTION('',(0.,0.,-1.));
#2249=DIRECTION('',(-1.,0.,0.));
#2250=DIRECTION('',(0.,0.,-1.));
#2251=DIRECTION('',(1.,0.,0.));
#2252=DIRECTION('',(0.,0.,-1.));
#2253=DIRECTION('',(-1.,0.,0.));
#2254=DIRECTION('',(0.,0.,-1.));
#2255=DIRECTION('',(-1.,0.,0.));
#2256=DIRECTION('',(0.,0.,-1.));
#2257=DIRECTION('',(1.,0.,0.));
#2258=DIRECTION('',(0.,0.,-1.));
#2259=DIRECTION('',(1.,0.,0.));
#2260=DIRECTION('',(-1.,0.,0.));
#2261=DIRECTION('',(1.,0.,0.));
#2262=DIRECTION('',(0.,0.,-1.));
#2263=DIRECTION('',(1.,0.,0.));
#2264=DIRECTION('',(1.,0.,0.));
#2265=DIRECTION('',(-1.,0.,0.));
#2266=DIRECTION('',(0.,0.,-1.));
#2267=DIRECTION('',(1.,0.,0.));
#2268=DIRECTION('',(1.,0.,0.));
#2269=DIRECTION('',(-1.,0.,0.));
#2270=DIRECTION('',(0.,0.,-1.));
#2271=DIRECTION('',(1.,0.,0.));
#2272=DIRECTION('',(1.,0.,0.));
#2273=DIRECTION('',(-1.,0.,0.));
#2274=DIRECTION('',(0.,0.707106781186548,-0.707106781186547));
#2275=DIRECTION('',(-1.,0.,0.));
#2276=DIRECTION('',(0.,0.707106781186548,0.707106781186548));
#2277=DIRECTION('',(1.,0.,0.));
#2278=DIRECTION('',(0.,-0.707106781186548,0.707106781186548));
#2279=DIRECTION('',(-1.,0.,0.));
#2280=DIRECTION('',(0.,0.707106781186548,0.707106781186547));
#2281=DIRECTION('',(1.,0.,0.));
#2282=DIRECTION('',(0.,0.707106781186548,0.707106781186547));
#2283=DIRECTION('',(1.,0.,0.));
#2284=DIRECTION('',(0.,0.707106781186548,-0.707106781186547));
#2285=DIRECTION('',(-1.,0.,0.));
#2286=DIRECTION('',(0.,0.707106781186548,-0.707106781186547));
#2287=DIRECTION('',(-1.,0.,0.));
#2288=DIRECTION('',(0.,0.707106781186548,0.707106781186547));
#2289=DIRECTION('',(1.,0.,0.));
#2290=CARTESIAN_POINT('',(0.,0.,0.));
#2291=CARTESIAN_POINT('',(0.,3.46944695195361E-18,-0.003));
#2292=CARTESIAN_POINT('',(0.,-0.01725,-0.003));
#2293=CARTESIAN_POINT('',(-0.01525,-0.01725,-0.003));
#2294=CARTESIAN_POINT('',(-0.001,-0.01725,-0.003));
#2295=CARTESIAN_POINT('',(-0.01525,3.46944695195361E-18,-0.003));
#2296=CARTESIAN_POINT('',(-0.01525,-0.01525,-0.003));
#2297=CARTESIAN_POINT('',(-0.008125,-0.01525,-0.003));
#2298=CARTESIAN_POINT('',(-0.001,-0.01525,-0.003));
#2299=CARTESIAN_POINT('',(-0.001,-0.01125,-0.003));
#2300=CARTESIAN_POINT('',(0.,3.46944695195361E-18,-0.003));
#2301=CARTESIAN_POINT('',(-0.00625,0.00625,-0.003));
#2302=CARTESIAN_POINT('',(-0.0085,0.00625,-0.003));
#2303=CARTESIAN_POINT('',(-0.00625,-0.00625,-0.003));
#2304=CARTESIAN_POINT('',(-0.0085,-0.00625,-0.003));
#2305=CARTESIAN_POINT('',(-0.01125,-0.001,-0.003));
#2306=CARTESIAN_POINT('',(-0.01525,-0.001,-0.003));
#2307=CARTESIAN_POINT('',(-0.00725,-0.001,-0.003));
#2308=CARTESIAN_POINT('',(-0.01525,3.46944695195361E-18,-0.003));
#2309=CARTESIAN_POINT('',(-0.01525,0.001,-0.003));
#2310=CARTESIAN_POINT('',(-0.01125,0.001,-0.003));
#2311=CARTESIAN_POINT('',(-0.00725,0.001,-0.003));
#2312=CARTESIAN_POINT('',(-0.00725,0.002125,-0.003));
#2313=CARTESIAN_POINT('',(-0.00725,0.00325,-0.003));
#2314=CARTESIAN_POINT('',(-0.00824884684104417,0.00325,-0.003));
#2315=CARTESIAN_POINT('',(-0.00924769368208833,0.00325,-0.003));
#2316=CARTESIAN_POINT('',(-0.00924769368208833,0.00780880601237904,-0.003));
#2317=CARTESIAN_POINT('',(-0.00924769368208833,0.00925,-0.003));
#2318=CARTESIAN_POINT('',(-0.00475115315895583,0.00925,-0.003));
#2319=CARTESIAN_POINT('',(-0.00325230631791166,0.00925,-0.003));
#2320=CARTESIAN_POINT('',(-0.00325230631791166,0.00825,-0.003));
#2321=CARTESIAN_POINT('',(-0.00325230631791166,0.00725,-0.003));
#2322=CARTESIAN_POINT('',(-0.00212615315895583,0.00725,-0.003));
#2323=CARTESIAN_POINT('',(-0.001,0.00725,-0.003));
#2324=CARTESIAN_POINT('',(-0.001,0.01125,-0.003));
#2325=CARTESIAN_POINT('',(-0.001,0.00525,-0.003));
#2326=CARTESIAN_POINT('',(-1.15315895583357E-06,0.00525,-0.003));
#2327=CARTESIAN_POINT('',(-0.00325230631791166,0.00525,-0.003));
#2328=CARTESIAN_POINT('',(-0.00325230631791166,0.00425,-0.003));
#2329=CARTESIAN_POINT('',(-0.00325230631791166,0.00325,-0.003));
#2330=CARTESIAN_POINT('',(-0.00425115315895584,0.00325,-0.003));
#2331=CARTESIAN_POINT('',(-0.00525,0.00325,-0.003));
#2332=CARTESIAN_POINT('',(-0.00525,-1.15315895583314E-06,-0.003));
#2333=CARTESIAN_POINT('',(-0.00525,-0.00325230631791166,-0.003));
#2334=CARTESIAN_POINT('',(-0.00425,-0.00325230631791166,-0.003));
#2335=CARTESIAN_POINT('',(-0.00325,-0.00325230631791166,-0.003));
#2336=CARTESIAN_POINT('',(-0.00325,-0.00425115315895584,-0.003));
#2337=CARTESIAN_POINT('',(-0.00325,-0.00525,-0.003));
#2338=CARTESIAN_POINT('',(1.15315895583357E-06,-0.00525,-0.003));
#2339=CARTESIAN_POINT('',(-0.001,-0.00525,-0.003));
#2340=CARTESIAN_POINT('',(-0.001,-0.01125,-0.003));
#2341=CARTESIAN_POINT('',(-0.001,-0.00725,-0.003));
#2342=CARTESIAN_POINT('',(-0.002125,-0.00725,-0.003));
#2343=CARTESIAN_POINT('',(-0.00325,-0.00725,-0.003));
#2344=CARTESIAN_POINT('',(-0.00325,-0.00824884684104417,-0.003));
#2345=CARTESIAN_POINT('',(-0.00325,-0.00924769368208833,-0.003));
#2346=CARTESIAN_POINT('',(-0.00780880601237903,-0.00924769368208833,-0.003));
#2347=CARTESIAN_POINT('',(-0.00925,-0.00924769368208833,-0.003));
#2348=CARTESIAN_POINT('',(-0.00925,-0.00774884684104417,-0.003));
#2349=CARTESIAN_POINT('',(-0.00925,-0.00325230631791166,-0.003));
#2350=CARTESIAN_POINT('',(-0.00825,-0.00325230631791166,-0.003));
#2351=CARTESIAN_POINT('',(-0.00725,-0.00325230631791166,-0.003));
#2352=CARTESIAN_POINT('',(-0.00725,-0.00212615315895583,-0.003));
#2353=CARTESIAN_POINT('',(0.,3.46944695195361E-18,-0.003));
#2354=CARTESIAN_POINT('',(-0.008125,0.01525,-0.003));
#2355=CARTESIAN_POINT('',(-0.01525,0.01525,-0.003));
#2356=CARTESIAN_POINT('',(-0.001,0.01525,-0.003));
#2357=CARTESIAN_POINT('',(-0.01525,3.46944695195361E-18,-0.003));
#2358=CARTESIAN_POINT('',(-0.01525,0.01725,-0.003));
#2359=CARTESIAN_POINT('',(0.,0.01725,-0.003));
#2360=CARTESIAN_POINT('',(-0.001,0.01725,-0.003));
#2361=CARTESIAN_POINT('',(-0.001,0.01125,-0.003));
#2362=CARTESIAN_POINT('',(0.,3.46944695195361E-18,-0.003));
#2363=CARTESIAN_POINT('',(0.00625,-0.00625,-0.003));
#2364=CARTESIAN_POINT('',(0.004,-0.00625,-0.003));
#2365=CARTESIAN_POINT('',(0.00625,0.00625,-0.003));
#2366=CARTESIAN_POINT('',(0.004,0.00625,-0.003));
#2367=CARTESIAN_POINT('',(-1.15315895583357E-06,0.00525,-0.003));
#2368=CARTESIAN_POINT('',(0.001,0.00525,-0.003));
#2369=CARTESIAN_POINT('',(0.00325,0.00525,-0.003));
#2370=CARTESIAN_POINT('',(0.001,0.01125,-0.003));
#2371=CARTESIAN_POINT('',(0.001,0.00725,-0.003));
#2372=CARTESIAN_POINT('',(0.002125,0.00725,-0.003));
#2373=CARTESIAN_POINT('',(0.00325,0.00725,-0.003));
#2374=CARTESIAN_POINT('',(0.00325,0.00824884684104417,-0.003));
#2375=CARTESIAN_POINT('',(0.00325,0.00924769368208833,-0.003));
#2376=CARTESIAN_POINT('',(0.00469119398762096,0.00924769368208833,-0.003));
#2377=CARTESIAN_POINT('',(0.00925,0.00924769368208834,-0.003));
#2378=CARTESIAN_POINT('',(0.00925,0.00774884684104417,-0.003));
#2379=CARTESIAN_POINT('',(0.00925,0.00325230631791166,-0.003));
#2380=CARTESIAN_POINT('',(0.00825,0.00325230631791166,-0.003));
#2381=CARTESIAN_POINT('',(0.00725,0.00325230631791166,-0.003));
#2382=CARTESIAN_POINT('',(0.00725,0.00212615315895583,-0.003));
#2383=CARTESIAN_POINT('',(0.00725,0.001,-0.003));
#2384=CARTESIAN_POINT('',(0.01125,0.001,-0.003));
#2385=CARTESIAN_POINT('',(0.01525,0.001,-0.003));
#2386=CARTESIAN_POINT('',(0.01525,3.46944695195361E-18,-0.003));
#2387=CARTESIAN_POINT('',(0.01525,-0.001,-0.003));
#2388=CARTESIAN_POINT('',(0.01125,-0.001,-0.003));
#2389=CARTESIAN_POINT('',(0.00725,-0.001,-0.003));
#2390=CARTESIAN_POINT('',(0.00725,-0.002125,-0.003));
#2391=CARTESIAN_POINT('',(0.00725,-0.00325,-0.003));
#2392=CARTESIAN_POINT('',(0.00824884684104417,-0.00325,-0.003));
#2393=CARTESIAN_POINT('',(0.00924769368208834,-0.00325,-0.003));
#2394=CARTESIAN_POINT('',(0.00924769368208834,-0.007808806012379,-0.003));
#2395=CARTESIAN_POINT('',(0.00924769368208834,-0.00925,-0.003));
#2396=CARTESIAN_POINT('',(0.00774884684104417,-0.00925,-0.003));
#2397=CARTESIAN_POINT('',(0.00325230631791166,-0.00925,-0.003));
#2398=CARTESIAN_POINT('',(0.00325230631791166,-0.00825,-0.003));
#2399=CARTESIAN_POINT('',(0.00325230631791166,-0.00725,-0.003));
#2400=CARTESIAN_POINT('',(0.00212615315895583,-0.00725,-0.003));
#2401=CARTESIAN_POINT('',(0.001,-0.00725,-0.003));
#2402=CARTESIAN_POINT('',(0.001,-0.01125,-0.003));
#2403=CARTESIAN_POINT('',(0.001,-0.00525,-0.003));
#2404=CARTESIAN_POINT('',(1.15315895583357E-06,-0.00525,-0.003));
#2405=CARTESIAN_POINT('',(0.00325230631791166,-0.00525,-0.003));
#2406=CARTESIAN_POINT('',(0.00325230631791166,-0.00425,-0.003));
#2407=CARTESIAN_POINT('',(0.00325230631791166,-0.00325,-0.003));
#2408=CARTESIAN_POINT('',(0.00425115315895583,-0.00325,-0.003));
#2409=CARTESIAN_POINT('',(0.0052,-0.00325,-0.003));
#2410=CARTESIAN_POINT('',(0.0052,-0.0038,-0.003));
#2411=CARTESIAN_POINT('',(0.0052,-0.00342157287525381,-0.003));
#2412=CARTESIAN_POINT('',(0.00433578643762691,-0.00342157287525381,-0.003));
#2413=CARTESIAN_POINT('',(0.00525,-0.00342157287525381,-0.003));
#2414=CARTESIAN_POINT('',(0.00525,1.153158955834E-06,-0.003));
#2415=CARTESIAN_POINT('',(0.00525,0.00325230631791166,-0.003));
#2416=CARTESIAN_POINT('',(0.00425,0.00325230631791166,-0.003));
#2417=CARTESIAN_POINT('',(0.00325,0.00325230631791166,-0.003));
#2418=CARTESIAN_POINT('',(0.00325,0.00425115315895583,-0.003));
#2419=CARTESIAN_POINT('',(0.,3.46944695195361E-18,-0.003));
#2420=CARTESIAN_POINT('',(0.008125,0.01525,-0.003));
#2421=CARTESIAN_POINT('',(0.001,0.01525,-0.003));
#2422=CARTESIAN_POINT('',(0.01525,0.01525,-0.003));
#2423=CARTESIAN_POINT('',(0.001,0.01125,-0.003));
#2424=CARTESIAN_POINT('',(0.001,0.01725,-0.003));
#2425=CARTESIAN_POINT('',(0.,0.01725,-0.003));
#2426=CARTESIAN_POINT('',(0.01525,0.01725,-0.003));
#2427=CARTESIAN_POINT('',(0.01525,3.46944695195361E-18,-0.003));
#2428=CARTESIAN_POINT('',(0.,3.46944695195361E-18,-0.003));
#2429=CARTESIAN_POINT('',(0.,-0.01725,-0.003));
#2430=CARTESIAN_POINT('',(0.001,-0.01725,-0.003));
#2431=CARTESIAN_POINT('',(0.01525,-0.01725,-0.003));
#2432=CARTESIAN_POINT('',(0.001,-0.01125,-0.003));
#2433=CARTESIAN_POINT('',(0.001,-0.01525,-0.003));
#2434=CARTESIAN_POINT('',(0.008125,-0.01525,-0.003));
#2435=CARTESIAN_POINT('',(0.01525,-0.01525,-0.003));
#2436=CARTESIAN_POINT('',(0.01525,3.46944695195361E-18,-0.003));
#2437=CARTESIAN_POINT('',(0.00625,-0.00625,-0.003));
#2438=CARTESIAN_POINT('',(0.00625,-0.00625,0.));
#2439=CARTESIAN_POINT('',(0.00515,-0.00625,0.));
#2440=CARTESIAN_POINT('',(0.00625,-0.00625,-0.0008));
#2441=CARTESIAN_POINT('',(0.00515,-0.00625,-0.0008));
#2442=CARTESIAN_POINT('',(-0.00625,0.00625,-0.003));
#2443=CARTESIAN_POINT('',(-0.00625,0.00625,0.));
#2444=CARTESIAN_POINT('',(-0.00735,0.00625,0.));
#2445=CARTESIAN_POINT('',(-0.00625,0.00625,-0.0008));
#2446=CARTESIAN_POINT('',(-0.00735,0.00625,-0.0008));
#2447=CARTESIAN_POINT('',(-0.00625,-0.00625,-0.003));
#2448=CARTESIAN_POINT('',(-0.00625,-0.00625,0.));
#2449=CARTESIAN_POINT('',(-0.00735,-0.00625,0.));
#2450=CARTESIAN_POINT('',(-0.00625,-0.00625,-0.0008));
#2451=CARTESIAN_POINT('',(-0.00735,-0.00625,-0.0008));
#2452=CARTESIAN_POINT('',(0.00625,0.00625,-0.003));
#2453=CARTESIAN_POINT('',(0.00625,0.00625,0.));
#2454=CARTESIAN_POINT('',(0.00515,0.00625,0.));
#2455=CARTESIAN_POINT('',(0.00625,0.00625,-0.0008));
#2456=CARTESIAN_POINT('',(0.00515,0.00625,-0.0008));
#2457=CARTESIAN_POINT('',(-0.00525,-1.15315895583314E-06,-0.003));
#2458=CARTESIAN_POINT('',(-0.00525,-1.15315895583314E-06,0.));
#2459=CARTESIAN_POINT('',(-0.00525,-0.00325230631791166,0.));
#2460=CARTESIAN_POINT('',(-0.00525,0.00325,0.));
#2461=CARTESIAN_POINT('',(-0.00525,-0.00325230631791166,-0.003));
#2462=CARTESIAN_POINT('',(-0.00525,0.00325,-0.003));
#2463=CARTESIAN_POINT('',(-0.00425,-0.00325230631791166,-0.003));
#2464=CARTESIAN_POINT('',(-0.00425,-0.00325230631791166,0.));
#2465=CARTESIAN_POINT('',(-0.00325,-0.00325230631791166,0.));
#2466=CARTESIAN_POINT('',(-0.00325,-0.00325230631791166,-0.003));
#2467=CARTESIAN_POINT('',(-0.00325,-0.00425115315895584,-0.003));
#2468=CARTESIAN_POINT('',(-0.00325,-0.00425115315895584,0.));
#2469=CARTESIAN_POINT('',(-0.00325,-0.00525,0.));
#2470=CARTESIAN_POINT('',(-0.00325,-0.00525,-0.003));
#2471=CARTESIAN_POINT('',(1.15315895583357E-06,-0.00525,-0.003));
#2472=CARTESIAN_POINT('',(1.15315895583357E-06,-0.00525,-0.003));
#2473=CARTESIAN_POINT('',(1.15315895583357E-06,-0.00525,0.));
#2474=CARTESIAN_POINT('',(0.00325230631791166,-0.00525,0.));
#2475=CARTESIAN_POINT('',(0.00325230631791166,-0.00525,-0.003));
#2476=CARTESIAN_POINT('',(0.00325230631791166,-0.00425,-0.003));
#2477=CARTESIAN_POINT('',(0.00325230631791166,-0.00425,0.));
#2478=CARTESIAN_POINT('',(0.00325230631791166,-0.00325,0.));
#2479=CARTESIAN_POINT('',(0.00325230631791166,-0.00325,-0.003));
#2480=CARTESIAN_POINT('',(0.00425115315895583,-0.00325,-0.003));
#2481=CARTESIAN_POINT('',(0.00425115315895583,-0.00325,0.));
#2482=CARTESIAN_POINT('',(0.0052,-0.00325,0.));
#2483=CARTESIAN_POINT('',(0.0052,-0.00325,-0.003));
#2484=CARTESIAN_POINT('',(0.0052,-0.0038,-0.003));
#2485=CARTESIAN_POINT('',(0.0052,-0.0038,0.));
#2486=CARTESIAN_POINT('',(0.0052,-0.00342157287525381,0.));
#2487=CARTESIAN_POINT('',(0.0052,-0.00342157287525381,-0.003));
#2488=CARTESIAN_POINT('',(0.00433578643762691,-0.00342157287525381,-0.003));
#2489=CARTESIAN_POINT('',(0.00433578643762691,-0.00342157287525381,0.));
#2490=CARTESIAN_POINT('',(0.00525,-0.00342157287525381,0.));
#2491=CARTESIAN_POINT('',(0.00525,-0.00342157287525381,-0.003));
#2492=CARTESIAN_POINT('',(0.00525,1.153158955834E-06,-0.003));
#2493=CARTESIAN_POINT('',(0.00525,1.153158955834E-06,0.));
#2494=CARTESIAN_POINT('',(0.00525,0.00325230631791166,0.));
#2495=CARTESIAN_POINT('',(0.00525,0.00325230631791166,-0.003));
#2496=CARTESIAN_POINT('',(0.00425,0.00325230631791166,-0.003));
#2497=CARTESIAN_POINT('',(0.00425,0.00325230631791166,0.));
#2498=CARTESIAN_POINT('',(0.00325,0.00325230631791166,0.));
#2499=CARTESIAN_POINT('',(0.00325,0.00325230631791166,-0.003));
#2500=CARTESIAN_POINT('',(0.00325,0.00425115315895583,-0.003));
#2501=CARTESIAN_POINT('',(0.00325,0.00425115315895583,0.));
#2502=CARTESIAN_POINT('',(0.00325,0.00525,0.));
#2503=CARTESIAN_POINT('',(0.00325,0.00525,-0.003));
#2504=CARTESIAN_POINT('',(-1.15315895583357E-06,0.00525,-0.003));
#2505=CARTESIAN_POINT('',(-1.15315895583357E-06,0.00525,-0.003));
#2506=CARTESIAN_POINT('',(-1.15315895583357E-06,0.00525,0.));
#2507=CARTESIAN_POINT('',(-0.00325230631791166,0.00525,0.));
#2508=CARTESIAN_POINT('',(-0.00325230631791166,0.00525,-0.003));
#2509=CARTESIAN_POINT('',(-0.00325230631791166,0.00425,-0.003));
#2510=CARTESIAN_POINT('',(-0.00325230631791166,0.00425,0.));
#2511=CARTESIAN_POINT('',(-0.00325230631791166,0.00325,0.));
#2512=CARTESIAN_POINT('',(-0.00325230631791166,0.00325,-0.003));
#2513=CARTESIAN_POINT('',(-0.008125,-0.01525,-0.003));
#2514=CARTESIAN_POINT('',(-0.008125,-0.01525,0.));
#2515=CARTESIAN_POINT('',(-0.01525,-0.01525,0.));
#2516=CARTESIAN_POINT('',(-0.001,-0.01525,0.));
#2517=CARTESIAN_POINT('',(-0.001,-0.01525,-0.003));
#2518=CARTESIAN_POINT('',(-0.01525,-0.01525,-0.003));
#2519=CARTESIAN_POINT('',(-0.001,-0.01125,-0.003));
#2520=CARTESIAN_POINT('',(-0.001,-0.00825,-0.006));
#2521=CARTESIAN_POINT('',(-0.001,-0.00825,-0.006));
#2522=CARTESIAN_POINT('',(-0.001,-0.01125,-0.006));
#2523=CARTESIAN_POINT('',(-0.001,-0.01425,-0.006));
#2524=CARTESIAN_POINT('',(-0.001,-0.01425,-0.006));
#2525=CARTESIAN_POINT('',(-0.001,-0.01125,0.));
#2526=CARTESIAN_POINT('',(-0.001,-0.00725,0.));
#2527=CARTESIAN_POINT('',(-0.001,-0.00725,-0.003));
#2528=CARTESIAN_POINT('',(-0.002125,-0.00725,-0.003));
#2529=CARTESIAN_POINT('',(-0.002125,-0.00725,0.));
#2530=CARTESIAN_POINT('',(-0.00325,-0.00725,0.));
#2531=CARTESIAN_POINT('',(-0.00325,-0.00725,-0.003));
#2532=CARTESIAN_POINT('',(-0.00325,-0.00824884684104417,-0.003));
#2533=CARTESIAN_POINT('',(-0.00325,-0.00824884684104417,0.));
#2534=CARTESIAN_POINT('',(-0.00325,-0.00924769368208833,0.));
#2535=CARTESIAN_POINT('',(-0.00325,-0.00924769368208833,-0.003));
#2536=CARTESIAN_POINT('',(-0.00780880601237903,-0.00924769368208833,-0.003));
#2537=CARTESIAN_POINT('',(-0.00780880601237903,-0.00924769368208833,0.));
#2538=CARTESIAN_POINT('',(-0.00925,-0.00924769368208833,0.));
#2539=CARTESIAN_POINT('',(-0.00925,-0.00924769368208833,-0.003));
#2540=CARTESIAN_POINT('',(-0.00925,-0.00774884684104417,-0.003));
#2541=CARTESIAN_POINT('',(-0.00925,-0.00774884684104417,0.));
#2542=CARTESIAN_POINT('',(-0.00925,-0.00325230631791166,0.));
#2543=CARTESIAN_POINT('',(-0.00925,-0.00325230631791166,-0.003));
#2544=CARTESIAN_POINT('',(-0.00825,-0.00325230631791166,-0.003));
#2545=CARTESIAN_POINT('',(-0.00825,-0.00325230631791166,0.));
#2546=CARTESIAN_POINT('',(-0.00725,-0.00325230631791166,0.));
#2547=CARTESIAN_POINT('',(-0.00725,-0.00325230631791166,-0.003));
#2548=CARTESIAN_POINT('',(-0.00725,-0.00212615315895583,-0.003));
#2549=CARTESIAN_POINT('',(-0.00725,-0.00212615315895583,0.));
#2550=CARTESIAN_POINT('',(-0.00725,-0.001,0.));
#2551=CARTESIAN_POINT('',(-0.00725,-0.001,-0.003));
#2552=CARTESIAN_POINT('',(-0.01125,-0.001,-0.003));
#2553=CARTESIAN_POINT('',(-0.01125,-0.001,0.));
#2554=CARTESIAN_POINT('',(-0.01525,-0.001,0.));
#2555=CARTESIAN_POINT('',(-0.01525,-0.001,-0.003));
#2556=CARTESIAN_POINT('',(0.,-0.01725,-0.003));
#2557=CARTESIAN_POINT('',(0.,-0.01725,-0.003));
#2558=CARTESIAN_POINT('',(0.,-0.01725,-0.003));
#2559=CARTESIAN_POINT('',(0.01725,-0.01725,-0.003));
#2560=CARTESIAN_POINT('',(0.01725,-0.01725,-0.003));
#2561=CARTESIAN_POINT('',(0.01725,-0.01725,0.));
#2562=CARTESIAN_POINT('',(0.,-0.01725,0.));
#2563=CARTESIAN_POINT('',(-0.01725,-0.01725,0.));
#2564=CARTESIAN_POINT('',(-0.01725,-0.01725,-0.003));
#2565=CARTESIAN_POINT('',(-0.01725,-0.01725,-0.003));
#2566=CARTESIAN_POINT('',(0.,-0.01725,-0.003));
#2567=CARTESIAN_POINT('',(-0.01725,3.46944695195361E-18,-0.003));
#2568=CARTESIAN_POINT('',(-0.01725,0.01725,-0.003));
#2569=CARTESIAN_POINT('',(-0.01725,0.01725,-0.003));
#2570=CARTESIAN_POINT('',(-0.01725,0.01725,0.));
#2571=CARTESIAN_POINT('',(-0.01725,0.01425,-0.006));
#2572=CARTESIAN_POINT('',(-0.01725,0.01425,-0.006));
#2573=CARTESIAN_POINT('',(-0.01725,3.46944695195361E-18,-0.006));
#2574=CARTESIAN_POINT('',(-0.01725,-0.01425,-0.006));
#2575=CARTESIAN_POINT('',(-0.01725,-0.01725,-0.003));
#2576=CARTESIAN_POINT('',(-0.01725,3.46944695195361E-18,0.));
#2577=CARTESIAN_POINT('',(0.,0.01725,-0.003));
#2578=CARTESIAN_POINT('',(-0.001,0.01725,-0.003));
#2579=CARTESIAN_POINT('',(-0.01725,0.01725,-0.003));
#2580=CARTESIAN_POINT('',(0.,0.01725,0.));
#2581=CARTESIAN_POINT('',(0.01725,0.01725,0.));
#2582=CARTESIAN_POINT('',(0.01725,0.01725,-0.003));
#2583=CARTESIAN_POINT('',(0.01725,0.01725,-0.003));
#2584=CARTESIAN_POINT('',(0.01525,0.01725,-0.003));
#2585=CARTESIAN_POINT('',(-0.001,0.01125,-0.003));
#2586=CARTESIAN_POINT('',(-0.001,0.01425,-0.006));
#2587=CARTESIAN_POINT('',(-0.001,0.01425,-0.006));
#2588=CARTESIAN_POINT('',(-0.001,0.01125,-0.006));
#2589=CARTESIAN_POINT('',(-0.001,0.00825,-0.006));
#2590=CARTESIAN_POINT('',(-0.001,0.00825,-0.006));
#2591=CARTESIAN_POINT('',(-0.001,0.00725,-0.003));
#2592=CARTESIAN_POINT('',(-0.001,0.00725,0.));
#2593=CARTESIAN_POINT('',(-0.001,0.01125,0.));
#2594=CARTESIAN_POINT('',(-0.001,0.01525,0.));
#2595=CARTESIAN_POINT('',(-0.001,0.01525,-0.003));
#2596=CARTESIAN_POINT('',(-0.008125,0.01525,-0.003));
#2597=CARTESIAN_POINT('',(-0.008125,0.01525,0.));
#2598=CARTESIAN_POINT('',(-0.01525,0.01525,0.));
#2599=CARTESIAN_POINT('',(-0.01525,0.01525,-0.003));
#2600=CARTESIAN_POINT('',(-0.01125,0.001,-0.003));
#2601=CARTESIAN_POINT('',(-0.01125,0.001,0.));
#2602=CARTESIAN_POINT('',(-0.00725,0.001,0.));
#2603=CARTESIAN_POINT('',(-0.01525,0.001,0.));
#2604=CARTESIAN_POINT('',(-0.00725,0.001,-0.003));
#2605=CARTESIAN_POINT('',(-0.01525,0.001,-0.003));
#2606=CARTESIAN_POINT('',(-0.00725,0.002125,-0.003));
#2607=CARTESIAN_POINT('',(-0.00725,0.002125,0.));
#2608=CARTESIAN_POINT('',(-0.00725,0.00325,0.));
#2609=CARTESIAN_POINT('',(-0.00725,0.00325,-0.003));
#2610=CARTESIAN_POINT('',(-0.00824884684104417,0.00325,-0.003));
#2611=CARTESIAN_POINT('',(-0.00824884684104417,0.00325,0.));
#2612=CARTESIAN_POINT('',(-0.00924769368208833,0.00325,0.));
#2613=CARTESIAN_POINT('',(-0.00924769368208833,0.00325,-0.003));
#2614=CARTESIAN_POINT('',(-0.00924769368208833,0.00780880601237904,-0.003));
#2615=CARTESIAN_POINT('',(-0.00924769368208833,0.00780880601237904,0.));
#2616=CARTESIAN_POINT('',(-0.00924769368208833,0.00925,0.));
#2617=CARTESIAN_POINT('',(-0.00924769368208833,0.00925,-0.003));
#2618=CARTESIAN_POINT('',(-0.00475115315895583,0.00925,-0.003));
#2619=CARTESIAN_POINT('',(-0.00475115315895583,0.00925,0.));
#2620=CARTESIAN_POINT('',(-0.00325230631791166,0.00925,0.));
#2621=CARTESIAN_POINT('',(-0.00325230631791166,0.00925,-0.003));
#2622=CARTESIAN_POINT('',(-0.00325230631791166,0.00825,-0.003));
#2623=CARTESIAN_POINT('',(-0.00325230631791166,0.00825,0.));
#2624=CARTESIAN_POINT('',(-0.00325230631791166,0.00725,0.));
#2625=CARTESIAN_POINT('',(-0.00325230631791166,0.00725,-0.003));
#2626=CARTESIAN_POINT('',(0.01125,0.001,-0.003));
#2627=CARTESIAN_POINT('',(0.01125,0.001,0.));
#2628=CARTESIAN_POINT('',(0.01525,0.001,0.));
#2629=CARTESIAN_POINT('',(0.00725,0.001,0.));
#2630=CARTESIAN_POINT('',(0.01525,0.001,-0.003));
#2631=CARTESIAN_POINT('',(0.00725,0.001,-0.003));
#2632=CARTESIAN_POINT('',(0.01525,0.008125,-0.003));
#2633=CARTESIAN_POINT('',(0.01525,3.46944695195361E-18,-0.006));
#2634=CARTESIAN_POINT('',(0.01525,0.01425,-0.006));
#2635=CARTESIAN_POINT('',(0.01525,-0.01425,-0.006));
#2636=CARTESIAN_POINT('',(0.01525,-0.01725,-0.003));
#2637=CARTESIAN_POINT('',(0.01525,-0.01525,-0.003));
#2638=CARTESIAN_POINT('',(0.01525,-0.01525,0.));
#2639=CARTESIAN_POINT('',(0.01525,-0.008125,0.));
#2640=CARTESIAN_POINT('',(0.01525,-0.001,0.));
#2641=CARTESIAN_POINT('',(0.01525,-0.001,-0.003));
#2642=CARTESIAN_POINT('',(0.01525,0.008125,0.));
#2643=CARTESIAN_POINT('',(0.01525,0.01525,0.));
#2644=CARTESIAN_POINT('',(0.01525,0.01525,-0.003));
#2645=CARTESIAN_POINT('',(0.01525,0.01425,-0.006));
#2646=CARTESIAN_POINT('',(0.008125,0.01525,-0.003));
#2647=CARTESIAN_POINT('',(0.008125,0.01525,0.));
#2648=CARTESIAN_POINT('',(0.001,0.01525,0.));
#2649=CARTESIAN_POINT('',(0.001,0.01525,-0.003));
#2650=CARTESIAN_POINT('',(0.001,0.01125,-0.003));
#2651=CARTESIAN_POINT('',(0.001,0.01125,-0.006));
#2652=CARTESIAN_POINT('',(0.001,0.00825,-0.006));
#2653=CARTESIAN_POINT('',(0.001,0.01425,-0.006));
#2654=CARTESIAN_POINT('',(0.001,0.01425,-0.006));
#2655=CARTESIAN_POINT('',(0.001,0.01125,0.));
#2656=CARTESIAN_POINT('',(0.001,0.00725,0.));
#2657=CARTESIAN_POINT('',(0.001,0.00725,-0.003));
#2658=CARTESIAN_POINT('',(0.001,0.00825,-0.006));
#2659=CARTESIAN_POINT('',(0.002125,0.00725,-0.003));
#2660=CARTESIAN_POINT('',(0.002125,0.00725,0.));
#2661=CARTESIAN_POINT('',(0.00325,0.00725,0.));
#2662=CARTESIAN_POINT('',(0.00325,0.00725,-0.003));
#2663=CARTESIAN_POINT('',(0.00325,0.00824884684104417,-0.003));
#2664=CARTESIAN_POINT('',(0.00325,0.00824884684104417,0.));
#2665=CARTESIAN_POINT('',(0.00325,0.00924769368208833,0.));
#2666=CARTESIAN_POINT('',(0.00325,0.00924769368208833,-0.003));
#2667=CARTESIAN_POINT('',(0.00469119398762096,0.00924769368208833,-0.003));
#2668=CARTESIAN_POINT('',(0.00469119398762096,0.00924769368208833,0.));
#2669=CARTESIAN_POINT('',(0.00925,0.00924769368208834,0.));
#2670=CARTESIAN_POINT('',(0.00925,0.00924769368208834,-0.003));
#2671=CARTESIAN_POINT('',(0.00925,0.00774884684104417,-0.003));
#2672=CARTESIAN_POINT('',(0.00925,0.00774884684104417,0.));
#2673=CARTESIAN_POINT('',(0.00925,0.00325230631791166,0.));
#2674=CARTESIAN_POINT('',(0.00925,0.00325230631791166,-0.003));
#2675=CARTESIAN_POINT('',(0.00825,0.00325230631791166,-0.003));
#2676=CARTESIAN_POINT('',(0.00825,0.00325230631791166,0.));
#2677=CARTESIAN_POINT('',(0.00725,0.00325230631791166,0.));
#2678=CARTESIAN_POINT('',(0.00725,0.00325230631791166,-0.003));
#2679=CARTESIAN_POINT('',(0.001,-0.01125,-0.003));
#2680=CARTESIAN_POINT('',(0.001,-0.01125,-0.006));
#2681=CARTESIAN_POINT('',(0.001,-0.01425,-0.006));
#2682=CARTESIAN_POINT('',(0.001,-0.00825,-0.006));
#2683=CARTESIAN_POINT('',(0.001,-0.00825,-0.006));
#2684=CARTESIAN_POINT('',(0.001,-0.00725,-0.003));
#2685=CARTESIAN_POINT('',(0.001,-0.00725,0.));
#2686=CARTESIAN_POINT('',(0.001,-0.01125,0.));
#2687=CARTESIAN_POINT('',(0.001,-0.01525,0.));
#2688=CARTESIAN_POINT('',(0.001,-0.01525,-0.003));
#2689=CARTESIAN_POINT('',(0.001,-0.01425,-0.006));
#2690=CARTESIAN_POINT('',(0.008125,-0.01525,-0.003));
#2691=CARTESIAN_POINT('',(0.008125,-0.01525,0.));
#2692=CARTESIAN_POINT('',(0.01125,-0.001,-0.003));
#2693=CARTESIAN_POINT('',(0.01125,-0.001,0.));
#2694=CARTESIAN_POINT('',(0.00725,-0.001,0.));
#2695=CARTESIAN_POINT('',(0.00725,-0.001,-0.003));
#2696=CARTESIAN_POINT('',(0.00725,-0.002125,-0.003));
#2697=CARTESIAN_POINT('',(0.00725,-0.002125,0.));
#2698=CARTESIAN_POINT('',(0.00725,-0.00325,0.));
#2699=CARTESIAN_POINT('',(0.00725,-0.00325,-0.003));
#2700=CARTESIAN_POINT('',(0.00824884684104417,-0.00325,-0.003));
#2701=CARTESIAN_POINT('',(0.00824884684104417,-0.00325,0.));
#2702=CARTESIAN_POINT('',(0.00924769368208834,-0.00325,0.));
#2703=CARTESIAN_POINT('',(0.00924769368208834,-0.00325,-0.003));
#2704=CARTESIAN_POINT('',(0.00924769368208834,-0.007808806012379,-0.003));
#2705=CARTESIAN_POINT('',(0.00924769368208834,-0.007808806012379,0.));
#2706=CARTESIAN_POINT('',(0.00924769368208834,-0.00925,0.));
#2707=CARTESIAN_POINT('',(0.00924769368208834,-0.00925,-0.003));
#2708=CARTESIAN_POINT('',(0.00774884684104417,-0.00925,-0.003));
#2709=CARTESIAN_POINT('',(0.00774884684104417,-0.00925,0.));
#2710=CARTESIAN_POINT('',(0.00325230631791166,-0.00925,0.));
#2711=CARTESIAN_POINT('',(0.00325230631791166,-0.00925,-0.003));
#2712=CARTESIAN_POINT('',(0.00325230631791166,-0.00825,-0.003));
#2713=CARTESIAN_POINT('',(0.00325230631791166,-0.00825,0.));
#2714=CARTESIAN_POINT('',(0.00325230631791166,-0.00725,0.));
#2715=CARTESIAN_POINT('',(0.00325230631791166,-0.00725,-0.003));
#2716=CARTESIAN_POINT('',(-0.00425115315895584,0.00325,-0.003));
#2717=CARTESIAN_POINT('',(-0.00425115315895584,0.00325,0.));
#2718=CARTESIAN_POINT('',(-0.01525,-0.008125,-0.003));
#2719=CARTESIAN_POINT('',(-0.01525,3.46944695195361E-18,-0.006));
#2720=CARTESIAN_POINT('',(-0.01525,-0.01425,-0.006));
#2721=CARTESIAN_POINT('',(-0.01525,0.01425,-0.006));
#2722=CARTESIAN_POINT('',(-0.01525,0.0045625,-0.0156875));
#2723=CARTESIAN_POINT('',(-0.01525,0.008125,0.));
#2724=CARTESIAN_POINT('',(-0.01525,-0.008125,0.));
#2725=CARTESIAN_POINT('',(-0.01525,-0.0126875,-0.0075625));
#2726=CARTESIAN_POINT('',(0.01725,3.46944695195361E-18,-0.003));
#2727=CARTESIAN_POINT('',(0.01725,-0.008625,-0.011625));
#2728=CARTESIAN_POINT('',(0.01725,-0.01425,-0.006));
#2729=CARTESIAN_POINT('',(0.01725,3.46944695195361E-18,-0.006));
#2730=CARTESIAN_POINT('',(0.01725,0.01425,-0.006));
#2731=CARTESIAN_POINT('',(0.01725,0.008625,-0.011625));
#2732=CARTESIAN_POINT('',(0.01725,3.46944695195361E-18,0.));
#2733=CARTESIAN_POINT('',(-0.00212615315895583,0.00725,-0.003));
#2734=CARTESIAN_POINT('',(-0.00212615315895583,0.00725,0.));
#2735=CARTESIAN_POINT('',(0.00725,0.00212615315895583,-0.003));
#2736=CARTESIAN_POINT('',(0.00725,0.00212615315895583,0.));
#2737=CARTESIAN_POINT('',(0.00212615315895583,-0.00725,-0.003));
#2738=CARTESIAN_POINT('',(0.00212615315895583,-0.00725,0.));
#2739=CARTESIAN_POINT('',(0.,3.46944695195361E-18,0.));
#2740=CARTESIAN_POINT('',(-0.00625,-0.00625,-0.0008));
#2741=CARTESIAN_POINT('',(-0.00625,-0.00625,-0.0008));
#2742=CARTESIAN_POINT('',(-0.0085,-0.00625,-0.0008));
#2743=CARTESIAN_POINT('',(0.,3.46944695195361E-18,-0.0008));
#2744=CARTESIAN_POINT('',(0.00625,-0.00625,-0.0008));
#2745=CARTESIAN_POINT('',(0.00625,-0.00625,-0.0008));
#2746=CARTESIAN_POINT('',(0.004,-0.00625,-0.0008));
#2747=CARTESIAN_POINT('',(0.,3.46944695195361E-18,-0.0008));
#2748=CARTESIAN_POINT('',(0.00625,0.00625,-0.0008));
#2749=CARTESIAN_POINT('',(0.00625,0.00625,-0.0008));
#2750=CARTESIAN_POINT('',(0.004,0.00625,-0.0008));
#2751=CARTESIAN_POINT('',(0.,3.46944695195361E-18,-0.0008));
#2752=CARTESIAN_POINT('',(-0.00625,0.00625,-0.0008));
#2753=CARTESIAN_POINT('',(-0.00625,0.00625,-0.0008));
#2754=CARTESIAN_POINT('',(-0.0085,0.00625,-0.0008));
#2755=CARTESIAN_POINT('',(0.,3.46944695195361E-18,-0.0008));
#2756=CARTESIAN_POINT('',(0.,3.46944695195361E-18,-0.006));
#2757=CARTESIAN_POINT('',(0.,-0.01425,-0.006));
#2758=CARTESIAN_POINT('',(0.01725,0.01425,-0.006));
#2759=CARTESIAN_POINT('',(0.,3.46944695195361E-18,-0.006));
#2760=CARTESIAN_POINT('',(0.,-0.00825,-0.006));
#2761=CARTESIAN_POINT('',(0.,-0.01425,-0.006));
#2762=CARTESIAN_POINT('',(0.,3.46944695195361E-18,-0.006));
#2763=CARTESIAN_POINT('',(0.001,0.01425,-0.006));
#2764=CARTESIAN_POINT('',(0.,0.00825,-0.006));
#2765=CARTESIAN_POINT('',(0.,3.46944695195361E-18,-0.006));
#2766=CARTESIAN_POINT('',(-0.01525,0.01425,-0.006));
#2767=CARTESIAN_POINT('',(0.,-0.01425,-0.006));
#2768=CARTESIAN_POINT('',(0.,0.01425,-0.006));
#2769=CARTESIAN_POINT('',(-1.15315895583357E-06,0.00525,-0.003));
#2770=CARTESIAN_POINT('',(1.15315895583357E-06,-0.00525,-0.003));
#2771=CARTESIAN_POINT('',(0.,-0.01725,-0.003));
#2772=CARTESIAN_POINT('',(0.,-0.01725,-0.003));
#2773=CARTESIAN_POINT('',(0.,0.01425,-0.006));
#2774=CARTESIAN_POINT('',(0.,0.01425,-0.006));
#2775=CARTESIAN_POINT('',(0.,-0.01725,-0.003));
#2776=MECHANICAL_DESIGN_GEOMETRIC_PRESENTATION_REPRESENTATION('',(#1745),#2777);
#2777=(
GEOMETRIC_REPRESENTATION_CONTEXT(3)
GLOBAL_UNCERTAINTY_ASSIGNED_CONTEXT((#2778))
GLOBAL_UNIT_ASSIGNED_CONTEXT((#2781,#2780,#2779))
REPRESENTATION_CONTEXT('Part 75','TOP_LEVEL_ASSEMBLY_PART')
);
#2778=UNCERTAINTY_MEASURE_WITH_UNIT(LENGTH_MEASURE(1.E-08),#2781,'DISTANCE_ACCURACY_VALUE','Maximum Tolerance applied to model');
#2779=(
NAMED_UNIT(*)
SI_UNIT($,.STERADIAN.)
SOLID_ANGLE_UNIT()
);
#2780=(
NAMED_UNIT(*)
PLANE_ANGLE_UNIT()
SI_UNIT($,.RADIAN.)
);
#2781=(
LENGTH_UNIT()
NAMED_UNIT(*)
SI_UNIT($,.METRE.)
);
#2782=PRODUCT_DEFINITION_SHAPE('','',#2783);
#2783=PRODUCT_DEFINITION('','',#2785,#2784);
#2784=PRODUCT_DEFINITION_CONTEXT('',#2791,'design');
#2785=PRODUCT_DEFINITION_FORMATION_WITH_SPECIFIED_SOURCE('','',#2787,.NOT_KNOWN.);
#2786=PRODUCT_RELATED_PRODUCT_CATEGORY('','',(#2787));
#2787=PRODUCT('Part 75','Part 75','Part 75',(#2789));
#2788=PRODUCT_CATEGORY('','');
#2789=PRODUCT_CONTEXT('',#2791,'mechanical');
#2790=APPLICATION_PROTOCOL_DEFINITION('international standard','ap242_managed_model_based_3d_engineering',2020,#2791);
#2791=APPLICATION_CONTEXT('managed model based 3d engineering');
ENDSEC;
END-ISO-10303-21;
