ISO-10303-21;
HEADER;
/*Generated by software containing ST-Developer
 * from STEP Tools, Inc. (www.steptools.com) 
 */
/*OPTION: using custom renumber hook */
/*description */
/*implementation_level */
FILE_DESCRIPTION(('STEP AP242 Edition 2','STEP AP242 Edition 2''CAx-IF Rec.Pracs.---Representation and Presentation of Product Manufa
cturing Information (PMI)---4.0---2014-10-13','STEP AP242 Edition 2''CAx-IF Rec.Pracs.---Representation and Presentation of Product Manufa
cturing Information (PMI)---4.0---2014-10-13''CAx-IF Rec.Pracs.---3D Tessellated Geometry---0.4---2014-09-14','STEP AP242 Edition 2''CAx-IF Rec.Pracs.---Representation and Presentation of Product Manufa
cturing Information (PMI)---4.0---2014-10-13''CAx-IF Rec.Pracs.---3D Tessellated Geometry---0.4---2014-09-14''2;1','STEP AP242 Edition 2''CAx-IF Rec.Pracs.---Representation and Presentation of Product Manufa
cturing Information (PMI)---4.0---2014-10-13''CAx-IF Rec.Pracs.---3D Tessellated Geometry---0.4---2014-09-14''2;1''CAx-IF Rec.Pracs.---User Defined Attributes---1.5---2016-08-15'),'2;1');
/*name */
/*time_stamp */
/*author */
/*organization */
/*preprocessor_version */
/*originating_system */
/*authorisation */
FILE_NAME('/vol/tmp/translate-5970517200461778175/DTP502535.step','2026-02-21T11:37:10',(''),(''),'ST-DEVELOPER v20','ONSHAPE BY PTC INC, 1.211','  ');
FILE_SCHEMA(('AP242_MANAGED_MODEL_BASED_3D_ENGINEERING_MIM_LF { 1 0 10303 442 3 1 4 }'));
ENDSEC;
DATA;
#10=SHAPE_REPRESENTATION_RELATIONSHIP('','',#1812,#12);
#11=SHAPE_REPRESENTATION_RELATIONSHIP('','',#1813,#13);
#12=ADVANCED_BREP_SHAPE_REPRESENTATION('',(#1808),#2876);
#13=ADVANCED_BREP_SHAPE_REPRESENTATION('',(#1809),#2877);
#14=CYLINDRICAL_SURFACE('',#1825,0.0011);
#15=CYLINDRICAL_SURFACE('',#1828,0.0011);
#16=CYLINDRICAL_SURFACE('',#1831,0.0011);
#17=CYLINDRICAL_SURFACE('',#1834,0.0011);
#18=CYLINDRICAL_SURFACE('',#1894,0.00225);
#19=CYLINDRICAL_SURFACE('',#1897,0.00225);
#20=CYLINDRICAL_SURFACE('',#1900,0.00225);
#21=CYLINDRICAL_SURFACE('',#1903,0.00225);
#22=CYLINDRICAL_SURFACE('',#1919,0.0015);
#23=CYLINDRICAL_SURFACE('',#1922,0.0025);
#24=CIRCLE('',#1817,0.00225);
#25=CIRCLE('',#1818,0.00225);
#26=CIRCLE('',#1821,0.00225);
#27=CIRCLE('',#1822,0.00225);
#28=CIRCLE('',#1826,0.0011);
#29=CIRCLE('',#1827,0.0011);
#30=CIRCLE('',#1829,0.0011);
#31=CIRCLE('',#1830,0.0011);
#32=CIRCLE('',#1832,0.0011);
#33=CIRCLE('',#1833,0.0011);
#34=CIRCLE('',#1835,0.0011);
#35=CIRCLE('',#1836,0.0011);
#36=CIRCLE('',#1895,0.00225);
#37=CIRCLE('',#1898,0.00225);
#38=CIRCLE('',#1901,0.00225);
#39=CIRCLE('',#1904,0.00225);
#40=CIRCLE('',#1920,0.0015);
#41=CIRCLE('',#1921,0.0015);
#42=CIRCLE('',#1923,0.0025);
#43=CIRCLE('',#1924,0.0025);
#44=ORIENTED_EDGE('',*,*,#528,.F.);
#45=ORIENTED_EDGE('',*,*,#529,.T.);
#46=ORIENTED_EDGE('',*,*,#530,.T.);
#47=ORIENTED_EDGE('',*,*,#531,.F.);
#48=ORIENTED_EDGE('',*,*,#532,.F.);
#49=ORIENTED_EDGE('',*,*,#533,.F.);
#50=ORIENTED_EDGE('',*,*,#534,.F.);
#51=ORIENTED_EDGE('',*,*,#535,.T.);
#52=ORIENTED_EDGE('',*,*,#536,.F.);
#53=ORIENTED_EDGE('',*,*,#537,.T.);
#54=ORIENTED_EDGE('',*,*,#538,.T.);
#55=ORIENTED_EDGE('',*,*,#539,.T.);
#56=ORIENTED_EDGE('',*,*,#540,.F.);
#57=ORIENTED_EDGE('',*,*,#541,.F.);
#58=ORIENTED_EDGE('',*,*,#542,.T.);
#59=ORIENTED_EDGE('',*,*,#543,.T.);
#60=ORIENTED_EDGE('',*,*,#544,.F.);
#61=ORIENTED_EDGE('',*,*,#545,.F.);
#62=ORIENTED_EDGE('',*,*,#546,.T.);
#63=ORIENTED_EDGE('',*,*,#547,.F.);
#64=ORIENTED_EDGE('',*,*,#548,.F.);
#65=ORIENTED_EDGE('',*,*,#549,.T.);
#66=ORIENTED_EDGE('',*,*,#550,.F.);
#67=ORIENTED_EDGE('',*,*,#551,.F.);
#68=ORIENTED_EDGE('',*,*,#552,.T.);
#69=ORIENTED_EDGE('',*,*,#553,.T.);
#70=ORIENTED_EDGE('',*,*,#554,.T.);
#71=ORIENTED_EDGE('',*,*,#555,.F.);
#72=ORIENTED_EDGE('',*,*,#556,.F.);
#73=ORIENTED_EDGE('',*,*,#557,.T.);
#74=ORIENTED_EDGE('',*,*,#558,.F.);
#75=ORIENTED_EDGE('',*,*,#559,.T.);
#76=ORIENTED_EDGE('',*,*,#560,.T.);
#77=ORIENTED_EDGE('',*,*,#561,.T.);
#78=ORIENTED_EDGE('',*,*,#562,.F.);
#79=ORIENTED_EDGE('',*,*,#563,.F.);
#80=ORIENTED_EDGE('',*,*,#564,.F.);
#81=ORIENTED_EDGE('',*,*,#565,.T.);
#82=ORIENTED_EDGE('',*,*,#566,.T.);
#83=ORIENTED_EDGE('',*,*,#567,.T.);
#84=ORIENTED_EDGE('',*,*,#568,.T.);
#85=ORIENTED_EDGE('',*,*,#569,.F.);
#86=ORIENTED_EDGE('',*,*,#570,.F.);
#87=ORIENTED_EDGE('',*,*,#571,.T.);
#88=ORIENTED_EDGE('',*,*,#572,.F.);
#89=ORIENTED_EDGE('',*,*,#573,.T.);
#90=ORIENTED_EDGE('',*,*,#574,.F.);
#91=ORIENTED_EDGE('',*,*,#575,.T.);
#92=ORIENTED_EDGE('',*,*,#576,.T.);
#93=ORIENTED_EDGE('',*,*,#577,.T.);
#94=ORIENTED_EDGE('',*,*,#578,.F.);
#95=ORIENTED_EDGE('',*,*,#579,.F.);
#96=ORIENTED_EDGE('',*,*,#580,.T.);
#97=ORIENTED_EDGE('',*,*,#581,.T.);
#98=ORIENTED_EDGE('',*,*,#582,.F.);
#99=ORIENTED_EDGE('',*,*,#583,.F.);
#100=ORIENTED_EDGE('',*,*,#584,.T.);
#101=ORIENTED_EDGE('',*,*,#585,.T.);
#102=ORIENTED_EDGE('',*,*,#586,.T.);
#103=ORIENTED_EDGE('',*,*,#587,.F.);
#104=ORIENTED_EDGE('',*,*,#588,.F.);
#105=ORIENTED_EDGE('',*,*,#589,.T.);
#106=ORIENTED_EDGE('',*,*,#590,.F.);
#107=ORIENTED_EDGE('',*,*,#591,.T.);
#108=ORIENTED_EDGE('',*,*,#592,.T.);
#109=ORIENTED_EDGE('',*,*,#593,.T.);
#110=ORIENTED_EDGE('',*,*,#594,.F.);
#111=ORIENTED_EDGE('',*,*,#595,.T.);
#112=ORIENTED_EDGE('',*,*,#596,.T.);
#113=ORIENTED_EDGE('',*,*,#597,.T.);
#114=ORIENTED_EDGE('',*,*,#598,.F.);
#115=ORIENTED_EDGE('',*,*,#599,.T.);
#116=ORIENTED_EDGE('',*,*,#600,.F.);
#117=ORIENTED_EDGE('',*,*,#601,.T.);
#118=ORIENTED_EDGE('',*,*,#602,.F.);
#119=ORIENTED_EDGE('',*,*,#603,.T.);
#120=ORIENTED_EDGE('',*,*,#604,.F.);
#121=ORIENTED_EDGE('',*,*,#605,.T.);
#122=ORIENTED_EDGE('',*,*,#606,.F.);
#123=ORIENTED_EDGE('',*,*,#607,.F.);
#124=ORIENTED_EDGE('',*,*,#547,.T.);
#125=ORIENTED_EDGE('',*,*,#608,.T.);
#126=ORIENTED_EDGE('',*,*,#609,.F.);
#127=ORIENTED_EDGE('',*,*,#610,.F.);
#128=ORIENTED_EDGE('',*,*,#548,.T.);
#129=ORIENTED_EDGE('',*,*,#607,.T.);
#130=ORIENTED_EDGE('',*,*,#611,.T.);
#131=ORIENTED_EDGE('',*,*,#612,.F.);
#132=ORIENTED_EDGE('',*,*,#549,.F.);
#133=ORIENTED_EDGE('',*,*,#610,.T.);
#134=ORIENTED_EDGE('',*,*,#582,.T.);
#135=ORIENTED_EDGE('',*,*,#613,.T.);
#136=ORIENTED_EDGE('',*,*,#550,.T.);
#137=ORIENTED_EDGE('',*,*,#612,.T.);
#138=ORIENTED_EDGE('',*,*,#614,.F.);
#139=ORIENTED_EDGE('',*,*,#615,.F.);
#140=ORIENTED_EDGE('',*,*,#616,.F.);
#141=ORIENTED_EDGE('',*,*,#617,.F.);
#142=ORIENTED_EDGE('',*,*,#583,.T.);
#143=ORIENTED_EDGE('',*,*,#615,.T.);
#144=ORIENTED_EDGE('',*,*,#618,.T.);
#145=ORIENTED_EDGE('',*,*,#619,.F.);
#146=ORIENTED_EDGE('',*,*,#584,.F.);
#147=ORIENTED_EDGE('',*,*,#617,.T.);
#148=ORIENTED_EDGE('',*,*,#620,.T.);
#149=ORIENTED_EDGE('',*,*,#621,.F.);
#150=ORIENTED_EDGE('',*,*,#585,.F.);
#151=ORIENTED_EDGE('',*,*,#619,.T.);
#152=ORIENTED_EDGE('',*,*,#622,.T.);
#153=ORIENTED_EDGE('',*,*,#623,.F.);
#154=ORIENTED_EDGE('',*,*,#586,.F.);
#155=ORIENTED_EDGE('',*,*,#621,.T.);
#156=ORIENTED_EDGE('',*,*,#624,.F.);
#157=ORIENTED_EDGE('',*,*,#625,.F.);
#158=ORIENTED_EDGE('',*,*,#587,.T.);
#159=ORIENTED_EDGE('',*,*,#623,.T.);
#160=ORIENTED_EDGE('',*,*,#626,.F.);
#161=ORIENTED_EDGE('',*,*,#627,.F.);
#162=ORIENTED_EDGE('',*,*,#588,.T.);
#163=ORIENTED_EDGE('',*,*,#625,.T.);
#164=ORIENTED_EDGE('',*,*,#628,.T.);
#165=ORIENTED_EDGE('',*,*,#629,.F.);
#166=ORIENTED_EDGE('',*,*,#589,.F.);
#167=ORIENTED_EDGE('',*,*,#627,.T.);
#168=ORIENTED_EDGE('',*,*,#544,.T.);
#169=ORIENTED_EDGE('',*,*,#630,.T.);
#170=ORIENTED_EDGE('',*,*,#564,.T.);
#171=ORIENTED_EDGE('',*,*,#629,.T.);
#172=ORIENTED_EDGE('',*,*,#631,.F.);
#173=ORIENTED_EDGE('',*,*,#632,.F.);
#174=ORIENTED_EDGE('',*,*,#633,.F.);
#175=ORIENTED_EDGE('',*,*,#634,.F.);
#176=ORIENTED_EDGE('',*,*,#545,.T.);
#177=ORIENTED_EDGE('',*,*,#632,.T.);
#178=ORIENTED_EDGE('',*,*,#635,.T.);
#179=ORIENTED_EDGE('',*,*,#636,.F.);
#180=ORIENTED_EDGE('',*,*,#530,.F.);
#181=ORIENTED_EDGE('',*,*,#637,.T.);
#182=ORIENTED_EDGE('',*,*,#551,.T.);
#183=ORIENTED_EDGE('',*,*,#638,.T.);
#184=ORIENTED_EDGE('',*,*,#639,.F.);
#185=ORIENTED_EDGE('',*,*,#640,.T.);
#186=ORIENTED_EDGE('',*,*,#531,.T.);
#187=ORIENTED_EDGE('',*,*,#636,.T.);
#188=ORIENTED_EDGE('',*,*,#641,.F.);
#189=ORIENTED_EDGE('',*,*,#642,.F.);
#190=ORIENTED_EDGE('',*,*,#643,.T.);
#191=ORIENTED_EDGE('',*,*,#644,.F.);
#192=ORIENTED_EDGE('',*,*,#552,.F.);
#193=ORIENTED_EDGE('',*,*,#642,.T.);
#194=ORIENTED_EDGE('',*,*,#645,.T.);
#195=ORIENTED_EDGE('',*,*,#646,.F.);
#196=ORIENTED_EDGE('',*,*,#553,.F.);
#197=ORIENTED_EDGE('',*,*,#644,.T.);
#198=ORIENTED_EDGE('',*,*,#647,.T.);
#199=ORIENTED_EDGE('',*,*,#648,.F.);
#200=ORIENTED_EDGE('',*,*,#554,.F.);
#201=ORIENTED_EDGE('',*,*,#646,.T.);
#202=ORIENTED_EDGE('',*,*,#649,.F.);
#203=ORIENTED_EDGE('',*,*,#650,.F.);
#204=ORIENTED_EDGE('',*,*,#555,.T.);
#205=ORIENTED_EDGE('',*,*,#648,.T.);
#206=ORIENTED_EDGE('',*,*,#651,.F.);
#207=ORIENTED_EDGE('',*,*,#652,.F.);
#208=ORIENTED_EDGE('',*,*,#556,.T.);
#209=ORIENTED_EDGE('',*,*,#650,.T.);
#210=ORIENTED_EDGE('',*,*,#653,.T.);
#211=ORIENTED_EDGE('',*,*,#654,.F.);
#212=ORIENTED_EDGE('',*,*,#557,.F.);
#213=ORIENTED_EDGE('',*,*,#652,.T.);
#214=ORIENTED_EDGE('',*,*,#655,.F.);
#215=ORIENTED_EDGE('',*,*,#656,.F.);
#216=ORIENTED_EDGE('',*,*,#534,.T.);
#217=ORIENTED_EDGE('',*,*,#654,.T.);
#218=ORIENTED_EDGE('',*,*,#528,.T.);
#219=ORIENTED_EDGE('',*,*,#657,.T.);
#220=ORIENTED_EDGE('',*,*,#594,.T.);
#221=ORIENTED_EDGE('',*,*,#658,.T.);
#222=ORIENTED_EDGE('',*,*,#659,.T.);
#223=ORIENTED_EDGE('',*,*,#660,.F.);
#224=ORIENTED_EDGE('',*,*,#661,.F.);
#225=ORIENTED_EDGE('',*,*,#662,.T.);
#226=ORIENTED_EDGE('',*,*,#663,.F.);
#227=ORIENTED_EDGE('',*,*,#664,.T.);
#228=ORIENTED_EDGE('',*,*,#665,.F.);
#229=ORIENTED_EDGE('',*,*,#666,.T.);
#230=ORIENTED_EDGE('',*,*,#661,.T.);
#231=ORIENTED_EDGE('',*,*,#667,.T.);
#232=ORIENTED_EDGE('',*,*,#592,.F.);
#233=ORIENTED_EDGE('',*,*,#668,.T.);
#234=ORIENTED_EDGE('',*,*,#560,.F.);
#235=ORIENTED_EDGE('',*,*,#669,.T.);
#236=ORIENTED_EDGE('',*,*,#663,.T.);
#237=ORIENTED_EDGE('',*,*,#670,.T.);
#238=ORIENTED_EDGE('',*,*,#671,.F.);
#239=ORIENTED_EDGE('',*,*,#672,.T.);
#240=ORIENTED_EDGE('',*,*,#561,.F.);
#241=ORIENTED_EDGE('',*,*,#673,.T.);
#242=ORIENTED_EDGE('',*,*,#674,.T.);
#243=ORIENTED_EDGE('',*,*,#675,.T.);
#244=ORIENTED_EDGE('',*,*,#543,.F.);
#245=ORIENTED_EDGE('',*,*,#676,.T.);
#246=ORIENTED_EDGE('',*,*,#677,.F.);
#247=ORIENTED_EDGE('',*,*,#678,.F.);
#248=ORIENTED_EDGE('',*,*,#679,.F.);
#249=ORIENTED_EDGE('',*,*,#680,.F.);
#250=ORIENTED_EDGE('',*,*,#558,.T.);
#251=ORIENTED_EDGE('',*,*,#678,.T.);
#252=ORIENTED_EDGE('',*,*,#681,.F.);
#253=ORIENTED_EDGE('',*,*,#682,.F.);
#254=ORIENTED_EDGE('',*,*,#536,.T.);
#255=ORIENTED_EDGE('',*,*,#683,.T.);
#256=ORIENTED_EDGE('',*,*,#684,.T.);
#257=ORIENTED_EDGE('',*,*,#685,.F.);
#258=ORIENTED_EDGE('',*,*,#537,.F.);
#259=ORIENTED_EDGE('',*,*,#682,.T.);
#260=ORIENTED_EDGE('',*,*,#686,.T.);
#261=ORIENTED_EDGE('',*,*,#687,.F.);
#262=ORIENTED_EDGE('',*,*,#538,.F.);
#263=ORIENTED_EDGE('',*,*,#685,.T.);
#264=ORIENTED_EDGE('',*,*,#688,.T.);
#265=ORIENTED_EDGE('',*,*,#689,.F.);
#266=ORIENTED_EDGE('',*,*,#539,.F.);
#267=ORIENTED_EDGE('',*,*,#687,.T.);
#268=ORIENTED_EDGE('',*,*,#690,.F.);
#269=ORIENTED_EDGE('',*,*,#691,.F.);
#270=ORIENTED_EDGE('',*,*,#540,.T.);
#271=ORIENTED_EDGE('',*,*,#689,.T.);
#272=ORIENTED_EDGE('',*,*,#692,.F.);
#273=ORIENTED_EDGE('',*,*,#693,.F.);
#274=ORIENTED_EDGE('',*,*,#541,.T.);
#275=ORIENTED_EDGE('',*,*,#691,.T.);
#276=ORIENTED_EDGE('',*,*,#694,.F.);
#277=ORIENTED_EDGE('',*,*,#695,.F.);
#278=ORIENTED_EDGE('',*,*,#572,.T.);
#279=ORIENTED_EDGE('',*,*,#696,.T.);
#280=ORIENTED_EDGE('',*,*,#697,.T.);
#281=ORIENTED_EDGE('',*,*,#698,.T.);
#282=ORIENTED_EDGE('',*,*,#597,.F.);
#283=ORIENTED_EDGE('',*,*,#699,.T.);
#284=ORIENTED_EDGE('',*,*,#700,.T.);
#285=ORIENTED_EDGE('',*,*,#701,.F.);
#286=ORIENTED_EDGE('',*,*,#573,.F.);
#287=ORIENTED_EDGE('',*,*,#695,.T.);
#288=ORIENTED_EDGE('',*,*,#702,.T.);
#289=ORIENTED_EDGE('',*,*,#703,.F.);
#290=ORIENTED_EDGE('',*,*,#593,.F.);
#291=ORIENTED_EDGE('',*,*,#704,.T.);
#292=ORIENTED_EDGE('',*,*,#705,.F.);
#293=ORIENTED_EDGE('',*,*,#706,.F.);
#294=ORIENTED_EDGE('',*,*,#590,.T.);
#295=ORIENTED_EDGE('',*,*,#703,.T.);
#296=ORIENTED_EDGE('',*,*,#707,.T.);
#297=ORIENTED_EDGE('',*,*,#708,.T.);
#298=ORIENTED_EDGE('',*,*,#591,.F.);
#299=ORIENTED_EDGE('',*,*,#706,.T.);
#300=ORIENTED_EDGE('',*,*,#709,.F.);
#301=ORIENTED_EDGE('',*,*,#710,.F.);
#302=ORIENTED_EDGE('',*,*,#565,.F.);
#303=ORIENTED_EDGE('',*,*,#711,.T.);
#304=ORIENTED_EDGE('',*,*,#712,.T.);
#305=ORIENTED_EDGE('',*,*,#713,.F.);
#306=ORIENTED_EDGE('',*,*,#566,.F.);
#307=ORIENTED_EDGE('',*,*,#710,.T.);
#308=ORIENTED_EDGE('',*,*,#714,.T.);
#309=ORIENTED_EDGE('',*,*,#715,.F.);
#310=ORIENTED_EDGE('',*,*,#567,.F.);
#311=ORIENTED_EDGE('',*,*,#713,.T.);
#312=ORIENTED_EDGE('',*,*,#716,.T.);
#313=ORIENTED_EDGE('',*,*,#717,.F.);
#314=ORIENTED_EDGE('',*,*,#568,.F.);
#315=ORIENTED_EDGE('',*,*,#715,.T.);
#316=ORIENTED_EDGE('',*,*,#718,.F.);
#317=ORIENTED_EDGE('',*,*,#719,.F.);
#318=ORIENTED_EDGE('',*,*,#569,.T.);
#319=ORIENTED_EDGE('',*,*,#717,.T.);
#320=ORIENTED_EDGE('',*,*,#720,.F.);
#321=ORIENTED_EDGE('',*,*,#721,.F.);
#322=ORIENTED_EDGE('',*,*,#570,.T.);
#323=ORIENTED_EDGE('',*,*,#719,.T.);
#324=ORIENTED_EDGE('',*,*,#722,.T.);
#325=ORIENTED_EDGE('',*,*,#723,.T.);
#326=ORIENTED_EDGE('',*,*,#581,.F.);
#327=ORIENTED_EDGE('',*,*,#724,.T.);
#328=ORIENTED_EDGE('',*,*,#725,.F.);
#329=ORIENTED_EDGE('',*,*,#726,.F.);
#330=ORIENTED_EDGE('',*,*,#595,.F.);
#331=ORIENTED_EDGE('',*,*,#727,.T.);
#332=ORIENTED_EDGE('',*,*,#728,.T.);
#333=ORIENTED_EDGE('',*,*,#699,.F.);
#334=ORIENTED_EDGE('',*,*,#596,.F.);
#335=ORIENTED_EDGE('',*,*,#726,.T.);
#336=ORIENTED_EDGE('',*,*,#729,.F.);
#337=ORIENTED_EDGE('',*,*,#730,.F.);
#338=ORIENTED_EDGE('',*,*,#574,.T.);
#339=ORIENTED_EDGE('',*,*,#701,.T.);
#340=ORIENTED_EDGE('',*,*,#731,.T.);
#341=ORIENTED_EDGE('',*,*,#732,.F.);
#342=ORIENTED_EDGE('',*,*,#575,.F.);
#343=ORIENTED_EDGE('',*,*,#730,.T.);
#344=ORIENTED_EDGE('',*,*,#733,.T.);
#345=ORIENTED_EDGE('',*,*,#734,.F.);
#346=ORIENTED_EDGE('',*,*,#576,.F.);
#347=ORIENTED_EDGE('',*,*,#732,.T.);
#348=ORIENTED_EDGE('',*,*,#735,.T.);
#349=ORIENTED_EDGE('',*,*,#736,.F.);
#350=ORIENTED_EDGE('',*,*,#577,.F.);
#351=ORIENTED_EDGE('',*,*,#734,.T.);
#352=ORIENTED_EDGE('',*,*,#737,.F.);
#353=ORIENTED_EDGE('',*,*,#738,.F.);
#354=ORIENTED_EDGE('',*,*,#578,.T.);
#355=ORIENTED_EDGE('',*,*,#736,.T.);
#356=ORIENTED_EDGE('',*,*,#739,.F.);
#357=ORIENTED_EDGE('',*,*,#740,.F.);
#358=ORIENTED_EDGE('',*,*,#579,.T.);
#359=ORIENTED_EDGE('',*,*,#738,.T.);
#360=ORIENTED_EDGE('',*,*,#741,.T.);
#361=ORIENTED_EDGE('',*,*,#608,.F.);
#362=ORIENTED_EDGE('',*,*,#546,.F.);
#363=ORIENTED_EDGE('',*,*,#634,.T.);
#364=ORIENTED_EDGE('',*,*,#742,.T.);
#365=ORIENTED_EDGE('',*,*,#743,.T.);
#366=ORIENTED_EDGE('',*,*,#559,.F.);
#367=ORIENTED_EDGE('',*,*,#680,.T.);
#368=ORIENTED_EDGE('',*,*,#744,.F.);
#369=ORIENTED_EDGE('',*,*,#683,.F.);
#370=ORIENTED_EDGE('',*,*,#535,.F.);
#371=ORIENTED_EDGE('',*,*,#656,.T.);
#372=ORIENTED_EDGE('',*,*,#745,.F.);
#373=ORIENTED_EDGE('',*,*,#637,.F.);
#374=ORIENTED_EDGE('',*,*,#529,.F.);
#375=ORIENTED_EDGE('',*,*,#746,.T.);
#376=ORIENTED_EDGE('',*,*,#659,.F.);
#377=ORIENTED_EDGE('',*,*,#747,.T.);
#378=ORIENTED_EDGE('',*,*,#748,.T.);
#379=ORIENTED_EDGE('',*,*,#749,.T.);
#380=ORIENTED_EDGE('',*,*,#671,.T.);
#381=ORIENTED_EDGE('',*,*,#750,.F.);
#382=ORIENTED_EDGE('',*,*,#751,.T.);
#383=ORIENTED_EDGE('',*,*,#676,.F.);
#384=ORIENTED_EDGE('',*,*,#542,.F.);
#385=ORIENTED_EDGE('',*,*,#693,.T.);
#386=ORIENTED_EDGE('',*,*,#752,.T.);
#387=ORIENTED_EDGE('',*,*,#696,.F.);
#388=ORIENTED_EDGE('',*,*,#571,.F.);
#389=ORIENTED_EDGE('',*,*,#721,.T.);
#390=ORIENTED_EDGE('',*,*,#753,.T.);
#391=ORIENTED_EDGE('',*,*,#724,.F.);
#392=ORIENTED_EDGE('',*,*,#580,.F.);
#393=ORIENTED_EDGE('',*,*,#740,.T.);
#394=ORIENTED_EDGE('',*,*,#725,.T.);
#395=ORIENTED_EDGE('',*,*,#753,.F.);
#396=ORIENTED_EDGE('',*,*,#739,.T.);
#397=ORIENTED_EDGE('',*,*,#737,.T.);
#398=ORIENTED_EDGE('',*,*,#735,.F.);
#399=ORIENTED_EDGE('',*,*,#733,.F.);
#400=ORIENTED_EDGE('',*,*,#731,.F.);
#401=ORIENTED_EDGE('',*,*,#729,.T.);
#402=ORIENTED_EDGE('',*,*,#700,.F.);
#403=ORIENTED_EDGE('',*,*,#728,.F.);
#404=ORIENTED_EDGE('',*,*,#694,.T.);
#405=ORIENTED_EDGE('',*,*,#752,.F.);
#406=ORIENTED_EDGE('',*,*,#720,.T.);
#407=ORIENTED_EDGE('',*,*,#718,.T.);
#408=ORIENTED_EDGE('',*,*,#716,.F.);
#409=ORIENTED_EDGE('',*,*,#714,.F.);
#410=ORIENTED_EDGE('',*,*,#712,.F.);
#411=ORIENTED_EDGE('',*,*,#709,.T.);
#412=ORIENTED_EDGE('',*,*,#705,.T.);
#413=ORIENTED_EDGE('',*,*,#702,.F.);
#414=ORIENTED_EDGE('',*,*,#677,.T.);
#415=ORIENTED_EDGE('',*,*,#751,.F.);
#416=ORIENTED_EDGE('',*,*,#692,.T.);
#417=ORIENTED_EDGE('',*,*,#690,.T.);
#418=ORIENTED_EDGE('',*,*,#688,.F.);
#419=ORIENTED_EDGE('',*,*,#686,.F.);
#420=ORIENTED_EDGE('',*,*,#684,.F.);
#421=ORIENTED_EDGE('',*,*,#681,.T.);
#422=ORIENTED_EDGE('',*,*,#744,.T.);
#423=ORIENTED_EDGE('',*,*,#679,.T.);
#424=ORIENTED_EDGE('',*,*,#660,.T.);
#425=ORIENTED_EDGE('',*,*,#750,.T.);
#426=ORIENTED_EDGE('',*,*,#670,.F.);
#427=ORIENTED_EDGE('',*,*,#667,.F.);
#428=ORIENTED_EDGE('',*,*,#635,.F.);
#429=ORIENTED_EDGE('',*,*,#745,.T.);
#430=ORIENTED_EDGE('',*,*,#655,.T.);
#431=ORIENTED_EDGE('',*,*,#653,.F.);
#432=ORIENTED_EDGE('',*,*,#651,.T.);
#433=ORIENTED_EDGE('',*,*,#649,.T.);
#434=ORIENTED_EDGE('',*,*,#647,.F.);
#435=ORIENTED_EDGE('',*,*,#645,.F.);
#436=ORIENTED_EDGE('',*,*,#643,.F.);
#437=ORIENTED_EDGE('',*,*,#641,.T.);
#438=ORIENTED_EDGE('',*,*,#602,.T.);
#439=ORIENTED_EDGE('',*,*,#606,.T.);
#440=ORIENTED_EDGE('',*,*,#741,.F.);
#441=ORIENTED_EDGE('',*,*,#633,.T.);
#442=ORIENTED_EDGE('',*,*,#631,.T.);
#443=ORIENTED_EDGE('',*,*,#628,.F.);
#444=ORIENTED_EDGE('',*,*,#626,.T.);
#445=ORIENTED_EDGE('',*,*,#624,.T.);
#446=ORIENTED_EDGE('',*,*,#622,.F.);
#447=ORIENTED_EDGE('',*,*,#620,.F.);
#448=ORIENTED_EDGE('',*,*,#618,.F.);
#449=ORIENTED_EDGE('',*,*,#616,.T.);
#450=ORIENTED_EDGE('',*,*,#614,.T.);
#451=ORIENTED_EDGE('',*,*,#611,.F.);
#452=ORIENTED_EDGE('',*,*,#609,.T.);
#453=ORIENTED_EDGE('',*,*,#600,.T.);
#454=ORIENTED_EDGE('',*,*,#598,.T.);
#455=ORIENTED_EDGE('',*,*,#604,.T.);
#456=ORIENTED_EDGE('',*,*,#754,.F.);
#457=ORIENTED_EDGE('',*,*,#533,.T.);
#458=ORIENTED_EDGE('',*,*,#603,.F.);
#459=ORIENTED_EDGE('',*,*,#754,.T.);
#460=ORIENTED_EDGE('',*,*,#755,.F.);
#461=ORIENTED_EDGE('',*,*,#562,.T.);
#462=ORIENTED_EDGE('',*,*,#599,.F.);
#463=ORIENTED_EDGE('',*,*,#755,.T.);
#464=ORIENTED_EDGE('',*,*,#756,.F.);
#465=ORIENTED_EDGE('',*,*,#563,.T.);
#466=ORIENTED_EDGE('',*,*,#605,.F.);
#467=ORIENTED_EDGE('',*,*,#756,.T.);
#468=ORIENTED_EDGE('',*,*,#757,.F.);
#469=ORIENTED_EDGE('',*,*,#532,.T.);
#470=ORIENTED_EDGE('',*,*,#601,.F.);
#471=ORIENTED_EDGE('',*,*,#757,.T.);
#472=ORIENTED_EDGE('',*,*,#748,.F.);
#473=ORIENTED_EDGE('',*,*,#758,.T.);
#474=ORIENTED_EDGE('',*,*,#697,.F.);
#475=ORIENTED_EDGE('',*,*,#759,.T.);
#476=ORIENTED_EDGE('',*,*,#639,.T.);
#477=ORIENTED_EDGE('',*,*,#760,.T.);
#478=ORIENTED_EDGE('',*,*,#722,.F.);
#479=ORIENTED_EDGE('',*,*,#761,.T.);
#480=ORIENTED_EDGE('',*,*,#674,.F.);
#481=ORIENTED_EDGE('',*,*,#762,.T.);
#482=ORIENTED_EDGE('',*,*,#707,.F.);
#483=ORIENTED_EDGE('',*,*,#763,.T.);
#484=ORIENTED_EDGE('',*,*,#665,.T.);
#485=ORIENTED_EDGE('',*,*,#764,.T.);
#486=ORIENTED_EDGE('',*,*,#742,.F.);
#487=ORIENTED_EDGE('',*,*,#765,.T.);
#488=ORIENTED_EDGE('',*,*,#673,.F.);
#489=ORIENTED_EDGE('',*,*,#668,.F.);
#490=ORIENTED_EDGE('',*,*,#708,.F.);
#491=ORIENTED_EDGE('',*,*,#762,.F.);
#492=ORIENTED_EDGE('',*,*,#675,.F.);
#493=ORIENTED_EDGE('',*,*,#763,.F.);
#494=ORIENTED_EDGE('',*,*,#711,.F.);
#495=ORIENTED_EDGE('',*,*,#630,.F.);
#496=ORIENTED_EDGE('',*,*,#723,.F.);
#497=ORIENTED_EDGE('',*,*,#760,.F.);
#498=ORIENTED_EDGE('',*,*,#638,.F.);
#499=ORIENTED_EDGE('',*,*,#613,.F.);
#500=ORIENTED_EDGE('',*,*,#640,.F.);
#501=ORIENTED_EDGE('',*,*,#761,.F.);
#502=ORIENTED_EDGE('',*,*,#727,.F.);
#503=ORIENTED_EDGE('',*,*,#657,.F.);
#504=ORIENTED_EDGE('',*,*,#698,.F.);
#505=ORIENTED_EDGE('',*,*,#758,.F.);
#506=ORIENTED_EDGE('',*,*,#747,.F.);
#507=ORIENTED_EDGE('',*,*,#658,.F.);
#508=ORIENTED_EDGE('',*,*,#704,.F.);
#509=ORIENTED_EDGE('',*,*,#672,.F.);
#510=ORIENTED_EDGE('',*,*,#749,.F.);
#511=ORIENTED_EDGE('',*,*,#759,.F.);
#512=ORIENTED_EDGE('',*,*,#664,.F.);
#513=ORIENTED_EDGE('',*,*,#669,.F.);
#514=ORIENTED_EDGE('',*,*,#743,.F.);
#515=ORIENTED_EDGE('',*,*,#764,.F.);
#516=ORIENTED_EDGE('',*,*,#666,.F.);
#517=ORIENTED_EDGE('',*,*,#765,.F.);
#518=ORIENTED_EDGE('',*,*,#746,.F.);
#519=ORIENTED_EDGE('',*,*,#662,.F.);
#520=ORIENTED_EDGE('',*,*,#766,.T.);
#521=ORIENTED_EDGE('',*,*,#767,.F.);
#522=ORIENTED_EDGE('',*,*,#768,.F.);
#523=ORIENTED_EDGE('',*,*,#769,.T.);
#524=ORIENTED_EDGE('',*,*,#766,.F.);
#525=ORIENTED_EDGE('',*,*,#768,.T.);
#526=ORIENTED_EDGE('',*,*,#767,.T.);
#527=ORIENTED_EDGE('',*,*,#769,.F.);
#528=EDGE_CURVE('',#770,#771,#934,.T.);
#529=EDGE_CURVE('',#770,#772,#935,.T.);
#530=EDGE_CURVE('',#772,#773,#936,.T.);
#531=EDGE_CURVE('',#771,#773,#937,.T.);
#532=EDGE_CURVE('',#774,#774,#24,.T.);
#533=EDGE_CURVE('',#775,#775,#25,.T.);
#534=EDGE_CURVE('',#776,#777,#938,.T.);
#535=EDGE_CURVE('',#776,#778,#939,.T.);
#536=EDGE_CURVE('',#779,#778,#940,.T.);
#537=EDGE_CURVE('',#779,#780,#941,.T.);
#538=EDGE_CURVE('',#780,#781,#942,.T.);
#539=EDGE_CURVE('',#781,#782,#943,.T.);
#540=EDGE_CURVE('',#783,#782,#944,.T.);
#541=EDGE_CURVE('',#784,#783,#945,.T.);
#542=EDGE_CURVE('',#784,#785,#946,.T.);
#543=EDGE_CURVE('',#785,#786,#947,.T.);
#544=EDGE_CURVE('',#787,#786,#948,.T.);
#545=EDGE_CURVE('',#788,#787,#949,.T.);
#546=EDGE_CURVE('',#788,#789,#950,.T.);
#547=EDGE_CURVE('',#790,#789,#951,.T.);
#548=EDGE_CURVE('',#791,#790,#952,.T.);
#549=EDGE_CURVE('',#791,#792,#953,.T.);
#550=EDGE_CURVE('',#793,#792,#954,.T.);
#551=EDGE_CURVE('',#794,#793,#955,.T.);
#552=EDGE_CURVE('',#794,#795,#956,.T.);
#553=EDGE_CURVE('',#795,#796,#957,.T.);
#554=EDGE_CURVE('',#796,#797,#958,.T.);
#555=EDGE_CURVE('',#798,#797,#959,.T.);
#556=EDGE_CURVE('',#799,#798,#960,.T.);
#557=EDGE_CURVE('',#799,#777,#961,.T.);
#558=EDGE_CURVE('',#800,#801,#962,.T.);
#559=EDGE_CURVE('',#800,#802,#963,.T.);
#560=EDGE_CURVE('',#802,#803,#964,.T.);
#561=EDGE_CURVE('',#803,#801,#965,.T.);
#562=EDGE_CURVE('',#804,#804,#26,.T.);
#563=EDGE_CURVE('',#805,#805,#27,.T.);
#564=EDGE_CURVE('',#806,#807,#966,.T.);
#565=EDGE_CURVE('',#806,#808,#967,.T.);
#566=EDGE_CURVE('',#808,#809,#968,.T.);
#567=EDGE_CURVE('',#809,#810,#969,.T.);
#568=EDGE_CURVE('',#810,#811,#970,.T.);
#569=EDGE_CURVE('',#812,#811,#971,.T.);
#570=EDGE_CURVE('',#813,#812,#972,.T.);
#571=EDGE_CURVE('',#813,#814,#973,.T.);
#572=EDGE_CURVE('',#815,#814,#974,.T.);
#573=EDGE_CURVE('',#815,#816,#975,.T.);
#574=EDGE_CURVE('',#817,#816,#976,.T.);
#575=EDGE_CURVE('',#817,#818,#977,.T.);
#576=EDGE_CURVE('',#818,#819,#978,.T.);
#577=EDGE_CURVE('',#819,#820,#979,.T.);
#578=EDGE_CURVE('',#821,#820,#980,.T.);
#579=EDGE_CURVE('',#822,#821,#981,.T.);
#580=EDGE_CURVE('',#822,#823,#982,.T.);
#581=EDGE_CURVE('',#823,#824,#983,.T.);
#582=EDGE_CURVE('',#825,#824,#984,.T.);
#583=EDGE_CURVE('',#826,#825,#985,.T.);
#584=EDGE_CURVE('',#826,#827,#986,.T.);
#585=EDGE_CURVE('',#827,#828,#987,.F.);
#586=EDGE_CURVE('',#828,#829,#988,.T.);
#587=EDGE_CURVE('',#830,#829,#989,.T.);
#588=EDGE_CURVE('',#831,#830,#990,.T.);
#589=EDGE_CURVE('',#831,#807,#991,.T.);
#590=EDGE_CURVE('',#832,#833,#992,.T.);
#591=EDGE_CURVE('',#832,#834,#993,.T.);
#592=EDGE_CURVE('',#834,#835,#994,.T.);
#593=EDGE_CURVE('',#835,#833,#995,.T.);
#594=EDGE_CURVE('',#836,#837,#996,.T.);
#595=EDGE_CURVE('',#836,#838,#997,.T.);
#596=EDGE_CURVE('',#838,#839,#998,.T.);
#597=EDGE_CURVE('',#839,#837,#999,.T.);
#598=EDGE_CURVE('',#840,#840,#28,.T.);
#599=EDGE_CURVE('',#841,#841,#29,.T.);
#600=EDGE_CURVE('',#842,#842,#30,.T.);
#601=EDGE_CURVE('',#843,#843,#31,.T.);
#602=EDGE_CURVE('',#844,#844,#32,.T.);
#603=EDGE_CURVE('',#845,#845,#33,.T.);
#604=EDGE_CURVE('',#846,#846,#34,.T.);
#605=EDGE_CURVE('',#847,#847,#35,.T.);
#606=EDGE_CURVE('',#848,#849,#1000,.T.);
#607=EDGE_CURVE('',#790,#848,#1001,.T.);
#608=EDGE_CURVE('',#789,#849,#1002,.T.);
#609=EDGE_CURVE('',#850,#848,#1003,.T.);
#610=EDGE_CURVE('',#791,#850,#1004,.T.);
#611=EDGE_CURVE('',#850,#851,#1005,.T.);
#612=EDGE_CURVE('',#792,#851,#1006,.T.);
#613=EDGE_CURVE('',#824,#793,#1007,.T.);
#614=EDGE_CURVE('',#852,#851,#1008,.T.);
#615=EDGE_CURVE('',#825,#852,#1009,.T.);
#616=EDGE_CURVE('',#853,#852,#1010,.T.);
#617=EDGE_CURVE('',#826,#853,#1011,.T.);
#618=EDGE_CURVE('',#853,#854,#1012,.T.);
#619=EDGE_CURVE('',#827,#854,#1013,.T.);
#620=EDGE_CURVE('',#854,#855,#1014,.F.);
#621=EDGE_CURVE('',#828,#855,#1015,.T.);
#622=EDGE_CURVE('',#855,#856,#1016,.T.);
#623=EDGE_CURVE('',#829,#856,#1017,.T.);
#624=EDGE_CURVE('',#857,#856,#1018,.T.);
#625=EDGE_CURVE('',#830,#857,#1019,.T.);
#626=EDGE_CURVE('',#858,#857,#1020,.T.);
#627=EDGE_CURVE('',#831,#858,#1021,.T.);
#628=EDGE_CURVE('',#858,#859,#1022,.T.);
#629=EDGE_CURVE('',#807,#859,#1023,.T.);
#630=EDGE_CURVE('',#786,#806,#1024,.T.);
#631=EDGE_CURVE('',#860,#859,#1025,.T.);
#632=EDGE_CURVE('',#787,#860,#1026,.T.);
#633=EDGE_CURVE('',#861,#860,#1027,.T.);
#634=EDGE_CURVE('',#788,#861,#1028,.T.);
#635=EDGE_CURVE('',#862,#863,#1029,.T.);
#636=EDGE_CURVE('',#773,#863,#1030,.T.);
#637=EDGE_CURVE('',#772,#862,#1031,.T.);
#638=EDGE_CURVE('',#793,#864,#1032,.F.);
#639=EDGE_CURVE('',#865,#864,#1033,.T.);
#640=EDGE_CURVE('',#865,#771,#1034,.F.);
#641=EDGE_CURVE('',#866,#863,#1035,.T.);
#642=EDGE_CURVE('',#794,#866,#1036,.T.);
#643=EDGE_CURVE('',#866,#867,#1037,.T.);
#644=EDGE_CURVE('',#795,#867,#1038,.T.);
#645=EDGE_CURVE('',#867,#868,#1039,.T.);
#646=EDGE_CURVE('',#796,#868,#1040,.T.);
#647=EDGE_CURVE('',#868,#869,#1041,.T.);
#648=EDGE_CURVE('',#797,#869,#1042,.T.);
#649=EDGE_CURVE('',#870,#869,#1043,.T.);
#650=EDGE_CURVE('',#798,#870,#1044,.T.);
#651=EDGE_CURVE('',#871,#870,#1045,.T.);
#652=EDGE_CURVE('',#799,#871,#1046,.T.);
#653=EDGE_CURVE('',#871,#872,#1047,.T.);
#654=EDGE_CURVE('',#777,#872,#1048,.T.);
#655=EDGE_CURVE('',#873,#872,#1049,.T.);
#656=EDGE_CURVE('',#776,#873,#1050,.T.);
#657=EDGE_CURVE('',#771,#836,#1051,.T.);
#658=EDGE_CURVE('',#837,#874,#1052,.T.);
#659=EDGE_CURVE('',#874,#875,#1053,.T.);
#660=EDGE_CURVE('',#876,#875,#1054,.T.);
#661=EDGE_CURVE('',#877,#876,#1055,.T.);
#662=EDGE_CURVE('',#877,#770,#1056,.T.);
#663=EDGE_CURVE('',#878,#879,#1057,.T.);
#664=EDGE_CURVE('',#878,#880,#1058,.T.);
#665=EDGE_CURVE('',#881,#880,#1059,.T.);
#666=EDGE_CURVE('',#881,#877,#1060,.F.);
#667=EDGE_CURVE('',#876,#879,#1061,.T.);
#668=EDGE_CURVE('',#834,#803,#1062,.T.);
#669=EDGE_CURVE('',#802,#878,#1063,.T.);
#670=EDGE_CURVE('',#879,#882,#1064,.T.);
#671=EDGE_CURVE('',#883,#882,#1065,.T.);
#672=EDGE_CURVE('',#883,#835,#1066,.T.);
#673=EDGE_CURVE('',#803,#884,#1067,.T.);
#674=EDGE_CURVE('',#884,#885,#1068,.T.);
#675=EDGE_CURVE('',#885,#786,#1069,.F.);
#676=EDGE_CURVE('',#785,#886,#1070,.T.);
#677=EDGE_CURVE('',#887,#886,#1071,.T.);
#678=EDGE_CURVE('',#801,#887,#1072,.T.);
#679=EDGE_CURVE('',#888,#887,#1073,.T.);
#680=EDGE_CURVE('',#800,#888,#1074,.T.);
#681=EDGE_CURVE('',#889,#890,#1075,.T.);
#682=EDGE_CURVE('',#779,#889,#1076,.T.);
#683=EDGE_CURVE('',#778,#890,#1077,.T.);
#684=EDGE_CURVE('',#889,#891,#1078,.T.);
#685=EDGE_CURVE('',#780,#891,#1079,.T.);
#686=EDGE_CURVE('',#891,#892,#1080,.T.);
#687=EDGE_CURVE('',#781,#892,#1081,.T.);
#688=EDGE_CURVE('',#892,#893,#1082,.T.);
#689=EDGE_CURVE('',#782,#893,#1083,.T.);
#690=EDGE_CURVE('',#894,#893,#1084,.T.);
#691=EDGE_CURVE('',#783,#894,#1085,.T.);
#692=EDGE_CURVE('',#895,#894,#1086,.T.);
#693=EDGE_CURVE('',#784,#895,#1087,.T.);
#694=EDGE_CURVE('',#896,#897,#1088,.T.);
#695=EDGE_CURVE('',#815,#896,#1089,.T.);
#696=EDGE_CURVE('',#814,#897,#1090,.T.);
#697=EDGE_CURVE('',#898,#899,#1091,.T.);
#698=EDGE_CURVE('',#899,#837,#1092,.F.);
#699=EDGE_CURVE('',#839,#900,#1093,.T.);
#700=EDGE_CURVE('',#900,#901,#1094,.T.);
#701=EDGE_CURVE('',#816,#901,#1095,.T.);
#702=EDGE_CURVE('',#896,#902,#1096,.T.);
#703=EDGE_CURVE('',#833,#902,#1097,.T.);
#704=EDGE_CURVE('',#835,#898,#1098,.T.);
#705=EDGE_CURVE('',#903,#902,#1099,.T.);
#706=EDGE_CURVE('',#832,#903,#1100,.T.);
#707=EDGE_CURVE('',#904,#905,#1101,.T.);
#708=EDGE_CURVE('',#905,#834,#1102,.T.);
#709=EDGE_CURVE('',#906,#903,#1103,.T.);
#710=EDGE_CURVE('',#808,#906,#1104,.T.);
#711=EDGE_CURVE('',#806,#904,#1105,.F.);
#712=EDGE_CURVE('',#906,#907,#1106,.T.);
#713=EDGE_CURVE('',#809,#907,#1107,.T.);
#714=EDGE_CURVE('',#907,#908,#1108,.T.);
#715=EDGE_CURVE('',#810,#908,#1109,.T.);
#716=EDGE_CURVE('',#908,#909,#1110,.T.);
#717=EDGE_CURVE('',#811,#909,#1111,.T.);
#718=EDGE_CURVE('',#910,#909,#1112,.T.);
#719=EDGE_CURVE('',#812,#910,#1113,.T.);
#720=EDGE_CURVE('',#911,#910,#1114,.T.);
#721=EDGE_CURVE('',#813,#911,#1115,.T.);
#722=EDGE_CURVE('',#912,#913,#1116,.T.);
#723=EDGE_CURVE('',#913,#824,#1117,.F.);
#724=EDGE_CURVE('',#823,#914,#1118,.T.);
#725=EDGE_CURVE('',#915,#914,#1119,.T.);
#726=EDGE_CURVE('',#838,#915,#1120,.T.);
#727=EDGE_CURVE('',#836,#912,#1121,.F.);
#728=EDGE_CURVE('',#915,#900,#1122,.T.);
#729=EDGE_CURVE('',#916,#901,#1123,.T.);
#730=EDGE_CURVE('',#817,#916,#1124,.T.);
#731=EDGE_CURVE('',#916,#917,#1125,.T.);
#732=EDGE_CURVE('',#818,#917,#1126,.T.);
#733=EDGE_CURVE('',#917,#918,#1127,.T.);
#734=EDGE_CURVE('',#819,#918,#1128,.T.);
#735=EDGE_CURVE('',#918,#919,#1129,.T.);
#736=EDGE_CURVE('',#820,#919,#1130,.T.);
#737=EDGE_CURVE('',#920,#919,#1131,.T.);
#738=EDGE_CURVE('',#821,#920,#1132,.T.);
#739=EDGE_CURVE('',#921,#920,#1133,.T.);
#740=EDGE_CURVE('',#822,#921,#1134,.T.);
#741=EDGE_CURVE('',#861,#849,#1135,.T.);
#742=EDGE_CURVE('',#922,#923,#1136,.T.);
#743=EDGE_CURVE('',#923,#802,#1137,.T.);
#744=EDGE_CURVE('',#890,#888,#1138,.T.);
#745=EDGE_CURVE('',#862,#873,#1139,.T.);
#746=EDGE_CURVE('',#770,#922,#1140,.F.);
#747=EDGE_CURVE('',#874,#924,#1141,.F.);
#748=EDGE_CURVE('',#924,#925,#1142,.T.);
#749=EDGE_CURVE('',#925,#883,#1143,.T.);
#750=EDGE_CURVE('',#875,#882,#1144,.T.);
#751=EDGE_CURVE('',#895,#886,#1145,.T.);
#752=EDGE_CURVE('',#911,#897,#1146,.T.);
#753=EDGE_CURVE('',#921,#914,#1147,.T.);
#754=EDGE_CURVE('',#926,#926,#36,.T.);
#755=EDGE_CURVE('',#927,#927,#37,.T.);
#756=EDGE_CURVE('',#928,#928,#38,.T.);
#757=EDGE_CURVE('',#929,#929,#39,.T.);
#758=EDGE_CURVE('',#924,#899,#1148,.T.);
#759=EDGE_CURVE('',#898,#925,#1149,.T.);
#760=EDGE_CURVE('',#864,#913,#1150,.T.);
#761=EDGE_CURVE('',#912,#865,#1151,.T.);
#762=EDGE_CURVE('',#884,#905,#1152,.T.);
#763=EDGE_CURVE('',#904,#885,#1153,.T.);
#764=EDGE_CURVE('',#880,#923,#1154,.T.);
#765=EDGE_CURVE('',#922,#881,#1155,.T.);
#766=EDGE_CURVE('',#930,#930,#40,.T.);
#767=EDGE_CURVE('',#931,#931,#41,.T.);
#768=EDGE_CURVE('',#932,#932,#42,.T.);
#769=EDGE_CURVE('',#933,#933,#43,.T.);
#770=VERTEX_POINT('',#2378);
#771=VERTEX_POINT('',#2379);
#772=VERTEX_POINT('',#2381);
#773=VERTEX_POINT('',#2383);
#774=VERTEX_POINT('',#2387);
#775=VERTEX_POINT('',#2389);
#776=VERTEX_POINT('',#2391);
#777=VERTEX_POINT('',#2392);
#778=VERTEX_POINT('',#2394);
#779=VERTEX_POINT('',#2396);
#780=VERTEX_POINT('',#2398);
#781=VERTEX_POINT('',#2400);
#782=VERTEX_POINT('',#2402);
#783=VERTEX_POINT('',#2404);
#784=VERTEX_POINT('',#2406);
#785=VERTEX_POINT('',#2408);
#786=VERTEX_POINT('',#2410);
#787=VERTEX_POINT('',#2412);
#788=VERTEX_POINT('',#2414);
#789=VERTEX_POINT('',#2416);
#790=VERTEX_POINT('',#2418);
#791=VERTEX_POINT('',#2420);
#792=VERTEX_POINT('',#2422);
#793=VERTEX_POINT('',#2424);
#794=VERTEX_POINT('',#2426);
#795=VERTEX_POINT('',#2428);
#796=VERTEX_POINT('',#2430);
#797=VERTEX_POINT('',#2432);
#798=VERTEX_POINT('',#2434);
#799=VERTEX_POINT('',#2436);
#800=VERTEX_POINT('',#2440);
#801=VERTEX_POINT('',#2441);
#802=VERTEX_POINT('',#2443);
#803=VERTEX_POINT('',#2445);
#804=VERTEX_POINT('',#2449);
#805=VERTEX_POINT('',#2451);
#806=VERTEX_POINT('',#2453);
#807=VERTEX_POINT('',#2454);
#808=VERTEX_POINT('',#2456);
#809=VERTEX_POINT('',#2458);
#810=VERTEX_POINT('',#2460);
#811=VERTEX_POINT('',#2462);
#812=VERTEX_POINT('',#2464);
#813=VERTEX_POINT('',#2466);
#814=VERTEX_POINT('',#2468);
#815=VERTEX_POINT('',#2470);
#816=VERTEX_POINT('',#2472);
#817=VERTEX_POINT('',#2474);
#818=VERTEX_POINT('',#2476);
#819=VERTEX_POINT('',#2478);
#820=VERTEX_POINT('',#2480);
#821=VERTEX_POINT('',#2482);
#822=VERTEX_POINT('',#2484);
#823=VERTEX_POINT('',#2486);
#824=VERTEX_POINT('',#2488);
#825=VERTEX_POINT('',#2490);
#826=VERTEX_POINT('',#2492);
#827=VERTEX_POINT('',#2494);
#828=VERTEX_POINT('',#2496);
#829=VERTEX_POINT('',#2498);
#830=VERTEX_POINT('',#2500);
#831=VERTEX_POINT('',#2502);
#832=VERTEX_POINT('',#2506);
#833=VERTEX_POINT('',#2507);
#834=VERTEX_POINT('',#2509);
#835=VERTEX_POINT('',#2511);
#836=VERTEX_POINT('',#2515);
#837=VERTEX_POINT('',#2516);
#838=VERTEX_POINT('',#2518);
#839=VERTEX_POINT('',#2520);
#840=VERTEX_POINT('',#2524);
#841=VERTEX_POINT('',#2526);
#842=VERTEX_POINT('',#2529);
#843=VERTEX_POINT('',#2531);
#844=VERTEX_POINT('',#2534);
#845=VERTEX_POINT('',#2536);
#846=VERTEX_POINT('',#2539);
#847=VERTEX_POINT('',#2541);
#848=VERTEX_POINT('',#2544);
#849=VERTEX_POINT('',#2545);
#850=VERTEX_POINT('',#2550);
#851=VERTEX_POINT('',#2554);
#852=VERTEX_POINT('',#2559);
#853=VERTEX_POINT('',#2563);
#854=VERTEX_POINT('',#2567);
#855=VERTEX_POINT('',#2571);
#856=VERTEX_POINT('',#2575);
#857=VERTEX_POINT('',#2579);
#858=VERTEX_POINT('',#2583);
#859=VERTEX_POINT('',#2587);
#860=VERTEX_POINT('',#2592);
#861=VERTEX_POINT('',#2596);
#862=VERTEX_POINT('',#2600);
#863=VERTEX_POINT('',#2601);
#864=VERTEX_POINT('',#2606);
#865=VERTEX_POINT('',#2608);
#866=VERTEX_POINT('',#2611);
#867=VERTEX_POINT('',#2615);
#868=VERTEX_POINT('',#2619);
#869=VERTEX_POINT('',#2623);
#870=VERTEX_POINT('',#2627);
#871=VERTEX_POINT('',#2631);
#872=VERTEX_POINT('',#2635);
#873=VERTEX_POINT('',#2639);
#874=VERTEX_POINT('',#2644);
#875=VERTEX_POINT('',#2646);
#876=VERTEX_POINT('',#2648);
#877=VERTEX_POINT('',#2650);
#878=VERTEX_POINT('',#2654);
#879=VERTEX_POINT('',#2655);
#880=VERTEX_POINT('',#2657);
#881=VERTEX_POINT('',#2659);
#882=VERTEX_POINT('',#2666);
#883=VERTEX_POINT('',#2668);
#884=VERTEX_POINT('',#2672);
#885=VERTEX_POINT('',#2674);
#886=VERTEX_POINT('',#2677);
#887=VERTEX_POINT('',#2679);
#888=VERTEX_POINT('',#2683);
#889=VERTEX_POINT('',#2687);
#890=VERTEX_POINT('',#2688);
#891=VERTEX_POINT('',#2693);
#892=VERTEX_POINT('',#2697);
#893=VERTEX_POINT('',#2701);
#894=VERTEX_POINT('',#2705);
#895=VERTEX_POINT('',#2709);
#896=VERTEX_POINT('',#2713);
#897=VERTEX_POINT('',#2714);
#898=VERTEX_POINT('',#2719);
#899=VERTEX_POINT('',#2720);
#900=VERTEX_POINT('',#2723);
#901=VERTEX_POINT('',#2725);
#902=VERTEX_POINT('',#2728);
#903=VERTEX_POINT('',#2733);
#904=VERTEX_POINT('',#2737);
#905=VERTEX_POINT('',#2738);
#906=VERTEX_POINT('',#2741);
#907=VERTEX_POINT('',#2746);
#908=VERTEX_POINT('',#2750);
#909=VERTEX_POINT('',#2754);
#910=VERTEX_POINT('',#2758);
#911=VERTEX_POINT('',#2762);
#912=VERTEX_POINT('',#2766);
#913=VERTEX_POINT('',#2767);
#914=VERTEX_POINT('',#2770);
#915=VERTEX_POINT('',#2772);
#916=VERTEX_POINT('',#2779);
#917=VERTEX_POINT('',#2783);
#918=VERTEX_POINT('',#2787);
#919=VERTEX_POINT('',#2791);
#920=VERTEX_POINT('',#2795);
#921=VERTEX_POINT('',#2799);
#922=VERTEX_POINT('',#2805);
#923=VERTEX_POINT('',#2806);
#924=VERTEX_POINT('',#2813);
#925=VERTEX_POINT('',#2815);
#926=VERTEX_POINT('',#2827);
#927=VERTEX_POINT('',#2831);
#928=VERTEX_POINT('',#2835);
#929=VERTEX_POINT('',#2839);
#930=VERTEX_POINT('',#2864);
#931=VERTEX_POINT('',#2866);
#932=VERTEX_POINT('',#2869);
#933=VERTEX_POINT('',#2871);
#934=LINE('',#2377,#1156);
#935=LINE('',#2380,#1157);
#936=LINE('',#2382,#1158);
#937=LINE('',#2384,#1159);
#938=LINE('',#2390,#1160);
#939=LINE('',#2393,#1161);
#940=LINE('',#2395,#1162);
#941=LINE('',#2397,#1163);
#942=LINE('',#2399,#1164);
#943=LINE('',#2401,#1165);
#944=LINE('',#2403,#1166);
#945=LINE('',#2405,#1167);
#946=LINE('',#2407,#1168);
#947=LINE('',#2409,#1169);
#948=LINE('',#2411,#1170);
#949=LINE('',#2413,#1171);
#950=LINE('',#2415,#1172);
#951=LINE('',#2417,#1173);
#952=LINE('',#2419,#1174);
#953=LINE('',#2421,#1175);
#954=LINE('',#2423,#1176);
#955=LINE('',#2425,#1177);
#956=LINE('',#2427,#1178);
#957=LINE('',#2429,#1179);
#958=LINE('',#2431,#1180);
#959=LINE('',#2433,#1181);
#960=LINE('',#2435,#1182);
#961=LINE('',#2437,#1183);
#962=LINE('',#2439,#1184);
#963=LINE('',#2442,#1185);
#964=LINE('',#2444,#1186);
#965=LINE('',#2446,#1187);
#966=LINE('',#2452,#1188);
#967=LINE('',#2455,#1189);
#968=LINE('',#2457,#1190);
#969=LINE('',#2459,#1191);
#970=LINE('',#2461,#1192);
#971=LINE('',#2463,#1193);
#972=LINE('',#2465,#1194);
#973=LINE('',#2467,#1195);
#974=LINE('',#2469,#1196);
#975=LINE('',#2471,#1197);
#976=LINE('',#2473,#1198);
#977=LINE('',#2475,#1199);
#978=LINE('',#2477,#1200);
#979=LINE('',#2479,#1201);
#980=LINE('',#2481,#1202);
#981=LINE('',#2483,#1203);
#982=LINE('',#2485,#1204);
#983=LINE('',#2487,#1205);
#984=LINE('',#2489,#1206);
#985=LINE('',#2491,#1207);
#986=LINE('',#2493,#1208);
#987=LINE('',#2495,#1209);
#988=LINE('',#2497,#1210);
#989=LINE('',#2499,#1211);
#990=LINE('',#2501,#1212);
#991=LINE('',#2503,#1213);
#992=LINE('',#2505,#1214);
#993=LINE('',#2508,#1215);
#994=LINE('',#2510,#1216);
#995=LINE('',#2512,#1217);
#996=LINE('',#2514,#1218);
#997=LINE('',#2517,#1219);
#998=LINE('',#2519,#1220);
#999=LINE('',#2521,#1221);
#1000=LINE('',#2543,#1222);
#1001=LINE('',#2546,#1223);
#1002=LINE('',#2547,#1224);
#1003=LINE('',#2549,#1225);
#1004=LINE('',#2551,#1226);
#1005=LINE('',#2553,#1227);
#1006=LINE('',#2555,#1228);
#1007=LINE('',#2557,#1229);
#1008=LINE('',#2558,#1230);
#1009=LINE('',#2560,#1231);
#1010=LINE('',#2562,#1232);
#1011=LINE('',#2564,#1233);
#1012=LINE('',#2566,#1234);
#1013=LINE('',#2568,#1235);
#1014=LINE('',#2570,#1236);
#1015=LINE('',#2572,#1237);
#1016=LINE('',#2574,#1238);
#1017=LINE('',#2576,#1239);
#1018=LINE('',#2578,#1240);
#1019=LINE('',#2580,#1241);
#1020=LINE('',#2582,#1242);
#1021=LINE('',#2584,#1243);
#1022=LINE('',#2586,#1244);
#1023=LINE('',#2588,#1245);
#1024=LINE('',#2590,#1246);
#1025=LINE('',#2591,#1247);
#1026=LINE('',#2593,#1248);
#1027=LINE('',#2595,#1249);
#1028=LINE('',#2597,#1250);
#1029=LINE('',#2599,#1251);
#1030=LINE('',#2602,#1252);
#1031=LINE('',#2603,#1253);
#1032=LINE('',#2605,#1254);
#1033=LINE('',#2607,#1255);
#1034=LINE('',#2609,#1256);
#1035=LINE('',#2610,#1257);
#1036=LINE('',#2612,#1258);
#1037=LINE('',#2614,#1259);
#1038=LINE('',#2616,#1260);
#1039=LINE('',#2618,#1261);
#1040=LINE('',#2620,#1262);
#1041=LINE('',#2622,#1263);
#1042=LINE('',#2624,#1264);
#1043=LINE('',#2626,#1265);
#1044=LINE('',#2628,#1266);
#1045=LINE('',#2630,#1267);
#1046=LINE('',#2632,#1268);
#1047=LINE('',#2634,#1269);
#1048=LINE('',#2636,#1270);
#1049=LINE('',#2638,#1271);
#1050=LINE('',#2640,#1272);
#1051=LINE('',#2642,#1273);
#1052=LINE('',#2643,#1274);
#1053=LINE('',#2645,#1275);
#1054=LINE('',#2647,#1276);
#1055=LINE('',#2649,#1277);
#1056=LINE('',#2651,#1278);
#1057=LINE('',#2653,#1279);
#1058=LINE('',#2656,#1280);
#1059=LINE('',#2658,#1281);
#1060=LINE('',#2660,#1282);
#1061=LINE('',#2661,#1283);
#1062=LINE('',#2663,#1284);
#1063=LINE('',#2664,#1285);
#1064=LINE('',#2665,#1286);
#1065=LINE('',#2667,#1287);
#1066=LINE('',#2669,#1288);
#1067=LINE('',#2671,#1289);
#1068=LINE('',#2673,#1290);
#1069=LINE('',#2675,#1291);
#1070=LINE('',#2676,#1292);
#1071=LINE('',#2678,#1293);
#1072=LINE('',#2680,#1294);
#1073=LINE('',#2682,#1295);
#1074=LINE('',#2684,#1296);
#1075=LINE('',#2686,#1297);
#1076=LINE('',#2689,#1298);
#1077=LINE('',#2690,#1299);
#1078=LINE('',#2692,#1300);
#1079=LINE('',#2694,#1301);
#1080=LINE('',#2696,#1302);
#1081=LINE('',#2698,#1303);
#1082=LINE('',#2700,#1304);
#1083=LINE('',#2702,#1305);
#1084=LINE('',#2704,#1306);
#1085=LINE('',#2706,#1307);
#1086=LINE('',#2708,#1308);
#1087=LINE('',#2710,#1309);
#1088=LINE('',#2712,#1310);
#1089=LINE('',#2715,#1311);
#1090=LINE('',#2716,#1312);
#1091=LINE('',#2718,#1313);
#1092=LINE('',#2721,#1314);
#1093=LINE('',#2722,#1315);
#1094=LINE('',#2724,#1316);
#1095=LINE('',#2726,#1317);
#1096=LINE('',#2727,#1318);
#1097=LINE('',#2729,#1319);
#1098=LINE('',#2730,#1320);
#1099=LINE('',#2732,#1321);
#1100=LINE('',#2734,#1322);
#1101=LINE('',#2736,#1323);
#1102=LINE('',#2739,#1324);
#1103=LINE('',#2740,#1325);
#1104=LINE('',#2742,#1326);
#1105=LINE('',#2743,#1327);
#1106=LINE('',#2745,#1328);
#1107=LINE('',#2747,#1329);
#1108=LINE('',#2749,#1330);
#1109=LINE('',#2751,#1331);
#1110=LINE('',#2753,#1332);
#1111=LINE('',#2755,#1333);
#1112=LINE('',#2757,#1334);
#1113=LINE('',#2759,#1335);
#1114=LINE('',#2761,#1336);
#1115=LINE('',#2763,#1337);
#1116=LINE('',#2765,#1338);
#1117=LINE('',#2768,#1339);
#1118=LINE('',#2769,#1340);
#1119=LINE('',#2771,#1341);
#1120=LINE('',#2773,#1342);
#1121=LINE('',#2774,#1343);
#1122=LINE('',#2776,#1344);
#1123=LINE('',#2778,#1345);
#1124=LINE('',#2780,#1346);
#1125=LINE('',#2782,#1347);
#1126=LINE('',#2784,#1348);
#1127=LINE('',#2786,#1349);
#1128=LINE('',#2788,#1350);
#1129=LINE('',#2790,#1351);
#1130=LINE('',#2792,#1352);
#1131=LINE('',#2794,#1353);
#1132=LINE('',#2796,#1354);
#1133=LINE('',#2798,#1355);
#1134=LINE('',#2800,#1356);
#1135=LINE('',#2802,#1357);
#1136=LINE('',#2804,#1358);
#1137=LINE('',#2807,#1359);
#1138=LINE('',#2808,#1360);
#1139=LINE('',#2809,#1361);
#1140=LINE('',#2810,#1362);
#1141=LINE('',#2812,#1363);
#1142=LINE('',#2814,#1364);
#1143=LINE('',#2816,#1365);
#1144=LINE('',#2817,#1366);
#1145=LINE('',#2819,#1367);
#1146=LINE('',#2821,#1368);
#1147=LINE('',#2823,#1369);
#1148=LINE('',#2842,#1370);
#1149=LINE('',#2843,#1371);
#1150=LINE('',#2845,#1372);
#1151=LINE('',#2846,#1373);
#1152=LINE('',#2848,#1374);
#1153=LINE('',#2849,#1375);
#1154=LINE('',#2851,#1376);
#1155=LINE('',#2852,#1377);
#1156=VECTOR('',#1931,1.);
#1157=VECTOR('',#1932,1.);
#1158=VECTOR('',#1933,1.);
#1159=VECTOR('',#1934,1.);
#1160=VECTOR('',#1941,1.);
#1161=VECTOR('',#1942,1.);
#1162=VECTOR('',#1943,1.);
#1163=VECTOR('',#1944,1.);
#1164=VECTOR('',#1945,1.);
#1165=VECTOR('',#1946,1.);
#1166=VECTOR('',#1947,1.);
#1167=VECTOR('',#1948,1.);
#1168=VECTOR('',#1949,1.);
#1169=VECTOR('',#1950,1.);
#1170=VECTOR('',#1951,1.);
#1171=VECTOR('',#1952,1.);
#1172=VECTOR('',#1953,1.);
#1173=VECTOR('',#1954,1.);
#1174=VECTOR('',#1955,1.);
#1175=VECTOR('',#1956,1.);
#1176=VECTOR('',#1957,1.);
#1177=VECTOR('',#1958,1.);
#1178=VECTOR('',#1959,1.);
#1179=VECTOR('',#1960,1.);
#1180=VECTOR('',#1961,1.);
#1181=VECTOR('',#1962,1.);
#1182=VECTOR('',#1963,1.);
#1183=VECTOR('',#1964,1.);
#1184=VECTOR('',#1967,1.);
#1185=VECTOR('',#1968,1.);
#1186=VECTOR('',#1969,1.);
#1187=VECTOR('',#1970,1.);
#1188=VECTOR('',#1977,1.);
#1189=VECTOR('',#1978,1.);
#1190=VECTOR('',#1979,1.);
#1191=VECTOR('',#1980,1.);
#1192=VECTOR('',#1981,1.);
#1193=VECTOR('',#1982,1.);
#1194=VECTOR('',#1983,1.);
#1195=VECTOR('',#1984,1.);
#1196=VECTOR('',#1985,1.);
#1197=VECTOR('',#1986,1.);
#1198=VECTOR('',#1987,1.);
#1199=VECTOR('',#1988,1.);
#1200=VECTOR('',#1989,1.);
#1201=VECTOR('',#1990,1.);
#1202=VECTOR('',#1991,1.);
#1203=VECTOR('',#1992,1.);
#1204=VECTOR('',#1993,1.);
#1205=VECTOR('',#1994,1.);
#1206=VECTOR('',#1995,1.);
#1207=VECTOR('',#1996,1.);
#1208=VECTOR('',#1997,1.);
#1209=VECTOR('',#1998,1.);
#1210=VECTOR('',#1999,1.);
#1211=VECTOR('',#2000,1.);
#1212=VECTOR('',#2001,1.);
#1213=VECTOR('',#2002,1.);
#1214=VECTOR('',#2005,1.);
#1215=VECTOR('',#2006,1.);
#1216=VECTOR('',#2007,1.);
#1217=VECTOR('',#2008,1.);
#1218=VECTOR('',#2011,1.);
#1219=VECTOR('',#2012,1.);
#1220=VECTOR('',#2013,1.);
#1221=VECTOR('',#2014,1.);
#1222=VECTOR('',#2041,1.);
#1223=VECTOR('',#2042,1.);
#1224=VECTOR('',#2043,1.);
#1225=VECTOR('',#2046,1.);
#1226=VECTOR('',#2047,1.);
#1227=VECTOR('',#2050,1.);
#1228=VECTOR('',#2051,1.);
#1229=VECTOR('',#2054,1.);
#1230=VECTOR('',#2055,1.);
#1231=VECTOR('',#2056,1.);
#1232=VECTOR('',#2059,1.);
#1233=VECTOR('',#2060,1.);
#1234=VECTOR('',#2063,1.);
#1235=VECTOR('',#2064,1.);
#1236=VECTOR('',#2067,1.);
#1237=VECTOR('',#2068,1.);
#1238=VECTOR('',#2071,1.);
#1239=VECTOR('',#2072,1.);
#1240=VECTOR('',#2075,1.);
#1241=VECTOR('',#2076,1.);
#1242=VECTOR('',#2079,1.);
#1243=VECTOR('',#2080,1.);
#1244=VECTOR('',#2083,1.);
#1245=VECTOR('',#2084,1.);
#1246=VECTOR('',#2087,1.);
#1247=VECTOR('',#2088,1.);
#1248=VECTOR('',#2089,1.);
#1249=VECTOR('',#2092,1.);
#1250=VECTOR('',#2093,1.);
#1251=VECTOR('',#2096,1.);
#1252=VECTOR('',#2097,1.);
#1253=VECTOR('',#2098,1.);
#1254=VECTOR('',#2101,1.);
#1255=VECTOR('',#2102,1.);
#1256=VECTOR('',#2103,1.);
#1257=VECTOR('',#2104,1.);
#1258=VECTOR('',#2105,1.);
#1259=VECTOR('',#2108,1.);
#1260=VECTOR('',#2109,1.);
#1261=VECTOR('',#2112,1.);
#1262=VECTOR('',#2113,1.);
#1263=VECTOR('',#2116,1.);
#1264=VECTOR('',#2117,1.);
#1265=VECTOR('',#2120,1.);
#1266=VECTOR('',#2121,1.);
#1267=VECTOR('',#2124,1.);
#1268=VECTOR('',#2125,1.);
#1269=VECTOR('',#2128,1.);
#1270=VECTOR('',#2129,1.);
#1271=VECTOR('',#2132,1.);
#1272=VECTOR('',#2133,1.);
#1273=VECTOR('',#2136,1.);
#1274=VECTOR('',#2137,1.);
#1275=VECTOR('',#2138,1.);
#1276=VECTOR('',#2139,1.);
#1277=VECTOR('',#2140,1.);
#1278=VECTOR('',#2141,1.);
#1279=VECTOR('',#2144,1.);
#1280=VECTOR('',#2145,1.);
#1281=VECTOR('',#2146,1.);
#1282=VECTOR('',#2147,1.);
#1283=VECTOR('',#2148,1.);
#1284=VECTOR('',#2151,1.);
#1285=VECTOR('',#2152,1.);
#1286=VECTOR('',#2153,1.);
#1287=VECTOR('',#2154,1.);
#1288=VECTOR('',#2155,1.);
#1289=VECTOR('',#2158,1.);
#1290=VECTOR('',#2159,1.);
#1291=VECTOR('',#2160,1.);
#1292=VECTOR('',#2161,1.);
#1293=VECTOR('',#2162,1.);
#1294=VECTOR('',#2163,1.);
#1295=VECTOR('',#2166,1.);
#1296=VECTOR('',#2167,1.);
#1297=VECTOR('',#2170,1.);
#1298=VECTOR('',#2171,1.);
#1299=VECTOR('',#2172,1.);
#1300=VECTOR('',#2175,1.);
#1301=VECTOR('',#2176,1.);
#1302=VECTOR('',#2179,1.);
#1303=VECTOR('',#2180,1.);
#1304=VECTOR('',#2183,1.);
#1305=VECTOR('',#2184,1.);
#1306=VECTOR('',#2187,1.);
#1307=VECTOR('',#2188,1.);
#1308=VECTOR('',#2191,1.);
#1309=VECTOR('',#2192,1.);
#1310=VECTOR('',#2195,1.);
#1311=VECTOR('',#2196,1.);
#1312=VECTOR('',#2197,1.);
#1313=VECTOR('',#2200,1.);
#1314=VECTOR('',#2201,1.);
#1315=VECTOR('',#2202,1.);
#1316=VECTOR('',#2203,1.);
#1317=VECTOR('',#2204,1.);
#1318=VECTOR('',#2205,1.);
#1319=VECTOR('',#2206,1.);
#1320=VECTOR('',#2207,1.);
#1321=VECTOR('',#2210,1.);
#1322=VECTOR('',#2211,1.);
#1323=VECTOR('',#2214,1.);
#1324=VECTOR('',#2215,1.);
#1325=VECTOR('',#2216,1.);
#1326=VECTOR('',#2217,1.);
#1327=VECTOR('',#2218,1.);
#1328=VECTOR('',#2221,1.);
#1329=VECTOR('',#2222,1.);
#1330=VECTOR('',#2225,1.);
#1331=VECTOR('',#2226,1.);
#1332=VECTOR('',#2229,1.);
#1333=VECTOR('',#2230,1.);
#1334=VECTOR('',#2233,1.);
#1335=VECTOR('',#2234,1.);
#1336=VECTOR('',#2237,1.);
#1337=VECTOR('',#2238,1.);
#1338=VECTOR('',#2241,1.);
#1339=VECTOR('',#2242,1.);
#1340=VECTOR('',#2243,1.);
#1341=VECTOR('',#2244,1.);
#1342=VECTOR('',#2245,1.);
#1343=VECTOR('',#2246,1.);
#1344=VECTOR('',#2249,1.);
#1345=VECTOR('',#2252,1.);
#1346=VECTOR('',#2253,1.);
#1347=VECTOR('',#2256,1.);
#1348=VECTOR('',#2257,1.);
#1349=VECTOR('',#2260,1.);
#1350=VECTOR('',#2261,1.);
#1351=VECTOR('',#2264,1.);
#1352=VECTOR('',#2265,1.);
#1353=VECTOR('',#2268,1.);
#1354=VECTOR('',#2269,1.);
#1355=VECTOR('',#2272,1.);
#1356=VECTOR('',#2273,1.);
#1357=VECTOR('',#2276,1.);
#1358=VECTOR('',#2279,1.);
#1359=VECTOR('',#2280,1.);
#1360=VECTOR('',#2281,1.);
#1361=VECTOR('',#2282,1.);
#1362=VECTOR('',#2283,1.);
#1363=VECTOR('',#2286,1.);
#1364=VECTOR('',#2287,1.);
#1365=VECTOR('',#2288,1.);
#1366=VECTOR('',#2289,1.);
#1367=VECTOR('',#2292,1.);
#1368=VECTOR('',#2295,1.);
#1369=VECTOR('',#2298,1.);
#1370=VECTOR('',#2327,1.);
#1371=VECTOR('',#2328,1.);
#1372=VECTOR('',#2331,1.);
#1373=VECTOR('',#2332,1.);
#1374=VECTOR('',#2335,1.);
#1375=VECTOR('',#2336,1.);
#1376=VECTOR('',#2339,1.);
#1377=VECTOR('',#2340,1.);
#1378=EDGE_LOOP('',(#44,#45,#46,#47));
#1379=EDGE_LOOP('',(#48));
#1380=EDGE_LOOP('',(#49));
#1381=EDGE_LOOP('',(#50,#51,#52,#53,#54,#55,#56,#57,#58,#59,#60,#61,#62,#63,#64,#65,#66,#67,#68,#69,#70,#71,#72,#73));
#1382=EDGE_LOOP('',(#74,#75,#76,#77));
#1383=EDGE_LOOP('',(#78));
#1384=EDGE_LOOP('',(#79));
#1385=EDGE_LOOP('',(#80,#81,#82,#83,#84,#85,#86,#87,#88,#89,#90,#91,#92,#93,#94,#95,#96,#97,#98,#99,#100,#101,#102,#103,#104,#105));
#1386=EDGE_LOOP('',(#106,#107,#108,#109));
#1387=EDGE_LOOP('',(#110,#111,#112,#113));
#1388=EDGE_LOOP('',(#114));
#1389=EDGE_LOOP('',(#115));
#1390=EDGE_LOOP('',(#116));
#1391=EDGE_LOOP('',(#117));
#1392=EDGE_LOOP('',(#118));
#1393=EDGE_LOOP('',(#119));
#1394=EDGE_LOOP('',(#120));
#1395=EDGE_LOOP('',(#121));
#1396=EDGE_LOOP('',(#122,#123,#124,#125));
#1397=EDGE_LOOP('',(#126,#127,#128,#129));
#1398=EDGE_LOOP('',(#130,#131,#132,#133));
#1399=EDGE_LOOP('',(#134,#135,#136,#137,#138,#139));
#1400=EDGE_LOOP('',(#140,#141,#142,#143));
#1401=EDGE_LOOP('',(#144,#145,#146,#147));
#1402=EDGE_LOOP('',(#148,#149,#150,#151));
#1403=EDGE_LOOP('',(#152,#153,#154,#155));
#1404=EDGE_LOOP('',(#156,#157,#158,#159));
#1405=EDGE_LOOP('',(#160,#161,#162,#163));
#1406=EDGE_LOOP('',(#164,#165,#166,#167));
#1407=EDGE_LOOP('',(#168,#169,#170,#171,#172,#173));
#1408=EDGE_LOOP('',(#174,#175,#176,#177));
#1409=EDGE_LOOP('',(#178,#179,#180,#181));
#1410=EDGE_LOOP('',(#182,#183,#184,#185,#186,#187,#188,#189));
#1411=EDGE_LOOP('',(#190,#191,#192,#193));
#1412=EDGE_LOOP('',(#194,#195,#196,#197));
#1413=EDGE_LOOP('',(#198,#199,#200,#201));
#1414=EDGE_LOOP('',(#202,#203,#204,#205));
#1415=EDGE_LOOP('',(#206,#207,#208,#209));
#1416=EDGE_LOOP('',(#210,#211,#212,#213));
#1417=EDGE_LOOP('',(#214,#215,#216,#217));
#1418=EDGE_LOOP('',(#218,#219,#220,#221,#222,#223,#224,#225));
#1419=EDGE_LOOP('',(#226,#227,#228,#229,#230,#231));
#1420=EDGE_LOOP('',(#232,#233,#234,#235,#236,#237,#238,#239));
#1421=EDGE_LOOP('',(#240,#241,#242,#243,#244,#245,#246,#247));
#1422=EDGE_LOOP('',(#248,#249,#250,#251));
#1423=EDGE_LOOP('',(#252,#253,#254,#255));
#1424=EDGE_LOOP('',(#256,#257,#258,#259));
#1425=EDGE_LOOP('',(#260,#261,#262,#263));
#1426=EDGE_LOOP('',(#264,#265,#266,#267));
#1427=EDGE_LOOP('',(#268,#269,#270,#271));
#1428=EDGE_LOOP('',(#272,#273,#274,#275));
#1429=EDGE_LOOP('',(#276,#277,#278,#279));
#1430=EDGE_LOOP('',(#280,#281,#282,#283,#284,#285,#286,#287,#288,#289,#290,#291));
#1431=EDGE_LOOP('',(#292,#293,#294,#295));
#1432=EDGE_LOOP('',(#296,#297,#298,#299,#300,#301,#302,#303));
#1433=EDGE_LOOP('',(#304,#305,#306,#307));
#1434=EDGE_LOOP('',(#308,#309,#310,#311));
#1435=EDGE_LOOP('',(#312,#313,#314,#315));
#1436=EDGE_LOOP('',(#316,#317,#318,#319));
#1437=EDGE_LOOP('',(#320,#321,#322,#323));
#1438=EDGE_LOOP('',(#324,#325,#326,#327,#328,#329,#330,#331));
#1439=EDGE_LOOP('',(#332,#333,#334,#335));
#1440=EDGE_LOOP('',(#336,#337,#338,#339));
#1441=EDGE_LOOP('',(#340,#341,#342,#343));
#1442=EDGE_LOOP('',(#344,#345,#346,#347));
#1443=EDGE_LOOP('',(#348,#349,#350,#351));
#1444=EDGE_LOOP('',(#352,#353,#354,#355));
#1445=EDGE_LOOP('',(#356,#357,#358,#359));
#1446=EDGE_LOOP('',(#360,#361,#362,#363));
#1447=EDGE_LOOP('',(#364,#365,#366,#367,#368,#369,#370,#371,#372,#373,#374,#375));
#1448=EDGE_LOOP('',(#376,#377,#378,#379,#380,#381));
#1449=EDGE_LOOP('',(#382,#383,#384,#385));
#1450=EDGE_LOOP('',(#386,#387,#388,#389));
#1451=EDGE_LOOP('',(#390,#391,#392,#393));
#1452=EDGE_LOOP('',(#394,#395,#396,#397,#398,#399,#400,#401,#402,#403));
#1453=EDGE_LOOP('',(#404,#405,#406,#407,#408,#409,#410,#411,#412,#413));
#1454=EDGE_LOOP('',(#414,#415,#416,#417,#418,#419,#420,#421,#422,#423));
#1455=EDGE_LOOP('',(#424,#425,#426,#427));
#1456=EDGE_LOOP('',(#428,#429,#430,#431,#432,#433,#434,#435,#436,#437));
#1457=EDGE_LOOP('',(#438));
#1458=EDGE_LOOP('',(#439,#440,#441,#442,#443,#444,#445,#446,#447,#448,#449,#450,#451,#452));
#1459=EDGE_LOOP('',(#453));
#1460=EDGE_LOOP('',(#454));
#1461=EDGE_LOOP('',(#455));
#1462=EDGE_LOOP('',(#456));
#1463=EDGE_LOOP('',(#457));
#1464=EDGE_LOOP('',(#458));
#1465=EDGE_LOOP('',(#459));
#1466=EDGE_LOOP('',(#460));
#1467=EDGE_LOOP('',(#461));
#1468=EDGE_LOOP('',(#462));
#1469=EDGE_LOOP('',(#463));
#1470=EDGE_LOOP('',(#464));
#1471=EDGE_LOOP('',(#465));
#1472=EDGE_LOOP('',(#466));
#1473=EDGE_LOOP('',(#467));
#1474=EDGE_LOOP('',(#468));
#1475=EDGE_LOOP('',(#469));
#1476=EDGE_LOOP('',(#470));
#1477=EDGE_LOOP('',(#471));
#1478=EDGE_LOOP('',(#472,#473,#474,#475));
#1479=EDGE_LOOP('',(#476,#477,#478,#479));
#1480=EDGE_LOOP('',(#480,#481,#482,#483));
#1481=EDGE_LOOP('',(#484,#485,#486,#487));
#1482=EDGE_LOOP('',(#488,#489,#490,#491));
#1483=EDGE_LOOP('',(#492,#493,#494,#495));
#1484=EDGE_LOOP('',(#496,#497,#498,#499));
#1485=EDGE_LOOP('',(#500,#501,#502,#503));
#1486=EDGE_LOOP('',(#504,#505,#506,#507));
#1487=EDGE_LOOP('',(#508,#509,#510,#511));
#1488=EDGE_LOOP('',(#512,#513,#514,#515));
#1489=EDGE_LOOP('',(#516,#517,#518,#519));
#1490=EDGE_LOOP('',(#520));
#1491=EDGE_LOOP('',(#521));
#1492=EDGE_LOOP('',(#522));
#1493=EDGE_LOOP('',(#523));
#1494=EDGE_LOOP('',(#524));
#1495=EDGE_LOOP('',(#525));
#1496=EDGE_LOOP('',(#526));
#1497=EDGE_LOOP('',(#527));
#1498=FACE_BOUND('',#1378,.T.);
#1499=FACE_BOUND('',#1379,.T.);
#1500=FACE_BOUND('',#1380,.T.);
#1501=FACE_BOUND('',#1381,.T.);
#1502=FACE_BOUND('',#1382,.T.);
#1503=FACE_BOUND('',#1383,.T.);
#1504=FACE_BOUND('',#1384,.T.);
#1505=FACE_BOUND('',#1385,.T.);
#1506=FACE_BOUND('',#1386,.T.);
#1507=FACE_BOUND('',#1387,.T.);
#1508=FACE_BOUND('',#1388,.T.);
#1509=FACE_BOUND('',#1389,.T.);
#1510=FACE_BOUND('',#1390,.T.);
#1511=FACE_BOUND('',#1391,.T.);
#1512=FACE_BOUND('',#1392,.T.);
#1513=FACE_BOUND('',#1393,.T.);
#1514=FACE_BOUND('',#1394,.T.);
#1515=FACE_BOUND('',#1395,.T.);
#1516=FACE_BOUND('',#1396,.T.);
#1517=FACE_BOUND('',#1397,.T.);
#1518=FACE_BOUND('',#1398,.T.);
#1519=FACE_BOUND('',#1399,.T.);
#1520=FACE_BOUND('',#1400,.T.);
#1521=FACE_BOUND('',#1401,.T.);
#1522=FACE_BOUND('',#1402,.T.);
#1523=FACE_BOUND('',#1403,.T.);
#1524=FACE_BOUND('',#1404,.T.);
#1525=FACE_BOUND('',#1405,.T.);
#1526=FACE_BOUND('',#1406,.T.);
#1527=FACE_BOUND('',#1407,.T.);
#1528=FACE_BOUND('',#1408,.T.);
#1529=FACE_BOUND('',#1409,.T.);
#1530=FACE_BOUND('',#1410,.T.);
#1531=FACE_BOUND('',#1411,.T.);
#1532=FACE_BOUND('',#1412,.T.);
#1533=FACE_BOUND('',#1413,.T.);
#1534=FACE_BOUND('',#1414,.T.);
#1535=FACE_BOUND('',#1415,.T.);
#1536=FACE_BOUND('',#1416,.T.);
#1537=FACE_BOUND('',#1417,.T.);
#1538=FACE_BOUND('',#1418,.T.);
#1539=FACE_BOUND('',#1419,.T.);
#1540=FACE_BOUND('',#1420,.T.);
#1541=FACE_BOUND('',#1421,.T.);
#1542=FACE_BOUND('',#1422,.T.);
#1543=FACE_BOUND('',#1423,.T.);
#1544=FACE_BOUND('',#1424,.T.);
#1545=FACE_BOUND('',#1425,.T.);
#1546=FACE_BOUND('',#1426,.T.);
#1547=FACE_BOUND('',#1427,.T.);
#1548=FACE_BOUND('',#1428,.T.);
#1549=FACE_BOUND('',#1429,.T.);
#1550=FACE_BOUND('',#1430,.T.);
#1551=FACE_BOUND('',#1431,.T.);
#1552=FACE_BOUND('',#1432,.T.);
#1553=FACE_BOUND('',#1433,.T.);
#1554=FACE_BOUND('',#1434,.T.);
#1555=FACE_BOUND('',#1435,.T.);
#1556=FACE_BOUND('',#1436,.T.);
#1557=FACE_BOUND('',#1437,.T.);
#1558=FACE_BOUND('',#1438,.T.);
#1559=FACE_BOUND('',#1439,.T.);
#1560=FACE_BOUND('',#1440,.T.);
#1561=FACE_BOUND('',#1441,.T.);
#1562=FACE_BOUND('',#1442,.T.);
#1563=FACE_BOUND('',#1443,.T.);
#1564=FACE_BOUND('',#1444,.T.);
#1565=FACE_BOUND('',#1445,.T.);
#1566=FACE_BOUND('',#1446,.T.);
#1567=FACE_BOUND('',#1447,.T.);
#1568=FACE_BOUND('',#1448,.T.);
#1569=FACE_BOUND('',#1449,.T.);
#1570=FACE_BOUND('',#1450,.T.);
#1571=FACE_BOUND('',#1451,.T.);
#1572=FACE_BOUND('',#1452,.T.);
#1573=FACE_BOUND('',#1453,.T.);
#1574=FACE_BOUND('',#1454,.T.);
#1575=FACE_BOUND('',#1455,.T.);
#1576=FACE_BOUND('',#1456,.T.);
#1577=FACE_BOUND('',#1457,.T.);
#1578=FACE_BOUND('',#1458,.T.);
#1579=FACE_BOUND('',#1459,.T.);
#1580=FACE_BOUND('',#1460,.T.);
#1581=FACE_BOUND('',#1461,.T.);
#1582=FACE_BOUND('',#1462,.T.);
#1583=FACE_BOUND('',#1463,.T.);
#1584=FACE_BOUND('',#1464,.T.);
#1585=FACE_BOUND('',#1465,.T.);
#1586=FACE_BOUND('',#1466,.T.);
#1587=FACE_BOUND('',#1467,.T.);
#1588=FACE_BOUND('',#1468,.T.);
#1589=FACE_BOUND('',#1469,.T.);
#1590=FACE_BOUND('',#1470,.T.);
#1591=FACE_BOUND('',#1471,.T.);
#1592=FACE_BOUND('',#1472,.T.);
#1593=FACE_BOUND('',#1473,.T.);
#1594=FACE_BOUND('',#1474,.T.);
#1595=FACE_BOUND('',#1475,.T.);
#1596=FACE_BOUND('',#1476,.T.);
#1597=FACE_BOUND('',#1477,.T.);
#1598=FACE_BOUND('',#1478,.T.);
#1599=FACE_BOUND('',#1479,.T.);
#1600=FACE_BOUND('',#1480,.T.);
#1601=FACE_BOUND('',#1481,.T.);
#1602=FACE_BOUND('',#1482,.T.);
#1603=FACE_BOUND('',#1483,.T.);
#1604=FACE_BOUND('',#1484,.T.);
#1605=FACE_BOUND('',#1485,.T.);
#1606=FACE_BOUND('',#1486,.T.);
#1607=FACE_BOUND('',#1487,.T.);
#1608=FACE_BOUND('',#1488,.T.);
#1609=FACE_BOUND('',#1489,.T.);
#1610=FACE_BOUND('',#1490,.T.);
#1611=FACE_BOUND('',#1491,.T.);
#1612=FACE_BOUND('',#1492,.T.);
#1613=FACE_BOUND('',#1493,.T.);
#1614=FACE_BOUND('',#1494,.T.);
#1615=FACE_BOUND('',#1495,.T.);
#1616=FACE_BOUND('',#1496,.T.);
#1617=FACE_BOUND('',#1497,.T.);
#1618=PLANE('',#1815);
#1619=PLANE('',#1816);
#1620=PLANE('',#1819);
#1621=PLANE('',#1820);
#1622=PLANE('',#1823);
#1623=PLANE('',#1824);
#1624=PLANE('',#1837);
#1625=PLANE('',#1838);
#1626=PLANE('',#1839);
#1627=PLANE('',#1840);
#1628=PLANE('',#1841);
#1629=PLANE('',#1842);
#1630=PLANE('',#1843);
#1631=PLANE('',#1844);
#1632=PLANE('',#1845);
#1633=PLANE('',#1846);
#1634=PLANE('',#1847);
#1635=PLANE('',#1848);
#1636=PLANE('',#1849);
#1637=PLANE('',#1850);
#1638=PLANE('',#1851);
#1639=PLANE('',#1852);
#1640=PLANE('',#1853);
#1641=PLANE('',#1854);
#1642=PLANE('',#1855);
#1643=PLANE('',#1856);
#1644=PLANE('',#1857);
#1645=PLANE('',#1858);
#1646=PLANE('',#1859);
#1647=PLANE('',#1860);
#1648=PLANE('',#1861);
#1649=PLANE('',#1862);
#1650=PLANE('',#1863);
#1651=PLANE('',#1864);
#1652=PLANE('',#1865);
#1653=PLANE('',#1866);
#1654=PLANE('',#1867);
#1655=PLANE('',#1868);
#1656=PLANE('',#1869);
#1657=PLANE('',#1870);
#1658=PLANE('',#1871);
#1659=PLANE('',#1872);
#1660=PLANE('',#1873);
#1661=PLANE('',#1874);
#1662=PLANE('',#1875);
#1663=PLANE('',#1876);
#1664=PLANE('',#1877);
#1665=PLANE('',#1878);
#1666=PLANE('',#1879);
#1667=PLANE('',#1880);
#1668=PLANE('',#1881);
#1669=PLANE('',#1882);
#1670=PLANE('',#1883);
#1671=PLANE('',#1884);
#1672=PLANE('',#1885);
#1673=PLANE('',#1886);
#1674=PLANE('',#1887);
#1675=PLANE('',#1888);
#1676=PLANE('',#1889);
#1677=PLANE('',#1890);
#1678=PLANE('',#1891);
#1679=PLANE('',#1892);
#1680=PLANE('',#1893);
#1681=PLANE('',#1896);
#1682=PLANE('',#1899);
#1683=PLANE('',#1902);
#1684=PLANE('',#1905);
#1685=PLANE('',#1906);
#1686=PLANE('',#1907);
#1687=PLANE('',#1908);
#1688=PLANE('',#1909);
#1689=PLANE('',#1910);
#1690=PLANE('',#1911);
#1691=PLANE('',#1912);
#1692=PLANE('',#1913);
#1693=PLANE('',#1914);
#1694=PLANE('',#1915);
#1695=PLANE('',#1916);
#1696=PLANE('',#1917);
#1697=PLANE('',#1925);
#1698=PLANE('',#1926);
#1699=ADVANCED_FACE('',(#1498),#1618,.T.);
#1700=ADVANCED_FACE('',(#1499,#1500,#1501),#1619,.T.);
#1701=ADVANCED_FACE('',(#1502),#1620,.T.);
#1702=ADVANCED_FACE('',(#1503,#1504,#1505),#1621,.T.);
#1703=ADVANCED_FACE('',(#1506),#1622,.T.);
#1704=ADVANCED_FACE('',(#1507),#1623,.T.);
#1705=ADVANCED_FACE('',(#1508,#1509),#14,.F.);
#1706=ADVANCED_FACE('',(#1510,#1511),#15,.F.);
#1707=ADVANCED_FACE('',(#1512,#1513),#16,.F.);
#1708=ADVANCED_FACE('',(#1514,#1515),#17,.F.);
#1709=ADVANCED_FACE('',(#1516),#1624,.T.);
#1710=ADVANCED_FACE('',(#1517),#1625,.T.);
#1711=ADVANCED_FACE('',(#1518),#1626,.F.);
#1712=ADVANCED_FACE('',(#1519),#1627,.T.);
#1713=ADVANCED_FACE('',(#1520),#1628,.T.);
#1714=ADVANCED_FACE('',(#1521),#1629,.F.);
#1715=ADVANCED_FACE('',(#1522),#1630,.F.);
#1716=ADVANCED_FACE('',(#1523),#1631,.F.);
#1717=ADVANCED_FACE('',(#1524),#1632,.T.);
#1718=ADVANCED_FACE('',(#1525),#1633,.T.);
#1719=ADVANCED_FACE('',(#1526),#1634,.F.);
#1720=ADVANCED_FACE('',(#1527),#1635,.T.);
#1721=ADVANCED_FACE('',(#1528),#1636,.T.);
#1722=ADVANCED_FACE('',(#1529),#1637,.F.);
#1723=ADVANCED_FACE('',(#1530),#1638,.T.);
#1724=ADVANCED_FACE('',(#1531),#1639,.F.);
#1725=ADVANCED_FACE('',(#1532),#1640,.F.);
#1726=ADVANCED_FACE('',(#1533),#1641,.F.);
#1727=ADVANCED_FACE('',(#1534),#1642,.T.);
#1728=ADVANCED_FACE('',(#1535),#1643,.T.);
#1729=ADVANCED_FACE('',(#1536),#1644,.F.);
#1730=ADVANCED_FACE('',(#1537),#1645,.T.);
#1731=ADVANCED_FACE('',(#1538),#1646,.T.);
#1732=ADVANCED_FACE('',(#1539),#1647,.F.);
#1733=ADVANCED_FACE('',(#1540),#1648,.F.);
#1734=ADVANCED_FACE('',(#1541),#1649,.T.);
#1735=ADVANCED_FACE('',(#1542),#1650,.T.);
#1736=ADVANCED_FACE('',(#1543),#1651,.T.);
#1737=ADVANCED_FACE('',(#1544),#1652,.F.);
#1738=ADVANCED_FACE('',(#1545),#1653,.F.);
#1739=ADVANCED_FACE('',(#1546),#1654,.F.);
#1740=ADVANCED_FACE('',(#1547),#1655,.T.);
#1741=ADVANCED_FACE('',(#1548),#1656,.T.);
#1742=ADVANCED_FACE('',(#1549),#1657,.T.);
#1743=ADVANCED_FACE('',(#1550),#1658,.F.);
#1744=ADVANCED_FACE('',(#1551),#1659,.T.);
#1745=ADVANCED_FACE('',(#1552),#1660,.T.);
#1746=ADVANCED_FACE('',(#1553),#1661,.F.);
#1747=ADVANCED_FACE('',(#1554),#1662,.F.);
#1748=ADVANCED_FACE('',(#1555),#1663,.F.);
#1749=ADVANCED_FACE('',(#1556),#1664,.T.);
#1750=ADVANCED_FACE('',(#1557),#1665,.T.);
#1751=ADVANCED_FACE('',(#1558),#1666,.T.);
#1752=ADVANCED_FACE('',(#1559),#1667,.F.);
#1753=ADVANCED_FACE('',(#1560),#1668,.T.);
#1754=ADVANCED_FACE('',(#1561),#1669,.F.);
#1755=ADVANCED_FACE('',(#1562),#1670,.F.);
#1756=ADVANCED_FACE('',(#1563),#1671,.F.);
#1757=ADVANCED_FACE('',(#1564),#1672,.T.);
#1758=ADVANCED_FACE('',(#1565),#1673,.T.);
#1759=ADVANCED_FACE('',(#1566),#1674,.F.);
#1760=ADVANCED_FACE('',(#1567),#1675,.T.);
#1761=ADVANCED_FACE('',(#1568),#1676,.T.);
#1762=ADVANCED_FACE('',(#1569),#1677,.F.);
#1763=ADVANCED_FACE('',(#1570),#1678,.F.);
#1764=ADVANCED_FACE('',(#1571),#1679,.F.);
#1765=ADVANCED_FACE('',(#1572,#1573,#1574,#1575,#1576,#1577,#1578,#1579,#1580,#1581),#1680,.F.);
#1766=ADVANCED_FACE('',(#1582,#1583),#18,.F.);
#1767=ADVANCED_FACE('',(#1584,#1585),#1681,.T.);
#1768=ADVANCED_FACE('',(#1586,#1587),#19,.F.);
#1769=ADVANCED_FACE('',(#1588,#1589),#1682,.T.);
#1770=ADVANCED_FACE('',(#1590,#1591),#20,.F.);
#1771=ADVANCED_FACE('',(#1592,#1593),#1683,.T.);
#1772=ADVANCED_FACE('',(#1594,#1595),#21,.F.);
#1773=ADVANCED_FACE('',(#1596,#1597),#1684,.T.);
#1774=ADVANCED_FACE('',(#1598),#1685,.T.);
#1775=ADVANCED_FACE('',(#1599),#1686,.T.);
#1776=ADVANCED_FACE('',(#1600),#1687,.T.);
#1777=ADVANCED_FACE('',(#1601),#1688,.T.);
#1778=ADVANCED_FACE('',(#1602),#1689,.T.);
#1779=ADVANCED_FACE('',(#1603),#1690,.F.);
#1780=ADVANCED_FACE('',(#1604),#1691,.F.);
#1781=ADVANCED_FACE('',(#1605),#1692,.F.);
#1782=ADVANCED_FACE('',(#1606),#1693,.F.);
#1783=ADVANCED_FACE('',(#1607),#1694,.T.);
#1784=ADVANCED_FACE('',(#1608),#1695,.T.);
#1785=ADVANCED_FACE('',(#1609),#1696,.F.);
#1786=ADVANCED_FACE('',(#1610,#1611),#22,.F.);
#1787=ADVANCED_FACE('',(#1612,#1613),#23,.T.);
#1788=ADVANCED_FACE('',(#1614,#1615),#1697,.T.);
#1789=ADVANCED_FACE('',(#1616,#1617),#1698,.F.);
#1790=CLOSED_SHELL('',(#1699,#1700,#1701,#1702,#1703,#1704,#1705,#1706,#1707,#1708,#1709,#1710,#1711,#1712,#1713,#1714,#1715,#1716,#1717,#1718,#1719,#1720,#1721,#1722,#1723,#1724,#1725,#1726,#1727,#1728,#1729,#1730,#1731,#1732,#1733,#1734,#1735,#1736,#1737,#1738,#1739,#1740,#1741,#1742,#1743,#1744,#1745,#1746,#1747,#1748,#1749,#1750,#1751,#1752,#1753,#1754,#1755,#1756,#1757,#1758,#1759,#1760,#1761,#1762,#1763,#1764,#1765,#1766,#1767,#1768,#1769,#1770,#1771,#1772,#1773,#1774,#1775,#1776,#1777,#1778,#1779,#1780,#1781,#1782,#1783,#1784,#1785));
#1791=CLOSED_SHELL('',(#1786,#1787,#1788,#1789));
#1792=STYLED_ITEM('',(#1794),#1808);
#1793=STYLED_ITEM('',(#1795),#1809);
#1794=PRESENTATION_STYLE_ASSIGNMENT((#1796));
#1795=PRESENTATION_STYLE_ASSIGNMENT((#1797));
#1796=SURFACE_STYLE_USAGE(.BOTH.,#1798);
#1797=SURFACE_STYLE_USAGE(.BOTH.,#1799);
#1798=SURFACE_SIDE_STYLE('',(#1800));
#1799=SURFACE_SIDE_STYLE('',(#1801));
#1800=SURFACE_STYLE_FILL_AREA(#1802);
#1801=SURFACE_STYLE_FILL_AREA(#1803);
#1802=FILL_AREA_STYLE('',(#1804));
#1803=FILL_AREA_STYLE('',(#1805));
#1804=FILL_AREA_STYLE_COLOUR('',#1806);
#1805=FILL_AREA_STYLE_COLOUR('',#1807);
#1806=COLOUR_RGB('',0.231372549019608,0.380392156862745,0.705882352941177);
#1807=COLOUR_RGB('',0.498039215686275,0.498039215686275,0.498039215686275);
#1808=MANIFOLD_SOLID_BREP('Part 75',#1790);
#1809=MANIFOLD_SOLID_BREP('Part 3',#1791);
#1810=SHAPE_DEFINITION_REPRESENTATION(#2886,#1812);
#1811=SHAPE_DEFINITION_REPRESENTATION(#2887,#1813);
#1812=SHAPE_REPRESENTATION('Part 75',(#1814),#2876);
#1813=SHAPE_REPRESENTATION('Part 3',(#1918),#2877);
#1814=AXIS2_PLACEMENT_3D('',#2375,#1927,#1928);
#1815=AXIS2_PLACEMENT_3D('',#2376,#1929,#1930);
#1816=AXIS2_PLACEMENT_3D('',#2385,#1935,#1936);
#1817=AXIS2_PLACEMENT_3D('',#2386,#1937,#1938);
#1818=AXIS2_PLACEMENT_3D('',#2388,#1939,#1940);
#1819=AXIS2_PLACEMENT_3D('',#2438,#1965,#1966);
#1820=AXIS2_PLACEMENT_3D('',#2447,#1971,#1972);
#1821=AXIS2_PLACEMENT_3D('',#2448,#1973,#1974);
#1822=AXIS2_PLACEMENT_3D('',#2450,#1975,#1976);
#1823=AXIS2_PLACEMENT_3D('',#2504,#2003,#2004);
#1824=AXIS2_PLACEMENT_3D('',#2513,#2009,#2010);
#1825=AXIS2_PLACEMENT_3D('',#2522,#2015,#2016);
#1826=AXIS2_PLACEMENT_3D('',#2523,#2017,#2018);
#1827=AXIS2_PLACEMENT_3D('',#2525,#2019,#2020);
#1828=AXIS2_PLACEMENT_3D('',#2527,#2021,#2022);
#1829=AXIS2_PLACEMENT_3D('',#2528,#2023,#2024);
#1830=AXIS2_PLACEMENT_3D('',#2530,#2025,#2026);
#1831=AXIS2_PLACEMENT_3D('',#2532,#2027,#2028);
#1832=AXIS2_PLACEMENT_3D('',#2533,#2029,#2030);
#1833=AXIS2_PLACEMENT_3D('',#2535,#2031,#2032);
#1834=AXIS2_PLACEMENT_3D('',#2537,#2033,#2034);
#1835=AXIS2_PLACEMENT_3D('',#2538,#2035,#2036);
#1836=AXIS2_PLACEMENT_3D('',#2540,#2037,#2038);
#1837=AXIS2_PLACEMENT_3D('',#2542,#2039,#2040);
#1838=AXIS2_PLACEMENT_3D('',#2548,#2044,#2045);
#1839=AXIS2_PLACEMENT_3D('',#2552,#2048,#2049);
#1840=AXIS2_PLACEMENT_3D('',#2556,#2052,#2053);
#1841=AXIS2_PLACEMENT_3D('',#2561,#2057,#2058);
#1842=AXIS2_PLACEMENT_3D('',#2565,#2061,#2062);
#1843=AXIS2_PLACEMENT_3D('',#2569,#2065,#2066);
#1844=AXIS2_PLACEMENT_3D('',#2573,#2069,#2070);
#1845=AXIS2_PLACEMENT_3D('',#2577,#2073,#2074);
#1846=AXIS2_PLACEMENT_3D('',#2581,#2077,#2078);
#1847=AXIS2_PLACEMENT_3D('',#2585,#2081,#2082);
#1848=AXIS2_PLACEMENT_3D('',#2589,#2085,#2086);
#1849=AXIS2_PLACEMENT_3D('',#2594,#2090,#2091);
#1850=AXIS2_PLACEMENT_3D('',#2598,#2094,#2095);
#1851=AXIS2_PLACEMENT_3D('',#2604,#2099,#2100);
#1852=AXIS2_PLACEMENT_3D('',#2613,#2106,#2107);
#1853=AXIS2_PLACEMENT_3D('',#2617,#2110,#2111);
#1854=AXIS2_PLACEMENT_3D('',#2621,#2114,#2115);
#1855=AXIS2_PLACEMENT_3D('',#2625,#2118,#2119);
#1856=AXIS2_PLACEMENT_3D('',#2629,#2122,#2123);
#1857=AXIS2_PLACEMENT_3D('',#2633,#2126,#2127);
#1858=AXIS2_PLACEMENT_3D('',#2637,#2130,#2131);
#1859=AXIS2_PLACEMENT_3D('',#2641,#2134,#2135);
#1860=AXIS2_PLACEMENT_3D('',#2652,#2142,#2143);
#1861=AXIS2_PLACEMENT_3D('',#2662,#2149,#2150);
#1862=AXIS2_PLACEMENT_3D('',#2670,#2156,#2157);
#1863=AXIS2_PLACEMENT_3D('',#2681,#2164,#2165);
#1864=AXIS2_PLACEMENT_3D('',#2685,#2168,#2169);
#1865=AXIS2_PLACEMENT_3D('',#2691,#2173,#2174);
#1866=AXIS2_PLACEMENT_3D('',#2695,#2177,#2178);
#1867=AXIS2_PLACEMENT_3D('',#2699,#2181,#2182);
#1868=AXIS2_PLACEMENT_3D('',#2703,#2185,#2186);
#1869=AXIS2_PLACEMENT_3D('',#2707,#2189,#2190);
#1870=AXIS2_PLACEMENT_3D('',#2711,#2193,#2194);
#1871=AXIS2_PLACEMENT_3D('',#2717,#2198,#2199);
#1872=AXIS2_PLACEMENT_3D('',#2731,#2208,#2209);
#1873=AXIS2_PLACEMENT_3D('',#2735,#2212,#2213);
#1874=AXIS2_PLACEMENT_3D('',#2744,#2219,#2220);
#1875=AXIS2_PLACEMENT_3D('',#2748,#2223,#2224);
#1876=AXIS2_PLACEMENT_3D('',#2752,#2227,#2228);
#1877=AXIS2_PLACEMENT_3D('',#2756,#2231,#2232);
#1878=AXIS2_PLACEMENT_3D('',#2760,#2235,#2236);
#1879=AXIS2_PLACEMENT_3D('',#2764,#2239,#2240);
#1880=AXIS2_PLACEMENT_3D('',#2775,#2247,#2248);
#1881=AXIS2_PLACEMENT_3D('',#2777,#2250,#2251);
#1882=AXIS2_PLACEMENT_3D('',#2781,#2254,#2255);
#1883=AXIS2_PLACEMENT_3D('',#2785,#2258,#2259);
#1884=AXIS2_PLACEMENT_3D('',#2789,#2262,#2263);
#1885=AXIS2_PLACEMENT_3D('',#2793,#2266,#2267);
#1886=AXIS2_PLACEMENT_3D('',#2797,#2270,#2271);
#1887=AXIS2_PLACEMENT_3D('',#2801,#2274,#2275);
#1888=AXIS2_PLACEMENT_3D('',#2803,#2277,#2278);
#1889=AXIS2_PLACEMENT_3D('',#2811,#2284,#2285);
#1890=AXIS2_PLACEMENT_3D('',#2818,#2290,#2291);
#1891=AXIS2_PLACEMENT_3D('',#2820,#2293,#2294);
#1892=AXIS2_PLACEMENT_3D('',#2822,#2296,#2297);
#1893=AXIS2_PLACEMENT_3D('',#2824,#2299,#2300);
#1894=AXIS2_PLACEMENT_3D('',#2825,#2301,#2302);
#1895=AXIS2_PLACEMENT_3D('',#2826,#2303,#2304);
#1896=AXIS2_PLACEMENT_3D('',#2828,#2305,#2306);
#1897=AXIS2_PLACEMENT_3D('',#2829,#2307,#2308);
#1898=AXIS2_PLACEMENT_3D('',#2830,#2309,#2310);
#1899=AXIS2_PLACEMENT_3D('',#2832,#2311,#2312);
#1900=AXIS2_PLACEMENT_3D('',#2833,#2313,#2314);
#1901=AXIS2_PLACEMENT_3D('',#2834,#2315,#2316);
#1902=AXIS2_PLACEMENT_3D('',#2836,#2317,#2318);
#1903=AXIS2_PLACEMENT_3D('',#2837,#2319,#2320);
#1904=AXIS2_PLACEMENT_3D('',#2838,#2321,#2322);
#1905=AXIS2_PLACEMENT_3D('',#2840,#2323,#2324);
#1906=AXIS2_PLACEMENT_3D('',#2841,#2325,#2326);
#1907=AXIS2_PLACEMENT_3D('',#2844,#2329,#2330);
#1908=AXIS2_PLACEMENT_3D('',#2847,#2333,#2334);
#1909=AXIS2_PLACEMENT_3D('',#2850,#2337,#2338);
#1910=AXIS2_PLACEMENT_3D('',#2853,#2341,#2342);
#1911=AXIS2_PLACEMENT_3D('',#2854,#2343,#2344);
#1912=AXIS2_PLACEMENT_3D('',#2855,#2345,#2346);
#1913=AXIS2_PLACEMENT_3D('',#2856,#2347,#2348);
#1914=AXIS2_PLACEMENT_3D('',#2857,#2349,#2350);
#1915=AXIS2_PLACEMENT_3D('',#2858,#2351,#2352);
#1916=AXIS2_PLACEMENT_3D('',#2859,#2353,#2354);
#1917=AXIS2_PLACEMENT_3D('',#2860,#2355,#2356);
#1918=AXIS2_PLACEMENT_3D('',#2861,#2357,#2358);
#1919=AXIS2_PLACEMENT_3D('',#2862,#2359,#2360);
#1920=AXIS2_PLACEMENT_3D('',#2863,#2361,#2362);
#1921=AXIS2_PLACEMENT_3D('',#2865,#2363,#2364);
#1922=AXIS2_PLACEMENT_3D('',#2867,#2365,#2366);
#1923=AXIS2_PLACEMENT_3D('',#2868,#2367,#2368);
#1924=AXIS2_PLACEMENT_3D('',#2870,#2369,#2370);
#1925=AXIS2_PLACEMENT_3D('',#2872,#2371,#2372);
#1926=AXIS2_PLACEMENT_3D('',#2873,#2373,#2374);
#1927=DIRECTION('',(0.,0.,1.));
#1928=DIRECTION('',(1.,0.,0.));
#1929=DIRECTION('',(0.,0.,-1.));
#1930=DIRECTION('',(1.,0.,0.));
#1931=DIRECTION('',(1.,0.,0.));
#1932=DIRECTION('',(0.,1.,0.));
#1933=DIRECTION('',(1.,0.,0.));
#1934=DIRECTION('',(0.,1.,0.));
#1935=DIRECTION('',(0.,0.,-1.));
#1936=DIRECTION('',(1.,0.,0.));
#1937=DIRECTION('',(0.,0.,-1.));
#1938=DIRECTION('',(-1.,0.,0.));
#1939=DIRECTION('',(0.,0.,-1.));
#1940=DIRECTION('',(-1.,0.,0.));
#1941=DIRECTION('',(1.,-5.42101086242752E-17,0.));
#1942=DIRECTION('',(0.,1.,0.));
#1943=DIRECTION('',(-1.,5.42101086242752E-17,0.));
#1944=DIRECTION('',(0.,1.,0.));
#1945=DIRECTION('',(-1.,0.,0.));
#1946=DIRECTION('',(0.,1.,0.));
#1947=DIRECTION('',(-1.,0.,0.));
#1948=DIRECTION('',(0.,1.,0.));
#1949=DIRECTION('',(1.,0.,0.));
#1950=DIRECTION('',(0.,-1.,0.));
#1951=DIRECTION('',(1.,0.,0.));
#1952=DIRECTION('',(0.,1.,0.));
#1953=DIRECTION('',(-1.,0.,0.));
#1954=DIRECTION('',(0.,1.,0.));
#1955=DIRECTION('',(-1.,0.,0.));
#1956=DIRECTION('',(0.,-1.,0.));
#1957=DIRECTION('',(-1.,0.,0.));
#1958=DIRECTION('',(0.,1.,0.));
#1959=DIRECTION('',(-1.,3.85494105772624E-16,0.));
#1960=DIRECTION('',(0.,-1.,0.));
#1961=DIRECTION('',(-1.,0.,0.));
#1962=DIRECTION('',(0.,-1.,0.));
#1963=DIRECTION('',(-1.,0.,0.));
#1964=DIRECTION('',(3.85099367297704E-16,1.,0.));
#1965=DIRECTION('',(0.,0.,-1.));
#1966=DIRECTION('',(1.,0.,0.));
#1967=DIRECTION('',(1.,0.,0.));
#1968=DIRECTION('',(0.,1.,0.));
#1969=DIRECTION('',(1.,0.,0.));
#1970=DIRECTION('',(0.,-1.,0.));
#1971=DIRECTION('',(0.,0.,-1.));
#1972=DIRECTION('',(1.,0.,0.));
#1973=DIRECTION('',(0.,0.,-1.));
#1974=DIRECTION('',(-1.,0.,0.));
#1975=DIRECTION('',(0.,0.,-1.));
#1976=DIRECTION('',(-1.,0.,0.));
#1977=DIRECTION('',(1.,0.,0.));
#1978=DIRECTION('',(0.,1.,0.));
#1979=DIRECTION('',(1.,0.,0.));
#1980=DIRECTION('',(-2.17090774668138E-16,1.,0.));
#1981=DIRECTION('',(1.,0.,0.));
#1982=DIRECTION('',(0.,1.,0.));
#1983=DIRECTION('',(1.,2.16840434497101E-16,0.));
#1984=DIRECTION('',(0.,-1.,0.));
#1985=DIRECTION('',(-1.,-5.42101086242752E-17,0.));
#1986=DIRECTION('',(0.,-1.,0.));
#1987=DIRECTION('',(1.,5.42101086242752E-17,0.));
#1988=DIRECTION('',(0.,-1.,0.));
#1989=DIRECTION('',(1.,2.17090774668138E-16,0.));
#1990=DIRECTION('',(0.,-1.,0.));
#1991=DIRECTION('',(1.,0.,0.));
#1992=DIRECTION('',(2.16840434497102E-16,-1.,0.));
#1993=DIRECTION('',(-1.,0.,0.));
#1994=DIRECTION('',(0.,1.,0.));
#1995=DIRECTION('',(-1.,0.,0.));
#1996=DIRECTION('',(2.16840434497101E-16,-1.,0.));
#1997=DIRECTION('',(1.,2.17090774668138E-16,0.));
#1998=DIRECTION('',(0.,1.,0.));
#1999=DIRECTION('',(1.,2.37187943191557E-16,0.));
#2000=DIRECTION('',(0.,-1.,0.));
#2001=DIRECTION('',(1.,2.16840434497101E-16,0.));
#2002=DIRECTION('',(-2.17090774668138E-16,1.,0.));
#2003=DIRECTION('',(0.,0.,-1.));
#2004=DIRECTION('',(1.,0.,0.));
#2005=DIRECTION('',(1.,0.,0.));
#2006=DIRECTION('',(0.,1.,0.));
#2007=DIRECTION('',(1.,0.,0.));
#2008=DIRECTION('',(0.,-1.,0.));
#2009=DIRECTION('',(0.,0.,-1.));
#2010=DIRECTION('',(1.,0.,0.));
#2011=DIRECTION('',(1.,0.,0.));
#2012=DIRECTION('',(0.,1.,0.));
#2013=DIRECTION('',(1.,0.,0.));
#2014=DIRECTION('',(0.,-1.,0.));
#2015=DIRECTION('',(0.,0.,1.));
#2016=DIRECTION('',(1.,0.,0.));
#2017=DIRECTION('',(0.,0.,-1.));
#2018=DIRECTION('',(-1.,0.,0.));
#2019=DIRECTION('',(0.,0.,-1.));
#2020=DIRECTION('',(-1.,0.,0.));
#2021=DIRECTION('',(0.,0.,1.));
#2022=DIRECTION('',(1.,0.,0.));
#2023=DIRECTION('',(0.,0.,-1.));
#2024=DIRECTION('',(-1.,0.,0.));
#2025=DIRECTION('',(0.,0.,-1.));
#2026=DIRECTION('',(-1.,0.,0.));
#2027=DIRECTION('',(0.,0.,1.));
#2028=DIRECTION('',(1.,0.,0.));
#2029=DIRECTION('',(0.,0.,-1.));
#2030=DIRECTION('',(-1.,0.,0.));
#2031=DIRECTION('',(0.,0.,-1.));
#2032=DIRECTION('',(-1.,0.,0.));
#2033=DIRECTION('',(0.,0.,1.));
#2034=DIRECTION('',(1.,0.,0.));
#2035=DIRECTION('',(0.,0.,-1.));
#2036=DIRECTION('',(-1.,0.,0.));
#2037=DIRECTION('',(0.,0.,-1.));
#2038=DIRECTION('',(-1.,0.,0.));
#2039=DIRECTION('',(1.,0.,0.));
#2040=DIRECTION('',(0.,0.,-1.));
#2041=DIRECTION('',(0.,1.,0.));
#2042=DIRECTION('',(0.,0.,1.));
#2043=DIRECTION('',(0.,0.,1.));
#2044=DIRECTION('',(0.,1.,0.));
#2045=DIRECTION('',(0.,0.,1.));
#2046=DIRECTION('',(-1.,0.,0.));
#2047=DIRECTION('',(0.,0.,1.));
#2048=DIRECTION('',(-1.,0.,0.));
#2049=DIRECTION('',(0.,0.,1.));
#2050=DIRECTION('',(0.,-1.,0.));
#2051=DIRECTION('',(0.,0.,1.));
#2052=DIRECTION('',(0.,1.,0.));
#2053=DIRECTION('',(0.,0.,1.));
#2054=DIRECTION('',(-1.,0.,0.));
#2055=DIRECTION('',(-1.,0.,0.));
#2056=DIRECTION('',(0.,0.,1.));
#2057=DIRECTION('',(-1.,-2.16840434497101E-16,0.));
#2058=DIRECTION('',(2.16840434497101E-16,-1.,0.));
#2059=DIRECTION('',(2.16840434497101E-16,-1.,0.));
#2060=DIRECTION('',(0.,0.,1.));
#2061=DIRECTION('',(2.17090774668138E-16,-1.,0.));
#2062=DIRECTION('',(1.,2.17090774668138E-16,0.));
#2063=DIRECTION('',(1.,2.17090774668138E-16,0.));
#2064=DIRECTION('',(0.,0.,1.));
#2065=DIRECTION('',(-1.,0.,0.));
#2066=DIRECTION('',(0.,0.,1.));
#2067=DIRECTION('',(0.,1.,0.));
#2068=DIRECTION('',(0.,0.,1.));
#2069=DIRECTION('',(2.37187943191557E-16,-1.,0.));
#2070=DIRECTION('',(1.,2.37187943191557E-16,0.));
#2071=DIRECTION('',(1.,2.37187943191557E-16,0.));
#2072=DIRECTION('',(0.,0.,1.));
#2073=DIRECTION('',(-1.,0.,0.));
#2074=DIRECTION('',(0.,0.,1.));
#2075=DIRECTION('',(0.,-1.,0.));
#2076=DIRECTION('',(0.,0.,1.));
#2077=DIRECTION('',(2.16840434497101E-16,-1.,0.));
#2078=DIRECTION('',(1.,2.16840434497101E-16,0.));
#2079=DIRECTION('',(1.,2.16840434497101E-16,0.));
#2080=DIRECTION('',(0.,0.,1.));
#2081=DIRECTION('',(1.,2.17090774668138E-16,0.));
#2082=DIRECTION('',(-2.17090774668138E-16,1.,0.));
#2083=DIRECTION('',(-2.17090774668138E-16,1.,0.));
#2084=DIRECTION('',(0.,0.,1.));
#2085=DIRECTION('',(0.,-1.,0.));
#2086=DIRECTION('',(0.,0.,-1.));
#2087=DIRECTION('',(1.,0.,0.));
#2088=DIRECTION('',(1.,0.,0.));
#2089=DIRECTION('',(0.,0.,1.));
#2090=DIRECTION('',(1.,0.,0.));
#2091=DIRECTION('',(0.,0.,-1.));
#2092=DIRECTION('',(0.,1.,0.));
#2093=DIRECTION('',(0.,0.,1.));
#2094=DIRECTION('',(0.,-1.,0.));
#2095=DIRECTION('',(0.,0.,-1.));
#2096=DIRECTION('',(1.,0.,0.));
#2097=DIRECTION('',(0.,0.,1.));
#2098=DIRECTION('',(0.,0.,1.));
#2099=DIRECTION('',(-1.,1.35525271560688E-16,0.));
#2100=DIRECTION('',(-1.35525271560688E-16,-1.,0.));
#2101=DIRECTION('',(9.58308385427109E-17,0.707106781186548,0.707106781186548));
#2102=DIRECTION('',(0.,1.,0.));
#2103=DIRECTION('',(9.58308385427109E-17,0.707106781186548,-0.707106781186548));
#2104=DIRECTION('',(-1.35525271560688E-16,-1.,0.));
#2105=DIRECTION('',(0.,0.,1.));
#2106=DIRECTION('',(3.85494105772624E-16,1.,0.));
#2107=DIRECTION('',(-1.,3.85494105772624E-16,0.));
#2108=DIRECTION('',(-1.,3.85494105772624E-16,0.));
#2109=DIRECTION('',(0.,0.,1.));
#2110=DIRECTION('',(-1.,0.,0.));
#2111=DIRECTION('',(0.,0.,1.));
#2112=DIRECTION('',(0.,-1.,0.));
#2113=DIRECTION('',(0.,0.,1.));
#2114=DIRECTION('',(0.,1.,0.));
#2115=DIRECTION('',(0.,0.,1.));
#2116=DIRECTION('',(-1.,0.,0.));
#2117=DIRECTION('',(0.,0.,1.));
#2118=DIRECTION('',(-1.,0.,0.));
#2119=DIRECTION('',(0.,0.,1.));
#2120=DIRECTION('',(0.,-1.,0.));
#2121=DIRECTION('',(0.,0.,1.));
#2122=DIRECTION('',(0.,1.,0.));
#2123=DIRECTION('',(0.,0.,1.));
#2124=DIRECTION('',(-1.,0.,0.));
#2125=DIRECTION('',(0.,0.,1.));
#2126=DIRECTION('',(1.,-3.85099367297704E-16,0.));
#2127=DIRECTION('',(3.85099367297704E-16,1.,0.));
#2128=DIRECTION('',(3.85099367297704E-16,1.,0.));
#2129=DIRECTION('',(0.,0.,1.));
#2130=DIRECTION('',(-5.42101086242752E-17,-1.,0.));
#2131=DIRECTION('',(1.,-5.42101086242752E-17,0.));
#2132=DIRECTION('',(1.,-5.42101086242752E-17,0.));
#2133=DIRECTION('',(0.,0.,1.));
#2134=DIRECTION('',(0.,-1.,0.));
#2135=DIRECTION('',(0.,0.,-1.));
#2136=DIRECTION('',(1.,0.,0.));
#2137=DIRECTION('',(1.,0.,0.));
#2138=DIRECTION('',(0.,0.,1.));
#2139=DIRECTION('',(1.,0.,0.));
#2140=DIRECTION('',(0.,0.,1.));
#2141=DIRECTION('',(1.,0.,0.));
#2142=DIRECTION('',(1.,0.,0.));
#2143=DIRECTION('',(0.,0.,-1.));
#2144=DIRECTION('',(0.,0.,1.));
#2145=DIRECTION('',(0.,-0.707106781186548,-0.707106781186548));
#2146=DIRECTION('',(0.,1.,0.));
#2147=DIRECTION('',(0.,0.707106781186548,-0.707106781186548));
#2148=DIRECTION('',(0.,1.,0.));
#2149=DIRECTION('',(0.,-1.,0.));
#2150=DIRECTION('',(0.,0.,-1.));
#2151=DIRECTION('',(-1.,0.,0.));
#2152=DIRECTION('',(-1.,0.,0.));
#2153=DIRECTION('',(1.,0.,0.));
#2154=DIRECTION('',(0.,0.,1.));
#2155=DIRECTION('',(-1.,0.,0.));
#2156=DIRECTION('',(-1.,0.,0.));
#2157=DIRECTION('',(0.,0.,1.));
#2158=DIRECTION('',(0.,-0.707106781186548,-0.707106781186548));
#2159=DIRECTION('',(0.,-1.,0.));
#2160=DIRECTION('',(0.,0.707106781186548,-0.707106781186548));
#2161=DIRECTION('',(0.,0.,1.));
#2162=DIRECTION('',(0.,-1.,0.));
#2163=DIRECTION('',(0.,0.,1.));
#2164=DIRECTION('',(0.,-1.,0.));
#2165=DIRECTION('',(0.,0.,-1.));
#2166=DIRECTION('',(1.,0.,0.));
#2167=DIRECTION('',(0.,0.,1.));
#2168=DIRECTION('',(5.42101086242752E-17,1.,0.));
#2169=DIRECTION('',(-1.,5.42101086242752E-17,0.));
#2170=DIRECTION('',(-1.,5.42101086242752E-17,0.));
#2171=DIRECTION('',(0.,0.,1.));
#2172=DIRECTION('',(0.,0.,1.));
#2173=DIRECTION('',(1.,0.,0.));
#2174=DIRECTION('',(0.,0.,-1.));
#2175=DIRECTION('',(0.,1.,0.));
#2176=DIRECTION('',(0.,0.,1.));
#2177=DIRECTION('',(0.,1.,0.));
#2178=DIRECTION('',(0.,0.,1.));
#2179=DIRECTION('',(-1.,0.,0.));
#2180=DIRECTION('',(0.,0.,1.));
#2181=DIRECTION('',(1.,0.,0.));
#2182=DIRECTION('',(0.,0.,-1.));
#2183=DIRECTION('',(0.,1.,0.));
#2184=DIRECTION('',(0.,0.,1.));
#2185=DIRECTION('',(0.,1.,0.));
#2186=DIRECTION('',(0.,0.,1.));
#2187=DIRECTION('',(-1.,0.,0.));
#2188=DIRECTION('',(0.,0.,1.));
#2189=DIRECTION('',(1.,0.,0.));
#2190=DIRECTION('',(0.,0.,-1.));
#2191=DIRECTION('',(0.,1.,0.));
#2192=DIRECTION('',(0.,0.,1.));
#2193=DIRECTION('',(-5.42101086242752E-17,1.,0.));
#2194=DIRECTION('',(-1.,-5.42101086242752E-17,0.));
#2195=DIRECTION('',(-1.,-5.42101086242752E-17,0.));
#2196=DIRECTION('',(0.,0.,1.));
#2197=DIRECTION('',(0.,0.,1.));
#2198=DIRECTION('',(1.,0.,0.));
#2199=DIRECTION('',(0.,0.,-1.));
#2200=DIRECTION('',(0.,-1.,0.));
#2201=DIRECTION('',(0.,0.707106781186548,-0.707106781186548));
#2202=DIRECTION('',(0.,0.,1.));
#2203=DIRECTION('',(0.,1.,0.));
#2204=DIRECTION('',(0.,0.,1.));
#2205=DIRECTION('',(0.,1.,0.));
#2206=DIRECTION('',(0.,0.,1.));
#2207=DIRECTION('',(0.,-0.707106781186548,-0.707106781186548));
#2208=DIRECTION('',(0.,-1.,0.));
#2209=DIRECTION('',(0.,0.,-1.));
#2210=DIRECTION('',(1.,0.,0.));
#2211=DIRECTION('',(0.,0.,1.));
#2212=DIRECTION('',(1.,0.,0.));
#2213=DIRECTION('',(0.,0.,-1.));
#2214=DIRECTION('',(0.,1.,0.));
#2215=DIRECTION('',(0.,0.707106781186548,0.707106781186548));
#2216=DIRECTION('',(0.,1.,0.));
#2217=DIRECTION('',(0.,0.,1.));
#2218=DIRECTION('',(0.,-0.707106781186548,0.707106781186548));
#2219=DIRECTION('',(0.,-1.,0.));
#2220=DIRECTION('',(0.,0.,-1.));
#2221=DIRECTION('',(1.,0.,0.));
#2222=DIRECTION('',(0.,0.,1.));
#2223=DIRECTION('',(1.,2.17090774668138E-16,0.));
#2224=DIRECTION('',(-2.17090774668138E-16,1.,0.));
#2225=DIRECTION('',(-2.17090774668138E-16,1.,0.));
#2226=DIRECTION('',(0.,0.,1.));
#2227=DIRECTION('',(0.,-1.,0.));
#2228=DIRECTION('',(0.,0.,-1.));
#2229=DIRECTION('',(1.,0.,0.));
#2230=DIRECTION('',(0.,0.,1.));
#2231=DIRECTION('',(1.,0.,0.));
#2232=DIRECTION('',(0.,0.,-1.));
#2233=DIRECTION('',(0.,1.,0.));
#2234=DIRECTION('',(0.,0.,1.));
#2235=DIRECTION('',(2.16840434497101E-16,-1.,0.));
#2236=DIRECTION('',(1.,2.16840434497101E-16,0.));
#2237=DIRECTION('',(1.,2.16840434497101E-16,0.));
#2238=DIRECTION('',(0.,0.,1.));
#2239=DIRECTION('',(1.,-1.0842021724855E-16,0.));
#2240=DIRECTION('',(1.0842021724855E-16,1.,0.));
#2241=DIRECTION('',(0.,1.,0.));
#2242=DIRECTION('',(-7.66646708341687E-17,-0.707106781186548,-0.707106781186548));
#2243=DIRECTION('',(0.,0.,1.));
#2244=DIRECTION('',(1.0842021724855E-16,1.,0.));
#2245=DIRECTION('',(0.,0.,1.));
#2246=DIRECTION('',(-7.66646708341687E-17,-0.707106781186548,0.707106781186548));
#2247=DIRECTION('',(0.,-1.,0.));
#2248=DIRECTION('',(0.,0.,-1.));
#2249=DIRECTION('',(1.,0.,0.));
#2250=DIRECTION('',(5.42101086242752E-17,-1.,0.));
#2251=DIRECTION('',(1.,5.42101086242752E-17,0.));
#2252=DIRECTION('',(1.,5.42101086242752E-17,0.));
#2253=DIRECTION('',(0.,0.,1.));
#2254=DIRECTION('',(-1.,0.,0.));
#2255=DIRECTION('',(0.,0.,1.));
#2256=DIRECTION('',(0.,-1.,0.));
#2257=DIRECTION('',(0.,0.,1.));
#2258=DIRECTION('',(2.17090774668138E-16,-1.,0.));
#2259=DIRECTION('',(1.,2.17090774668138E-16,0.));
#2260=DIRECTION('',(1.,2.17090774668138E-16,0.));
#2261=DIRECTION('',(0.,0.,1.));
#2262=DIRECTION('',(-1.,0.,0.));
#2263=DIRECTION('',(0.,0.,1.));
#2264=DIRECTION('',(0.,-1.,0.));
#2265=DIRECTION('',(0.,0.,1.));
#2266=DIRECTION('',(0.,-1.,0.));
#2267=DIRECTION('',(0.,0.,-1.));
#2268=DIRECTION('',(1.,0.,0.));
#2269=DIRECTION('',(0.,0.,1.));
#2270=DIRECTION('',(-1.,-2.16840434497102E-16,0.));
#2271=DIRECTION('',(2.16840434497102E-16,-1.,0.));
#2272=DIRECTION('',(2.16840434497102E-16,-1.,0.));
#2273=DIRECTION('',(0.,0.,1.));
#2274=DIRECTION('',(0.,1.,0.));
#2275=DIRECTION('',(0.,0.,1.));
#2276=DIRECTION('',(-1.,0.,0.));
#2277=DIRECTION('',(1.,0.,0.));
#2278=DIRECTION('',(0.,0.,-1.));
#2279=DIRECTION('',(0.,1.,0.));
#2280=DIRECTION('',(0.,0.707106781186548,0.707106781186548));
#2281=DIRECTION('',(0.,1.,0.));
#2282=DIRECTION('',(0.,1.,0.));
#2283=DIRECTION('',(0.,-0.707106781186548,0.707106781186548));
#2284=DIRECTION('',(1.,0.,0.));
#2285=DIRECTION('',(0.,0.,-1.));
#2286=DIRECTION('',(0.,-0.707106781186548,0.707106781186548));
#2287=DIRECTION('',(0.,1.,0.));
#2288=DIRECTION('',(0.,0.707106781186548,0.707106781186548));
#2289=DIRECTION('',(0.,1.,0.));
#2290=DIRECTION('',(0.,-1.,0.));
#2291=DIRECTION('',(0.,0.,-1.));
#2292=DIRECTION('',(1.,0.,0.));
#2293=DIRECTION('',(-1.,0.,0.));
#2294=DIRECTION('',(0.,0.,1.));
#2295=DIRECTION('',(0.,-1.,0.));
#2296=DIRECTION('',(0.,1.,0.));
#2297=DIRECTION('',(0.,0.,1.));
#2298=DIRECTION('',(-1.,0.,0.));
#2299=DIRECTION('',(0.,0.,-1.));
#2300=DIRECTION('',(1.,0.,0.));
#2301=DIRECTION('',(0.,0.,-1.));
#2302=DIRECTION('',(-1.,0.,0.));
#2303=DIRECTION('',(0.,0.,-1.));
#2304=DIRECTION('',(-1.,0.,0.));
#2305=DIRECTION('',(0.,0.,-1.));
#2306=DIRECTION('',(1.,0.,0.));
#2307=DIRECTION('',(0.,0.,-1.));
#2308=DIRECTION('',(-1.,0.,0.));
#2309=DIRECTION('',(0.,0.,-1.));
#2310=DIRECTION('',(-1.,0.,0.));
#2311=DIRECTION('',(0.,0.,-1.));
#2312=DIRECTION('',(1.,0.,0.));
#2313=DIRECTION('',(0.,0.,-1.));
#2314=DIRECTION('',(-1.,0.,0.));
#2315=DIRECTION('',(0.,0.,-1.));
#2316=DIRECTION('',(-1.,0.,0.));
#2317=DIRECTION('',(0.,0.,-1.));
#2318=DIRECTION('',(1.,0.,0.));
#2319=DIRECTION('',(0.,0.,-1.));
#2320=DIRECTION('',(-1.,0.,0.));
#2321=DIRECTION('',(0.,0.,-1.));
#2322=DIRECTION('',(-1.,0.,0.));
#2323=DIRECTION('',(0.,0.,-1.));
#2324=DIRECTION('',(1.,0.,0.));
#2325=DIRECTION('',(0.,0.,-1.));
#2326=DIRECTION('',(1.,0.,0.));
#2327=DIRECTION('',(-1.,0.,0.));
#2328=DIRECTION('',(1.,0.,0.));
#2329=DIRECTION('',(0.,0.,-1.));
#2330=DIRECTION('',(1.,0.,0.));
#2331=DIRECTION('',(1.,0.,0.));
#2332=DIRECTION('',(-1.,0.,0.));
#2333=DIRECTION('',(0.,0.,-1.));
#2334=DIRECTION('',(1.,0.,0.));
#2335=DIRECTION('',(1.,0.,0.));
#2336=DIRECTION('',(-1.,0.,0.));
#2337=DIRECTION('',(0.,0.,-1.));
#2338=DIRECTION('',(1.,0.,0.));
#2339=DIRECTION('',(1.,0.,0.));
#2340=DIRECTION('',(-1.,0.,0.));
#2341=DIRECTION('',(0.,0.707106781186548,-0.707106781186547));
#2342=DIRECTION('',(-1.,0.,0.));
#2343=DIRECTION('',(0.,0.707106781186548,0.707106781186548));
#2344=DIRECTION('',(1.,0.,0.));
#2345=DIRECTION('',(0.,-0.707106781186548,0.707106781186548));
#2346=DIRECTION('',(-1.,0.,0.));
#2347=DIRECTION('',(0.,0.707106781186548,0.707106781186547));
#2348=DIRECTION('',(1.,0.,0.));
#2349=DIRECTION('',(0.,0.707106781186548,0.707106781186547));
#2350=DIRECTION('',(1.,0.,0.));
#2351=DIRECTION('',(0.,0.707106781186548,-0.707106781186547));
#2352=DIRECTION('',(-1.,0.,0.));
#2353=DIRECTION('',(0.,0.707106781186548,-0.707106781186547));
#2354=DIRECTION('',(-1.,0.,0.));
#2355=DIRECTION('',(0.,0.707106781186548,0.707106781186547));
#2356=DIRECTION('',(1.,0.,0.));
#2357=DIRECTION('',(0.,0.,1.));
#2358=DIRECTION('',(1.,0.,0.));
#2359=DIRECTION('',(0.,0.,-1.));
#2360=DIRECTION('',(-1.,0.,0.));
#2361=DIRECTION('',(0.,0.,1.));
#2362=DIRECTION('',(1.,0.,0.));
#2363=DIRECTION('',(0.,0.,1.));
#2364=DIRECTION('',(1.,0.,0.));
#2365=DIRECTION('',(0.,0.,-1.));
#2366=DIRECTION('',(-1.,0.,0.));
#2367=DIRECTION('',(0.,0.,1.));
#2368=DIRECTION('',(1.,0.,0.));
#2369=DIRECTION('',(0.,0.,1.));
#2370=DIRECTION('',(1.,0.,0.));
#2371=DIRECTION('',(0.,0.,1.));
#2372=DIRECTION('',(1.,0.,0.));
#2373=DIRECTION('',(0.,0.,1.));
#2374=DIRECTION('',(1.,0.,0.));
#2375=CARTESIAN_POINT('',(0.,0.,0.));
#2376=CARTESIAN_POINT('',(0.,3.46944695195361E-18,-0.003));
#2377=CARTESIAN_POINT('',(0.,-0.01725,-0.003));
#2378=CARTESIAN_POINT('',(-0.01525,-0.01725,-0.003));
#2379=CARTESIAN_POINT('',(-0.001,-0.01725,-0.003));
#2380=CARTESIAN_POINT('',(-0.01525,3.46944695195361E-18,-0.003));
#2381=CARTESIAN_POINT('',(-0.01525,-0.01525,-0.003));
#2382=CARTESIAN_POINT('',(-0.008125,-0.01525,-0.003));
#2383=CARTESIAN_POINT('',(-0.001,-0.01525,-0.003));
#2384=CARTESIAN_POINT('',(-0.001,-0.01125,-0.003));
#2385=CARTESIAN_POINT('',(0.,3.46944695195361E-18,-0.003));
#2386=CARTESIAN_POINT('',(-0.00625,0.00625,-0.003));
#2387=CARTESIAN_POINT('',(-0.0085,0.00625,-0.003));
#2388=CARTESIAN_POINT('',(-0.00625,-0.00625,-0.003));
#2389=CARTESIAN_POINT('',(-0.0085,-0.00625,-0.003));
#2390=CARTESIAN_POINT('',(-0.01125,-0.001,-0.003));
#2391=CARTESIAN_POINT('',(-0.01525,-0.001,-0.003));
#2392=CARTESIAN_POINT('',(-0.00725,-0.001,-0.003));
#2393=CARTESIAN_POINT('',(-0.01525,3.46944695195361E-18,-0.003));
#2394=CARTESIAN_POINT('',(-0.01525,0.001,-0.003));
#2395=CARTESIAN_POINT('',(-0.01125,0.001,-0.003));
#2396=CARTESIAN_POINT('',(-0.00725,0.001,-0.003));
#2397=CARTESIAN_POINT('',(-0.00725,0.002125,-0.003));
#2398=CARTESIAN_POINT('',(-0.00725,0.00325,-0.003));
#2399=CARTESIAN_POINT('',(-0.00824884684104417,0.00325,-0.003));
#2400=CARTESIAN_POINT('',(-0.00924769368208833,0.00325,-0.003));
#2401=CARTESIAN_POINT('',(-0.00924769368208833,0.00780880601237904,-0.003));
#2402=CARTESIAN_POINT('',(-0.00924769368208833,0.00925,-0.003));
#2403=CARTESIAN_POINT('',(-0.00475115315895583,0.00925,-0.003));
#2404=CARTESIAN_POINT('',(-0.00325230631791166,0.00925,-0.003));
#2405=CARTESIAN_POINT('',(-0.00325230631791166,0.00825,-0.003));
#2406=CARTESIAN_POINT('',(-0.00325230631791166,0.00725,-0.003));
#2407=CARTESIAN_POINT('',(-0.00212615315895583,0.00725,-0.003));
#2408=CARTESIAN_POINT('',(-0.001,0.00725,-0.003));
#2409=CARTESIAN_POINT('',(-0.001,0.01125,-0.003));
#2410=CARTESIAN_POINT('',(-0.001,0.00525,-0.003));
#2411=CARTESIAN_POINT('',(-1.15315895583357E-06,0.00525,-0.003));
#2412=CARTESIAN_POINT('',(-0.00325230631791166,0.00525,-0.003));
#2413=CARTESIAN_POINT('',(-0.00325230631791166,0.00425,-0.003));
#2414=CARTESIAN_POINT('',(-0.00325230631791166,0.00325,-0.003));
#2415=CARTESIAN_POINT('',(-0.00425115315895584,0.00325,-0.003));
#2416=CARTESIAN_POINT('',(-0.00525,0.00325,-0.003));
#2417=CARTESIAN_POINT('',(-0.00525,-1.15315895583314E-06,-0.003));
#2418=CARTESIAN_POINT('',(-0.00525,-0.00325230631791166,-0.003));
#2419=CARTESIAN_POINT('',(-0.00425,-0.00325230631791166,-0.003));
#2420=CARTESIAN_POINT('',(-0.00325,-0.00325230631791166,-0.003));
#2421=CARTESIAN_POINT('',(-0.00325,-0.00425115315895584,-0.003));
#2422=CARTESIAN_POINT('',(-0.00325,-0.00525,-0.003));
#2423=CARTESIAN_POINT('',(1.15315895583357E-06,-0.00525,-0.003));
#2424=CARTESIAN_POINT('',(-0.001,-0.00525,-0.003));
#2425=CARTESIAN_POINT('',(-0.001,-0.01125,-0.003));
#2426=CARTESIAN_POINT('',(-0.001,-0.00725,-0.003));
#2427=CARTESIAN_POINT('',(-0.002125,-0.00725,-0.003));
#2428=CARTESIAN_POINT('',(-0.00325,-0.00725,-0.003));
#2429=CARTESIAN_POINT('',(-0.00325,-0.00824884684104417,-0.003));
#2430=CARTESIAN_POINT('',(-0.00325,-0.00924769368208833,-0.003));
#2431=CARTESIAN_POINT('',(-0.00780880601237903,-0.00924769368208833,-0.003));
#2432=CARTESIAN_POINT('',(-0.00925,-0.00924769368208833,-0.003));
#2433=CARTESIAN_POINT('',(-0.00925,-0.00774884684104417,-0.003));
#2434=CARTESIAN_POINT('',(-0.00925,-0.00325230631791166,-0.003));
#2435=CARTESIAN_POINT('',(-0.00825,-0.00325230631791166,-0.003));
#2436=CARTESIAN_POINT('',(-0.00725,-0.00325230631791166,-0.003));
#2437=CARTESIAN_POINT('',(-0.00725,-0.00212615315895583,-0.003));
#2438=CARTESIAN_POINT('',(0.,3.46944695195361E-18,-0.003));
#2439=CARTESIAN_POINT('',(-0.008125,0.01525,-0.003));
#2440=CARTESIAN_POINT('',(-0.01525,0.01525,-0.003));
#2441=CARTESIAN_POINT('',(-0.001,0.01525,-0.003));
#2442=CARTESIAN_POINT('',(-0.01525,3.46944695195361E-18,-0.003));
#2443=CARTESIAN_POINT('',(-0.01525,0.01725,-0.003));
#2444=CARTESIAN_POINT('',(0.,0.01725,-0.003));
#2445=CARTESIAN_POINT('',(-0.001,0.01725,-0.003));
#2446=CARTESIAN_POINT('',(-0.001,0.01125,-0.003));
#2447=CARTESIAN_POINT('',(0.,3.46944695195361E-18,-0.003));
#2448=CARTESIAN_POINT('',(0.00625,-0.00625,-0.003));
#2449=CARTESIAN_POINT('',(0.004,-0.00625,-0.003));
#2450=CARTESIAN_POINT('',(0.00625,0.00625,-0.003));
#2451=CARTESIAN_POINT('',(0.004,0.00625,-0.003));
#2452=CARTESIAN_POINT('',(-1.15315895583357E-06,0.00525,-0.003));
#2453=CARTESIAN_POINT('',(0.001,0.00525,-0.003));
#2454=CARTESIAN_POINT('',(0.00325,0.00525,-0.003));
#2455=CARTESIAN_POINT('',(0.001,0.01125,-0.003));
#2456=CARTESIAN_POINT('',(0.001,0.00725,-0.003));
#2457=CARTESIAN_POINT('',(0.002125,0.00725,-0.003));
#2458=CARTESIAN_POINT('',(0.00325,0.00725,-0.003));
#2459=CARTESIAN_POINT('',(0.00325,0.00824884684104417,-0.003));
#2460=CARTESIAN_POINT('',(0.00325,0.00924769368208833,-0.003));
#2461=CARTESIAN_POINT('',(0.00469119398762096,0.00924769368208833,-0.003));
#2462=CARTESIAN_POINT('',(0.00925,0.00924769368208834,-0.003));
#2463=CARTESIAN_POINT('',(0.00925,0.00774884684104417,-0.003));
#2464=CARTESIAN_POINT('',(0.00925,0.00325230631791166,-0.003));
#2465=CARTESIAN_POINT('',(0.00825,0.00325230631791166,-0.003));
#2466=CARTESIAN_POINT('',(0.00725,0.00325230631791166,-0.003));
#2467=CARTESIAN_POINT('',(0.00725,0.00212615315895583,-0.003));
#2468=CARTESIAN_POINT('',(0.00725,0.001,-0.003));
#2469=CARTESIAN_POINT('',(0.01125,0.001,-0.003));
#2470=CARTESIAN_POINT('',(0.01525,0.001,-0.003));
#2471=CARTESIAN_POINT('',(0.01525,3.46944695195361E-18,-0.003));
#2472=CARTESIAN_POINT('',(0.01525,-0.001,-0.003));
#2473=CARTESIAN_POINT('',(0.01125,-0.001,-0.003));
#2474=CARTESIAN_POINT('',(0.00725,-0.001,-0.003));
#2475=CARTESIAN_POINT('',(0.00725,-0.002125,-0.003));
#2476=CARTESIAN_POINT('',(0.00725,-0.00325,-0.003));
#2477=CARTESIAN_POINT('',(0.00824884684104417,-0.00325,-0.003));
#2478=CARTESIAN_POINT('',(0.00924769368208834,-0.00325,-0.003));
#2479=CARTESIAN_POINT('',(0.00924769368208834,-0.007808806012379,-0.003));
#2480=CARTESIAN_POINT('',(0.00924769368208834,-0.00925,-0.003));
#2481=CARTESIAN_POINT('',(0.00774884684104417,-0.00925,-0.003));
#2482=CARTESIAN_POINT('',(0.00325230631791166,-0.00925,-0.003));
#2483=CARTESIAN_POINT('',(0.00325230631791166,-0.00825,-0.003));
#2484=CARTESIAN_POINT('',(0.00325230631791166,-0.00725,-0.003));
#2485=CARTESIAN_POINT('',(0.00212615315895583,-0.00725,-0.003));
#2486=CARTESIAN_POINT('',(0.001,-0.00725,-0.003));
#2487=CARTESIAN_POINT('',(0.001,-0.01125,-0.003));
#2488=CARTESIAN_POINT('',(0.001,-0.00525,-0.003));
#2489=CARTESIAN_POINT('',(1.15315895583357E-06,-0.00525,-0.003));
#2490=CARTESIAN_POINT('',(0.00325230631791166,-0.00525,-0.003));
#2491=CARTESIAN_POINT('',(0.00325230631791166,-0.00425,-0.003));
#2492=CARTESIAN_POINT('',(0.00325230631791166,-0.00325,-0.003));
#2493=CARTESIAN_POINT('',(0.00425115315895583,-0.00325,-0.003));
#2494=CARTESIAN_POINT('',(0.0052,-0.00325,-0.003));
#2495=CARTESIAN_POINT('',(0.0052,-0.0038,-0.003));
#2496=CARTESIAN_POINT('',(0.0052,-0.00342157287525381,-0.003));
#2497=CARTESIAN_POINT('',(0.00433578643762691,-0.00342157287525381,-0.003));
#2498=CARTESIAN_POINT('',(0.00525,-0.00342157287525381,-0.003));
#2499=CARTESIAN_POINT('',(0.00525,1.153158955834E-06,-0.003));
#2500=CARTESIAN_POINT('',(0.00525,0.00325230631791166,-0.003));
#2501=CARTESIAN_POINT('',(0.00425,0.00325230631791166,-0.003));
#2502=CARTESIAN_POINT('',(0.00325,0.00325230631791166,-0.003));
#2503=CARTESIAN_POINT('',(0.00325,0.00425115315895583,-0.003));
#2504=CARTESIAN_POINT('',(0.,3.46944695195361E-18,-0.003));
#2505=CARTESIAN_POINT('',(0.008125,0.01525,-0.003));
#2506=CARTESIAN_POINT('',(0.001,0.01525,-0.003));
#2507=CARTESIAN_POINT('',(0.01525,0.01525,-0.003));
#2508=CARTESIAN_POINT('',(0.001,0.01125,-0.003));
#2509=CARTESIAN_POINT('',(0.001,0.01725,-0.003));
#2510=CARTESIAN_POINT('',(0.,0.01725,-0.003));
#2511=CARTESIAN_POINT('',(0.01525,0.01725,-0.003));
#2512=CARTESIAN_POINT('',(0.01525,3.46944695195361E-18,-0.003));
#2513=CARTESIAN_POINT('',(0.,3.46944695195361E-18,-0.003));
#2514=CARTESIAN_POINT('',(0.,-0.01725,-0.003));
#2515=CARTESIAN_POINT('',(0.001,-0.01725,-0.003));
#2516=CARTESIAN_POINT('',(0.01525,-0.01725,-0.003));
#2517=CARTESIAN_POINT('',(0.001,-0.01125,-0.003));
#2518=CARTESIAN_POINT('',(0.001,-0.01525,-0.003));
#2519=CARTESIAN_POINT('',(0.008125,-0.01525,-0.003));
#2520=CARTESIAN_POINT('',(0.01525,-0.01525,-0.003));
#2521=CARTESIAN_POINT('',(0.01525,3.46944695195361E-18,-0.003));
#2522=CARTESIAN_POINT('',(0.00625,-0.00625,-0.003));
#2523=CARTESIAN_POINT('',(0.00625,-0.00625,0.));
#2524=CARTESIAN_POINT('',(0.00515,-0.00625,0.));
#2525=CARTESIAN_POINT('',(0.00625,-0.00625,-0.0008));
#2526=CARTESIAN_POINT('',(0.00515,-0.00625,-0.0008));
#2527=CARTESIAN_POINT('',(-0.00625,0.00625,-0.003));
#2528=CARTESIAN_POINT('',(-0.00625,0.00625,0.));
#2529=CARTESIAN_POINT('',(-0.00735,0.00625,0.));
#2530=CARTESIAN_POINT('',(-0.00625,0.00625,-0.0008));
#2531=CARTESIAN_POINT('',(-0.00735,0.00625,-0.0008));
#2532=CARTESIAN_POINT('',(-0.00625,-0.00625,-0.003));
#2533=CARTESIAN_POINT('',(-0.00625,-0.00625,0.));
#2534=CARTESIAN_POINT('',(-0.00735,-0.00625,0.));
#2535=CARTESIAN_POINT('',(-0.00625,-0.00625,-0.0008));
#2536=CARTESIAN_POINT('',(-0.00735,-0.00625,-0.0008));
#2537=CARTESIAN_POINT('',(0.00625,0.00625,-0.003));
#2538=CARTESIAN_POINT('',(0.00625,0.00625,0.));
#2539=CARTESIAN_POINT('',(0.00515,0.00625,0.));
#2540=CARTESIAN_POINT('',(0.00625,0.00625,-0.0008));
#2541=CARTESIAN_POINT('',(0.00515,0.00625,-0.0008));
#2542=CARTESIAN_POINT('',(-0.00525,-1.15315895583314E-06,-0.003));
#2543=CARTESIAN_POINT('',(-0.00525,-1.15315895583314E-06,0.));
#2544=CARTESIAN_POINT('',(-0.00525,-0.00325230631791166,0.));
#2545=CARTESIAN_POINT('',(-0.00525,0.00325,0.));
#2546=CARTESIAN_POINT('',(-0.00525,-0.00325230631791166,-0.003));
#2547=CARTESIAN_POINT('',(-0.00525,0.00325,-0.003));
#2548=CARTESIAN_POINT('',(-0.00425,-0.00325230631791166,-0.003));
#2549=CARTESIAN_POINT('',(-0.00425,-0.00325230631791166,0.));
#2550=CARTESIAN_POINT('',(-0.00325,-0.00325230631791166,0.));
#2551=CARTESIAN_POINT('',(-0.00325,-0.00325230631791166,-0.003));
#2552=CARTESIAN_POINT('',(-0.00325,-0.00425115315895584,-0.003));
#2553=CARTESIAN_POINT('',(-0.00325,-0.00425115315895584,0.));
#2554=CARTESIAN_POINT('',(-0.00325,-0.00525,0.));
#2555=CARTESIAN_POINT('',(-0.00325,-0.00525,-0.003));
#2556=CARTESIAN_POINT('',(1.15315895583357E-06,-0.00525,-0.003));
#2557=CARTESIAN_POINT('',(1.15315895583357E-06,-0.00525,-0.003));
#2558=CARTESIAN_POINT('',(1.15315895583357E-06,-0.00525,0.));
#2559=CARTESIAN_POINT('',(0.00325230631791166,-0.00525,0.));
#2560=CARTESIAN_POINT('',(0.00325230631791166,-0.00525,-0.003));
#2561=CARTESIAN_POINT('',(0.00325230631791166,-0.00425,-0.003));
#2562=CARTESIAN_POINT('',(0.00325230631791166,-0.00425,0.));
#2563=CARTESIAN_POINT('',(0.00325230631791166,-0.00325,0.));
#2564=CARTESIAN_POINT('',(0.00325230631791166,-0.00325,-0.003));
#2565=CARTESIAN_POINT('',(0.00425115315895583,-0.00325,-0.003));
#2566=CARTESIAN_POINT('',(0.00425115315895583,-0.00325,0.));
#2567=CARTESIAN_POINT('',(0.0052,-0.00325,0.));
#2568=CARTESIAN_POINT('',(0.0052,-0.00325,-0.003));
#2569=CARTESIAN_POINT('',(0.0052,-0.0038,-0.003));
#2570=CARTESIAN_POINT('',(0.0052,-0.0038,0.));
#2571=CARTESIAN_POINT('',(0.0052,-0.00342157287525381,0.));
#2572=CARTESIAN_POINT('',(0.0052,-0.00342157287525381,-0.003));
#2573=CARTESIAN_POINT('',(0.00433578643762691,-0.00342157287525381,-0.003));
#2574=CARTESIAN_POINT('',(0.00433578643762691,-0.00342157287525381,0.));
#2575=CARTESIAN_POINT('',(0.00525,-0.00342157287525381,0.));
#2576=CARTESIAN_POINT('',(0.00525,-0.00342157287525381,-0.003));
#2577=CARTESIAN_POINT('',(0.00525,1.153158955834E-06,-0.003));
#2578=CARTESIAN_POINT('',(0.00525,1.153158955834E-06,0.));
#2579=CARTESIAN_POINT('',(0.00525,0.00325230631791166,0.));
#2580=CARTESIAN_POINT('',(0.00525,0.00325230631791166,-0.003));
#2581=CARTESIAN_POINT('',(0.00425,0.00325230631791166,-0.003));
#2582=CARTESIAN_POINT('',(0.00425,0.00325230631791166,0.));
#2583=CARTESIAN_POINT('',(0.00325,0.00325230631791166,0.));
#2584=CARTESIAN_POINT('',(0.00325,0.00325230631791166,-0.003));
#2585=CARTESIAN_POINT('',(0.00325,0.00425115315895583,-0.003));
#2586=CARTESIAN_POINT('',(0.00325,0.00425115315895583,0.));
#2587=CARTESIAN_POINT('',(0.00325,0.00525,0.));
#2588=CARTESIAN_POINT('',(0.00325,0.00525,-0.003));
#2589=CARTESIAN_POINT('',(-1.15315895583357E-06,0.00525,-0.003));
#2590=CARTESIAN_POINT('',(-1.15315895583357E-06,0.00525,-0.003));
#2591=CARTESIAN_POINT('',(-1.15315895583357E-06,0.00525,0.));
#2592=CARTESIAN_POINT('',(-0.00325230631791166,0.00525,0.));
#2593=CARTESIAN_POINT('',(-0.00325230631791166,0.00525,-0.003));
#2594=CARTESIAN_POINT('',(-0.00325230631791166,0.00425,-0.003));
#2595=CARTESIAN_POINT('',(-0.00325230631791166,0.00425,0.));
#2596=CARTESIAN_POINT('',(-0.00325230631791166,0.00325,0.));
#2597=CARTESIAN_POINT('',(-0.00325230631791166,0.00325,-0.003));
#2598=CARTESIAN_POINT('',(-0.008125,-0.01525,-0.003));
#2599=CARTESIAN_POINT('',(-0.008125,-0.01525,0.));
#2600=CARTESIAN_POINT('',(-0.01525,-0.01525,0.));
#2601=CARTESIAN_POINT('',(-0.001,-0.01525,0.));
#2602=CARTESIAN_POINT('',(-0.001,-0.01525,-0.003));
#2603=CARTESIAN_POINT('',(-0.01525,-0.01525,-0.003));
#2604=CARTESIAN_POINT('',(-0.001,-0.01125,-0.003));
#2605=CARTESIAN_POINT('',(-0.001,-0.00825,-0.006));
#2606=CARTESIAN_POINT('',(-0.001,-0.00825,-0.006));
#2607=CARTESIAN_POINT('',(-0.001,-0.01125,-0.006));
#2608=CARTESIAN_POINT('',(-0.001,-0.01425,-0.006));
#2609=CARTESIAN_POINT('',(-0.001,-0.01425,-0.006));
#2610=CARTESIAN_POINT('',(-0.001,-0.01125,0.));
#2611=CARTESIAN_POINT('',(-0.001,-0.00725,0.));
#2612=CARTESIAN_POINT('',(-0.001,-0.00725,-0.003));
#2613=CARTESIAN_POINT('',(-0.002125,-0.00725,-0.003));
#2614=CARTESIAN_POINT('',(-0.002125,-0.00725,0.));
#2615=CARTESIAN_POINT('',(-0.00325,-0.00725,0.));
#2616=CARTESIAN_POINT('',(-0.00325,-0.00725,-0.003));
#2617=CARTESIAN_POINT('',(-0.00325,-0.00824884684104417,-0.003));
#2618=CARTESIAN_POINT('',(-0.00325,-0.00824884684104417,0.));
#2619=CARTESIAN_POINT('',(-0.00325,-0.00924769368208833,0.));
#2620=CARTESIAN_POINT('',(-0.00325,-0.00924769368208833,-0.003));
#2621=CARTESIAN_POINT('',(-0.00780880601237903,-0.00924769368208833,-0.003));
#2622=CARTESIAN_POINT('',(-0.00780880601237903,-0.00924769368208833,0.));
#2623=CARTESIAN_POINT('',(-0.00925,-0.00924769368208833,0.));
#2624=CARTESIAN_POINT('',(-0.00925,-0.00924769368208833,-0.003));
#2625=CARTESIAN_POINT('',(-0.00925,-0.00774884684104417,-0.003));
#2626=CARTESIAN_POINT('',(-0.00925,-0.00774884684104417,0.));
#2627=CARTESIAN_POINT('',(-0.00925,-0.00325230631791166,0.));
#2628=CARTESIAN_POINT('',(-0.00925,-0.00325230631791166,-0.003));
#2629=CARTESIAN_POINT('',(-0.00825,-0.00325230631791166,-0.003));
#2630=CARTESIAN_POINT('',(-0.00825,-0.00325230631791166,0.));
#2631=CARTESIAN_POINT('',(-0.00725,-0.00325230631791166,0.));
#2632=CARTESIAN_POINT('',(-0.00725,-0.00325230631791166,-0.003));
#2633=CARTESIAN_POINT('',(-0.00725,-0.00212615315895583,-0.003));
#2634=CARTESIAN_POINT('',(-0.00725,-0.00212615315895583,0.));
#2635=CARTESIAN_POINT('',(-0.00725,-0.001,0.));
#2636=CARTESIAN_POINT('',(-0.00725,-0.001,-0.003));
#2637=CARTESIAN_POINT('',(-0.01125,-0.001,-0.003));
#2638=CARTESIAN_POINT('',(-0.01125,-0.001,0.));
#2639=CARTESIAN_POINT('',(-0.01525,-0.001,0.));
#2640=CARTESIAN_POINT('',(-0.01525,-0.001,-0.003));
#2641=CARTESIAN_POINT('',(0.,-0.01725,-0.003));
#2642=CARTESIAN_POINT('',(0.,-0.01725,-0.003));
#2643=CARTESIAN_POINT('',(0.,-0.01725,-0.003));
#2644=CARTESIAN_POINT('',(0.01725,-0.01725,-0.003));
#2645=CARTESIAN_POINT('',(0.01725,-0.01725,-0.003));
#2646=CARTESIAN_POINT('',(0.01725,-0.01725,0.));
#2647=CARTESIAN_POINT('',(0.,-0.01725,0.));
#2648=CARTESIAN_POINT('',(-0.01725,-0.01725,0.));
#2649=CARTESIAN_POINT('',(-0.01725,-0.01725,-0.003));
#2650=CARTESIAN_POINT('',(-0.01725,-0.01725,-0.003));
#2651=CARTESIAN_POINT('',(0.,-0.01725,-0.003));
#2652=CARTESIAN_POINT('',(-0.01725,3.46944695195361E-18,-0.003));
#2653=CARTESIAN_POINT('',(-0.01725,0.01725,-0.003));
#2654=CARTESIAN_POINT('',(-0.01725,0.01725,-0.003));
#2655=CARTESIAN_POINT('',(-0.01725,0.01725,0.));
#2656=CARTESIAN_POINT('',(-0.01725,0.01425,-0.006));
#2657=CARTESIAN_POINT('',(-0.01725,0.01425,-0.006));
#2658=CARTESIAN_POINT('',(-0.01725,3.46944695195361E-18,-0.006));
#2659=CARTESIAN_POINT('',(-0.01725,-0.01425,-0.006));
#2660=CARTESIAN_POINT('',(-0.01725,-0.01725,-0.003));
#2661=CARTESIAN_POINT('',(-0.01725,3.46944695195361E-18,0.));
#2662=CARTESIAN_POINT('',(0.,0.01725,-0.003));
#2663=CARTESIAN_POINT('',(-0.001,0.01725,-0.003));
#2664=CARTESIAN_POINT('',(-0.01725,0.01725,-0.003));
#2665=CARTESIAN_POINT('',(0.,0.01725,0.));
#2666=CARTESIAN_POINT('',(0.01725,0.01725,0.));
#2667=CARTESIAN_POINT('',(0.01725,0.01725,-0.003));
#2668=CARTESIAN_POINT('',(0.01725,0.01725,-0.003));
#2669=CARTESIAN_POINT('',(0.01525,0.01725,-0.003));
#2670=CARTESIAN_POINT('',(-0.001,0.01125,-0.003));
#2671=CARTESIAN_POINT('',(-0.001,0.01425,-0.006));
#2672=CARTESIAN_POINT('',(-0.001,0.01425,-0.006));
#2673=CARTESIAN_POINT('',(-0.001,0.01125,-0.006));
#2674=CARTESIAN_POINT('',(-0.001,0.00825,-0.006));
#2675=CARTESIAN_POINT('',(-0.001,0.00825,-0.006));
#2676=CARTESIAN_POINT('',(-0.001,0.00725,-0.003));
#2677=CARTESIAN_POINT('',(-0.001,0.00725,0.));
#2678=CARTESIAN_POINT('',(-0.001,0.01125,0.));
#2679=CARTESIAN_POINT('',(-0.001,0.01525,0.));
#2680=CARTESIAN_POINT('',(-0.001,0.01525,-0.003));
#2681=CARTESIAN_POINT('',(-0.008125,0.01525,-0.003));
#2682=CARTESIAN_POINT('',(-0.008125,0.01525,0.));
#2683=CARTESIAN_POINT('',(-0.01525,0.01525,0.));
#2684=CARTESIAN_POINT('',(-0.01525,0.01525,-0.003));
#2685=CARTESIAN_POINT('',(-0.01125,0.001,-0.003));
#2686=CARTESIAN_POINT('',(-0.01125,0.001,0.));
#2687=CARTESIAN_POINT('',(-0.00725,0.001,0.));
#2688=CARTESIAN_POINT('',(-0.01525,0.001,0.));
#2689=CARTESIAN_POINT('',(-0.00725,0.001,-0.003));
#2690=CARTESIAN_POINT('',(-0.01525,0.001,-0.003));
#2691=CARTESIAN_POINT('',(-0.00725,0.002125,-0.003));
#2692=CARTESIAN_POINT('',(-0.00725,0.002125,0.));
#2693=CARTESIAN_POINT('',(-0.00725,0.00325,0.));
#2694=CARTESIAN_POINT('',(-0.00725,0.00325,-0.003));
#2695=CARTESIAN_POINT('',(-0.00824884684104417,0.00325,-0.003));
#2696=CARTESIAN_POINT('',(-0.00824884684104417,0.00325,0.));
#2697=CARTESIAN_POINT('',(-0.00924769368208833,0.00325,0.));
#2698=CARTESIAN_POINT('',(-0.00924769368208833,0.00325,-0.003));
#2699=CARTESIAN_POINT('',(-0.00924769368208833,0.00780880601237904,-0.003));
#2700=CARTESIAN_POINT('',(-0.00924769368208833,0.00780880601237904,0.));
#2701=CARTESIAN_POINT('',(-0.00924769368208833,0.00925,0.));
#2702=CARTESIAN_POINT('',(-0.00924769368208833,0.00925,-0.003));
#2703=CARTESIAN_POINT('',(-0.00475115315895583,0.00925,-0.003));
#2704=CARTESIAN_POINT('',(-0.00475115315895583,0.00925,0.));
#2705=CARTESIAN_POINT('',(-0.00325230631791166,0.00925,0.));
#2706=CARTESIAN_POINT('',(-0.00325230631791166,0.00925,-0.003));
#2707=CARTESIAN_POINT('',(-0.00325230631791166,0.00825,-0.003));
#2708=CARTESIAN_POINT('',(-0.00325230631791166,0.00825,0.));
#2709=CARTESIAN_POINT('',(-0.00325230631791166,0.00725,0.));
#2710=CARTESIAN_POINT('',(-0.00325230631791166,0.00725,-0.003));
#2711=CARTESIAN_POINT('',(0.01125,0.001,-0.003));
#2712=CARTESIAN_POINT('',(0.01125,0.001,0.));
#2713=CARTESIAN_POINT('',(0.01525,0.001,0.));
#2714=CARTESIAN_POINT('',(0.00725,0.001,0.));
#2715=CARTESIAN_POINT('',(0.01525,0.001,-0.003));
#2716=CARTESIAN_POINT('',(0.00725,0.001,-0.003));
#2717=CARTESIAN_POINT('',(0.01525,0.008125,-0.003));
#2718=CARTESIAN_POINT('',(0.01525,3.46944695195361E-18,-0.006));
#2719=CARTESIAN_POINT('',(0.01525,0.01425,-0.006));
#2720=CARTESIAN_POINT('',(0.01525,-0.01425,-0.006));
#2721=CARTESIAN_POINT('',(0.01525,-0.01725,-0.003));
#2722=CARTESIAN_POINT('',(0.01525,-0.01525,-0.003));
#2723=CARTESIAN_POINT('',(0.01525,-0.01525,0.));
#2724=CARTESIAN_POINT('',(0.01525,-0.008125,0.));
#2725=CARTESIAN_POINT('',(0.01525,-0.001,0.));
#2726=CARTESIAN_POINT('',(0.01525,-0.001,-0.003));
#2727=CARTESIAN_POINT('',(0.01525,0.008125,0.));
#2728=CARTESIAN_POINT('',(0.01525,0.01525,0.));
#2729=CARTESIAN_POINT('',(0.01525,0.01525,-0.003));
#2730=CARTESIAN_POINT('',(0.01525,0.01425,-0.006));
#2731=CARTESIAN_POINT('',(0.008125,0.01525,-0.003));
#2732=CARTESIAN_POINT('',(0.008125,0.01525,0.));
#2733=CARTESIAN_POINT('',(0.001,0.01525,0.));
#2734=CARTESIAN_POINT('',(0.001,0.01525,-0.003));
#2735=CARTESIAN_POINT('',(0.001,0.01125,-0.003));
#2736=CARTESIAN_POINT('',(0.001,0.01125,-0.006));
#2737=CARTESIAN_POINT('',(0.001,0.00825,-0.006));
#2738=CARTESIAN_POINT('',(0.001,0.01425,-0.006));
#2739=CARTESIAN_POINT('',(0.001,0.01425,-0.006));
#2740=CARTESIAN_POINT('',(0.001,0.01125,0.));
#2741=CARTESIAN_POINT('',(0.001,0.00725,0.));
#2742=CARTESIAN_POINT('',(0.001,0.00725,-0.003));
#2743=CARTESIAN_POINT('',(0.001,0.00825,-0.006));
#2744=CARTESIAN_POINT('',(0.002125,0.00725,-0.003));
#2745=CARTESIAN_POINT('',(0.002125,0.00725,0.));
#2746=CARTESIAN_POINT('',(0.00325,0.00725,0.));
#2747=CARTESIAN_POINT('',(0.00325,0.00725,-0.003));
#2748=CARTESIAN_POINT('',(0.00325,0.00824884684104417,-0.003));
#2749=CARTESIAN_POINT('',(0.00325,0.00824884684104417,0.));
#2750=CARTESIAN_POINT('',(0.00325,0.00924769368208833,0.));
#2751=CARTESIAN_POINT('',(0.00325,0.00924769368208833,-0.003));
#2752=CARTESIAN_POINT('',(0.00469119398762096,0.00924769368208833,-0.003));
#2753=CARTESIAN_POINT('',(0.00469119398762096,0.00924769368208833,0.));
#2754=CARTESIAN_POINT('',(0.00925,0.00924769368208834,0.));
#2755=CARTESIAN_POINT('',(0.00925,0.00924769368208834,-0.003));
#2756=CARTESIAN_POINT('',(0.00925,0.00774884684104417,-0.003));
#2757=CARTESIAN_POINT('',(0.00925,0.00774884684104417,0.));
#2758=CARTESIAN_POINT('',(0.00925,0.00325230631791166,0.));
#2759=CARTESIAN_POINT('',(0.00925,0.00325230631791166,-0.003));
#2760=CARTESIAN_POINT('',(0.00825,0.00325230631791166,-0.003));
#2761=CARTESIAN_POINT('',(0.00825,0.00325230631791166,0.));
#2762=CARTESIAN_POINT('',(0.00725,0.00325230631791166,0.));
#2763=CARTESIAN_POINT('',(0.00725,0.00325230631791166,-0.003));
#2764=CARTESIAN_POINT('',(0.001,-0.01125,-0.003));
#2765=CARTESIAN_POINT('',(0.001,-0.01125,-0.006));
#2766=CARTESIAN_POINT('',(0.001,-0.01425,-0.006));
#2767=CARTESIAN_POINT('',(0.001,-0.00825,-0.006));
#2768=CARTESIAN_POINT('',(0.001,-0.00825,-0.006));
#2769=CARTESIAN_POINT('',(0.001,-0.00725,-0.003));
#2770=CARTESIAN_POINT('',(0.001,-0.00725,0.));
#2771=CARTESIAN_POINT('',(0.001,-0.01125,0.));
#2772=CARTESIAN_POINT('',(0.001,-0.01525,0.));
#2773=CARTESIAN_POINT('',(0.001,-0.01525,-0.003));
#2774=CARTESIAN_POINT('',(0.001,-0.01425,-0.006));
#2775=CARTESIAN_POINT('',(0.008125,-0.01525,-0.003));
#2776=CARTESIAN_POINT('',(0.008125,-0.01525,0.));
#2777=CARTESIAN_POINT('',(0.01125,-0.001,-0.003));
#2778=CARTESIAN_POINT('',(0.01125,-0.001,0.));
#2779=CARTESIAN_POINT('',(0.00725,-0.001,0.));
#2780=CARTESIAN_POINT('',(0.00725,-0.001,-0.003));
#2781=CARTESIAN_POINT('',(0.00725,-0.002125,-0.003));
#2782=CARTESIAN_POINT('',(0.00725,-0.002125,0.));
#2783=CARTESIAN_POINT('',(0.00725,-0.00325,0.));
#2784=CARTESIAN_POINT('',(0.00725,-0.00325,-0.003));
#2785=CARTESIAN_POINT('',(0.00824884684104417,-0.00325,-0.003));
#2786=CARTESIAN_POINT('',(0.00824884684104417,-0.00325,0.));
#2787=CARTESIAN_POINT('',(0.00924769368208834,-0.00325,0.));
#2788=CARTESIAN_POINT('',(0.00924769368208834,-0.00325,-0.003));
#2789=CARTESIAN_POINT('',(0.00924769368208834,-0.007808806012379,-0.003));
#2790=CARTESIAN_POINT('',(0.00924769368208834,-0.007808806012379,0.));
#2791=CARTESIAN_POINT('',(0.00924769368208834,-0.00925,0.));
#2792=CARTESIAN_POINT('',(0.00924769368208834,-0.00925,-0.003));
#2793=CARTESIAN_POINT('',(0.00774884684104417,-0.00925,-0.003));
#2794=CARTESIAN_POINT('',(0.00774884684104417,-0.00925,0.));
#2795=CARTESIAN_POINT('',(0.00325230631791166,-0.00925,0.));
#2796=CARTESIAN_POINT('',(0.00325230631791166,-0.00925,-0.003));
#2797=CARTESIAN_POINT('',(0.00325230631791166,-0.00825,-0.003));
#2798=CARTESIAN_POINT('',(0.00325230631791166,-0.00825,0.));
#2799=CARTESIAN_POINT('',(0.00325230631791166,-0.00725,0.));
#2800=CARTESIAN_POINT('',(0.00325230631791166,-0.00725,-0.003));
#2801=CARTESIAN_POINT('',(-0.00425115315895584,0.00325,-0.003));
#2802=CARTESIAN_POINT('',(-0.00425115315895584,0.00325,0.));
#2803=CARTESIAN_POINT('',(-0.01525,-0.008125,-0.003));
#2804=CARTESIAN_POINT('',(-0.01525,3.46944695195361E-18,-0.006));
#2805=CARTESIAN_POINT('',(-0.01525,-0.01425,-0.006));
#2806=CARTESIAN_POINT('',(-0.01525,0.01425,-0.006));
#2807=CARTESIAN_POINT('',(-0.01525,0.0045625,-0.0156875));
#2808=CARTESIAN_POINT('',(-0.01525,0.008125,0.));
#2809=CARTESIAN_POINT('',(-0.01525,-0.008125,0.));
#2810=CARTESIAN_POINT('',(-0.01525,-0.0126875,-0.0075625));
#2811=CARTESIAN_POINT('',(0.01725,3.46944695195361E-18,-0.003));
#2812=CARTESIAN_POINT('',(0.01725,-0.008625,-0.011625));
#2813=CARTESIAN_POINT('',(0.01725,-0.01425,-0.006));
#2814=CARTESIAN_POINT('',(0.01725,3.46944695195361E-18,-0.006));
#2815=CARTESIAN_POINT('',(0.01725,0.01425,-0.006));
#2816=CARTESIAN_POINT('',(0.01725,0.008625,-0.011625));
#2817=CARTESIAN_POINT('',(0.01725,3.46944695195361E-18,0.));
#2818=CARTESIAN_POINT('',(-0.00212615315895583,0.00725,-0.003));
#2819=CARTESIAN_POINT('',(-0.00212615315895583,0.00725,0.));
#2820=CARTESIAN_POINT('',(0.00725,0.00212615315895583,-0.003));
#2821=CARTESIAN_POINT('',(0.00725,0.00212615315895583,0.));
#2822=CARTESIAN_POINT('',(0.00212615315895583,-0.00725,-0.003));
#2823=CARTESIAN_POINT('',(0.00212615315895583,-0.00725,0.));
#2824=CARTESIAN_POINT('',(0.,3.46944695195361E-18,0.));
#2825=CARTESIAN_POINT('',(-0.00625,-0.00625,-0.0008));
#2826=CARTESIAN_POINT('',(-0.00625,-0.00625,-0.0008));
#2827=CARTESIAN_POINT('',(-0.0085,-0.00625,-0.0008));
#2828=CARTESIAN_POINT('',(0.,3.46944695195361E-18,-0.0008));
#2829=CARTESIAN_POINT('',(0.00625,-0.00625,-0.0008));
#2830=CARTESIAN_POINT('',(0.00625,-0.00625,-0.0008));
#2831=CARTESIAN_POINT('',(0.004,-0.00625,-0.0008));
#2832=CARTESIAN_POINT('',(0.,3.46944695195361E-18,-0.0008));
#2833=CARTESIAN_POINT('',(0.00625,0.00625,-0.0008));
#2834=CARTESIAN_POINT('',(0.00625,0.00625,-0.0008));
#2835=CARTESIAN_POINT('',(0.004,0.00625,-0.0008));
#2836=CARTESIAN_POINT('',(0.,3.46944695195361E-18,-0.0008));
#2837=CARTESIAN_POINT('',(-0.00625,0.00625,-0.0008));
#2838=CARTESIAN_POINT('',(-0.00625,0.00625,-0.0008));
#2839=CARTESIAN_POINT('',(-0.0085,0.00625,-0.0008));
#2840=CARTESIAN_POINT('',(0.,3.46944695195361E-18,-0.0008));
#2841=CARTESIAN_POINT('',(0.,3.46944695195361E-18,-0.006));
#2842=CARTESIAN_POINT('',(0.,-0.01425,-0.006));
#2843=CARTESIAN_POINT('',(0.01725,0.01425,-0.006));
#2844=CARTESIAN_POINT('',(0.,3.46944695195361E-18,-0.006));
#2845=CARTESIAN_POINT('',(0.,-0.00825,-0.006));
#2846=CARTESIAN_POINT('',(0.,-0.01425,-0.006));
#2847=CARTESIAN_POINT('',(0.,3.46944695195361E-18,-0.006));
#2848=CARTESIAN_POINT('',(0.001,0.01425,-0.006));
#2849=CARTESIAN_POINT('',(0.,0.00825,-0.006));
#2850=CARTESIAN_POINT('',(0.,3.46944695195361E-18,-0.006));
#2851=CARTESIAN_POINT('',(-0.01525,0.01425,-0.006));
#2852=CARTESIAN_POINT('',(0.,-0.01425,-0.006));
#2853=CARTESIAN_POINT('',(0.,0.01425,-0.006));
#2854=CARTESIAN_POINT('',(-1.15315895583357E-06,0.00525,-0.003));
#2855=CARTESIAN_POINT('',(1.15315895583357E-06,-0.00525,-0.003));
#2856=CARTESIAN_POINT('',(0.,-0.01725,-0.003));
#2857=CARTESIAN_POINT('',(0.,-0.01725,-0.003));
#2858=CARTESIAN_POINT('',(0.,0.01425,-0.006));
#2859=CARTESIAN_POINT('',(0.,0.01425,-0.006));
#2860=CARTESIAN_POINT('',(0.,-0.01725,-0.003));
#2861=CARTESIAN_POINT('',(0.,0.,0.));
#2862=CARTESIAN_POINT('',(0.0365238077938557,0.0152455028146506,0.0298));
#2863=CARTESIAN_POINT('',(0.0365238077938557,0.0152455028146506,0.0298));
#2864=CARTESIAN_POINT('',(0.0380238077938557,0.0152455028146506,0.0298));
#2865=CARTESIAN_POINT('',(0.0365238077938557,0.0152455028146506,0.0238));
#2866=CARTESIAN_POINT('',(0.0380238077938557,0.0152455028146506,0.0238));
#2867=CARTESIAN_POINT('',(0.0365238077938557,0.0152455028146506,0.0298));
#2868=CARTESIAN_POINT('',(0.0365238077938557,0.0152455028146506,0.0298));
#2869=CARTESIAN_POINT('',(0.0390238077938557,0.0152455028146506,0.0298));
#2870=CARTESIAN_POINT('',(0.0365238077938557,0.0152455028146506,0.0238));
#2871=CARTESIAN_POINT('',(0.0390238077938557,0.0152455028146506,0.0238));
#2872=CARTESIAN_POINT('',(0.0170119038969278,0.00412275140732527,0.0298));
#2873=CARTESIAN_POINT('',(0.0170119038969278,0.00412275140732527,0.0238));
#2874=MECHANICAL_DESIGN_GEOMETRIC_PRESENTATION_REPRESENTATION('',(#1792),#2876);
#2875=MECHANICAL_DESIGN_GEOMETRIC_PRESENTATION_REPRESENTATION('',(#1793),#2877);
#2876=(
GEOMETRIC_REPRESENTATION_CONTEXT(3)
GLOBAL_UNCERTAINTY_ASSIGNED_CONTEXT((#2878))
GLOBAL_UNIT_ASSIGNED_CONTEXT((#2884,#2882,#2880))
REPRESENTATION_CONTEXT('Part 75','TOP_LEVEL_ASSEMBLY_PART')
);
#2877=(
GEOMETRIC_REPRESENTATION_CONTEXT(3)
GLOBAL_UNCERTAINTY_ASSIGNED_CONTEXT((#2879))
GLOBAL_UNIT_ASSIGNED_CONTEXT((#2885,#2883,#2881))
REPRESENTATION_CONTEXT('Part 3','TOP_LEVEL_ASSEMBLY_PART')
);
#2878=UNCERTAINTY_MEASURE_WITH_UNIT(LENGTH_MEASURE(1.E-08),#2884,'DISTANCE_ACCURACY_VALUE','Maximum Tolerance applied to model');
#2879=UNCERTAINTY_MEASURE_WITH_UNIT(LENGTH_MEASURE(1.E-08),#2885,'DISTANCE_ACCURACY_VALUE','Maximum Tolerance applied to model');
#2880=(
NAMED_UNIT(*)
SI_UNIT($,.STERADIAN.)
SOLID_ANGLE_UNIT()
);
#2881=(
NAMED_UNIT(*)
SI_UNIT($,.STERADIAN.)
SOLID_ANGLE_UNIT()
);
#2882=(
NAMED_UNIT(*)
PLANE_ANGLE_UNIT()
SI_UNIT($,.RADIAN.)
);
#2883=(
NAMED_UNIT(*)
PLANE_ANGLE_UNIT()
SI_UNIT($,.RADIAN.)
);
#2884=(
LENGTH_UNIT()
NAMED_UNIT(*)
SI_UNIT($,.METRE.)
);
#2885=(
LENGTH_UNIT()
NAMED_UNIT(*)
SI_UNIT($,.METRE.)
);
#2886=PRODUCT_DEFINITION_SHAPE('','',#2888);
#2887=PRODUCT_DEFINITION_SHAPE('','',#2889);
#2888=PRODUCT_DEFINITION('','',#2892,#2890);
#2889=PRODUCT_DEFINITION('','',#2893,#2891);
#2890=PRODUCT_DEFINITION_CONTEXT('',#2904,'design');
#2891=PRODUCT_DEFINITION_CONTEXT('',#2905,'design');
#2892=PRODUCT_DEFINITION_FORMATION_WITH_SPECIFIED_SOURCE('','',#2896,.NOT_KNOWN.);
#2893=PRODUCT_DEFINITION_FORMATION_WITH_SPECIFIED_SOURCE('','',#2897,.NOT_KNOWN.);
#2894=PRODUCT_RELATED_PRODUCT_CATEGORY('','',(#2896));
#2895=PRODUCT_RELATED_PRODUCT_CATEGORY('','',(#2897));
#2896=PRODUCT('Part 75','Part 75','Part 75',(#2900));
#2897=PRODUCT('Part 3','Part 3','Part 3',(#2901));
#2898=PRODUCT_CATEGORY('','');
#2899=PRODUCT_CATEGORY('','');
#2900=PRODUCT_CONTEXT('',#2904,'mechanical');
#2901=PRODUCT_CONTEXT('',#2905,'mechanical');
#2902=APPLICATION_PROTOCOL_DEFINITION('international standard','ap242_managed_model_based_3d_engineering',2020,#2904);
#2903=APPLICATION_PROTOCOL_DEFINITION('international standard','ap242_managed_model_based_3d_engineering',2020,#2905);
#2904=APPLICATION_CONTEXT('managed model based 3d engineering');
#2905=APPLICATION_CONTEXT('managed model based 3d engineering');
ENDSEC;
END-ISO-10303-21;
