ISO-10303-21;
HEADER;
/* Generated by software containing ST-Developer
 * from STEP Tools, Inc. (www.steptools.com) 
 */
/* OPTION: using custom renumber hook */

FILE_DESCRIPTION(
/* description */ ('STEP AP242',
'CAx-IF Rec.Pracs.---Representation and Presentation of Product Manufa
cturing Information (PMI)---4.0---2014-10-13',
'CAx-IF Rec.Pracs.---3D Tessellated Geometry---0.4---2014-09-14','2;1',
'CAx-IF Rec.Pracs.---User Defined Attributes---1.5---2016-08-15'),
/* implementation_level */ '2;1');

FILE_NAME(
/* name */ 'SSAJ120100 - SOLID',
/* time_stamp */ '2025-11-17T07:46:07Z',
/* author */ (''),
/* organization */ (''),
/* preprocessor_version */ 'ST-DEVELOPER v20',
/* originating_system */ 'ONSHAPE BY PTC INC, 1.206',
/* authorisation */ '  ');

FILE_SCHEMA (('AP242_MANAGED_MODEL_BASED_3D_ENGINEERING_MIM_LF { 1 0 10303 442 1 1 4 }'));
ENDSEC;

DATA;
#10=SHAPE_REPRESENTATION_RELATIONSHIP('','',#9215,#11);
#11=ADVANCED_BREP_SHAPE_REPRESENTATION('',(#9213),#14292);
#12=ORIENTED_CLOSED_SHELL('',*,#8167,.F.);
#13=ORIENTED_CLOSED_SHELL('',*,#8168,.F.);
#14=ORIENTED_CLOSED_SHELL('',*,#8169,.F.);
#15=ORIENTED_CLOSED_SHELL('',*,#8170,.F.);
#16=DRAUGHTING_PRE_DEFINED_COLOUR('magenta');
#17=DRAUGHTING_PRE_DEFINED_COLOUR('white');
#18=(
BOUNDED_CURVE()
B_SPLINE_CURVE(2,(#13118,#13119,#13120,#13121,#13122,#13123,#13124),
 .UNSPECIFIED.,.F.,.F.)
B_SPLINE_CURVE_WITH_KNOTS((3,2,2,3),(3.17749283104421,3.208242261501,4.745713784341,
6.28318530718),.PIECEWISE_BEZIER_KNOTS.)
CURVE()
GEOMETRIC_REPRESENTATION_ITEM()
RATIONAL_B_SPLINE_CURVE((1.,1.,1.,0.718790176684,1.,0.718790176684,1.))
REPRESENTATION_ITEM('')
);
#19=(
BOUNDED_CURVE()
B_SPLINE_CURVE(2,(#13346,#13347,#13348,#13349,#13350,#13351,#13352),
 .UNSPECIFIED.,.F.,.F.)
B_SPLINE_CURVE_WITH_KNOTS((3,2,2,3),(3.17749210795895,3.208241545575,4.745713426377,
6.28318530718),.PIECEWISE_BEZIER_KNOTS.)
CURVE()
GEOMETRIC_REPRESENTATION_ITEM()
RATIONAL_B_SPLINE_CURVE((1.,1.,1.,0.718790052252,1.,0.718790052252,1.))
REPRESENTATION_ITEM('')
);
#20=(
BOUNDED_CURVE()
B_SPLINE_CURVE(2,(#14247,#14248,#14249,#14250,#14251,#14252,#14253),
 .UNSPECIFIED.,.F.,.F.)
B_SPLINE_CURVE_WITH_KNOTS((3,2,2,3),(-0.015158986885632,-0.012708618942183,
0.,0.125264930372),.PIECEWISE_BEZIER_KNOTS.)
CURVE()
GEOMETRIC_REPRESENTATION_ITEM()
RATIONAL_B_SPLINE_CURVE((1.,1.,1.,1.,1.,0.998039228259,1.))
REPRESENTATION_ITEM('')
);
#21=B_SPLINE_CURVE_WITH_KNOTS('',3,(#12109,#12110,#12111,#12112),
 .UNSPECIFIED.,.F.,.F.,(4,4),(0.,1.),.UNSPECIFIED.);
#22=B_SPLINE_CURVE_WITH_KNOTS('',3,(#12318,#12319,#12320,#12321),
 .UNSPECIFIED.,.F.,.F.,(4,4),(0.,1.),.UNSPECIFIED.);
#23=B_SPLINE_CURVE_WITH_KNOTS('',3,(#13241,#13242,#13243,#13244,#13245,
#13246,#13247,#13248,#13249,#13250),.UNSPECIFIED.,.F.,.F.,(4,3,3,4),(1.084202172485E-19,
2.478384661787E-5,3.460942185921E-5,3.83975370566595E-5),
 .PIECEWISE_BEZIER_KNOTS.);
#24=B_SPLINE_CURVE_WITH_KNOTS('',3,(#13251,#13252,#13253,#13254),
 .UNSPECIFIED.,.F.,.F.,(4,4),(9.75781955237E-19,4.228865313525E-5),
 .UNSPECIFIED.);
#25=B_SPLINE_CURVE_WITH_KNOTS('',3,(#13266,#13267,#13268,#13269),
 .UNSPECIFIED.,.F.,.F.,(4,4),(0.,4.228870395004E-5),.UNSPECIFIED.);
#26=B_SPLINE_CURVE_WITH_KNOTS('',3,(#13305,#13306,#13307,#13308),
 .UNSPECIFIED.,.F.,.F.,(4,4),(0.,1.),.UNSPECIFIED.);
#27=B_SPLINE_CURVE_WITH_KNOTS('',3,(#13314,#13315,#13316,#13317),
 .UNSPECIFIED.,.F.,.F.,(4,4),(0.,1.),.UNSPECIFIED.);
#28=B_SPLINE_CURVE_WITH_KNOTS('',3,(#13339,#13340,#13341,#13342),
 .UNSPECIFIED.,.F.,.F.,(4,4),(0.,1.),.UNSPECIFIED.);
#29=B_SPLINE_CURVE_WITH_KNOTS('',3,(#13354,#13355,#13356,#13357),
 .UNSPECIFIED.,.F.,.F.,(4,4),(0.,1.),.UNSPECIFIED.);
#30=B_SPLINE_CURVE_WITH_KNOTS('',3,(#14189,#14190,#14191,#14192),
 .UNSPECIFIED.,.F.,.F.,(4,4),(0.,0.999776163529137),.UNSPECIFIED.);
#31=B_SPLINE_CURVE_WITH_KNOTS('',3,(#14196,#14197,#14198,#14199),
 .UNSPECIFIED.,.F.,.F.,(4,4),(0.,1.),.UNSPECIFIED.);
#32=B_SPLINE_CURVE_WITH_KNOTS('',1,(#14205,#14206),.UNSPECIFIED.,.F.,.F.,
(2,2),(0.,0.006776561939448),.UNSPECIFIED.);
#33=B_SPLINE_CURVE_WITH_KNOTS('',1,(#14208,#14209),.UNSPECIFIED.,.F.,.F.,
(2,2),(0.,0.007002533189679),.UNSPECIFIED.);
#34=B_SPLINE_CURVE_WITH_KNOTS('',3,(#14220,#14221,#14222,#14223),
 .UNSPECIFIED.,.F.,.F.,(4,4),(0.,1.),.UNSPECIFIED.);
#35=B_SPLINE_CURVE_WITH_KNOTS('',1,(#14240,#14241),.UNSPECIFIED.,.F.,.F.,
(2,2),(0.,0.007002533189679),.UNSPECIFIED.);
#36=B_SPLINE_CURVE_WITH_KNOTS('',1,(#14256,#14257,#14258,#14259,#14260,
#14261),.UNSPECIFIED.,.F.,.F.,(2,1,1,1,1,2),(-0.282937247597985,-0.282708600464857,
-0.282409771608271,-0.281568650338,-0.280252125362,-0.259843887152),
 .PIECEWISE_BEZIER_KNOTS.);
#37=B_SPLINE_CURVE_WITH_KNOTS('',1,(#14283,#14284),.UNSPECIFIED.,.F.,.F.,
(2,2),(0.,0.006776561939448),.UNSPECIFIED.);
#38=OVER_RIDING_STYLED_ITEM('',(#8173),#7766,#8171);
#39=OVER_RIDING_STYLED_ITEM('',(#8174),#7767,#8171);
#40=OVER_RIDING_STYLED_ITEM('',(#8175),#7768,#8171);
#41=OVER_RIDING_STYLED_ITEM('',(#8176),#7769,#8171);
#42=OVER_RIDING_STYLED_ITEM('',(#8177),#7770,#8171);
#43=OVER_RIDING_STYLED_ITEM('',(#8178),#7771,#8171);
#44=OVER_RIDING_STYLED_ITEM('',(#8179),#7773,#8171);
#45=OVER_RIDING_STYLED_ITEM('',(#8180),#7774,#8171);
#46=OVER_RIDING_STYLED_ITEM('',(#8181),#7775,#8171);
#47=OVER_RIDING_STYLED_ITEM('',(#8182),#7778,#8171);
#48=OVER_RIDING_STYLED_ITEM('',(#8183),#7781,#8171);
#49=OVER_RIDING_STYLED_ITEM('',(#8184),#7782,#8171);
#50=OVER_RIDING_STYLED_ITEM('',(#8185),#7783,#8171);
#51=OVER_RIDING_STYLED_ITEM('',(#8186),#7784,#8171);
#52=OVER_RIDING_STYLED_ITEM('',(#8187),#7785,#8171);
#53=OVER_RIDING_STYLED_ITEM('',(#8188),#7786,#8171);
#54=OVER_RIDING_STYLED_ITEM('',(#8189),#7788,#8171);
#55=OVER_RIDING_STYLED_ITEM('',(#8190),#7789,#8171);
#56=OVER_RIDING_STYLED_ITEM('',(#8191),#7790,#8171);
#57=OVER_RIDING_STYLED_ITEM('',(#8192),#7793,#8171);
#58=OVER_RIDING_STYLED_ITEM('',(#8193),#7795,#8171);
#59=OVER_RIDING_STYLED_ITEM('',(#8194),#7802,#8171);
#60=OVER_RIDING_STYLED_ITEM('',(#8195),#7803,#8171);
#61=OVER_RIDING_STYLED_ITEM('',(#8196),#7806,#8171);
#62=OVER_RIDING_STYLED_ITEM('',(#8197),#7811,#8171);
#63=OVER_RIDING_STYLED_ITEM('',(#8198),#7812,#8171);
#64=OVER_RIDING_STYLED_ITEM('',(#8199),#7817,#8171);
#65=OVER_RIDING_STYLED_ITEM('',(#8200),#7818,#8171);
#66=OVER_RIDING_STYLED_ITEM('',(#8201),#7819,#8171);
#67=OVER_RIDING_STYLED_ITEM('',(#8202),#7820,#8171);
#68=OVER_RIDING_STYLED_ITEM('',(#8203),#7821,#8171);
#69=OVER_RIDING_STYLED_ITEM('',(#8204),#7822,#8171);
#70=OVER_RIDING_STYLED_ITEM('',(#8205),#7861,#8171);
#71=OVER_RIDING_STYLED_ITEM('',(#8206),#7862,#8171);
#72=OVER_RIDING_STYLED_ITEM('',(#8207),#7863,#8171);
#73=OVER_RIDING_STYLED_ITEM('',(#8208),#7864,#8171);
#74=OVER_RIDING_STYLED_ITEM('',(#8209),#7865,#8171);
#75=OVER_RIDING_STYLED_ITEM('',(#8210),#7866,#8171);
#76=OVER_RIDING_STYLED_ITEM('',(#8211),#7867,#8171);
#77=OVER_RIDING_STYLED_ITEM('',(#8212),#7868,#8171);
#78=OVER_RIDING_STYLED_ITEM('',(#8213),#7869,#8171);
#79=OVER_RIDING_STYLED_ITEM('',(#8214),#7870,#8171);
#80=OVER_RIDING_STYLED_ITEM('',(#8215),#7871,#8171);
#81=OVER_RIDING_STYLED_ITEM('',(#8216),#7872,#8171);
#82=OVER_RIDING_STYLED_ITEM('',(#8217),#7873,#8171);
#83=OVER_RIDING_STYLED_ITEM('',(#8218),#7874,#8171);
#84=OVER_RIDING_STYLED_ITEM('',(#8219),#7875,#8171);
#85=OVER_RIDING_STYLED_ITEM('',(#8220),#7876,#8171);
#86=OVER_RIDING_STYLED_ITEM('',(#8221),#7877,#8171);
#87=OVER_RIDING_STYLED_ITEM('',(#8222),#7878,#8171);
#88=OVER_RIDING_STYLED_ITEM('',(#8223),#7879,#8171);
#89=OVER_RIDING_STYLED_ITEM('',(#8224),#7880,#8171);
#90=OVER_RIDING_STYLED_ITEM('',(#8225),#7881,#8171);
#91=OVER_RIDING_STYLED_ITEM('',(#8226),#7882,#8171);
#92=OVER_RIDING_STYLED_ITEM('',(#8227),#7883,#8171);
#93=OVER_RIDING_STYLED_ITEM('',(#8228),#7884,#8171);
#94=OVER_RIDING_STYLED_ITEM('',(#8229),#7885,#8171);
#95=OVER_RIDING_STYLED_ITEM('',(#8230),#7886,#8171);
#96=OVER_RIDING_STYLED_ITEM('',(#8231),#7887,#8171);
#97=OVER_RIDING_STYLED_ITEM('',(#8232),#7888,#8171);
#98=OVER_RIDING_STYLED_ITEM('',(#8233),#7889,#8171);
#99=OVER_RIDING_STYLED_ITEM('',(#8234),#7890,#8171);
#100=OVER_RIDING_STYLED_ITEM('',(#8235),#7891,#8171);
#101=OVER_RIDING_STYLED_ITEM('',(#8236),#7892,#8171);
#102=OVER_RIDING_STYLED_ITEM('',(#8237),#7894,#8171);
#103=OVER_RIDING_STYLED_ITEM('',(#8238),#7895,#8171);
#104=OVER_RIDING_STYLED_ITEM('',(#8239),#7896,#8171);
#105=OVER_RIDING_STYLED_ITEM('',(#8240),#7897,#8171);
#106=OVER_RIDING_STYLED_ITEM('',(#8241),#7898,#8171);
#107=OVER_RIDING_STYLED_ITEM('',(#8242),#7899,#8171);
#108=OVER_RIDING_STYLED_ITEM('',(#8243),#7900,#8171);
#109=OVER_RIDING_STYLED_ITEM('',(#8244),#7901,#8171);
#110=OVER_RIDING_STYLED_ITEM('',(#8245),#7902,#8171);
#111=OVER_RIDING_STYLED_ITEM('',(#8246),#7904,#8171);
#112=OVER_RIDING_STYLED_ITEM('',(#8247),#7906,#8171);
#113=OVER_RIDING_STYLED_ITEM('',(#8248),#7907,#8171);
#114=OVER_RIDING_STYLED_ITEM('',(#8249),#7908,#8171);
#115=OVER_RIDING_STYLED_ITEM('',(#8250),#7909,#8171);
#116=OVER_RIDING_STYLED_ITEM('',(#8251),#7910,#8171);
#117=OVER_RIDING_STYLED_ITEM('',(#8252),#7911,#8171);
#118=OVER_RIDING_STYLED_ITEM('',(#8253),#7912,#8171);
#119=OVER_RIDING_STYLED_ITEM('',(#8254),#7914,#8171);
#120=OVER_RIDING_STYLED_ITEM('',(#8255),#7915,#8171);
#121=OVER_RIDING_STYLED_ITEM('',(#8256),#7916,#8171);
#122=OVER_RIDING_STYLED_ITEM('',(#8257),#7917,#8171);
#123=OVER_RIDING_STYLED_ITEM('',(#8258),#7918,#8171);
#124=OVER_RIDING_STYLED_ITEM('',(#8259),#7919,#8171);
#125=OVER_RIDING_STYLED_ITEM('',(#8260),#7920,#8171);
#126=OVER_RIDING_STYLED_ITEM('',(#8261),#7921,#8171);
#127=OVER_RIDING_STYLED_ITEM('',(#8262),#7922,#8171);
#128=OVER_RIDING_STYLED_ITEM('',(#8263),#7923,#8171);
#129=OVER_RIDING_STYLED_ITEM('',(#8264),#7924,#8171);
#130=OVER_RIDING_STYLED_ITEM('',(#8265),#7925,#8171);
#131=OVER_RIDING_STYLED_ITEM('',(#8266),#7926,#8171);
#132=OVER_RIDING_STYLED_ITEM('',(#8267),#7927,#8171);
#133=OVER_RIDING_STYLED_ITEM('',(#8268),#7928,#8171);
#134=OVER_RIDING_STYLED_ITEM('',(#8269),#7929,#8171);
#135=OVER_RIDING_STYLED_ITEM('',(#8270),#7930,#8171);
#136=OVER_RIDING_STYLED_ITEM('',(#8271),#7931,#8171);
#137=OVER_RIDING_STYLED_ITEM('',(#8272),#7932,#8171);
#138=OVER_RIDING_STYLED_ITEM('',(#8273),#7933,#8171);
#139=OVER_RIDING_STYLED_ITEM('',(#8274),#7934,#8171);
#140=OVER_RIDING_STYLED_ITEM('',(#8275),#7935,#8171);
#141=OVER_RIDING_STYLED_ITEM('',(#8276),#7936,#8171);
#142=OVER_RIDING_STYLED_ITEM('',(#8277),#7937,#8171);
#143=OVER_RIDING_STYLED_ITEM('',(#8278),#7938,#8171);
#144=OVER_RIDING_STYLED_ITEM('',(#8279),#7939,#8171);
#145=OVER_RIDING_STYLED_ITEM('',(#8280),#7940,#8171);
#146=OVER_RIDING_STYLED_ITEM('',(#8281),#7941,#8171);
#147=OVER_RIDING_STYLED_ITEM('',(#8282),#7942,#8171);
#148=OVER_RIDING_STYLED_ITEM('',(#8283),#7943,#8171);
#149=OVER_RIDING_STYLED_ITEM('',(#8284),#7944,#8171);
#150=OVER_RIDING_STYLED_ITEM('',(#8285),#7945,#8171);
#151=OVER_RIDING_STYLED_ITEM('',(#8286),#7946,#8171);
#152=OVER_RIDING_STYLED_ITEM('',(#8287),#7949,#8171);
#153=OVER_RIDING_STYLED_ITEM('',(#8288),#7950,#8171);
#154=OVER_RIDING_STYLED_ITEM('',(#8289),#7951,#8171);
#155=OVER_RIDING_STYLED_ITEM('',(#8290),#7952,#8171);
#156=OVER_RIDING_STYLED_ITEM('',(#8291),#7953,#8171);
#157=OVER_RIDING_STYLED_ITEM('',(#8292),#7954,#8171);
#158=OVER_RIDING_STYLED_ITEM('',(#8293),#7955,#8171);
#159=OVER_RIDING_STYLED_ITEM('',(#8294),#7956,#8171);
#160=OVER_RIDING_STYLED_ITEM('',(#8295),#7957,#8171);
#161=OVER_RIDING_STYLED_ITEM('',(#8296),#7958,#8171);
#162=OVER_RIDING_STYLED_ITEM('',(#8297),#7959,#8171);
#163=OVER_RIDING_STYLED_ITEM('',(#8298),#7960,#8171);
#164=OVER_RIDING_STYLED_ITEM('',(#8299),#7961,#8171);
#165=OVER_RIDING_STYLED_ITEM('',(#8300),#7962,#8171);
#166=OVER_RIDING_STYLED_ITEM('',(#8301),#7963,#8171);
#167=OVER_RIDING_STYLED_ITEM('',(#8302),#7964,#8171);
#168=OVER_RIDING_STYLED_ITEM('',(#8303),#7967,#8171);
#169=OVER_RIDING_STYLED_ITEM('',(#8304),#7968,#8171);
#170=OVER_RIDING_STYLED_ITEM('',(#8305),#7970,#8171);
#171=OVER_RIDING_STYLED_ITEM('',(#8306),#7971,#8171);
#172=OVER_RIDING_STYLED_ITEM('',(#8307),#7980,#8171);
#173=OVER_RIDING_STYLED_ITEM('',(#8308),#7994,#8171);
#174=OVER_RIDING_STYLED_ITEM('',(#8309),#7996,#8171);
#175=OVER_RIDING_STYLED_ITEM('',(#8310),#8031,#8171);
#176=OVER_RIDING_STYLED_ITEM('',(#8311),#8053,#8171);
#177=OVER_RIDING_STYLED_ITEM('',(#8312),#8054,#8171);
#178=OVER_RIDING_STYLED_ITEM('',(#8313),#8055,#8171);
#179=OVER_RIDING_STYLED_ITEM('',(#8314),#8056,#8171);
#180=OVER_RIDING_STYLED_ITEM('',(#8315),#8057,#8171);
#181=OVER_RIDING_STYLED_ITEM('',(#8316),#8058,#8171);
#182=OVER_RIDING_STYLED_ITEM('',(#8317),#8059,#8171);
#183=OVER_RIDING_STYLED_ITEM('',(#8318),#8060,#8171);
#184=OVER_RIDING_STYLED_ITEM('',(#8319),#8061,#8171);
#185=OVER_RIDING_STYLED_ITEM('',(#8320),#8062,#8171);
#186=OVER_RIDING_STYLED_ITEM('',(#8321),#8063,#8171);
#187=OVER_RIDING_STYLED_ITEM('',(#8322),#8064,#8171);
#188=OVER_RIDING_STYLED_ITEM('',(#8323),#8065,#8171);
#189=OVER_RIDING_STYLED_ITEM('',(#8324),#8066,#8171);
#190=OVER_RIDING_STYLED_ITEM('',(#8325),#8067,#8171);
#191=OVER_RIDING_STYLED_ITEM('',(#8326),#8068,#8171);
#192=OVER_RIDING_STYLED_ITEM('',(#8327),#8069,#8171);
#193=OVER_RIDING_STYLED_ITEM('',(#8328),#8070,#8171);
#194=OVER_RIDING_STYLED_ITEM('',(#8329),#8071,#8171);
#195=OVER_RIDING_STYLED_ITEM('',(#8330),#8072,#8171);
#196=OVER_RIDING_STYLED_ITEM('',(#8331),#8073,#8171);
#197=OVER_RIDING_STYLED_ITEM('',(#8332),#8074,#8171);
#198=OVER_RIDING_STYLED_ITEM('',(#8333),#8075,#8171);
#199=OVER_RIDING_STYLED_ITEM('',(#8334),#8076,#8171);
#200=OVER_RIDING_STYLED_ITEM('',(#8335),#8077,#8171);
#201=OVER_RIDING_STYLED_ITEM('',(#8336),#8078,#8171);
#202=OVER_RIDING_STYLED_ITEM('',(#8337),#8079,#8171);
#203=OVER_RIDING_STYLED_ITEM('',(#8338),#8080,#8171);
#204=OVER_RIDING_STYLED_ITEM('',(#8339),#8081,#8171);
#205=OVER_RIDING_STYLED_ITEM('',(#8340),#8082,#8171);
#206=OVER_RIDING_STYLED_ITEM('',(#8341),#8089,#8171);
#207=OVER_RIDING_STYLED_ITEM('',(#8342),#8093,#8171);
#208=OVER_RIDING_STYLED_ITEM('',(#8343),#8095,#8171);
#209=OVER_RIDING_STYLED_ITEM('',(#8344),#8096,#8171);
#210=LINE('',#11951,#1172);
#211=LINE('',#11954,#1173);
#212=LINE('',#11956,#1174);
#213=LINE('',#11958,#1175);
#214=LINE('',#11960,#1176);
#215=LINE('',#11962,#1177);
#216=LINE('',#11965,#1178);
#217=LINE('',#11967,#1179);
#218=LINE('',#11969,#1180);
#219=LINE('',#11971,#1181);
#220=LINE('',#11973,#1182);
#221=LINE('',#11976,#1183);
#222=LINE('',#11980,#1184);
#223=LINE('',#11982,#1185);
#224=LINE('',#11984,#1186);
#225=LINE('',#11988,#1187);
#226=LINE('',#11990,#1188);
#227=LINE('',#11995,#1189);
#228=LINE('',#11997,#1190);
#229=LINE('',#11999,#1191);
#230=LINE('',#12001,#1192);
#231=LINE('',#12005,#1193);
#232=LINE('',#12007,#1194);
#233=LINE('',#12009,#1195);
#234=LINE('',#12011,#1196);
#235=LINE('',#12014,#1197);
#236=LINE('',#12016,#1198);
#237=LINE('',#12018,#1199);
#238=LINE('',#12022,#1200);
#239=LINE('',#12024,#1201);
#240=LINE('',#12026,#1202);
#241=LINE('',#12030,#1203);
#242=LINE('',#12035,#1204);
#243=LINE('',#12037,#1205);
#244=LINE('',#12039,#1206);
#245=LINE('',#12043,#1207);
#246=LINE('',#12045,#1208);
#247=LINE('',#12047,#1209);
#248=LINE('',#12052,#1210);
#249=LINE('',#12054,#1211);
#250=LINE('',#12056,#1212);
#251=LINE('',#12058,#1213);
#252=LINE('',#12060,#1214);
#253=LINE('',#12062,#1215);
#254=LINE('',#12065,#1216);
#255=LINE('',#12069,#1217);
#256=LINE('',#12071,#1218);
#257=LINE('',#12073,#1219);
#258=LINE('',#12075,#1220);
#259=LINE('',#12078,#1221);
#260=LINE('',#12082,#1222);
#261=LINE('',#12084,#1223);
#262=LINE('',#12086,#1224);
#263=LINE('',#12088,#1225);
#264=LINE('',#12090,#1226);
#265=LINE('',#12092,#1227);
#266=LINE('',#12094,#1228);
#267=LINE('',#12096,#1229);
#268=LINE('',#12099,#1230);
#269=LINE('',#12100,#1231);
#270=LINE('',#12102,#1232);
#271=LINE('',#12104,#1233);
#272=LINE('',#12106,#1234);
#273=LINE('',#12107,#1235);
#274=LINE('',#12116,#1236);
#275=LINE('',#12117,#1237);
#276=LINE('',#12121,#1238);
#277=LINE('',#12125,#1239);
#278=LINE('',#12126,#1240);
#279=LINE('',#12130,#1241);
#280=LINE('',#12132,#1242);
#281=LINE('',#12137,#1243);
#282=LINE('',#12142,#1244);
#283=LINE('',#12144,#1245);
#284=LINE('',#12147,#1246);
#285=LINE('',#12149,#1247);
#286=LINE('',#12151,#1248);
#287=LINE('',#12153,#1249);
#288=LINE('',#12155,#1250);
#289=LINE('',#12158,#1251);
#290=LINE('',#12160,#1252);
#291=LINE('',#12162,#1253);
#292=LINE('',#12164,#1254);
#293=LINE('',#12166,#1255);
#294=LINE('',#12169,#1256);
#295=LINE('',#12173,#1257);
#296=LINE('',#12175,#1258);
#297=LINE('',#12177,#1259);
#298=LINE('',#12181,#1260);
#299=LINE('',#12183,#1261);
#300=LINE('',#12188,#1262);
#301=LINE('',#12190,#1263);
#302=LINE('',#12192,#1264);
#303=LINE('',#12194,#1265);
#304=LINE('',#12198,#1266);
#305=LINE('',#12200,#1267);
#306=LINE('',#12202,#1268);
#307=LINE('',#12207,#1269);
#308=LINE('',#12209,#1270);
#309=LINE('',#12211,#1271);
#310=LINE('',#12213,#1272);
#311=LINE('',#12217,#1273);
#312=LINE('',#12219,#1274);
#313=LINE('',#12221,#1275);
#314=LINE('',#12223,#1276);
#315=LINE('',#12226,#1277);
#316=LINE('',#12230,#1278);
#317=LINE('',#12232,#1279);
#318=LINE('',#12234,#1280);
#319=LINE('',#12238,#1281);
#320=LINE('',#12240,#1282);
#321=LINE('',#12245,#1283);
#322=LINE('',#12247,#1284);
#323=LINE('',#12249,#1285);
#324=LINE('',#12251,#1286);
#325=LINE('',#12253,#1287);
#326=LINE('',#12255,#1288);
#327=LINE('',#12258,#1289);
#328=LINE('',#12262,#1290);
#329=LINE('',#12264,#1291);
#330=LINE('',#12266,#1292);
#331=LINE('',#12271,#1293);
#332=LINE('',#12273,#1294);
#333=LINE('',#12275,#1295);
#334=LINE('',#12277,#1296);
#335=LINE('',#12279,#1297);
#336=LINE('',#12282,#1298);
#337=LINE('',#12283,#1299);
#338=LINE('',#12285,#1300);
#339=LINE('',#12287,#1301);
#340=LINE('',#12289,#1302);
#341=LINE('',#12291,#1303);
#342=LINE('',#12293,#1304);
#343=LINE('',#12295,#1305);
#344=LINE('',#12297,#1306);
#345=LINE('',#12299,#1307);
#346=LINE('',#12300,#1308);
#347=LINE('',#12304,#1309);
#348=LINE('',#12305,#1310);
#349=LINE('',#12309,#1311);
#350=LINE('',#12313,#1312);
#351=LINE('',#12314,#1313);
#352=LINE('',#12323,#1314);
#353=LINE('',#12328,#1315);
#354=LINE('',#12330,#1316);
#355=LINE('',#12332,#1317);
#356=LINE('',#12337,#1318);
#357=LINE('',#12340,#1319);
#358=LINE('',#12342,#1320);
#359=LINE('',#12344,#1321);
#360=LINE('',#12346,#1322);
#361=LINE('',#12348,#1323);
#362=LINE('',#12350,#1324);
#363=LINE('',#12352,#1325);
#364=LINE('',#12354,#1326);
#365=LINE('',#12356,#1327);
#366=LINE('',#12358,#1328);
#367=LINE('',#12360,#1329);
#368=LINE('',#12362,#1330);
#369=LINE('',#12364,#1331);
#370=LINE('',#12366,#1332);
#371=LINE('',#12368,#1333);
#372=LINE('',#12371,#1334);
#373=LINE('',#12373,#1335);
#374=LINE('',#12375,#1336);
#375=LINE('',#12377,#1337);
#376=LINE('',#12380,#1338);
#377=LINE('',#12382,#1339);
#378=LINE('',#12384,#1340);
#379=LINE('',#12386,#1341);
#380=LINE('',#12388,#1342);
#381=LINE('',#12391,#1343);
#382=LINE('',#12392,#1344);
#383=LINE('',#12394,#1345);
#384=LINE('',#12396,#1346);
#385=LINE('',#12398,#1347);
#386=LINE('',#12400,#1348);
#387=LINE('',#12402,#1349);
#388=LINE('',#12404,#1350);
#389=LINE('',#12406,#1351);
#390=LINE('',#12408,#1352);
#391=LINE('',#12410,#1353);
#392=LINE('',#12412,#1354);
#393=LINE('',#12414,#1355);
#394=LINE('',#12418,#1356);
#395=LINE('',#12420,#1357);
#396=LINE('',#12424,#1358);
#397=LINE('',#12426,#1359);
#398=LINE('',#12428,#1360);
#399=LINE('',#12430,#1361);
#400=LINE('',#12432,#1362);
#401=LINE('',#12434,#1363);
#402=LINE('',#12436,#1364);
#403=LINE('',#12438,#1365);
#404=LINE('',#12443,#1366);
#405=LINE('',#12445,#1367);
#406=LINE('',#12446,#1368);
#407=LINE('',#12448,#1369);
#408=LINE('',#12450,#1370);
#409=LINE('',#12452,#1371);
#410=LINE('',#12454,#1372);
#411=LINE('',#12456,#1373);
#412=LINE('',#12459,#1374);
#413=LINE('',#12461,#1375);
#414=LINE('',#12463,#1376);
#415=LINE('',#12465,#1377);
#416=LINE('',#12467,#1378);
#417=LINE('',#12469,#1379);
#418=LINE('',#12471,#1380);
#419=LINE('',#12473,#1381);
#420=LINE('',#12475,#1382);
#421=LINE('',#12477,#1383);
#422=LINE('',#12479,#1384);
#423=LINE('',#12481,#1385);
#424=LINE('',#12484,#1386);
#425=LINE('',#12486,#1387);
#426=LINE('',#12487,#1388);
#427=LINE('',#12489,#1389);
#428=LINE('',#12491,#1390);
#429=LINE('',#12494,#1391);
#430=LINE('',#12496,#1392);
#431=LINE('',#12498,#1393);
#432=LINE('',#12500,#1394);
#433=LINE('',#12502,#1395);
#434=LINE('',#12504,#1396);
#435=LINE('',#12506,#1397);
#436=LINE('',#12508,#1398);
#437=LINE('',#12512,#1399);
#438=LINE('',#12514,#1400);
#439=LINE('',#12516,#1401);
#440=LINE('',#12517,#1402);
#441=LINE('',#12519,#1403);
#442=LINE('',#12521,#1404);
#443=LINE('',#12523,#1405);
#444=LINE('',#12526,#1406);
#445=LINE('',#12528,#1407);
#446=LINE('',#12530,#1408);
#447=LINE('',#12532,#1409);
#448=LINE('',#12535,#1410);
#449=LINE('',#12537,#1411);
#450=LINE('',#12539,#1412);
#451=LINE('',#12541,#1413);
#452=LINE('',#12544,#1414);
#453=LINE('',#12546,#1415);
#454=LINE('',#12548,#1416);
#455=LINE('',#12550,#1417);
#456=LINE('',#12552,#1418);
#457=LINE('',#12554,#1419);
#458=LINE('',#12556,#1420);
#459=LINE('',#12558,#1421);
#460=LINE('',#12560,#1422);
#461=LINE('',#12562,#1423);
#462=LINE('',#12564,#1424);
#463=LINE('',#12566,#1425);
#464=LINE('',#12568,#1426);
#465=LINE('',#12570,#1427);
#466=LINE('',#12572,#1428);
#467=LINE('',#12574,#1429);
#468=LINE('',#12576,#1430);
#469=LINE('',#12578,#1431);
#470=LINE('',#12580,#1432);
#471=LINE('',#12582,#1433);
#472=LINE('',#12584,#1434);
#473=LINE('',#12586,#1435);
#474=LINE('',#12588,#1436);
#475=LINE('',#12590,#1437);
#476=LINE('',#12592,#1438);
#477=LINE('',#12594,#1439);
#478=LINE('',#12598,#1440);
#479=LINE('',#12600,#1441);
#480=LINE('',#12602,#1442);
#481=LINE('',#12606,#1443);
#482=LINE('',#12608,#1444);
#483=LINE('',#12612,#1445);
#484=LINE('',#12614,#1446);
#485=LINE('',#12616,#1447);
#486=LINE('',#12620,#1448);
#487=LINE('',#12622,#1449);
#488=LINE('',#12624,#1450);
#489=LINE('',#12629,#1451);
#490=LINE('',#12635,#1452);
#491=LINE('',#12637,#1453);
#492=LINE('',#12642,#1454);
#493=LINE('',#12648,#1455);
#494=LINE('',#12651,#1456);
#495=LINE('',#12653,#1457);
#496=LINE('',#12655,#1458);
#497=LINE('',#12661,#1459);
#498=LINE('',#12664,#1460);
#499=LINE('',#12666,#1461);
#500=LINE('',#12668,#1462);
#501=LINE('',#12670,#1463);
#502=LINE('',#12672,#1464);
#503=LINE('',#12678,#1465);
#504=LINE('',#12680,#1466);
#505=LINE('',#12682,#1467);
#506=LINE('',#12685,#1468);
#507=LINE('',#12687,#1469);
#508=LINE('',#12689,#1470);
#509=LINE('',#12691,#1471);
#510=LINE('',#12693,#1472);
#511=LINE('',#12695,#1473);
#512=LINE('',#12697,#1474);
#513=LINE('',#12699,#1475);
#514=LINE('',#12701,#1476);
#515=LINE('',#12704,#1477);
#516=LINE('',#12706,#1478);
#517=LINE('',#12708,#1479);
#518=LINE('',#12710,#1480);
#519=LINE('',#12713,#1481);
#520=LINE('',#12715,#1482);
#521=LINE('',#12717,#1483);
#522=LINE('',#12719,#1484);
#523=LINE('',#12722,#1485);
#524=LINE('',#12724,#1486);
#525=LINE('',#12726,#1487);
#526=LINE('',#12728,#1488);
#527=LINE('',#12730,#1489);
#528=LINE('',#12732,#1490);
#529=LINE('',#12734,#1491);
#530=LINE('',#12736,#1492);
#531=LINE('',#12738,#1493);
#532=LINE('',#12740,#1494);
#533=LINE('',#12742,#1495);
#534=LINE('',#12744,#1496);
#535=LINE('',#12746,#1497);
#536=LINE('',#12748,#1498);
#537=LINE('',#12750,#1499);
#538=LINE('',#12752,#1500);
#539=LINE('',#12754,#1501);
#540=LINE('',#12756,#1502);
#541=LINE('',#12758,#1503);
#542=LINE('',#12761,#1504);
#543=LINE('',#12763,#1505);
#544=LINE('',#12765,#1506);
#545=LINE('',#12767,#1507);
#546=LINE('',#12769,#1508);
#547=LINE('',#12771,#1509);
#548=LINE('',#12773,#1510);
#549=LINE('',#12775,#1511);
#550=LINE('',#12777,#1512);
#551=LINE('',#12779,#1513);
#552=LINE('',#12781,#1514);
#553=LINE('',#12783,#1515);
#554=LINE('',#12785,#1516);
#555=LINE('',#12787,#1517);
#556=LINE('',#12790,#1518);
#557=LINE('',#12791,#1519);
#558=LINE('',#12793,#1520);
#559=LINE('',#12795,#1521);
#560=LINE('',#12797,#1522);
#561=LINE('',#12800,#1523);
#562=LINE('',#12802,#1524);
#563=LINE('',#12804,#1525);
#564=LINE('',#12805,#1526);
#565=LINE('',#12807,#1527);
#566=LINE('',#12810,#1528);
#567=LINE('',#12812,#1529);
#568=LINE('',#12814,#1530);
#569=LINE('',#12815,#1531);
#570=LINE('',#12817,#1532);
#571=LINE('',#12820,#1533);
#572=LINE('',#12821,#1534);
#573=LINE('',#12823,#1535);
#574=LINE('',#12825,#1536);
#575=LINE('',#12827,#1537);
#576=LINE('',#12829,#1538);
#577=LINE('',#12831,#1539);
#578=LINE('',#12833,#1540);
#579=LINE('',#12835,#1541);
#580=LINE('',#12837,#1542);
#581=LINE('',#12839,#1543);
#582=LINE('',#12841,#1544);
#583=LINE('',#12843,#1545);
#584=LINE('',#12845,#1546);
#585=LINE('',#12847,#1547);
#586=LINE('',#12849,#1548);
#587=LINE('',#12851,#1549);
#588=LINE('',#12853,#1550);
#589=LINE('',#12855,#1551);
#590=LINE('',#12857,#1552);
#591=LINE('',#12859,#1553);
#592=LINE('',#12861,#1554);
#593=LINE('',#12863,#1555);
#594=LINE('',#12865,#1556);
#595=LINE('',#12867,#1557);
#596=LINE('',#12868,#1558);
#597=LINE('',#12870,#1559);
#598=LINE('',#12871,#1560);
#599=LINE('',#12873,#1561);
#600=LINE('',#12874,#1562);
#601=LINE('',#12876,#1563);
#602=LINE('',#12877,#1564);
#603=LINE('',#12879,#1565);
#604=LINE('',#12881,#1566);
#605=LINE('',#12887,#1567);
#606=LINE('',#12889,#1568);
#607=LINE('',#12891,#1569);
#608=LINE('',#12893,#1570);
#609=LINE('',#12898,#1571);
#610=LINE('',#12900,#1572);
#611=LINE('',#12903,#1573);
#612=LINE('',#12905,#1574);
#613=LINE('',#12907,#1575);
#614=LINE('',#12909,#1576);
#615=LINE('',#12912,#1577);
#616=LINE('',#12914,#1578);
#617=LINE('',#12916,#1579);
#618=LINE('',#12918,#1580);
#619=LINE('',#12922,#1581);
#620=LINE('',#12925,#1582);
#621=LINE('',#12927,#1583);
#622=LINE('',#12929,#1584);
#623=LINE('',#12933,#1585);
#624=LINE('',#12937,#1586);
#625=LINE('',#12940,#1587);
#626=LINE('',#12941,#1588);
#627=LINE('',#12943,#1589);
#628=LINE('',#12946,#1590);
#629=LINE('',#12948,#1591);
#630=LINE('',#12950,#1592);
#631=LINE('',#12955,#1593);
#632=LINE('',#12957,#1594);
#633=LINE('',#12959,#1595);
#634=LINE('',#12961,#1596);
#635=LINE('',#12963,#1597);
#636=LINE('',#12965,#1598);
#637=LINE('',#12968,#1599);
#638=LINE('',#12971,#1600);
#639=LINE('',#12973,#1601);
#640=LINE('',#12975,#1602);
#641=LINE('',#12977,#1603);
#642=LINE('',#12979,#1604);
#643=LINE('',#12981,#1605);
#644=LINE('',#12982,#1606);
#645=LINE('',#12986,#1607);
#646=LINE('',#12990,#1608);
#647=LINE('',#12992,#1609);
#648=LINE('',#12994,#1610);
#649=LINE('',#12998,#1611);
#650=LINE('',#13002,#1612);
#651=LINE('',#13004,#1613);
#652=LINE('',#13006,#1614);
#653=LINE('',#13008,#1615);
#654=LINE('',#13012,#1616);
#655=LINE('',#13014,#1617);
#656=LINE('',#13016,#1618);
#657=LINE('',#13019,#1619);
#658=LINE('',#13021,#1620);
#659=LINE('',#13024,#1621);
#660=LINE('',#13026,#1622);
#661=LINE('',#13028,#1623);
#662=LINE('',#13030,#1624);
#663=LINE('',#13032,#1625);
#664=LINE('',#13034,#1626);
#665=LINE('',#13036,#1627);
#666=LINE('',#13038,#1628);
#667=LINE('',#13039,#1629);
#668=LINE('',#13043,#1630);
#669=LINE('',#13046,#1631);
#670=LINE('',#13050,#1632);
#671=LINE('',#13052,#1633);
#672=LINE('',#13054,#1634);
#673=LINE('',#13056,#1635);
#674=LINE('',#13060,#1636);
#675=LINE('',#13062,#1637);
#676=LINE('',#13064,#1638);
#677=LINE('',#13065,#1639);
#678=LINE('',#13067,#1640);
#679=LINE('',#13071,#1641);
#680=LINE('',#13073,#1642);
#681=LINE('',#13076,#1643);
#682=LINE('',#13078,#1644);
#683=LINE('',#13080,#1645);
#684=LINE('',#13082,#1646);
#685=LINE('',#13084,#1647);
#686=LINE('',#13088,#1648);
#687=LINE('',#13092,#1649);
#688=LINE('',#13094,#1650);
#689=LINE('',#13096,#1651);
#690=LINE('',#13101,#1652);
#691=LINE('',#13103,#1653);
#692=LINE('',#13104,#1654);
#693=LINE('',#13106,#1655);
#694=LINE('',#13108,#1656);
#695=LINE('',#13110,#1657);
#696=LINE('',#13112,#1658);
#697=LINE('',#13114,#1659);
#698=LINE('',#13117,#1660);
#699=LINE('',#13126,#1661);
#700=LINE('',#13128,#1662);
#701=LINE('',#13130,#1663);
#702=LINE('',#13132,#1664);
#703=LINE('',#13134,#1665);
#704=LINE('',#13138,#1666);
#705=LINE('',#13142,#1667);
#706=LINE('',#13145,#1668);
#707=LINE('',#13146,#1669);
#708=LINE('',#13148,#1670);
#709=LINE('',#13151,#1671);
#710=LINE('',#13153,#1672);
#711=LINE('',#13155,#1673);
#712=LINE('',#13159,#1674);
#713=LINE('',#13163,#1675);
#714=LINE('',#13164,#1676);
#715=LINE('',#13166,#1677);
#716=LINE('',#13170,#1678);
#717=LINE('',#13173,#1679);
#718=LINE('',#13176,#1680);
#719=LINE('',#13177,#1681);
#720=LINE('',#13179,#1682);
#721=LINE('',#13181,#1683);
#722=LINE('',#13183,#1684);
#723=LINE('',#13185,#1685);
#724=LINE('',#13186,#1686);
#725=LINE('',#13187,#1687);
#726=LINE('',#13190,#1688);
#727=LINE('',#13191,#1689);
#728=LINE('',#13192,#1690);
#729=LINE('',#13194,#1691);
#730=LINE('',#13196,#1692);
#731=LINE('',#13198,#1693);
#732=LINE('',#13200,#1694);
#733=LINE('',#13201,#1695);
#734=LINE('',#13203,#1696);
#735=LINE('',#13205,#1697);
#736=LINE('',#13206,#1698);
#737=LINE('',#13208,#1699);
#738=LINE('',#13211,#1700);
#739=LINE('',#13213,#1701);
#740=LINE('',#13214,#1702);
#741=LINE('',#13216,#1703);
#742=LINE('',#13220,#1704);
#743=LINE('',#13222,#1705);
#744=LINE('',#13223,#1706);
#745=LINE('',#13224,#1707);
#746=LINE('',#13226,#1708);
#747=LINE('',#13229,#1709);
#748=LINE('',#13231,#1710);
#749=LINE('',#13232,#1711);
#750=LINE('',#13234,#1712);
#751=LINE('',#13235,#1713);
#752=LINE('',#13236,#1714);
#753=LINE('',#13238,#1715);
#754=LINE('',#13239,#1716);
#755=LINE('',#13255,#1717);
#756=LINE('',#13257,#1718);
#757=LINE('',#13260,#1719);
#758=LINE('',#13265,#1720);
#759=LINE('',#13271,#1721);
#760=LINE('',#13273,#1722);
#761=LINE('',#13278,#1723);
#762=LINE('',#13282,#1724);
#763=LINE('',#13283,#1725);
#764=LINE('',#13287,#1726);
#765=LINE('',#13291,#1727);
#766=LINE('',#13292,#1728);
#767=LINE('',#13294,#1729);
#768=LINE('',#13295,#1730);
#769=LINE('',#13297,#1731);
#770=LINE('',#13299,#1732);
#771=LINE('',#13301,#1733);
#772=LINE('',#13303,#1734);
#773=LINE('',#13319,#1735);
#774=LINE('',#13321,#1736);
#775=LINE('',#13323,#1737);
#776=LINE('',#13324,#1738);
#777=LINE('',#13326,#1739);
#778=LINE('',#13328,#1740);
#779=LINE('',#13330,#1741);
#780=LINE('',#13331,#1742);
#781=LINE('',#13333,#1743);
#782=LINE('',#13335,#1744);
#783=LINE('',#13337,#1745);
#784=LINE('',#13344,#1746);
#785=LINE('',#13361,#1747);
#786=LINE('',#13363,#1748);
#787=LINE('',#13365,#1749);
#788=LINE('',#13366,#1750);
#789=LINE('',#13368,#1751);
#790=LINE('',#13370,#1752);
#791=LINE('',#13376,#1753);
#792=LINE('',#13380,#1754);
#793=LINE('',#13387,#1755);
#794=LINE('',#13393,#1756);
#795=LINE('',#13401,#1757);
#796=LINE('',#13403,#1758);
#797=LINE('',#13405,#1759);
#798=LINE('',#13407,#1760);
#799=LINE('',#13413,#1761);
#800=LINE('',#13416,#1762);
#801=LINE('',#13417,#1763);
#802=LINE('',#13422,#1764);
#803=LINE('',#13426,#1765);
#804=LINE('',#13430,#1766);
#805=LINE('',#13432,#1767);
#806=LINE('',#13434,#1768);
#807=LINE('',#13441,#1769);
#808=LINE('',#13453,#1770);
#809=LINE('',#13454,#1771);
#810=LINE('',#13456,#1772);
#811=LINE('',#13459,#1773);
#812=LINE('',#13460,#1774);
#813=LINE('',#13462,#1775);
#814=LINE('',#13464,#1776);
#815=LINE('',#13466,#1777);
#816=LINE('',#13467,#1778);
#817=LINE('',#13469,#1779);
#818=LINE('',#13471,#1780);
#819=LINE('',#13473,#1781);
#820=LINE('',#13475,#1782);
#821=LINE('',#13477,#1783);
#822=LINE('',#13479,#1784);
#823=LINE('',#13481,#1785);
#824=LINE('',#13483,#1786);
#825=LINE('',#13485,#1787);
#826=LINE('',#13491,#1788);
#827=LINE('',#13492,#1789);
#828=LINE('',#13494,#1790);
#829=LINE('',#13495,#1791);
#830=LINE('',#13497,#1792);
#831=LINE('',#13499,#1793);
#832=LINE('',#13500,#1794);
#833=LINE('',#13502,#1795);
#834=LINE('',#13504,#1796);
#835=LINE('',#13505,#1797);
#836=LINE('',#13507,#1798);
#837=LINE('',#13510,#1799);
#838=LINE('',#13512,#1800);
#839=LINE('',#13514,#1801);
#840=LINE('',#13516,#1802);
#841=LINE('',#13518,#1803);
#842=LINE('',#13519,#1804);
#843=LINE('',#13521,#1805);
#844=LINE('',#13523,#1806);
#845=LINE('',#13525,#1807);
#846=LINE('',#13527,#1808);
#847=LINE('',#13529,#1809);
#848=LINE('',#13531,#1810);
#849=LINE('',#13532,#1811);
#850=LINE('',#13533,#1812);
#851=LINE('',#13538,#1813);
#852=LINE('',#13541,#1814);
#853=LINE('',#13543,#1815);
#854=LINE('',#13545,#1816);
#855=LINE('',#13547,#1817);
#856=LINE('',#13549,#1818);
#857=LINE('',#13551,#1819);
#858=LINE('',#13552,#1820);
#859=LINE('',#13554,#1821);
#860=LINE('',#13556,#1822);
#861=LINE('',#13558,#1823);
#862=LINE('',#13560,#1824);
#863=LINE('',#13564,#1825);
#864=LINE('',#13567,#1826);
#865=LINE('',#13569,#1827);
#866=LINE('',#13571,#1828);
#867=LINE('',#13573,#1829);
#868=LINE('',#13575,#1830);
#869=LINE('',#13577,#1831);
#870=LINE('',#13579,#1832);
#871=LINE('',#13581,#1833);
#872=LINE('',#13583,#1834);
#873=LINE('',#13585,#1835);
#874=LINE('',#13587,#1836);
#875=LINE('',#13589,#1837);
#876=LINE('',#13591,#1838);
#877=LINE('',#13593,#1839);
#878=LINE('',#13595,#1840);
#879=LINE('',#13597,#1841);
#880=LINE('',#13599,#1842);
#881=LINE('',#13601,#1843);
#882=LINE('',#13603,#1844);
#883=LINE('',#13607,#1845);
#884=LINE('',#13609,#1846);
#885=LINE('',#13611,#1847);
#886=LINE('',#13615,#1848);
#887=LINE('',#13619,#1849);
#888=LINE('',#13621,#1850);
#889=LINE('',#13623,#1851);
#890=LINE('',#13627,#1852);
#891=LINE('',#13629,#1853);
#892=LINE('',#13631,#1854);
#893=LINE('',#13633,#1855);
#894=LINE('',#13635,#1856);
#895=LINE('',#13636,#1857);
#896=LINE('',#13638,#1858);
#897=LINE('',#13640,#1859);
#898=LINE('',#13641,#1860);
#899=LINE('',#13642,#1861);
#900=LINE('',#13644,#1862);
#901=LINE('',#13646,#1863);
#902=LINE('',#13647,#1864);
#903=LINE('',#13649,#1865);
#904=LINE('',#13651,#1866);
#905=LINE('',#13652,#1867);
#906=LINE('',#13654,#1868);
#907=LINE('',#13656,#1869);
#908=LINE('',#13659,#1870);
#909=LINE('',#13661,#1871);
#910=LINE('',#13663,#1872);
#911=LINE('',#13665,#1873);
#912=LINE('',#13667,#1874);
#913=LINE('',#13669,#1875);
#914=LINE('',#13671,#1876);
#915=LINE('',#13673,#1877);
#916=LINE('',#13675,#1878);
#917=LINE('',#13677,#1879);
#918=LINE('',#13680,#1880);
#919=LINE('',#13682,#1881);
#920=LINE('',#13684,#1882);
#921=LINE('',#13686,#1883);
#922=LINE('',#13688,#1884);
#923=LINE('',#13690,#1885);
#924=LINE('',#13694,#1886);
#925=LINE('',#13698,#1887);
#926=LINE('',#13700,#1888);
#927=LINE('',#13702,#1889);
#928=LINE('',#13703,#1890);
#929=LINE('',#13705,#1891);
#930=LINE('',#13706,#1892);
#931=LINE('',#13708,#1893);
#932=LINE('',#13710,#1894);
#933=LINE('',#13713,#1895);
#934=LINE('',#13715,#1896);
#935=LINE('',#13717,#1897);
#936=LINE('',#13719,#1898);
#937=LINE('',#13721,#1899);
#938=LINE('',#13723,#1900);
#939=LINE('',#13725,#1901);
#940=LINE('',#13729,#1902);
#941=LINE('',#13731,#1903);
#942=LINE('',#13733,#1904);
#943=LINE('',#13735,#1905);
#944=LINE('',#13737,#1906);
#945=LINE('',#13739,#1907);
#946=LINE('',#13740,#1908);
#947=LINE('',#13742,#1909);
#948=LINE('',#13744,#1910);
#949=LINE('',#13746,#1911);
#950=LINE('',#13748,#1912);
#951=LINE('',#13750,#1913);
#952=LINE('',#13752,#1914);
#953=LINE('',#13754,#1915);
#954=LINE('',#13756,#1916);
#955=LINE('',#13758,#1917);
#956=LINE('',#13760,#1918);
#957=LINE('',#13762,#1919);
#958=LINE('',#13764,#1920);
#959=LINE('',#13765,#1921);
#960=LINE('',#13767,#1922);
#961=LINE('',#13769,#1923);
#962=LINE('',#13771,#1924);
#963=LINE('',#13773,#1925);
#964=LINE('',#13775,#1926);
#965=LINE('',#13777,#1927);
#966=LINE('',#13778,#1928);
#967=LINE('',#13780,#1929);
#968=LINE('',#13781,#1930);
#969=LINE('',#13783,#1931);
#970=LINE('',#13784,#1932);
#971=LINE('',#13786,#1933);
#972=LINE('',#13789,#1934);
#973=LINE('',#13790,#1935);
#974=LINE('',#13792,#1936);
#975=LINE('',#13793,#1937);
#976=LINE('',#13795,#1938);
#977=LINE('',#13797,#1939);
#978=LINE('',#13799,#1940);
#979=LINE('',#13800,#1941);
#980=LINE('',#13801,#1942);
#981=LINE('',#13803,#1943);
#982=LINE('',#13805,#1944);
#983=LINE('',#13807,#1945);
#984=LINE('',#13809,#1946);
#985=LINE('',#13811,#1947);
#986=LINE('',#13813,#1948);
#987=LINE('',#13815,#1949);
#988=LINE('',#13817,#1950);
#989=LINE('',#13820,#1951);
#990=LINE('',#13821,#1952);
#991=LINE('',#13823,#1953);
#992=LINE('',#13825,#1954);
#993=LINE('',#13828,#1955);
#994=LINE('',#13830,#1956);
#995=LINE('',#13832,#1957);
#996=LINE('',#13834,#1958);
#997=LINE('',#13835,#1959);
#998=LINE('',#13837,#1960);
#999=LINE('',#13839,#1961);
#1000=LINE('',#13841,#1962);
#1001=LINE('',#13847,#1963);
#1002=LINE('',#13849,#1964);
#1003=LINE('',#13851,#1965);
#1004=LINE('',#13853,#1966);
#1005=LINE('',#13855,#1967);
#1006=LINE('',#13857,#1968);
#1007=LINE('',#13859,#1969);
#1008=LINE('',#13861,#1970);
#1009=LINE('',#13863,#1971);
#1010=LINE('',#13865,#1972);
#1011=LINE('',#13867,#1973);
#1012=LINE('',#13869,#1974);
#1013=LINE('',#13871,#1975);
#1014=LINE('',#13875,#1976);
#1015=LINE('',#13876,#1977);
#1016=LINE('',#13878,#1978);
#1017=LINE('',#13880,#1979);
#1018=LINE('',#13882,#1980);
#1019=LINE('',#13884,#1981);
#1020=LINE('',#13885,#1982);
#1021=LINE('',#13887,#1983);
#1022=LINE('',#13888,#1984);
#1023=LINE('',#13890,#1985);
#1024=LINE('',#13891,#1986);
#1025=LINE('',#13893,#1987);
#1026=LINE('',#13894,#1988);
#1027=LINE('',#13896,#1989);
#1028=LINE('',#13898,#1990);
#1029=LINE('',#13899,#1991);
#1030=LINE('',#13901,#1992);
#1031=LINE('',#13903,#1993);
#1032=LINE('',#13914,#1994);
#1033=LINE('',#13916,#1995);
#1034=LINE('',#13918,#1996);
#1035=LINE('',#13920,#1997);
#1036=LINE('',#13922,#1998);
#1037=LINE('',#13924,#1999);
#1038=LINE('',#13927,#2000);
#1039=LINE('',#13928,#2001);
#1040=LINE('',#13930,#2002);
#1041=LINE('',#13932,#2003);
#1042=LINE('',#13935,#2004);
#1043=LINE('',#13938,#2005);
#1044=LINE('',#13940,#2006);
#1045=LINE('',#13942,#2007);
#1046=LINE('',#13944,#2008);
#1047=LINE('',#13945,#2009);
#1048=LINE('',#13947,#2010);
#1049=LINE('',#13949,#2011);
#1050=LINE('',#13951,#2012);
#1051=LINE('',#13953,#2013);
#1052=LINE('',#13955,#2014);
#1053=LINE('',#13958,#2015);
#1054=LINE('',#13960,#2016);
#1055=LINE('',#13962,#2017);
#1056=LINE('',#13964,#2018);
#1057=LINE('',#13966,#2019);
#1058=LINE('',#13969,#2020);
#1059=LINE('',#13972,#2021);
#1060=LINE('',#13974,#2022);
#1061=LINE('',#13976,#2023);
#1062=LINE('',#13978,#2024);
#1063=LINE('',#13979,#2025);
#1064=LINE('',#13981,#2026);
#1065=LINE('',#13983,#2027);
#1066=LINE('',#13985,#2028);
#1067=LINE('',#13987,#2029);
#1068=LINE('',#13989,#2030);
#1069=LINE('',#13992,#2031);
#1070=LINE('',#13994,#2032);
#1071=LINE('',#13996,#2033);
#1072=LINE('',#13998,#2034);
#1073=LINE('',#14000,#2035);
#1074=LINE('',#14003,#2036);
#1075=LINE('',#14006,#2037);
#1076=LINE('',#14008,#2038);
#1077=LINE('',#14010,#2039);
#1078=LINE('',#14012,#2040);
#1079=LINE('',#14013,#2041);
#1080=LINE('',#14015,#2042);
#1081=LINE('',#14017,#2043);
#1082=LINE('',#14019,#2044);
#1083=LINE('',#14021,#2045);
#1084=LINE('',#14023,#2046);
#1085=LINE('',#14026,#2047);
#1086=LINE('',#14029,#2048);
#1087=LINE('',#14034,#2049);
#1088=LINE('',#14035,#2050);
#1089=LINE('',#14037,#2051);
#1090=LINE('',#14039,#2052);
#1091=LINE('',#14043,#2053);
#1092=LINE('',#14044,#2054);
#1093=LINE('',#14047,#2055);
#1094=LINE('',#14049,#2056);
#1095=LINE('',#14051,#2057);
#1096=LINE('',#14052,#2058);
#1097=LINE('',#14054,#2059);
#1098=LINE('',#14058,#2060);
#1099=LINE('',#14068,#2061);
#1100=LINE('',#14070,#2062);
#1101=LINE('',#14072,#2063);
#1102=LINE('',#14074,#2064);
#1103=LINE('',#14076,#2065);
#1104=LINE('',#14078,#2066);
#1105=LINE('',#14079,#2067);
#1106=LINE('',#14081,#2068);
#1107=LINE('',#14082,#2069);
#1108=LINE('',#14084,#2070);
#1109=LINE('',#14086,#2071);
#1110=LINE('',#14088,#2072);
#1111=LINE('',#14090,#2073);
#1112=LINE('',#14093,#2074);
#1113=LINE('',#14097,#2075);
#1114=LINE('',#14099,#2076);
#1115=LINE('',#14101,#2077);
#1116=LINE('',#14103,#2078);
#1117=LINE('',#14105,#2079);
#1118=LINE('',#14107,#2080);
#1119=LINE('',#14108,#2081);
#1120=LINE('',#14110,#2082);
#1121=LINE('',#14112,#2083);
#1122=LINE('',#14113,#2084);
#1123=LINE('',#14116,#2085);
#1124=LINE('',#14119,#2086);
#1125=LINE('',#14121,#2087);
#1126=LINE('',#14123,#2088);
#1127=LINE('',#14126,#2089);
#1128=LINE('',#14129,#2090);
#1129=LINE('',#14131,#2091);
#1130=LINE('',#14133,#2092);
#1131=LINE('',#14135,#2093);
#1132=LINE('',#14137,#2094);
#1133=LINE('',#14140,#2095);
#1134=LINE('',#14141,#2096);
#1135=LINE('',#14143,#2097);
#1136=LINE('',#14145,#2098);
#1137=LINE('',#14146,#2099);
#1138=LINE('',#14148,#2100);
#1139=LINE('',#14152,#2101);
#1140=LINE('',#14155,#2102);
#1141=LINE('',#14157,#2103);
#1142=LINE('',#14159,#2104);
#1143=LINE('',#14161,#2105);
#1144=LINE('',#14163,#2106);
#1145=LINE('',#14165,#2107);
#1146=LINE('',#14167,#2108);
#1147=LINE('',#14169,#2109);
#1148=LINE('',#14171,#2110);
#1149=LINE('',#14172,#2111);
#1150=LINE('',#14174,#2112);
#1151=LINE('',#14181,#2113);
#1152=LINE('',#14183,#2114);
#1153=LINE('',#14185,#2115);
#1154=LINE('',#14187,#2116);
#1155=LINE('',#14202,#2117);
#1156=LINE('',#14203,#2118);
#1157=LINE('',#14216,#2119);
#1158=LINE('',#14225,#2120);
#1159=LINE('',#14228,#2121);
#1160=LINE('',#14230,#2122);
#1161=LINE('',#14243,#2123);
#1162=LINE('',#14263,#2124);
#1163=LINE('',#14268,#2125);
#1164=LINE('',#14272,#2126);
#1165=LINE('',#14275,#2127);
#1166=LINE('',#14276,#2128);
#1167=LINE('',#14278,#2129);
#1168=LINE('',#14280,#2130);
#1169=LINE('',#14281,#2131);
#1170=LINE('',#14286,#2132);
#1171=LINE('',#14289,#2133);
#1172=VECTOR('',#9843,1.);
#1173=VECTOR('',#9844,1.);
#1174=VECTOR('',#9845,1.);
#1175=VECTOR('',#9846,1.);
#1176=VECTOR('',#9847,1.);
#1177=VECTOR('',#9850,1.);
#1178=VECTOR('',#9851,1.);
#1179=VECTOR('',#9852,1.);
#1180=VECTOR('',#9853,1.);
#1181=VECTOR('',#9854,1.);
#1182=VECTOR('',#9857,1.);
#1183=VECTOR('',#9858,1.);
#1184=VECTOR('',#9861,1.);
#1185=VECTOR('',#9862,1.);
#1186=VECTOR('',#9863,1.);
#1187=VECTOR('',#9866,1.);
#1188=VECTOR('',#9867,1.);
#1189=VECTOR('',#9872,1.);
#1190=VECTOR('',#9873,1.);
#1191=VECTOR('',#9874,1.);
#1192=VECTOR('',#9875,1.);
#1193=VECTOR('',#9878,1.);
#1194=VECTOR('',#9879,1.);
#1195=VECTOR('',#9880,1.);
#1196=VECTOR('',#9883,1.);
#1197=VECTOR('',#9884,1.);
#1198=VECTOR('',#9885,1.);
#1199=VECTOR('',#9886,1.);
#1200=VECTOR('',#9889,1.);
#1201=VECTOR('',#9890,1.);
#1202=VECTOR('',#9891,1.);
#1203=VECTOR('',#9896,1.);
#1204=VECTOR('',#9899,1.);
#1205=VECTOR('',#9900,1.);
#1206=VECTOR('',#9901,1.);
#1207=VECTOR('',#9904,1.);
#1208=VECTOR('',#9905,1.);
#1209=VECTOR('',#9906,1.);
#1210=VECTOR('',#9911,1.);
#1211=VECTOR('',#9912,1.);
#1212=VECTOR('',#9913,1.);
#1213=VECTOR('',#9914,1.);
#1214=VECTOR('',#9915,1.);
#1215=VECTOR('',#9918,1.);
#1216=VECTOR('',#9919,1.);
#1217=VECTOR('',#9922,1.);
#1218=VECTOR('',#9923,1.);
#1219=VECTOR('',#9924,1.);
#1220=VECTOR('',#9927,1.);
#1221=VECTOR('',#9928,1.);
#1222=VECTOR('',#9931,1.);
#1223=VECTOR('',#9932,1.);
#1224=VECTOR('',#9935,1.);
#1225=VECTOR('',#9936,1.);
#1226=VECTOR('',#9937,1.);
#1227=VECTOR('',#9938,1.);
#1228=VECTOR('',#9939,1.);
#1229=VECTOR('',#9942,1.);
#1230=VECTOR('',#9943,1.);
#1231=VECTOR('',#9944,1.);
#1232=VECTOR('',#9945,1.);
#1233=VECTOR('',#9946,1.);
#1234=VECTOR('',#9949,1.);
#1235=VECTOR('',#9950,1.);
#1236=VECTOR('',#9955,1.);
#1237=VECTOR('',#9956,1.);
#1238=VECTOR('',#9959,1.);
#1239=VECTOR('',#9962,1.);
#1240=VECTOR('',#9963,1.);
#1241=VECTOR('',#9968,1.);
#1242=VECTOR('',#9969,1.);
#1243=VECTOR('',#9976,1.);
#1244=VECTOR('',#9981,1.);
#1245=VECTOR('',#9984,1.);
#1246=VECTOR('',#9985,1.);
#1247=VECTOR('',#9986,1.);
#1248=VECTOR('',#9987,1.);
#1249=VECTOR('',#9988,1.);
#1250=VECTOR('',#9991,1.);
#1251=VECTOR('',#9992,1.);
#1252=VECTOR('',#9993,1.);
#1253=VECTOR('',#9994,1.);
#1254=VECTOR('',#9995,1.);
#1255=VECTOR('',#9998,1.);
#1256=VECTOR('',#9999,1.);
#1257=VECTOR('',#10002,1.);
#1258=VECTOR('',#10003,1.);
#1259=VECTOR('',#10004,1.);
#1260=VECTOR('',#10007,1.);
#1261=VECTOR('',#10008,1.);
#1262=VECTOR('',#10013,1.);
#1263=VECTOR('',#10014,1.);
#1264=VECTOR('',#10015,1.);
#1265=VECTOR('',#10016,1.);
#1266=VECTOR('',#10019,1.);
#1267=VECTOR('',#10020,1.);
#1268=VECTOR('',#10021,1.);
#1269=VECTOR('',#10026,1.);
#1270=VECTOR('',#10027,1.);
#1271=VECTOR('',#10028,1.);
#1272=VECTOR('',#10029,1.);
#1273=VECTOR('',#10032,1.);
#1274=VECTOR('',#10033,1.);
#1275=VECTOR('',#10034,1.);
#1276=VECTOR('',#10037,1.);
#1277=VECTOR('',#10038,1.);
#1278=VECTOR('',#10041,1.);
#1279=VECTOR('',#10042,1.);
#1280=VECTOR('',#10043,1.);
#1281=VECTOR('',#10046,1.);
#1282=VECTOR('',#10047,1.);
#1283=VECTOR('',#10052,1.);
#1284=VECTOR('',#10053,1.);
#1285=VECTOR('',#10054,1.);
#1286=VECTOR('',#10055,1.);
#1287=VECTOR('',#10056,1.);
#1288=VECTOR('',#10059,1.);
#1289=VECTOR('',#10060,1.);
#1290=VECTOR('',#10063,1.);
#1291=VECTOR('',#10064,1.);
#1292=VECTOR('',#10065,1.);
#1293=VECTOR('',#10070,1.);
#1294=VECTOR('',#10071,1.);
#1295=VECTOR('',#10072,1.);
#1296=VECTOR('',#10073,1.);
#1297=VECTOR('',#10076,1.);
#1298=VECTOR('',#10077,1.);
#1299=VECTOR('',#10078,1.);
#1300=VECTOR('',#10079,1.);
#1301=VECTOR('',#10080,1.);
#1302=VECTOR('',#10083,1.);
#1303=VECTOR('',#10084,1.);
#1304=VECTOR('',#10085,1.);
#1305=VECTOR('',#10086,1.);
#1306=VECTOR('',#10087,1.);
#1307=VECTOR('',#10090,1.);
#1308=VECTOR('',#10091,1.);
#1309=VECTOR('',#10096,1.);
#1310=VECTOR('',#10097,1.);
#1311=VECTOR('',#10100,1.);
#1312=VECTOR('',#10103,1.);
#1313=VECTOR('',#10104,1.);
#1314=VECTOR('',#10109,1.);
#1315=VECTOR('',#10114,1.);
#1316=VECTOR('',#10117,1.);
#1317=VECTOR('',#10118,1.);
#1318=VECTOR('',#10125,1.);
#1319=VECTOR('',#10126,1.);
#1320=VECTOR('',#10127,1.);
#1321=VECTOR('',#10128,1.);
#1322=VECTOR('',#10129,1.);
#1323=VECTOR('',#10130,1.);
#1324=VECTOR('',#10131,1.);
#1325=VECTOR('',#10132,1.);
#1326=VECTOR('',#10133,1.);
#1327=VECTOR('',#10134,1.);
#1328=VECTOR('',#10135,1.);
#1329=VECTOR('',#10136,1.);
#1330=VECTOR('',#10139,1.);
#1331=VECTOR('',#10140,1.);
#1332=VECTOR('',#10141,1.);
#1333=VECTOR('',#10144,1.);
#1334=VECTOR('',#10145,1.);
#1335=VECTOR('',#10146,1.);
#1336=VECTOR('',#10147,1.);
#1337=VECTOR('',#10150,1.);
#1338=VECTOR('',#10151,1.);
#1339=VECTOR('',#10152,1.);
#1340=VECTOR('',#10153,1.);
#1341=VECTOR('',#10154,1.);
#1342=VECTOR('',#10157,1.);
#1343=VECTOR('',#10158,1.);
#1344=VECTOR('',#10159,1.);
#1345=VECTOR('',#10160,1.);
#1346=VECTOR('',#10161,1.);
#1347=VECTOR('',#10162,1.);
#1348=VECTOR('',#10163,1.);
#1349=VECTOR('',#10166,1.);
#1350=VECTOR('',#10167,1.);
#1351=VECTOR('',#10168,1.);
#1352=VECTOR('',#10169,1.);
#1353=VECTOR('',#10170,1.);
#1354=VECTOR('',#10171,1.);
#1355=VECTOR('',#10172,1.);
#1356=VECTOR('',#10177,1.);
#1357=VECTOR('',#10180,1.);
#1358=VECTOR('',#10185,1.);
#1359=VECTOR('',#10186,1.);
#1360=VECTOR('',#10187,1.);
#1361=VECTOR('',#10190,1.);
#1362=VECTOR('',#10191,1.);
#1363=VECTOR('',#10192,1.);
#1364=VECTOR('',#10195,1.);
#1365=VECTOR('',#10196,1.);
#1366=VECTOR('',#10203,1.);
#1367=VECTOR('',#10204,1.);
#1368=VECTOR('',#10205,1.);
#1369=VECTOR('',#10208,1.);
#1370=VECTOR('',#10209,1.);
#1371=VECTOR('',#10210,1.);
#1372=VECTOR('',#10213,1.);
#1373=VECTOR('',#10216,1.);
#1374=VECTOR('',#10217,1.);
#1375=VECTOR('',#10218,1.);
#1376=VECTOR('',#10219,1.);
#1377=VECTOR('',#10220,1.);
#1378=VECTOR('',#10221,1.);
#1379=VECTOR('',#10222,1.);
#1380=VECTOR('',#10223,1.);
#1381=VECTOR('',#10224,1.);
#1382=VECTOR('',#10225,1.);
#1383=VECTOR('',#10226,1.);
#1384=VECTOR('',#10227,1.);
#1385=VECTOR('',#10230,1.);
#1386=VECTOR('',#10231,1.);
#1387=VECTOR('',#10232,1.);
#1388=VECTOR('',#10233,1.);
#1389=VECTOR('',#10234,1.);
#1390=VECTOR('',#10237,1.);
#1391=VECTOR('',#10238,1.);
#1392=VECTOR('',#10239,1.);
#1393=VECTOR('',#10240,1.);
#1394=VECTOR('',#10243,1.);
#1395=VECTOR('',#10244,1.);
#1396=VECTOR('',#10245,1.);
#1397=VECTOR('',#10246,1.);
#1398=VECTOR('',#10249,1.);
#1399=VECTOR('',#10252,1.);
#1400=VECTOR('',#10253,1.);
#1401=VECTOR('',#10254,1.);
#1402=VECTOR('',#10255,1.);
#1403=VECTOR('',#10256,1.);
#1404=VECTOR('',#10259,1.);
#1405=VECTOR('',#10262,1.);
#1406=VECTOR('',#10263,1.);
#1407=VECTOR('',#10264,1.);
#1408=VECTOR('',#10265,1.);
#1409=VECTOR('',#10268,1.);
#1410=VECTOR('',#10269,1.);
#1411=VECTOR('',#10270,1.);
#1412=VECTOR('',#10271,1.);
#1413=VECTOR('',#10274,1.);
#1414=VECTOR('',#10275,1.);
#1415=VECTOR('',#10276,1.);
#1416=VECTOR('',#10277,1.);
#1417=VECTOR('',#10278,1.);
#1418=VECTOR('',#10279,1.);
#1419=VECTOR('',#10280,1.);
#1420=VECTOR('',#10281,1.);
#1421=VECTOR('',#10282,1.);
#1422=VECTOR('',#10283,1.);
#1423=VECTOR('',#10284,1.);
#1424=VECTOR('',#10285,1.);
#1425=VECTOR('',#10286,1.);
#1426=VECTOR('',#10287,1.);
#1427=VECTOR('',#10288,1.);
#1428=VECTOR('',#10289,1.);
#1429=VECTOR('',#10290,1.);
#1430=VECTOR('',#10291,1.);
#1431=VECTOR('',#10292,1.);
#1432=VECTOR('',#10293,1.);
#1433=VECTOR('',#10294,1.);
#1434=VECTOR('',#10295,1.);
#1435=VECTOR('',#10296,1.);
#1436=VECTOR('',#10297,1.);
#1437=VECTOR('',#10298,1.);
#1438=VECTOR('',#10299,1.);
#1439=VECTOR('',#10302,1.);
#1440=VECTOR('',#10305,1.);
#1441=VECTOR('',#10306,1.);
#1442=VECTOR('',#10307,1.);
#1443=VECTOR('',#10310,1.);
#1444=VECTOR('',#10311,1.);
#1445=VECTOR('',#10316,1.);
#1446=VECTOR('',#10317,1.);
#1447=VECTOR('',#10318,1.);
#1448=VECTOR('',#10321,1.);
#1449=VECTOR('',#10322,1.);
#1450=VECTOR('',#10323,1.);
#1451=VECTOR('',#10328,1.);
#1452=VECTOR('',#10333,1.);
#1453=VECTOR('',#10336,1.);
#1454=VECTOR('',#10339,1.);
#1455=VECTOR('',#10346,1.);
#1456=VECTOR('',#10349,1.);
#1457=VECTOR('',#10350,1.);
#1458=VECTOR('',#10351,1.);
#1459=VECTOR('',#10358,1.);
#1460=VECTOR('',#10361,1.);
#1461=VECTOR('',#10362,1.);
#1462=VECTOR('',#10363,1.);
#1463=VECTOR('',#10366,1.);
#1464=VECTOR('',#10369,1.);
#1465=VECTOR('',#10380,1.);
#1466=VECTOR('',#10381,1.);
#1467=VECTOR('',#10382,1.);
#1468=VECTOR('',#10387,1.);
#1469=VECTOR('',#10388,1.);
#1470=VECTOR('',#10389,1.);
#1471=VECTOR('',#10390,1.);
#1472=VECTOR('',#10393,1.);
#1473=VECTOR('',#10394,1.);
#1474=VECTOR('',#10395,1.);
#1475=VECTOR('',#10396,1.);
#1476=VECTOR('',#10399,1.);
#1477=VECTOR('',#10400,1.);
#1478=VECTOR('',#10401,1.);
#1479=VECTOR('',#10402,1.);
#1480=VECTOR('',#10405,1.);
#1481=VECTOR('',#10406,1.);
#1482=VECTOR('',#10407,1.);
#1483=VECTOR('',#10408,1.);
#1484=VECTOR('',#10411,1.);
#1485=VECTOR('',#10412,1.);
#1486=VECTOR('',#10413,1.);
#1487=VECTOR('',#10414,1.);
#1488=VECTOR('',#10417,1.);
#1489=VECTOR('',#10418,1.);
#1490=VECTOR('',#10419,1.);
#1491=VECTOR('',#10422,1.);
#1492=VECTOR('',#10423,1.);
#1493=VECTOR('',#10424,1.);
#1494=VECTOR('',#10427,1.);
#1495=VECTOR('',#10428,1.);
#1496=VECTOR('',#10429,1.);
#1497=VECTOR('',#10430,1.);
#1498=VECTOR('',#10431,1.);
#1499=VECTOR('',#10432,1.);
#1500=VECTOR('',#10433,1.);
#1501=VECTOR('',#10434,1.);
#1502=VECTOR('',#10435,1.);
#1503=VECTOR('',#10438,1.);
#1504=VECTOR('',#10439,1.);
#1505=VECTOR('',#10440,1.);
#1506=VECTOR('',#10441,1.);
#1507=VECTOR('',#10444,1.);
#1508=VECTOR('',#10445,1.);
#1509=VECTOR('',#10446,1.);
#1510=VECTOR('',#10447,1.);
#1511=VECTOR('',#10448,1.);
#1512=VECTOR('',#10451,1.);
#1513=VECTOR('',#10452,1.);
#1514=VECTOR('',#10453,1.);
#1515=VECTOR('',#10454,1.);
#1516=VECTOR('',#10455,1.);
#1517=VECTOR('',#10458,1.);
#1518=VECTOR('',#10459,1.);
#1519=VECTOR('',#10460,1.);
#1520=VECTOR('',#10461,1.);
#1521=VECTOR('',#10462,1.);
#1522=VECTOR('',#10465,1.);
#1523=VECTOR('',#10466,1.);
#1524=VECTOR('',#10467,1.);
#1525=VECTOR('',#10468,1.);
#1526=VECTOR('',#10469,1.);
#1527=VECTOR('',#10472,1.);
#1528=VECTOR('',#10473,1.);
#1529=VECTOR('',#10474,1.);
#1530=VECTOR('',#10475,1.);
#1531=VECTOR('',#10476,1.);
#1532=VECTOR('',#10479,1.);
#1533=VECTOR('',#10480,1.);
#1534=VECTOR('',#10481,1.);
#1535=VECTOR('',#10482,1.);
#1536=VECTOR('',#10483,1.);
#1537=VECTOR('',#10486,1.);
#1538=VECTOR('',#10487,1.);
#1539=VECTOR('',#10488,1.);
#1540=VECTOR('',#10491,1.);
#1541=VECTOR('',#10492,1.);
#1542=VECTOR('',#10493,1.);
#1543=VECTOR('',#10496,1.);
#1544=VECTOR('',#10499,1.);
#1545=VECTOR('',#10502,1.);
#1546=VECTOR('',#10503,1.);
#1547=VECTOR('',#10506,1.);
#1548=VECTOR('',#10507,1.);
#1549=VECTOR('',#10510,1.);
#1550=VECTOR('',#10511,1.);
#1551=VECTOR('',#10514,1.);
#1552=VECTOR('',#10515,1.);
#1553=VECTOR('',#10518,1.);
#1554=VECTOR('',#10519,1.);
#1555=VECTOR('',#10522,1.);
#1556=VECTOR('',#10523,1.);
#1557=VECTOR('',#10526,1.);
#1558=VECTOR('',#10527,1.);
#1559=VECTOR('',#10530,1.);
#1560=VECTOR('',#10531,1.);
#1561=VECTOR('',#10534,1.);
#1562=VECTOR('',#10535,1.);
#1563=VECTOR('',#10538,1.);
#1564=VECTOR('',#10539,1.);
#1565=VECTOR('',#10542,1.);
#1566=VECTOR('',#10545,1.);
#1567=VECTOR('',#10556,1.);
#1568=VECTOR('',#10557,1.);
#1569=VECTOR('',#10558,1.);
#1570=VECTOR('',#10561,1.);
#1571=VECTOR('',#10564,1.);
#1572=VECTOR('',#10567,1.);
#1573=VECTOR('',#10568,1.);
#1574=VECTOR('',#10569,1.);
#1575=VECTOR('',#10570,1.);
#1576=VECTOR('',#10573,1.);
#1577=VECTOR('',#10574,1.);
#1578=VECTOR('',#10575,1.);
#1579=VECTOR('',#10576,1.);
#1580=VECTOR('',#10579,1.);
#1581=VECTOR('',#10582,1.);
#1582=VECTOR('',#10587,1.);
#1583=VECTOR('',#10588,1.);
#1584=VECTOR('',#10589,1.);
#1585=VECTOR('',#10594,1.);
#1586=VECTOR('',#10599,1.);
#1587=VECTOR('',#10600,1.);
#1588=VECTOR('',#10601,1.);
#1589=VECTOR('',#10604,1.);
#1590=VECTOR('',#10605,1.);
#1591=VECTOR('',#10606,1.);
#1592=VECTOR('',#10607,1.);
#1593=VECTOR('',#10616,1.);
#1594=VECTOR('',#10617,1.);
#1595=VECTOR('',#10618,1.);
#1596=VECTOR('',#10619,1.);
#1597=VECTOR('',#10620,1.);
#1598=VECTOR('',#10621,1.);
#1599=VECTOR('',#10624,1.);
#1600=VECTOR('',#10627,1.);
#1601=VECTOR('',#10628,1.);
#1602=VECTOR('',#10629,1.);
#1603=VECTOR('',#10630,1.);
#1604=VECTOR('',#10631,1.);
#1605=VECTOR('',#10632,1.);
#1606=VECTOR('',#10633,1.);
#1607=VECTOR('',#10638,1.);
#1608=VECTOR('',#10643,1.);
#1609=VECTOR('',#10644,1.);
#1610=VECTOR('',#10645,1.);
#1611=VECTOR('',#10650,1.);
#1612=VECTOR('',#10655,1.);
#1613=VECTOR('',#10656,1.);
#1614=VECTOR('',#10657,1.);
#1615=VECTOR('',#10660,1.);
#1616=VECTOR('',#10663,1.);
#1617=VECTOR('',#10664,1.);
#1618=VECTOR('',#10665,1.);
#1619=VECTOR('',#10668,1.);
#1620=VECTOR('',#10671,1.);
#1621=VECTOR('',#10672,1.);
#1622=VECTOR('',#10673,1.);
#1623=VECTOR('',#10674,1.);
#1624=VECTOR('',#10675,1.);
#1625=VECTOR('',#10676,1.);
#1626=VECTOR('',#10677,1.);
#1627=VECTOR('',#10678,1.);
#1628=VECTOR('',#10679,1.);
#1629=VECTOR('',#10680,1.);
#1630=VECTOR('',#10685,1.);
#1631=VECTOR('',#10686,1.);
#1632=VECTOR('',#10691,1.);
#1633=VECTOR('',#10692,1.);
#1634=VECTOR('',#10693,1.);
#1635=VECTOR('',#10694,1.);
#1636=VECTOR('',#10697,1.);
#1637=VECTOR('',#10698,1.);
#1638=VECTOR('',#10699,1.);
#1639=VECTOR('',#10700,1.);
#1640=VECTOR('',#10703,1.);
#1641=VECTOR('',#10706,1.);
#1642=VECTOR('',#10707,1.);
#1643=VECTOR('',#10710,1.);
#1644=VECTOR('',#10711,1.);
#1645=VECTOR('',#10714,1.);
#1646=VECTOR('',#10715,1.);
#1647=VECTOR('',#10716,1.);
#1648=VECTOR('',#10721,1.);
#1649=VECTOR('',#10726,1.);
#1650=VECTOR('',#10727,1.);
#1651=VECTOR('',#10728,1.);
#1652=VECTOR('',#10737,1.);
#1653=VECTOR('',#10738,1.);
#1654=VECTOR('',#10739,1.);
#1655=VECTOR('',#10740,1.);
#1656=VECTOR('',#10741,1.);
#1657=VECTOR('',#10742,1.);
#1658=VECTOR('',#10743,1.);
#1659=VECTOR('',#10744,1.);
#1660=VECTOR('',#10747,1.);
#1661=VECTOR('',#10748,1.);
#1662=VECTOR('',#10749,1.);
#1663=VECTOR('',#10750,1.);
#1664=VECTOR('',#10751,1.);
#1665=VECTOR('',#10752,1.);
#1666=VECTOR('',#10757,1.);
#1667=VECTOR('',#10762,1.);
#1668=VECTOR('',#10763,1.);
#1669=VECTOR('',#10764,1.);
#1670=VECTOR('',#10767,1.);
#1671=VECTOR('',#10768,1.);
#1672=VECTOR('',#10769,1.);
#1673=VECTOR('',#10770,1.);
#1674=VECTOR('',#10775,1.);
#1675=VECTOR('',#10780,1.);
#1676=VECTOR('',#10781,1.);
#1677=VECTOR('',#10784,1.);
#1678=VECTOR('',#10787,1.);
#1679=VECTOR('',#10792,1.);
#1680=VECTOR('',#10793,1.);
#1681=VECTOR('',#10794,1.);
#1682=VECTOR('',#10795,1.);
#1683=VECTOR('',#10796,1.);
#1684=VECTOR('',#10797,1.);
#1685=VECTOR('',#10798,1.);
#1686=VECTOR('',#10799,1.);
#1687=VECTOR('',#10800,1.);
#1688=VECTOR('',#10805,1.);
#1689=VECTOR('',#10806,1.);
#1690=VECTOR('',#10807,1.);
#1691=VECTOR('',#10808,1.);
#1692=VECTOR('',#10809,1.);
#1693=VECTOR('',#10810,1.);
#1694=VECTOR('',#10811,1.);
#1695=VECTOR('',#10812,1.);
#1696=VECTOR('',#10813,1.);
#1697=VECTOR('',#10814,1.);
#1698=VECTOR('',#10815,1.);
#1699=VECTOR('',#10816,1.);
#1700=VECTOR('',#10821,1.);
#1701=VECTOR('',#10822,1.);
#1702=VECTOR('',#10823,1.);
#1703=VECTOR('',#10826,1.);
#1704=VECTOR('',#10829,1.);
#1705=VECTOR('',#10830,1.);
#1706=VECTOR('',#10831,1.);
#1707=VECTOR('',#10832,1.);
#1708=VECTOR('',#10835,1.);
#1709=VECTOR('',#10836,1.);
#1710=VECTOR('',#10837,1.);
#1711=VECTOR('',#10838,1.);
#1712=VECTOR('',#10841,1.);
#1713=VECTOR('',#10842,1.);
#1714=VECTOR('',#10843,1.);
#1715=VECTOR('',#10844,1.);
#1716=VECTOR('',#10845,1.);
#1717=VECTOR('',#10848,1.);
#1718=VECTOR('',#10851,1.);
#1719=VECTOR('',#10856,1.);
#1720=VECTOR('',#10863,1.);
#1721=VECTOR('',#10866,1.);
#1722=VECTOR('',#10867,1.);
#1723=VECTOR('',#10874,1.);
#1724=VECTOR('',#10879,1.);
#1725=VECTOR('',#10880,1.);
#1726=VECTOR('',#10885,1.);
#1727=VECTOR('',#10890,1.);
#1728=VECTOR('',#10891,1.);
#1729=VECTOR('',#10894,1.);
#1730=VECTOR('',#10895,1.);
#1731=VECTOR('',#10898,1.);
#1732=VECTOR('',#10901,1.);
#1733=VECTOR('',#10902,1.);
#1734=VECTOR('',#10905,1.);
#1735=VECTOR('',#10916,1.);
#1736=VECTOR('',#10917,1.);
#1737=VECTOR('',#10920,1.);
#1738=VECTOR('',#10921,1.);
#1739=VECTOR('',#10924,1.);
#1740=VECTOR('',#10927,1.);
#1741=VECTOR('',#10930,1.);
#1742=VECTOR('',#10931,1.);
#1743=VECTOR('',#10934,1.);
#1744=VECTOR('',#10937,1.);
#1745=VECTOR('',#10938,1.);
#1746=VECTOR('',#10941,1.);
#1747=VECTOR('',#10950,1.);
#1748=VECTOR('',#10951,1.);
#1749=VECTOR('',#10954,1.);
#1750=VECTOR('',#10955,1.);
#1751=VECTOR('',#10958,1.);
#1752=VECTOR('',#10961,1.);
#1753=VECTOR('',#10968,1.);
#1754=VECTOR('',#10973,1.);
#1755=VECTOR('',#10984,1.);
#1756=VECTOR('',#10991,1.);
#1757=VECTOR('',#11006,1.);
#1758=VECTOR('',#11009,1.);
#1759=VECTOR('',#11012,1.);
#1760=VECTOR('',#11015,1.);
#1761=VECTOR('',#11022,1.);
#1762=VECTOR('',#11023,1.);
#1763=VECTOR('',#11024,1.);
#1764=VECTOR('',#11033,1.);
#1765=VECTOR('',#11038,1.);
#1766=VECTOR('',#11043,1.);
#1767=VECTOR('',#11044,1.);
#1768=VECTOR('',#11045,1.);
#1769=VECTOR('',#11056,1.);
#1770=VECTOR('',#11079,1.);
#1771=VECTOR('',#11080,1.);
#1772=VECTOR('',#11083,1.);
#1773=VECTOR('',#11084,1.);
#1774=VECTOR('',#11085,1.);
#1775=VECTOR('',#11088,1.);
#1776=VECTOR('',#11091,1.);
#1777=VECTOR('',#11094,1.);
#1778=VECTOR('',#11095,1.);
#1779=VECTOR('',#11098,1.);
#1780=VECTOR('',#11099,1.);
#1781=VECTOR('',#11102,1.);
#1782=VECTOR('',#11103,1.);
#1783=VECTOR('',#11106,1.);
#1784=VECTOR('',#11109,1.);
#1785=VECTOR('',#11112,1.);
#1786=VECTOR('',#11115,1.);
#1787=VECTOR('',#11118,1.);
#1788=VECTOR('',#11129,1.);
#1789=VECTOR('',#11130,1.);
#1790=VECTOR('',#11133,1.);
#1791=VECTOR('',#11134,1.);
#1792=VECTOR('',#11135,1.);
#1793=VECTOR('',#11138,1.);
#1794=VECTOR('',#11139,1.);
#1795=VECTOR('',#11140,1.);
#1796=VECTOR('',#11143,1.);
#1797=VECTOR('',#11144,1.);
#1798=VECTOR('',#11147,1.);
#1799=VECTOR('',#11148,1.);
#1800=VECTOR('',#11149,1.);
#1801=VECTOR('',#11150,1.);
#1802=VECTOR('',#11151,1.);
#1803=VECTOR('',#11152,1.);
#1804=VECTOR('',#11153,1.);
#1805=VECTOR('',#11154,1.);
#1806=VECTOR('',#11155,1.);
#1807=VECTOR('',#11158,1.);
#1808=VECTOR('',#11159,1.);
#1809=VECTOR('',#11160,1.);
#1810=VECTOR('',#11163,1.);
#1811=VECTOR('',#11164,1.);
#1812=VECTOR('',#11165,1.);
#1813=VECTOR('',#11174,1.);
#1814=VECTOR('',#11175,1.);
#1815=VECTOR('',#11176,1.);
#1816=VECTOR('',#11177,1.);
#1817=VECTOR('',#11178,1.);
#1818=VECTOR('',#11179,1.);
#1819=VECTOR('',#11182,1.);
#1820=VECTOR('',#11183,1.);
#1821=VECTOR('',#11186,1.);
#1822=VECTOR('',#11189,1.);
#1823=VECTOR('',#11192,1.);
#1824=VECTOR('',#11195,1.);
#1825=VECTOR('',#11202,1.);
#1826=VECTOR('',#11203,1.);
#1827=VECTOR('',#11204,1.);
#1828=VECTOR('',#11205,1.);
#1829=VECTOR('',#11206,1.);
#1830=VECTOR('',#11207,1.);
#1831=VECTOR('',#11208,1.);
#1832=VECTOR('',#11209,1.);
#1833=VECTOR('',#11210,1.);
#1834=VECTOR('',#11211,1.);
#1835=VECTOR('',#11212,1.);
#1836=VECTOR('',#11213,1.);
#1837=VECTOR('',#11214,1.);
#1838=VECTOR('',#11215,1.);
#1839=VECTOR('',#11216,1.);
#1840=VECTOR('',#11217,1.);
#1841=VECTOR('',#11218,1.);
#1842=VECTOR('',#11219,1.);
#1843=VECTOR('',#11220,1.);
#1844=VECTOR('',#11221,1.);
#1845=VECTOR('',#11224,1.);
#1846=VECTOR('',#11225,1.);
#1847=VECTOR('',#11226,1.);
#1848=VECTOR('',#11229,1.);
#1849=VECTOR('',#11232,1.);
#1850=VECTOR('',#11233,1.);
#1851=VECTOR('',#11234,1.);
#1852=VECTOR('',#11237,1.);
#1853=VECTOR('',#11238,1.);
#1854=VECTOR('',#11239,1.);
#1855=VECTOR('',#11240,1.);
#1856=VECTOR('',#11241,1.);
#1857=VECTOR('',#11242,1.);
#1858=VECTOR('',#11245,1.);
#1859=VECTOR('',#11246,1.);
#1860=VECTOR('',#11247,1.);
#1861=VECTOR('',#11248,1.);
#1862=VECTOR('',#11249,1.);
#1863=VECTOR('',#11250,1.);
#1864=VECTOR('',#11251,1.);
#1865=VECTOR('',#11252,1.);
#1866=VECTOR('',#11253,1.);
#1867=VECTOR('',#11254,1.);
#1868=VECTOR('',#11255,1.);
#1869=VECTOR('',#11258,1.);
#1870=VECTOR('',#11259,1.);
#1871=VECTOR('',#11260,1.);
#1872=VECTOR('',#11263,1.);
#1873=VECTOR('',#11264,1.);
#1874=VECTOR('',#11265,1.);
#1875=VECTOR('',#11266,1.);
#1876=VECTOR('',#11267,1.);
#1877=VECTOR('',#11268,1.);
#1878=VECTOR('',#11269,1.);
#1879=VECTOR('',#11272,1.);
#1880=VECTOR('',#11273,1.);
#1881=VECTOR('',#11274,1.);
#1882=VECTOR('',#11275,1.);
#1883=VECTOR('',#11276,1.);
#1884=VECTOR('',#11277,1.);
#1885=VECTOR('',#11278,1.);
#1886=VECTOR('',#11281,1.);
#1887=VECTOR('',#11286,1.);
#1888=VECTOR('',#11287,1.);
#1889=VECTOR('',#11288,1.);
#1890=VECTOR('',#11289,1.);
#1891=VECTOR('',#11290,1.);
#1892=VECTOR('',#11291,1.);
#1893=VECTOR('',#11292,1.);
#1894=VECTOR('',#11295,1.);
#1895=VECTOR('',#11296,1.);
#1896=VECTOR('',#11297,1.);
#1897=VECTOR('',#11298,1.);
#1898=VECTOR('',#11299,1.);
#1899=VECTOR('',#11300,1.);
#1900=VECTOR('',#11301,1.);
#1901=VECTOR('',#11302,1.);
#1902=VECTOR('',#11307,1.);
#1903=VECTOR('',#11308,1.);
#1904=VECTOR('',#11309,1.);
#1905=VECTOR('',#11310,1.);
#1906=VECTOR('',#11311,1.);
#1907=VECTOR('',#11314,1.);
#1908=VECTOR('',#11315,1.);
#1909=VECTOR('',#11316,1.);
#1910=VECTOR('',#11319,1.);
#1911=VECTOR('',#11320,1.);
#1912=VECTOR('',#11321,1.);
#1913=VECTOR('',#11324,1.);
#1914=VECTOR('',#11325,1.);
#1915=VECTOR('',#11326,1.);
#1916=VECTOR('',#11329,1.);
#1917=VECTOR('',#11330,1.);
#1918=VECTOR('',#11331,1.);
#1919=VECTOR('',#11332,1.);
#1920=VECTOR('',#11335,1.);
#1921=VECTOR('',#11336,1.);
#1922=VECTOR('',#11339,1.);
#1923=VECTOR('',#11340,1.);
#1924=VECTOR('',#11341,1.);
#1925=VECTOR('',#11342,1.);
#1926=VECTOR('',#11343,1.);
#1927=VECTOR('',#11346,1.);
#1928=VECTOR('',#11347,1.);
#1929=VECTOR('',#11350,1.);
#1930=VECTOR('',#11351,1.);
#1931=VECTOR('',#11354,1.);
#1932=VECTOR('',#11355,1.);
#1933=VECTOR('',#11358,1.);
#1934=VECTOR('',#11359,1.);
#1935=VECTOR('',#11360,1.);
#1936=VECTOR('',#11363,1.);
#1937=VECTOR('',#11364,1.);
#1938=VECTOR('',#11367,1.);
#1939=VECTOR('',#11368,1.);
#1940=VECTOR('',#11369,1.);
#1941=VECTOR('',#11370,1.);
#1942=VECTOR('',#11371,1.);
#1943=VECTOR('',#11372,1.);
#1944=VECTOR('',#11373,1.);
#1945=VECTOR('',#11376,1.);
#1946=VECTOR('',#11377,1.);
#1947=VECTOR('',#11380,1.);
#1948=VECTOR('',#11381,1.);
#1949=VECTOR('',#11382,1.);
#1950=VECTOR('',#11385,1.);
#1951=VECTOR('',#11386,1.);
#1952=VECTOR('',#11387,1.);
#1953=VECTOR('',#11390,1.);
#1954=VECTOR('',#11393,1.);
#1955=VECTOR('',#11394,1.);
#1956=VECTOR('',#11395,1.);
#1957=VECTOR('',#11396,1.);
#1958=VECTOR('',#11399,1.);
#1959=VECTOR('',#11400,1.);
#1960=VECTOR('',#11403,1.);
#1961=VECTOR('',#11406,1.);
#1962=VECTOR('',#11409,1.);
#1963=VECTOR('',#11420,1.);
#1964=VECTOR('',#11423,1.);
#1965=VECTOR('',#11426,1.);
#1966=VECTOR('',#11429,1.);
#1967=VECTOR('',#11432,1.);
#1968=VECTOR('',#11433,1.);
#1969=VECTOR('',#11436,1.);
#1970=VECTOR('',#11439,1.);
#1971=VECTOR('',#11442,1.);
#1972=VECTOR('',#11445,1.);
#1973=VECTOR('',#11448,1.);
#1974=VECTOR('',#11451,1.);
#1975=VECTOR('',#11454,1.);
#1976=VECTOR('',#11457,1.);
#1977=VECTOR('',#11458,1.);
#1978=VECTOR('',#11459,1.);
#1979=VECTOR('',#11460,1.);
#1980=VECTOR('',#11463,1.);
#1981=VECTOR('',#11466,1.);
#1982=VECTOR('',#11467,1.);
#1983=VECTOR('',#11470,1.);
#1984=VECTOR('',#11471,1.);
#1985=VECTOR('',#11474,1.);
#1986=VECTOR('',#11475,1.);
#1987=VECTOR('',#11478,1.);
#1988=VECTOR('',#11479,1.);
#1989=VECTOR('',#11482,1.);
#1990=VECTOR('',#11485,1.);
#1991=VECTOR('',#11486,1.);
#1992=VECTOR('',#11489,1.);
#1993=VECTOR('',#11492,1.);
#1994=VECTOR('',#11513,1.);
#1995=VECTOR('',#11514,1.);
#1996=VECTOR('',#11515,1.);
#1997=VECTOR('',#11518,1.);
#1998=VECTOR('',#11521,1.);
#1999=VECTOR('',#11524,1.);
#2000=VECTOR('',#11525,1.);
#2001=VECTOR('',#11526,1.);
#2002=VECTOR('',#11529,1.);
#2003=VECTOR('',#11532,1.);
#2004=VECTOR('',#11537,1.);
#2005=VECTOR('',#11538,1.);
#2006=VECTOR('',#11539,1.);
#2007=VECTOR('',#11540,1.);
#2008=VECTOR('',#11543,1.);
#2009=VECTOR('',#11544,1.);
#2010=VECTOR('',#11547,1.);
#2011=VECTOR('',#11548,1.);
#2012=VECTOR('',#11549,1.);
#2013=VECTOR('',#11552,1.);
#2014=VECTOR('',#11555,1.);
#2015=VECTOR('',#11560,1.);
#2016=VECTOR('',#11561,1.);
#2017=VECTOR('',#11562,1.);
#2018=VECTOR('',#11565,1.);
#2019=VECTOR('',#11568,1.);
#2020=VECTOR('',#11573,1.);
#2021=VECTOR('',#11574,1.);
#2022=VECTOR('',#11575,1.);
#2023=VECTOR('',#11576,1.);
#2024=VECTOR('',#11579,1.);
#2025=VECTOR('',#11580,1.);
#2026=VECTOR('',#11583,1.);
#2027=VECTOR('',#11584,1.);
#2028=VECTOR('',#11585,1.);
#2029=VECTOR('',#11588,1.);
#2030=VECTOR('',#11591,1.);
#2031=VECTOR('',#11596,1.);
#2032=VECTOR('',#11597,1.);
#2033=VECTOR('',#11598,1.);
#2034=VECTOR('',#11601,1.);
#2035=VECTOR('',#11604,1.);
#2036=VECTOR('',#11609,1.);
#2037=VECTOR('',#11610,1.);
#2038=VECTOR('',#11611,1.);
#2039=VECTOR('',#11612,1.);
#2040=VECTOR('',#11615,1.);
#2041=VECTOR('',#11616,1.);
#2042=VECTOR('',#11619,1.);
#2043=VECTOR('',#11620,1.);
#2044=VECTOR('',#11621,1.);
#2045=VECTOR('',#11624,1.);
#2046=VECTOR('',#11627,1.);
#2047=VECTOR('',#11632,1.);
#2048=VECTOR('',#11637,1.);
#2049=VECTOR('',#11646,1.);
#2050=VECTOR('',#11647,1.);
#2051=VECTOR('',#11650,1.);
#2052=VECTOR('',#11653,1.);
#2053=VECTOR('',#11660,1.);
#2054=VECTOR('',#11661,1.);
#2055=VECTOR('',#11666,1.);
#2056=VECTOR('',#11669,1.);
#2057=VECTOR('',#11670,1.);
#2058=VECTOR('',#11671,1.);
#2059=VECTOR('',#11674,1.);
#2060=VECTOR('',#11681,1.);
#2061=VECTOR('',#11700,1.);
#2062=VECTOR('',#11701,1.);
#2063=VECTOR('',#11704,1.);
#2064=VECTOR('',#11705,1.);
#2065=VECTOR('',#11708,1.);
#2066=VECTOR('',#11709,1.);
#2067=VECTOR('',#11710,1.);
#2068=VECTOR('',#11713,1.);
#2069=VECTOR('',#11714,1.);
#2070=VECTOR('',#11717,1.);
#2071=VECTOR('',#11720,1.);
#2072=VECTOR('',#11721,1.);
#2073=VECTOR('',#11724,1.);
#2074=VECTOR('',#11729,1.);
#2075=VECTOR('',#11736,1.);
#2076=VECTOR('',#11737,1.);
#2077=VECTOR('',#11740,1.);
#2078=VECTOR('',#11741,1.);
#2079=VECTOR('',#11744,1.);
#2080=VECTOR('',#11745,1.);
#2081=VECTOR('',#11746,1.);
#2082=VECTOR('',#11749,1.);
#2083=VECTOR('',#11752,1.);
#2084=VECTOR('',#11753,1.);
#2085=VECTOR('',#11758,1.);
#2086=VECTOR('',#11763,1.);
#2087=VECTOR('',#11764,1.);
#2088=VECTOR('',#11767,1.);
#2089=VECTOR('',#11772,1.);
#2090=VECTOR('',#11773,1.);
#2091=VECTOR('',#11774,1.);
#2092=VECTOR('',#11775,1.);
#2093=VECTOR('',#11776,1.);
#2094=VECTOR('',#11779,1.);
#2095=VECTOR('',#11780,1.);
#2096=VECTOR('',#11781,1.);
#2097=VECTOR('',#11782,1.);
#2098=VECTOR('',#11785,1.);
#2099=VECTOR('',#11786,1.);
#2100=VECTOR('',#11789,1.);
#2101=VECTOR('',#11796,1.);
#2102=VECTOR('',#11797,1.);
#2103=VECTOR('',#11798,1.);
#2104=VECTOR('',#11799,1.);
#2105=VECTOR('',#11800,1.);
#2106=VECTOR('',#11803,1.);
#2107=VECTOR('',#11804,1.);
#2108=VECTOR('',#11805,1.);
#2109=VECTOR('',#11806,1.);
#2110=VECTOR('',#11809,1.);
#2111=VECTOR('',#11810,1.);
#2112=VECTOR('',#11813,1.);
#2113=VECTOR('',#11822,1.);
#2114=VECTOR('',#11823,1.);
#2115=VECTOR('',#11826,1.);
#2116=VECTOR('',#11827,1.);
#2117=VECTOR('',#11832,1.);
#2118=VECTOR('',#11833,1.);
#2119=VECTOR('',#11844,1.);
#2120=VECTOR('',#11851,1.);
#2121=VECTOR('',#11856,1.);
#2122=VECTOR('',#11859,1.);
#2123=VECTOR('',#11870,1.);
#2124=VECTOR('',#11877,1.);
#2125=VECTOR('',#11880,1.);
#2126=VECTOR('',#11883,1.);
#2127=VECTOR('',#11888,1.);
#2128=VECTOR('',#11889,1.);
#2129=VECTOR('',#11892,1.);
#2130=VECTOR('',#11895,1.);
#2131=VECTOR('',#11896,1.);
#2132=VECTOR('',#11901,1.);
#2133=VECTOR('',#11906,1.);
#2134=PLANE('',#9240);
#2135=PLANE('',#9241);
#2136=PLANE('',#9242);
#2137=PLANE('',#9245);
#2138=PLANE('',#9248);
#2139=PLANE('',#9251);
#2140=PLANE('',#9254);
#2141=PLANE('',#9256);
#2142=PLANE('',#9258);
#2143=PLANE('',#9260);
#2144=PLANE('',#9261);
#2145=PLANE('',#9274);
#2146=PLANE('',#9275);
#2147=PLANE('',#9276);
#2148=PLANE('',#9279);
#2149=PLANE('',#9282);
#2150=PLANE('',#9285);
#2151=PLANE('',#9288);
#2152=PLANE('',#9290);
#2153=PLANE('',#9292);
#2154=PLANE('',#9294);
#2155=PLANE('',#9295);
#2156=PLANE('',#9308);
#2157=PLANE('',#9309);
#2158=PLANE('',#9310);
#2159=PLANE('',#9311);
#2160=PLANE('',#9312);
#2161=PLANE('',#9313);
#2162=PLANE('',#9314);
#2163=PLANE('',#9316);
#2164=PLANE('',#9318);
#2165=PLANE('',#9319);
#2166=PLANE('',#9320);
#2167=PLANE('',#9323);
#2168=PLANE('',#9324);
#2169=PLANE('',#9326);
#2170=PLANE('',#9327);
#2171=PLANE('',#9328);
#2172=PLANE('',#9329);
#2173=PLANE('',#9330);
#2174=PLANE('',#9333);
#2175=PLANE('',#9334);
#2176=PLANE('',#9335);
#2177=PLANE('',#9336);
#2178=PLANE('',#9339);
#2179=PLANE('',#9350);
#2180=PLANE('',#9353);
#2181=PLANE('',#9358);
#2182=PLANE('',#9361);
#2183=PLANE('',#9364);
#2184=PLANE('',#9365);
#2185=PLANE('',#9366);
#2186=PLANE('',#9367);
#2187=PLANE('',#9368);
#2188=PLANE('',#9369);
#2189=PLANE('',#9370);
#2190=PLANE('',#9371);
#2191=PLANE('',#9372);
#2192=PLANE('',#9373);
#2193=PLANE('',#9374);
#2194=PLANE('',#9375);
#2195=PLANE('',#9376);
#2196=PLANE('',#9377);
#2197=PLANE('',#9378);
#2198=PLANE('',#9379);
#2199=PLANE('',#9380);
#2200=PLANE('',#9381);
#2201=PLANE('',#9382);
#2202=PLANE('',#9383);
#2203=PLANE('',#9384);
#2204=PLANE('',#9385);
#2205=PLANE('',#9386);
#2206=PLANE('',#9387);
#2207=PLANE('',#9388);
#2208=PLANE('',#9389);
#2209=PLANE('',#9390);
#2210=PLANE('',#9391);
#2211=PLANE('',#9392);
#2212=PLANE('',#9393);
#2213=PLANE('',#9394);
#2214=PLANE('',#9399);
#2215=PLANE('',#9400);
#2216=PLANE('',#9402);
#2217=PLANE('',#9403);
#2218=PLANE('',#9404);
#2219=PLANE('',#9407);
#2220=PLANE('',#9411);
#2221=PLANE('',#9412);
#2222=PLANE('',#9416);
#2223=PLANE('',#9422);
#2224=PLANE('',#9426);
#2225=PLANE('',#9427);
#2226=PLANE('',#9430);
#2227=PLANE('',#9432);
#2228=PLANE('',#9434);
#2229=PLANE('',#9436);
#2230=PLANE('',#9439);
#2231=PLANE('',#9443);
#2232=PLANE('',#9447);
#2233=PLANE('',#9452);
#2234=PLANE('',#9453);
#2235=PLANE('',#9457);
#2236=PLANE('',#9458);
#2237=PLANE('',#9461);
#2238=PLANE('',#9466);
#2239=PLANE('',#9468);
#2240=PLANE('',#9469);
#2241=PLANE('',#9471);
#2242=PLANE('',#9472);
#2243=PLANE('',#9473);
#2244=PLANE('',#9474);
#2245=PLANE('',#9477);
#2246=PLANE('',#9478);
#2247=PLANE('',#9479);
#2248=PLANE('',#9482);
#2249=PLANE('',#9483);
#2250=PLANE('',#9486);
#2251=PLANE('',#9487);
#2252=PLANE('',#9488);
#2253=PLANE('',#9489);
#2254=PLANE('',#9490);
#2255=PLANE('',#9495);
#2256=PLANE('',#9496);
#2257=PLANE('',#9497);
#2258=PLANE('',#9498);
#2259=PLANE('',#9499);
#2260=PLANE('',#9500);
#2261=PLANE('',#9501);
#2262=PLANE('',#9502);
#2263=PLANE('',#9506);
#2264=PLANE('',#9507);
#2265=PLANE('',#9508);
#2266=PLANE('',#9509);
#2267=PLANE('',#9529);
#2268=PLANE('',#9530);
#2269=PLANE('',#9532);
#2270=PLANE('',#9535);
#2271=PLANE('',#9536);
#2272=PLANE('',#9540);
#2273=PLANE('',#9543);
#2274=PLANE('',#9544);
#2275=PLANE('',#9559);
#2276=PLANE('',#9560);
#2277=PLANE('',#9561);
#2278=PLANE('',#9562);
#2279=PLANE('',#9563);
#2280=PLANE('',#9564);
#2281=PLANE('',#9565);
#2282=PLANE('',#9566);
#2283=PLANE('',#9567);
#2284=PLANE('',#9568);
#2285=PLANE('',#9569);
#2286=PLANE('',#9570);
#2287=PLANE('',#9571);
#2288=PLANE('',#9572);
#2289=PLANE('',#9573);
#2290=PLANE('',#9574);
#2291=PLANE('',#9575);
#2292=PLANE('',#9576);
#2293=PLANE('',#9577);
#2294=PLANE('',#9578);
#2295=PLANE('',#9579);
#2296=PLANE('',#9580);
#2297=PLANE('',#9581);
#2298=PLANE('',#9582);
#2299=PLANE('',#9583);
#2300=PLANE('',#9584);
#2301=PLANE('',#9585);
#2302=PLANE('',#9586);
#2303=PLANE('',#9587);
#2304=PLANE('',#9588);
#2305=PLANE('',#9589);
#2306=PLANE('',#9590);
#2307=PLANE('',#9591);
#2308=PLANE('',#9592);
#2309=PLANE('',#9593);
#2310=PLANE('',#9598);
#2311=PLANE('',#9599);
#2312=PLANE('',#9601);
#2313=PLANE('',#9604);
#2314=PLANE('',#9605);
#2315=PLANE('',#9607);
#2316=PLANE('',#9609);
#2317=PLANE('',#9610);
#2318=PLANE('',#9611);
#2319=PLANE('',#9612);
#2320=PLANE('',#9613);
#2321=PLANE('',#9614);
#2322=PLANE('',#9615);
#2323=PLANE('',#9616);
#2324=PLANE('',#9617);
#2325=PLANE('',#9618);
#2326=PLANE('',#9619);
#2327=PLANE('',#9620);
#2328=PLANE('',#9621);
#2329=PLANE('',#9622);
#2330=PLANE('',#9623);
#2331=PLANE('',#9624);
#2332=PLANE('',#9625);
#2333=PLANE('',#9626);
#2334=PLANE('',#9627);
#2335=PLANE('',#9628);
#2336=PLANE('',#9629);
#2337=PLANE('',#9631);
#2338=PLANE('',#9633);
#2339=PLANE('',#9634);
#2340=PLANE('',#9635);
#2341=PLANE('',#9636);
#2342=PLANE('',#9637);
#2343=PLANE('',#9638);
#2344=PLANE('',#9639);
#2345=PLANE('',#9640);
#2346=PLANE('',#9641);
#2347=PLANE('',#9642);
#2348=PLANE('',#9643);
#2349=PLANE('',#9644);
#2350=PLANE('',#9646);
#2351=PLANE('',#9647);
#2352=PLANE('',#9648);
#2353=PLANE('',#9649);
#2354=PLANE('',#9650);
#2355=PLANE('',#9651);
#2356=PLANE('',#9652);
#2357=PLANE('',#9653);
#2358=PLANE('',#9654);
#2359=PLANE('',#9659);
#2360=PLANE('',#9660);
#2361=PLANE('',#9663);
#2362=PLANE('',#9664);
#2363=PLANE('',#9665);
#2364=PLANE('',#9666);
#2365=PLANE('',#9667);
#2366=PLANE('',#9668);
#2367=PLANE('',#9669);
#2368=PLANE('',#9670);
#2369=PLANE('',#9671);
#2370=PLANE('',#9672);
#2371=PLANE('',#9673);
#2372=PLANE('',#9674);
#2373=PLANE('',#9675);
#2374=PLANE('',#9676);
#2375=PLANE('',#9677);
#2376=PLANE('',#9678);
#2377=PLANE('',#9679);
#2378=PLANE('',#9680);
#2379=PLANE('',#9681);
#2380=PLANE('',#9682);
#2381=PLANE('',#9683);
#2382=PLANE('',#9684);
#2383=PLANE('',#9685);
#2384=PLANE('',#9686);
#2385=PLANE('',#9687);
#2386=PLANE('',#9688);
#2387=PLANE('',#9689);
#2388=PLANE('',#9690);
#2389=PLANE('',#9691);
#2390=PLANE('',#9692);
#2391=PLANE('',#9693);
#2392=PLANE('',#9694);
#2393=PLANE('',#9695);
#2394=PLANE('',#9696);
#2395=PLANE('',#9697);
#2396=PLANE('',#9698);
#2397=PLANE('',#9699);
#2398=PLANE('',#9700);
#2399=PLANE('',#9703);
#2400=PLANE('',#9704);
#2401=PLANE('',#9705);
#2402=PLANE('',#9706);
#2403=PLANE('',#9707);
#2404=PLANE('',#9708);
#2405=PLANE('',#9709);
#2406=PLANE('',#9710);
#2407=PLANE('',#9711);
#2408=PLANE('',#9712);
#2409=PLANE('',#9713);
#2410=PLANE('',#9714);
#2411=PLANE('',#9715);
#2412=PLANE('',#9716);
#2413=PLANE('',#9717);
#2414=PLANE('',#9718);
#2415=PLANE('',#9719);
#2416=PLANE('',#9720);
#2417=PLANE('',#9721);
#2418=PLANE('',#9722);
#2419=PLANE('',#9723);
#2420=PLANE('',#9724);
#2421=PLANE('',#9725);
#2422=PLANE('',#9726);
#2423=PLANE('',#9727);
#2424=PLANE('',#9728);
#2425=PLANE('',#9729);
#2426=PLANE('',#9730);
#2427=PLANE('',#9731);
#2428=PLANE('',#9732);
#2429=PLANE('',#9733);
#2430=PLANE('',#9734);
#2431=PLANE('',#9735);
#2432=PLANE('',#9736);
#2433=PLANE('',#9737);
#2434=PLANE('',#9738);
#2435=PLANE('',#9739);
#2436=PLANE('',#9740);
#2437=PLANE('',#9741);
#2438=PLANE('',#9742);
#2439=PLANE('',#9743);
#2440=PLANE('',#9744);
#2441=PLANE('',#9745);
#2442=PLANE('',#9746);
#2443=PLANE('',#9747);
#2444=PLANE('',#9748);
#2445=PLANE('',#9749);
#2446=PLANE('',#9750);
#2447=PLANE('',#9751);
#2448=PLANE('',#9752);
#2449=PLANE('',#9753);
#2450=PLANE('',#9754);
#2451=PLANE('',#9755);
#2452=PLANE('',#9756);
#2453=PLANE('',#9757);
#2454=PLANE('',#9758);
#2455=PLANE('',#9763);
#2456=PLANE('',#9770);
#2457=PLANE('',#9771);
#2458=PLANE('',#9772);
#2459=PLANE('',#9773);
#2460=PLANE('',#9774);
#2461=PLANE('',#9780);
#2462=PLANE('',#9781);
#2463=PLANE('',#9788);
#2464=PLANE('',#9789);
#2465=PLANE('',#9790);
#2466=PLANE('',#9791);
#2467=PLANE('',#9792);
#2468=CONICAL_SURFACE('',#9221,0.000143875793553717,0.0872664626023427);
#2469=CONICAL_SURFACE('',#9225,0.000143875793553717,0.0872664626023433);
#2470=CONICAL_SURFACE('',#9229,0.000193875793553396,0.0872664626023429);
#2471=CONICAL_SURFACE('',#9233,0.000193875793553396,0.0872664626023431);
#2472=ORIENTED_EDGE('',*,*,#4772,.T.);
#2473=ORIENTED_EDGE('',*,*,#4773,.F.);
#2474=ORIENTED_EDGE('',*,*,#4774,.F.);
#2475=ORIENTED_EDGE('',*,*,#4775,.T.);
#2476=ORIENTED_EDGE('',*,*,#4776,.T.);
#2477=ORIENTED_EDGE('',*,*,#4777,.T.);
#2478=ORIENTED_EDGE('',*,*,#4778,.T.);
#2479=ORIENTED_EDGE('',*,*,#4779,.T.);
#2480=ORIENTED_EDGE('',*,*,#4780,.T.);
#2481=ORIENTED_EDGE('',*,*,#4781,.T.);
#2482=ORIENTED_EDGE('',*,*,#4782,.T.);
#2483=ORIENTED_EDGE('',*,*,#4783,.T.);
#2484=ORIENTED_EDGE('',*,*,#4784,.T.);
#2485=ORIENTED_EDGE('',*,*,#4785,.T.);
#2486=ORIENTED_EDGE('',*,*,#4786,.T.);
#2487=ORIENTED_EDGE('',*,*,#4787,.T.);
#2488=ORIENTED_EDGE('',*,*,#4788,.F.);
#2489=ORIENTED_EDGE('',*,*,#4789,.F.);
#2490=ORIENTED_EDGE('',*,*,#4790,.T.);
#2491=ORIENTED_EDGE('',*,*,#4791,.F.);
#2492=ORIENTED_EDGE('',*,*,#4792,.F.);
#2493=ORIENTED_EDGE('',*,*,#4793,.T.);
#2494=ORIENTED_EDGE('',*,*,#4794,.T.);
#2495=ORIENTED_EDGE('',*,*,#4795,.T.);
#2496=ORIENTED_EDGE('',*,*,#4796,.F.);
#2497=ORIENTED_EDGE('',*,*,#4797,.F.);
#2498=ORIENTED_EDGE('',*,*,#4798,.T.);
#2499=ORIENTED_EDGE('',*,*,#4799,.F.);
#2500=ORIENTED_EDGE('',*,*,#4800,.T.);
#2501=ORIENTED_EDGE('',*,*,#4801,.T.);
#2502=ORIENTED_EDGE('',*,*,#4802,.T.);
#2503=ORIENTED_EDGE('',*,*,#4803,.T.);
#2504=ORIENTED_EDGE('',*,*,#4804,.F.);
#2505=ORIENTED_EDGE('',*,*,#4805,.T.);
#2506=ORIENTED_EDGE('',*,*,#4806,.F.);
#2507=ORIENTED_EDGE('',*,*,#4807,.F.);
#2508=ORIENTED_EDGE('',*,*,#4808,.T.);
#2509=ORIENTED_EDGE('',*,*,#4809,.T.);
#2510=ORIENTED_EDGE('',*,*,#4810,.F.);
#2511=ORIENTED_EDGE('',*,*,#4811,.T.);
#2512=ORIENTED_EDGE('',*,*,#4812,.T.);
#2513=ORIENTED_EDGE('',*,*,#4813,.T.);
#2514=ORIENTED_EDGE('',*,*,#4814,.F.);
#2515=ORIENTED_EDGE('',*,*,#4815,.F.);
#2516=ORIENTED_EDGE('',*,*,#4816,.T.);
#2517=ORIENTED_EDGE('',*,*,#4817,.F.);
#2518=ORIENTED_EDGE('',*,*,#4818,.T.);
#2519=ORIENTED_EDGE('',*,*,#4819,.F.);
#2520=ORIENTED_EDGE('',*,*,#4820,.T.);
#2521=ORIENTED_EDGE('',*,*,#4821,.T.);
#2522=ORIENTED_EDGE('',*,*,#4822,.T.);
#2523=ORIENTED_EDGE('',*,*,#4823,.T.);
#2524=ORIENTED_EDGE('',*,*,#4824,.T.);
#2525=ORIENTED_EDGE('',*,*,#4825,.T.);
#2526=ORIENTED_EDGE('',*,*,#4826,.F.);
#2527=ORIENTED_EDGE('',*,*,#4827,.T.);
#2528=ORIENTED_EDGE('',*,*,#4828,.T.);
#2529=ORIENTED_EDGE('',*,*,#4829,.T.);
#2530=ORIENTED_EDGE('',*,*,#4830,.T.);
#2531=ORIENTED_EDGE('',*,*,#4831,.T.);
#2532=ORIENTED_EDGE('',*,*,#4832,.T.);
#2533=ORIENTED_EDGE('',*,*,#4833,.T.);
#2534=ORIENTED_EDGE('',*,*,#4834,.T.);
#2535=ORIENTED_EDGE('',*,*,#4835,.F.);
#2536=ORIENTED_EDGE('',*,*,#4836,.T.);
#2537=ORIENTED_EDGE('',*,*,#4837,.T.);
#2538=ORIENTED_EDGE('',*,*,#4838,.T.);
#2539=ORIENTED_EDGE('',*,*,#4839,.F.);
#2540=ORIENTED_EDGE('',*,*,#4840,.F.);
#2541=ORIENTED_EDGE('',*,*,#4841,.T.);
#2542=ORIENTED_EDGE('',*,*,#4842,.T.);
#2543=ORIENTED_EDGE('',*,*,#4843,.F.);
#2544=ORIENTED_EDGE('',*,*,#4844,.F.);
#2545=ORIENTED_EDGE('',*,*,#4845,.F.);
#2546=ORIENTED_EDGE('',*,*,#4846,.T.);
#2547=ORIENTED_EDGE('',*,*,#4847,.T.);
#2548=ORIENTED_EDGE('',*,*,#4848,.T.);
#2549=ORIENTED_EDGE('',*,*,#4849,.T.);
#2550=ORIENTED_EDGE('',*,*,#4850,.T.);
#2551=ORIENTED_EDGE('',*,*,#4851,.T.);
#2552=ORIENTED_EDGE('',*,*,#4837,.F.);
#2553=ORIENTED_EDGE('',*,*,#4852,.T.);
#2554=ORIENTED_EDGE('',*,*,#4853,.F.);
#2555=ORIENTED_EDGE('',*,*,#4854,.F.);
#2556=ORIENTED_EDGE('',*,*,#4855,.F.);
#2557=ORIENTED_EDGE('',*,*,#4856,.F.);
#2558=ORIENTED_EDGE('',*,*,#4857,.F.);
#2559=ORIENTED_EDGE('',*,*,#4858,.T.);
#2560=ORIENTED_EDGE('',*,*,#4841,.F.);
#2561=ORIENTED_EDGE('',*,*,#4859,.F.);
#2562=ORIENTED_EDGE('',*,*,#4860,.F.);
#2563=ORIENTED_EDGE('',*,*,#4861,.F.);
#2564=ORIENTED_EDGE('',*,*,#4827,.F.);
#2565=ORIENTED_EDGE('',*,*,#4862,.T.);
#2566=ORIENTED_EDGE('',*,*,#4825,.F.);
#2567=ORIENTED_EDGE('',*,*,#4863,.T.);
#2568=ORIENTED_EDGE('',*,*,#4864,.F.);
#2569=ORIENTED_EDGE('',*,*,#4865,.F.);
#2570=ORIENTED_EDGE('',*,*,#4866,.F.);
#2571=ORIENTED_EDGE('',*,*,#4808,.F.);
#2572=ORIENTED_EDGE('',*,*,#4867,.F.);
#2573=ORIENTED_EDGE('',*,*,#4868,.T.);
#2574=ORIENTED_EDGE('',*,*,#4869,.F.);
#2575=ORIENTED_EDGE('',*,*,#4870,.T.);
#2576=ORIENTED_EDGE('',*,*,#4871,.F.);
#2577=ORIENTED_EDGE('',*,*,#4801,.F.);
#2578=ORIENTED_EDGE('',*,*,#4872,.F.);
#2579=ORIENTED_EDGE('',*,*,#4873,.F.);
#2580=ORIENTED_EDGE('',*,*,#4850,.F.);
#2581=ORIENTED_EDGE('',*,*,#4874,.F.);
#2582=ORIENTED_EDGE('',*,*,#4835,.T.);
#2583=ORIENTED_EDGE('',*,*,#4875,.T.);
#2584=ORIENTED_EDGE('',*,*,#4876,.T.);
#2585=ORIENTED_EDGE('',*,*,#4811,.F.);
#2586=ORIENTED_EDGE('',*,*,#4877,.T.);
#2587=ORIENTED_EDGE('',*,*,#4878,.F.);
#2588=ORIENTED_EDGE('',*,*,#4879,.T.);
#2589=ORIENTED_EDGE('',*,*,#4807,.T.);
#2590=ORIENTED_EDGE('',*,*,#4880,.T.);
#2591=ORIENTED_EDGE('',*,*,#4881,.F.);
#2592=ORIENTED_EDGE('',*,*,#4843,.T.);
#2593=ORIENTED_EDGE('',*,*,#4882,.F.);
#2594=ORIENTED_EDGE('',*,*,#4883,.T.);
#2595=ORIENTED_EDGE('',*,*,#4884,.F.);
#2596=ORIENTED_EDGE('',*,*,#4885,.F.);
#2597=ORIENTED_EDGE('',*,*,#4886,.T.);
#2598=ORIENTED_EDGE('',*,*,#4887,.T.);
#2599=ORIENTED_EDGE('',*,*,#4888,.T.);
#2600=ORIENTED_EDGE('',*,*,#4889,.F.);
#2601=ORIENTED_EDGE('',*,*,#4890,.F.);
#2602=ORIENTED_EDGE('',*,*,#4891,.T.);
#2603=ORIENTED_EDGE('',*,*,#4892,.F.);
#2604=ORIENTED_EDGE('',*,*,#4893,.T.);
#2605=ORIENTED_EDGE('',*,*,#4894,.T.);
#2606=ORIENTED_EDGE('',*,*,#4895,.T.);
#2607=ORIENTED_EDGE('',*,*,#4896,.T.);
#2608=ORIENTED_EDGE('',*,*,#4897,.F.);
#2609=ORIENTED_EDGE('',*,*,#4898,.T.);
#2610=ORIENTED_EDGE('',*,*,#4899,.F.);
#2611=ORIENTED_EDGE('',*,*,#4900,.T.);
#2612=ORIENTED_EDGE('',*,*,#4901,.T.);
#2613=ORIENTED_EDGE('',*,*,#4902,.T.);
#2614=ORIENTED_EDGE('',*,*,#4903,.F.);
#2615=ORIENTED_EDGE('',*,*,#4904,.F.);
#2616=ORIENTED_EDGE('',*,*,#4905,.T.);
#2617=ORIENTED_EDGE('',*,*,#4906,.T.);
#2618=ORIENTED_EDGE('',*,*,#4907,.F.);
#2619=ORIENTED_EDGE('',*,*,#4908,.F.);
#2620=ORIENTED_EDGE('',*,*,#4909,.T.);
#2621=ORIENTED_EDGE('',*,*,#4910,.T.);
#2622=ORIENTED_EDGE('',*,*,#4911,.T.);
#2623=ORIENTED_EDGE('',*,*,#4912,.F.);
#2624=ORIENTED_EDGE('',*,*,#4913,.T.);
#2625=ORIENTED_EDGE('',*,*,#4914,.F.);
#2626=ORIENTED_EDGE('',*,*,#4915,.T.);
#2627=ORIENTED_EDGE('',*,*,#4916,.T.);
#2628=ORIENTED_EDGE('',*,*,#4917,.T.);
#2629=ORIENTED_EDGE('',*,*,#4918,.T.);
#2630=ORIENTED_EDGE('',*,*,#4919,.F.);
#2631=ORIENTED_EDGE('',*,*,#4920,.T.);
#2632=ORIENTED_EDGE('',*,*,#4921,.T.);
#2633=ORIENTED_EDGE('',*,*,#4922,.T.);
#2634=ORIENTED_EDGE('',*,*,#4923,.T.);
#2635=ORIENTED_EDGE('',*,*,#4924,.T.);
#2636=ORIENTED_EDGE('',*,*,#4925,.T.);
#2637=ORIENTED_EDGE('',*,*,#4926,.F.);
#2638=ORIENTED_EDGE('',*,*,#4927,.F.);
#2639=ORIENTED_EDGE('',*,*,#4928,.F.);
#2640=ORIENTED_EDGE('',*,*,#4929,.T.);
#2641=ORIENTED_EDGE('',*,*,#4930,.T.);
#2642=ORIENTED_EDGE('',*,*,#4931,.F.);
#2643=ORIENTED_EDGE('',*,*,#4932,.F.);
#2644=ORIENTED_EDGE('',*,*,#4933,.F.);
#2645=ORIENTED_EDGE('',*,*,#4934,.T.);
#2646=ORIENTED_EDGE('',*,*,#4935,.T.);
#2647=ORIENTED_EDGE('',*,*,#4936,.F.);
#2648=ORIENTED_EDGE('',*,*,#4937,.F.);
#2649=ORIENTED_EDGE('',*,*,#4938,.F.);
#2650=ORIENTED_EDGE('',*,*,#4939,.F.);
#2651=ORIENTED_EDGE('',*,*,#4940,.T.);
#2652=ORIENTED_EDGE('',*,*,#4941,.F.);
#2653=ORIENTED_EDGE('',*,*,#4942,.T.);
#2654=ORIENTED_EDGE('',*,*,#4943,.T.);
#2655=ORIENTED_EDGE('',*,*,#4944,.T.);
#2656=ORIENTED_EDGE('',*,*,#4945,.F.);
#2657=ORIENTED_EDGE('',*,*,#4946,.T.);
#2658=ORIENTED_EDGE('',*,*,#4934,.F.);
#2659=ORIENTED_EDGE('',*,*,#4947,.F.);
#2660=ORIENTED_EDGE('',*,*,#4948,.F.);
#2661=ORIENTED_EDGE('',*,*,#4949,.F.);
#2662=ORIENTED_EDGE('',*,*,#4930,.F.);
#2663=ORIENTED_EDGE('',*,*,#4950,.T.);
#2664=ORIENTED_EDGE('',*,*,#4951,.F.);
#2665=ORIENTED_EDGE('',*,*,#4952,.F.);
#2666=ORIENTED_EDGE('',*,*,#4953,.F.);
#2667=ORIENTED_EDGE('',*,*,#4954,.F.);
#2668=ORIENTED_EDGE('',*,*,#4921,.F.);
#2669=ORIENTED_EDGE('',*,*,#4955,.T.);
#2670=ORIENTED_EDGE('',*,*,#4910,.F.);
#2671=ORIENTED_EDGE('',*,*,#4956,.F.);
#2672=ORIENTED_EDGE('',*,*,#4957,.F.);
#2673=ORIENTED_EDGE('',*,*,#4958,.F.);
#2674=ORIENTED_EDGE('',*,*,#4901,.F.);
#2675=ORIENTED_EDGE('',*,*,#4959,.F.);
#2676=ORIENTED_EDGE('',*,*,#4960,.T.);
#2677=ORIENTED_EDGE('',*,*,#4961,.F.);
#2678=ORIENTED_EDGE('',*,*,#4962,.T.);
#2679=ORIENTED_EDGE('',*,*,#4963,.F.);
#2680=ORIENTED_EDGE('',*,*,#4894,.F.);
#2681=ORIENTED_EDGE('',*,*,#4964,.F.);
#2682=ORIENTED_EDGE('',*,*,#4965,.F.);
#2683=ORIENTED_EDGE('',*,*,#4966,.F.);
#2684=ORIENTED_EDGE('',*,*,#4944,.F.);
#2685=ORIENTED_EDGE('',*,*,#4967,.F.);
#2686=ORIENTED_EDGE('',*,*,#4968,.T.);
#2687=ORIENTED_EDGE('',*,*,#4900,.F.);
#2688=ORIENTED_EDGE('',*,*,#4969,.T.);
#2689=ORIENTED_EDGE('',*,*,#4970,.T.);
#2690=ORIENTED_EDGE('',*,*,#4936,.T.);
#2691=ORIENTED_EDGE('',*,*,#4971,.F.);
#2692=ORIENTED_EDGE('',*,*,#4928,.T.);
#2693=ORIENTED_EDGE('',*,*,#4972,.F.);
#2694=ORIENTED_EDGE('',*,*,#4973,.T.);
#2695=ORIENTED_EDGE('',*,*,#4904,.T.);
#2696=ORIENTED_EDGE('',*,*,#4974,.T.);
#2697=ORIENTED_EDGE('',*,*,#4975,.T.);
#2698=ORIENTED_EDGE('',*,*,#4976,.F.);
#2699=ORIENTED_EDGE('',*,*,#4977,.F.);
#2700=ORIENTED_EDGE('',*,*,#4978,.F.);
#2701=ORIENTED_EDGE('',*,*,#4979,.F.);
#2702=ORIENTED_EDGE('',*,*,#4980,.F.);
#2703=ORIENTED_EDGE('',*,*,#4981,.F.);
#2704=ORIENTED_EDGE('',*,*,#4982,.F.);
#2705=ORIENTED_EDGE('',*,*,#4983,.T.);
#2706=ORIENTED_EDGE('',*,*,#4984,.T.);
#2707=ORIENTED_EDGE('',*,*,#4985,.T.);
#2708=ORIENTED_EDGE('',*,*,#4986,.T.);
#2709=ORIENTED_EDGE('',*,*,#4976,.T.);
#2710=ORIENTED_EDGE('',*,*,#4987,.T.);
#2711=ORIENTED_EDGE('',*,*,#4988,.F.);
#2712=ORIENTED_EDGE('',*,*,#4989,.T.);
#2713=ORIENTED_EDGE('',*,*,#4990,.T.);
#2714=ORIENTED_EDGE('',*,*,#4991,.T.);
#2715=ORIENTED_EDGE('',*,*,#4992,.T.);
#2716=ORIENTED_EDGE('',*,*,#4993,.T.);
#2717=ORIENTED_EDGE('',*,*,#4994,.T.);
#2718=ORIENTED_EDGE('',*,*,#4995,.F.);
#2719=ORIENTED_EDGE('',*,*,#4996,.F.);
#2720=ORIENTED_EDGE('',*,*,#4997,.F.);
#2721=ORIENTED_EDGE('',*,*,#4998,.T.);
#2722=ORIENTED_EDGE('',*,*,#4999,.T.);
#2723=ORIENTED_EDGE('',*,*,#5000,.F.);
#2724=ORIENTED_EDGE('',*,*,#4978,.T.);
#2725=ORIENTED_EDGE('',*,*,#5001,.F.);
#2726=ORIENTED_EDGE('',*,*,#5002,.T.);
#2727=ORIENTED_EDGE('',*,*,#5003,.T.);
#2728=ORIENTED_EDGE('',*,*,#5004,.T.);
#2729=ORIENTED_EDGE('',*,*,#5005,.T.);
#2730=ORIENTED_EDGE('',*,*,#4988,.T.);
#2731=ORIENTED_EDGE('',*,*,#5006,.T.);
#2732=ORIENTED_EDGE('',*,*,#5007,.F.);
#2733=ORIENTED_EDGE('',*,*,#5008,.T.);
#2734=ORIENTED_EDGE('',*,*,#5009,.T.);
#2735=ORIENTED_EDGE('',*,*,#5010,.T.);
#2736=ORIENTED_EDGE('',*,*,#5011,.T.);
#2737=ORIENTED_EDGE('',*,*,#5012,.T.);
#2738=ORIENTED_EDGE('',*,*,#5013,.T.);
#2739=ORIENTED_EDGE('',*,*,#5014,.T.);
#2740=ORIENTED_EDGE('',*,*,#4999,.F.);
#2741=ORIENTED_EDGE('',*,*,#5015,.T.);
#2742=ORIENTED_EDGE('',*,*,#5016,.T.);
#2743=ORIENTED_EDGE('',*,*,#5002,.F.);
#2744=ORIENTED_EDGE('',*,*,#5007,.T.);
#2745=ORIENTED_EDGE('',*,*,#5017,.T.);
#2746=ORIENTED_EDGE('',*,*,#5018,.F.);
#2747=ORIENTED_EDGE('',*,*,#5019,.T.);
#2748=ORIENTED_EDGE('',*,*,#5020,.F.);
#2749=ORIENTED_EDGE('',*,*,#5011,.F.);
#2750=ORIENTED_EDGE('',*,*,#5021,.F.);
#2751=ORIENTED_EDGE('',*,*,#5022,.T.);
#2752=ORIENTED_EDGE('',*,*,#5023,.F.);
#2753=ORIENTED_EDGE('',*,*,#5022,.F.);
#2754=ORIENTED_EDGE('',*,*,#5024,.F.);
#2755=ORIENTED_EDGE('',*,*,#5025,.T.);
#2756=ORIENTED_EDGE('',*,*,#5004,.F.);
#2757=ORIENTED_EDGE('',*,*,#5026,.T.);
#2758=ORIENTED_EDGE('',*,*,#4990,.F.);
#2759=ORIENTED_EDGE('',*,*,#5027,.T.);
#2760=ORIENTED_EDGE('',*,*,#5028,.F.);
#2761=ORIENTED_EDGE('',*,*,#5029,.F.);
#2762=ORIENTED_EDGE('',*,*,#4987,.F.);
#2763=ORIENTED_EDGE('',*,*,#4975,.F.);
#2764=ORIENTED_EDGE('',*,*,#5030,.F.);
#2765=ORIENTED_EDGE('',*,*,#5031,.T.);
#2766=ORIENTED_EDGE('',*,*,#5032,.T.);
#2767=ORIENTED_EDGE('',*,*,#5017,.F.);
#2768=ORIENTED_EDGE('',*,*,#5006,.F.);
#2769=ORIENTED_EDGE('',*,*,#5003,.F.);
#2770=ORIENTED_EDGE('',*,*,#5016,.F.);
#2771=ORIENTED_EDGE('',*,*,#5033,.T.);
#2772=ORIENTED_EDGE('',*,*,#5026,.F.);
#2773=ORIENTED_EDGE('',*,*,#5034,.T.);
#2774=ORIENTED_EDGE('',*,*,#5035,.T.);
#2775=ORIENTED_EDGE('',*,*,#5036,.F.);
#2776=ORIENTED_EDGE('',*,*,#5037,.F.);
#2777=ORIENTED_EDGE('',*,*,#5038,.T.);
#2778=ORIENTED_EDGE('',*,*,#5039,.F.);
#2779=ORIENTED_EDGE('',*,*,#5040,.T.);
#2780=ORIENTED_EDGE('',*,*,#5041,.T.);
#2781=ORIENTED_EDGE('',*,*,#5042,.T.);
#2782=ORIENTED_EDGE('',*,*,#5043,.T.);
#2783=ORIENTED_EDGE('',*,*,#5044,.F.);
#2784=ORIENTED_EDGE('',*,*,#5045,.F.);
#2785=ORIENTED_EDGE('',*,*,#5046,.F.);
#2786=ORIENTED_EDGE('',*,*,#5047,.F.);
#2787=ORIENTED_EDGE('',*,*,#5048,.F.);
#2788=ORIENTED_EDGE('',*,*,#5043,.F.);
#2789=ORIENTED_EDGE('',*,*,#5049,.F.);
#2790=ORIENTED_EDGE('',*,*,#5050,.F.);
#2791=ORIENTED_EDGE('',*,*,#5051,.F.);
#2792=ORIENTED_EDGE('',*,*,#5052,.T.);
#2793=ORIENTED_EDGE('',*,*,#5053,.T.);
#2794=ORIENTED_EDGE('',*,*,#5054,.T.);
#2795=ORIENTED_EDGE('',*,*,#5055,.F.);
#2796=ORIENTED_EDGE('',*,*,#5008,.F.);
#2797=ORIENTED_EDGE('',*,*,#5019,.F.);
#2798=ORIENTED_EDGE('',*,*,#5056,.T.);
#2799=ORIENTED_EDGE('',*,*,#5057,.T.);
#2800=ORIENTED_EDGE('',*,*,#5058,.T.);
#2801=ORIENTED_EDGE('',*,*,#5059,.F.);
#2802=ORIENTED_EDGE('',*,*,#5058,.F.);
#2803=ORIENTED_EDGE('',*,*,#5060,.T.);
#2804=ORIENTED_EDGE('',*,*,#5061,.T.);
#2805=ORIENTED_EDGE('',*,*,#5062,.F.);
#2806=ORIENTED_EDGE('',*,*,#5063,.F.);
#2807=ORIENTED_EDGE('',*,*,#5052,.F.);
#2808=ORIENTED_EDGE('',*,*,#5064,.F.);
#2809=ORIENTED_EDGE('',*,*,#5065,.F.);
#2810=ORIENTED_EDGE('',*,*,#5025,.F.);
#2811=ORIENTED_EDGE('',*,*,#5066,.T.);
#2812=ORIENTED_EDGE('',*,*,#5013,.F.);
#2813=ORIENTED_EDGE('',*,*,#5005,.F.);
#2814=ORIENTED_EDGE('',*,*,#5067,.F.);
#2815=ORIENTED_EDGE('',*,*,#5068,.F.);
#2816=ORIENTED_EDGE('',*,*,#5069,.F.);
#2817=ORIENTED_EDGE('',*,*,#5070,.F.);
#2818=ORIENTED_EDGE('',*,*,#5071,.F.);
#2819=ORIENTED_EDGE('',*,*,#5072,.T.);
#2820=ORIENTED_EDGE('',*,*,#5073,.F.);
#2821=ORIENTED_EDGE('',*,*,#5074,.F.);
#2822=ORIENTED_EDGE('',*,*,#5075,.T.);
#2823=ORIENTED_EDGE('',*,*,#5076,.F.);
#2824=ORIENTED_EDGE('',*,*,#5077,.F.);
#2825=ORIENTED_EDGE('',*,*,#5078,.T.);
#2826=ORIENTED_EDGE('',*,*,#5079,.F.);
#2827=ORIENTED_EDGE('',*,*,#5080,.T.);
#2828=ORIENTED_EDGE('',*,*,#5081,.F.);
#2829=ORIENTED_EDGE('',*,*,#5082,.T.);
#2830=ORIENTED_EDGE('',*,*,#5083,.F.);
#2831=ORIENTED_EDGE('',*,*,#5084,.T.);
#2832=ORIENTED_EDGE('',*,*,#5085,.F.);
#2833=ORIENTED_EDGE('',*,*,#5086,.T.);
#2834=ORIENTED_EDGE('',*,*,#5087,.F.);
#2835=ORIENTED_EDGE('',*,*,#5088,.T.);
#2836=ORIENTED_EDGE('',*,*,#5089,.F.);
#2837=ORIENTED_EDGE('',*,*,#5090,.T.);
#2838=ORIENTED_EDGE('',*,*,#5091,.F.);
#2839=ORIENTED_EDGE('',*,*,#5092,.T.);
#2840=ORIENTED_EDGE('',*,*,#5093,.F.);
#2841=ORIENTED_EDGE('',*,*,#5094,.T.);
#2842=ORIENTED_EDGE('',*,*,#5095,.F.);
#2843=ORIENTED_EDGE('',*,*,#5096,.T.);
#2844=ORIENTED_EDGE('',*,*,#5097,.F.);
#2845=ORIENTED_EDGE('',*,*,#5098,.T.);
#2846=ORIENTED_EDGE('',*,*,#5099,.F.);
#2847=ORIENTED_EDGE('',*,*,#5100,.T.);
#2848=ORIENTED_EDGE('',*,*,#5101,.T.);
#2849=ORIENTED_EDGE('',*,*,#5097,.T.);
#2850=ORIENTED_EDGE('',*,*,#5102,.T.);
#2851=ORIENTED_EDGE('',*,*,#5103,.F.);
#2852=ORIENTED_EDGE('',*,*,#5104,.T.);
#2853=ORIENTED_EDGE('',*,*,#5105,.T.);
#2854=ORIENTED_EDGE('',*,*,#5106,.T.);
#2855=ORIENTED_EDGE('',*,*,#5107,.F.);
#2856=ORIENTED_EDGE('',*,*,#5108,.T.);
#2857=ORIENTED_EDGE('',*,*,#5109,.T.);
#2858=ORIENTED_EDGE('',*,*,#5081,.T.);
#2859=ORIENTED_EDGE('',*,*,#5110,.T.);
#2860=ORIENTED_EDGE('',*,*,#5111,.T.);
#2861=ORIENTED_EDGE('',*,*,#5112,.F.);
#2862=ORIENTED_EDGE('',*,*,#5113,.T.);
#2863=ORIENTED_EDGE('',*,*,#5114,.F.);
#2864=ORIENTED_EDGE('',*,*,#5115,.T.);
#2865=ORIENTED_EDGE('',*,*,#5116,.T.);
#2866=ORIENTED_EDGE('',*,*,#5117,.T.);
#2867=ORIENTED_EDGE('',*,*,#5118,.T.);
#2868=ORIENTED_EDGE('',*,*,#5119,.T.);
#2869=ORIENTED_EDGE('',*,*,#5120,.F.);
#2870=ORIENTED_EDGE('',*,*,#5121,.F.);
#2871=ORIENTED_EDGE('',*,*,#5122,.F.);
#2872=ORIENTED_EDGE('',*,*,#5123,.T.);
#2873=ORIENTED_EDGE('',*,*,#5124,.T.);
#2874=ORIENTED_EDGE('',*,*,#5125,.F.);
#2875=ORIENTED_EDGE('',*,*,#5126,.T.);
#2876=ORIENTED_EDGE('',*,*,#5127,.T.);
#2877=ORIENTED_EDGE('',*,*,#5083,.T.);
#2878=ORIENTED_EDGE('',*,*,#5128,.T.);
#2879=ORIENTED_EDGE('',*,*,#5129,.F.);
#2880=ORIENTED_EDGE('',*,*,#5130,.T.);
#2881=ORIENTED_EDGE('',*,*,#5131,.T.);
#2882=ORIENTED_EDGE('',*,*,#5132,.T.);
#2883=ORIENTED_EDGE('',*,*,#5118,.F.);
#2884=ORIENTED_EDGE('',*,*,#5133,.T.);
#2885=ORIENTED_EDGE('',*,*,#5095,.T.);
#2886=ORIENTED_EDGE('',*,*,#5134,.T.);
#2887=ORIENTED_EDGE('',*,*,#5122,.T.);
#2888=ORIENTED_EDGE('',*,*,#5135,.T.);
#2889=ORIENTED_EDGE('',*,*,#5136,.F.);
#2890=ORIENTED_EDGE('',*,*,#5137,.T.);
#2891=ORIENTED_EDGE('',*,*,#5138,.T.);
#2892=ORIENTED_EDGE('',*,*,#5082,.F.);
#2893=ORIENTED_EDGE('',*,*,#5109,.F.);
#2894=ORIENTED_EDGE('',*,*,#5139,.F.);
#2895=ORIENTED_EDGE('',*,*,#5128,.F.);
#2896=ORIENTED_EDGE('',*,*,#5096,.F.);
#2897=ORIENTED_EDGE('',*,*,#5133,.F.);
#2898=ORIENTED_EDGE('',*,*,#5140,.F.);
#2899=ORIENTED_EDGE('',*,*,#5102,.F.);
#2900=ORIENTED_EDGE('',*,*,#5141,.T.);
#2901=ORIENTED_EDGE('',*,*,#5076,.T.);
#2902=ORIENTED_EDGE('',*,*,#5142,.T.);
#2903=ORIENTED_EDGE('',*,*,#5074,.T.);
#2904=ORIENTED_EDGE('',*,*,#5072,.F.);
#2905=ORIENTED_EDGE('',*,*,#5143,.F.);
#2906=ORIENTED_EDGE('',*,*,#5100,.F.);
#2907=ORIENTED_EDGE('',*,*,#5144,.F.);
#2908=ORIENTED_EDGE('',*,*,#5145,.F.);
#2909=ORIENTED_EDGE('',*,*,#5146,.F.);
#2910=ORIENTED_EDGE('',*,*,#5078,.F.);
#2911=ORIENTED_EDGE('',*,*,#5147,.F.);
#2912=ORIENTED_EDGE('',*,*,#5148,.F.);
#2913=ORIENTED_EDGE('',*,*,#5079,.T.);
#2914=ORIENTED_EDGE('',*,*,#5146,.T.);
#2915=ORIENTED_EDGE('',*,*,#5149,.T.);
#2916=ORIENTED_EDGE('',*,*,#5150,.F.);
#2917=ORIENTED_EDGE('',*,*,#5151,.T.);
#2918=ORIENTED_EDGE('',*,*,#5144,.T.);
#2919=ORIENTED_EDGE('',*,*,#5099,.T.);
#2920=ORIENTED_EDGE('',*,*,#5152,.F.);
#2921=ORIENTED_EDGE('',*,*,#5153,.T.);
#2922=ORIENTED_EDGE('',*,*,#5154,.F.);
#2923=ORIENTED_EDGE('',*,*,#5155,.T.);
#2924=ORIENTED_EDGE('',*,*,#5156,.T.);
#2925=ORIENTED_EDGE('',*,*,#5157,.F.);
#2926=ORIENTED_EDGE('',*,*,#5158,.F.);
#2927=ORIENTED_EDGE('',*,*,#5159,.T.);
#2928=ORIENTED_EDGE('',*,*,#5160,.F.);
#2929=ORIENTED_EDGE('',*,*,#5161,.F.);
#2930=ORIENTED_EDGE('',*,*,#5162,.T.);
#2931=ORIENTED_EDGE('',*,*,#5163,.F.);
#2932=ORIENTED_EDGE('',*,*,#5164,.T.);
#2933=ORIENTED_EDGE('',*,*,#5165,.F.);
#2934=ORIENTED_EDGE('',*,*,#5166,.F.);
#2935=ORIENTED_EDGE('',*,*,#5167,.T.);
#2936=ORIENTED_EDGE('',*,*,#5090,.F.);
#2937=ORIENTED_EDGE('',*,*,#5168,.F.);
#2938=ORIENTED_EDGE('',*,*,#5169,.T.);
#2939=ORIENTED_EDGE('',*,*,#5170,.T.);
#2940=ORIENTED_EDGE('',*,*,#5088,.F.);
#2941=ORIENTED_EDGE('',*,*,#5171,.T.);
#2942=ORIENTED_EDGE('',*,*,#5172,.F.);
#2943=ORIENTED_EDGE('',*,*,#5173,.F.);
#2944=ORIENTED_EDGE('',*,*,#5168,.T.);
#2945=ORIENTED_EDGE('',*,*,#5089,.T.);
#2946=ORIENTED_EDGE('',*,*,#5173,.T.);
#2947=ORIENTED_EDGE('',*,*,#5174,.F.);
#2948=ORIENTED_EDGE('',*,*,#5175,.T.);
#2949=ORIENTED_EDGE('',*,*,#5176,.F.);
#2950=ORIENTED_EDGE('',*,*,#5177,.T.);
#2951=ORIENTED_EDGE('',*,*,#5178,.F.);
#2952=ORIENTED_EDGE('',*,*,#5179,.T.);
#2953=ORIENTED_EDGE('',*,*,#5180,.F.);
#2954=ORIENTED_EDGE('',*,*,#5181,.T.);
#2955=ORIENTED_EDGE('',*,*,#5182,.F.);
#2956=ORIENTED_EDGE('',*,*,#5183,.F.);
#2957=ORIENTED_EDGE('',*,*,#5184,.F.);
#2958=ORIENTED_EDGE('',*,*,#5185,.T.);
#2959=ORIENTED_EDGE('',*,*,#5186,.F.);
#2960=ORIENTED_EDGE('',*,*,#5092,.F.);
#2961=ORIENTED_EDGE('',*,*,#5187,.T.);
#2962=ORIENTED_EDGE('',*,*,#5188,.F.);
#2963=ORIENTED_EDGE('',*,*,#5189,.T.);
#2964=ORIENTED_EDGE('',*,*,#5190,.T.);
#2965=ORIENTED_EDGE('',*,*,#5191,.T.);
#2966=ORIENTED_EDGE('',*,*,#5086,.F.);
#2967=ORIENTED_EDGE('',*,*,#5192,.T.);
#2968=ORIENTED_EDGE('',*,*,#5193,.T.);
#2969=ORIENTED_EDGE('',*,*,#5194,.T.);
#2970=ORIENTED_EDGE('',*,*,#5195,.T.);
#2971=ORIENTED_EDGE('',*,*,#5196,.T.);
#2972=ORIENTED_EDGE('',*,*,#5197,.F.);
#2973=ORIENTED_EDGE('',*,*,#5198,.F.);
#2974=ORIENTED_EDGE('',*,*,#4851,.F.);
#2975=ORIENTED_EDGE('',*,*,#4873,.T.);
#2976=ORIENTED_EDGE('',*,*,#5199,.T.);
#2977=ORIENTED_EDGE('',*,*,#5200,.T.);
#2978=ORIENTED_EDGE('',*,*,#5201,.T.);
#2979=ORIENTED_EDGE('',*,*,#5202,.F.);
#2980=ORIENTED_EDGE('',*,*,#5203,.T.);
#2981=ORIENTED_EDGE('',*,*,#5204,.T.);
#2982=ORIENTED_EDGE('',*,*,#5205,.F.);
#2983=ORIENTED_EDGE('',*,*,#4865,.T.);
#2984=ORIENTED_EDGE('',*,*,#5206,.T.);
#2985=ORIENTED_EDGE('',*,*,#5207,.F.);
#2986=ORIENTED_EDGE('',*,*,#5208,.T.);
#2987=ORIENTED_EDGE('',*,*,#5209,.T.);
#2988=ORIENTED_EDGE('',*,*,#5210,.F.);
#2989=ORIENTED_EDGE('',*,*,#4957,.T.);
#2990=ORIENTED_EDGE('',*,*,#4943,.F.);
#2991=ORIENTED_EDGE('',*,*,#5211,.F.);
#2992=ORIENTED_EDGE('',*,*,#5212,.F.);
#2993=ORIENTED_EDGE('',*,*,#5213,.T.);
#2994=ORIENTED_EDGE('',*,*,#4965,.T.);
#2995=ORIENTED_EDGE('',*,*,#5214,.T.);
#2996=ORIENTED_EDGE('',*,*,#5215,.T.);
#2997=ORIENTED_EDGE('',*,*,#5216,.T.);
#2998=ORIENTED_EDGE('',*,*,#5217,.F.);
#2999=ORIENTED_EDGE('',*,*,#4848,.F.);
#3000=ORIENTED_EDGE('',*,*,#5218,.T.);
#3001=ORIENTED_EDGE('',*,*,#5219,.T.);
#3002=ORIENTED_EDGE('',*,*,#5220,.F.);
#3003=ORIENTED_EDGE('',*,*,#5221,.T.);
#3004=ORIENTED_EDGE('',*,*,#5222,.F.);
#3005=ORIENTED_EDGE('',*,*,#4941,.T.);
#3006=ORIENTED_EDGE('',*,*,#5223,.F.);
#3007=ORIENTED_EDGE('',*,*,#5211,.T.);
#3008=ORIENTED_EDGE('',*,*,#4942,.F.);
#3009=ORIENTED_EDGE('',*,*,#5222,.T.);
#3010=ORIENTED_EDGE('',*,*,#5224,.F.);
#3011=ORIENTED_EDGE('',*,*,#5218,.F.);
#3012=ORIENTED_EDGE('',*,*,#4847,.F.);
#3013=ORIENTED_EDGE('',*,*,#5198,.T.);
#3014=ORIENTED_EDGE('',*,*,#5208,.F.);
#3015=ORIENTED_EDGE('',*,*,#5225,.T.);
#3016=ORIENTED_EDGE('',*,*,#5226,.T.);
#3017=ORIENTED_EDGE('',*,*,#5227,.T.);
#3018=ORIENTED_EDGE('',*,*,#5228,.T.);
#3019=ORIENTED_EDGE('',*,*,#5201,.F.);
#3020=ORIENTED_EDGE('',*,*,#5229,.T.);
#3021=ORIENTED_EDGE('',*,*,#5230,.T.);
#3022=ORIENTED_EDGE('',*,*,#5216,.F.);
#3023=ORIENTED_EDGE('',*,*,#5192,.F.);
#3024=ORIENTED_EDGE('',*,*,#5085,.T.);
#3025=ORIENTED_EDGE('',*,*,#5231,.F.);
#3026=ORIENTED_EDGE('',*,*,#5232,.F.);
#3027=ORIENTED_EDGE('',*,*,#5233,.F.);
#3028=ORIENTED_EDGE('',*,*,#5093,.T.);
#3029=ORIENTED_EDGE('',*,*,#5191,.F.);
#3030=ORIENTED_EDGE('',*,*,#5234,.F.);
#3031=ORIENTED_EDGE('',*,*,#5203,.F.);
#3032=ORIENTED_EDGE('',*,*,#5235,.T.);
#3033=ORIENTED_EDGE('',*,*,#5236,.T.);
#3034=ORIENTED_EDGE('',*,*,#5236,.F.);
#3035=ORIENTED_EDGE('',*,*,#5237,.T.);
#3036=ORIENTED_EDGE('',*,*,#4795,.F.);
#3037=ORIENTED_EDGE('',*,*,#5238,.F.);
#3038=ORIENTED_EDGE('',*,*,#5204,.F.);
#3039=ORIENTED_EDGE('',*,*,#4793,.F.);
#3040=ORIENTED_EDGE('',*,*,#5239,.T.);
#3041=ORIENTED_EDGE('',*,*,#5227,.F.);
#3042=ORIENTED_EDGE('',*,*,#5200,.F.);
#3043=ORIENTED_EDGE('',*,*,#5240,.F.);
#3044=ORIENTED_EDGE('',*,*,#4886,.F.);
#3045=ORIENTED_EDGE('',*,*,#5241,.T.);
#3046=ORIENTED_EDGE('',*,*,#5229,.F.);
#3047=ORIENTED_EDGE('',*,*,#5215,.F.);
#3048=ORIENTED_EDGE('',*,*,#5242,.F.);
#3049=ORIENTED_EDGE('',*,*,#5226,.F.);
#3050=ORIENTED_EDGE('',*,*,#5243,.T.);
#3051=ORIENTED_EDGE('',*,*,#4888,.F.);
#3052=ORIENTED_EDGE('',*,*,#5244,.F.);
#3053=ORIENTED_EDGE('',*,*,#5209,.F.);
#3054=ORIENTED_EDGE('',*,*,#5171,.F.);
#3055=ORIENTED_EDGE('',*,*,#5087,.T.);
#3056=ORIENTED_EDGE('',*,*,#5196,.F.);
#3057=ORIENTED_EDGE('',*,*,#5245,.F.);
#3058=ORIENTED_EDGE('',*,*,#5187,.F.);
#3059=ORIENTED_EDGE('',*,*,#5091,.T.);
#3060=ORIENTED_EDGE('',*,*,#5170,.F.);
#3061=ORIENTED_EDGE('',*,*,#5246,.F.);
#3062=ORIENTED_EDGE('',*,*,#5247,.T.);
#3063=ORIENTED_EDGE('',*,*,#5206,.F.);
#3064=ORIENTED_EDGE('',*,*,#4864,.T.);
#3065=ORIENTED_EDGE('',*,*,#4849,.F.);
#3066=ORIENTED_EDGE('',*,*,#5217,.T.);
#3067=ORIENTED_EDGE('',*,*,#5248,.T.);
#3068=ORIENTED_EDGE('',*,*,#5220,.T.);
#3069=ORIENTED_EDGE('',*,*,#4940,.F.);
#3070=ORIENTED_EDGE('',*,*,#4966,.T.);
#3071=ORIENTED_EDGE('',*,*,#5213,.F.);
#3072=ORIENTED_EDGE('',*,*,#5249,.F.);
#3073=ORIENTED_EDGE('',*,*,#5050,.T.);
#3074=ORIENTED_EDGE('',*,*,#5250,.F.);
#3075=ORIENTED_EDGE('',*,*,#5251,.T.);
#3076=ORIENTED_EDGE('',*,*,#5252,.F.);
#3077=ORIENTED_EDGE('',*,*,#5253,.T.);
#3078=ORIENTED_EDGE('',*,*,#5254,.F.);
#3079=ORIENTED_EDGE('',*,*,#5255,.F.);
#3080=ORIENTED_EDGE('',*,*,#5256,.T.);
#3081=ORIENTED_EDGE('',*,*,#5257,.F.);
#3082=ORIENTED_EDGE('',*,*,#5258,.T.);
#3083=ORIENTED_EDGE('',*,*,#5259,.T.);
#3084=ORIENTED_EDGE('',*,*,#5260,.T.);
#3085=ORIENTED_EDGE('',*,*,#5261,.F.);
#3086=ORIENTED_EDGE('',*,*,#5262,.T.);
#3087=ORIENTED_EDGE('',*,*,#5263,.F.);
#3088=ORIENTED_EDGE('',*,*,#5264,.T.);
#3089=ORIENTED_EDGE('',*,*,#5114,.T.);
#3090=ORIENTED_EDGE('',*,*,#5265,.T.);
#3091=ORIENTED_EDGE('',*,*,#5131,.F.);
#3092=ORIENTED_EDGE('',*,*,#5266,.T.);
#3093=ORIENTED_EDGE('',*,*,#5267,.F.);
#3094=ORIENTED_EDGE('',*,*,#5268,.F.);
#3095=ORIENTED_EDGE('',*,*,#5269,.T.);
#3096=ORIENTED_EDGE('',*,*,#5121,.T.);
#3097=ORIENTED_EDGE('',*,*,#5270,.F.);
#3098=ORIENTED_EDGE('',*,*,#5271,.F.);
#3099=ORIENTED_EDGE('',*,*,#5272,.T.);
#3100=ORIENTED_EDGE('',*,*,#5268,.T.);
#3101=ORIENTED_EDGE('',*,*,#5273,.F.);
#3102=ORIENTED_EDGE('',*,*,#5274,.T.);
#3103=ORIENTED_EDGE('',*,*,#5271,.T.);
#3104=ORIENTED_EDGE('',*,*,#5275,.F.);
#3105=ORIENTED_EDGE('',*,*,#5276,.T.);
#3106=ORIENTED_EDGE('',*,*,#5277,.F.);
#3107=ORIENTED_EDGE('',*,*,#5278,.F.);
#3108=ORIENTED_EDGE('',*,*,#5279,.T.);
#3109=ORIENTED_EDGE('',*,*,#5280,.F.);
#3110=ORIENTED_EDGE('',*,*,#4896,.F.);
#3111=ORIENTED_EDGE('',*,*,#5281,.T.);
#3112=ORIENTED_EDGE('',*,*,#5278,.T.);
#3113=ORIENTED_EDGE('',*,*,#5282,.F.);
#3114=ORIENTED_EDGE('',*,*,#5283,.T.);
#3115=ORIENTED_EDGE('',*,*,#5284,.T.);
#3116=ORIENTED_EDGE('',*,*,#5285,.T.);
#3117=ORIENTED_EDGE('',*,*,#5286,.T.);
#3118=ORIENTED_EDGE('',*,*,#5287,.T.);
#3119=ORIENTED_EDGE('',*,*,#5288,.F.);
#3120=ORIENTED_EDGE('',*,*,#4926,.T.);
#3121=ORIENTED_EDGE('',*,*,#5289,.T.);
#3122=ORIENTED_EDGE('',*,*,#4914,.T.);
#3123=ORIENTED_EDGE('',*,*,#5290,.F.);
#3124=ORIENTED_EDGE('',*,*,#5291,.T.);
#3125=ORIENTED_EDGE('',*,*,#5292,.T.);
#3126=ORIENTED_EDGE('',*,*,#5293,.T.);
#3127=ORIENTED_EDGE('',*,*,#5294,.T.);
#3128=ORIENTED_EDGE('',*,*,#5295,.T.);
#3129=ORIENTED_EDGE('',*,*,#5296,.F.);
#3130=ORIENTED_EDGE('',*,*,#4969,.F.);
#3131=ORIENTED_EDGE('',*,*,#4899,.T.);
#3132=ORIENTED_EDGE('',*,*,#5297,.T.);
#3133=ORIENTED_EDGE('',*,*,#4905,.F.);
#3134=ORIENTED_EDGE('',*,*,#4973,.F.);
#3135=ORIENTED_EDGE('',*,*,#5298,.F.);
#3136=ORIENTED_EDGE('',*,*,#5299,.F.);
#3137=ORIENTED_EDGE('',*,*,#5300,.T.);
#3138=ORIENTED_EDGE('',*,*,#4908,.T.);
#3139=ORIENTED_EDGE('',*,*,#5301,.F.);
#3140=ORIENTED_EDGE('',*,*,#5302,.F.);
#3141=ORIENTED_EDGE('',*,*,#5303,.T.);
#3142=ORIENTED_EDGE('',*,*,#5299,.T.);
#3143=ORIENTED_EDGE('',*,*,#5304,.F.);
#3144=ORIENTED_EDGE('',*,*,#5305,.F.);
#3145=ORIENTED_EDGE('',*,*,#5306,.T.);
#3146=ORIENTED_EDGE('',*,*,#5302,.T.);
#3147=ORIENTED_EDGE('',*,*,#5307,.F.);
#3148=ORIENTED_EDGE('',*,*,#5308,.F.);
#3149=ORIENTED_EDGE('',*,*,#5309,.T.);
#3150=ORIENTED_EDGE('',*,*,#5305,.T.);
#3151=ORIENTED_EDGE('',*,*,#5310,.F.);
#3152=ORIENTED_EDGE('',*,*,#5311,.T.);
#3153=ORIENTED_EDGE('',*,*,#5312,.F.);
#3154=ORIENTED_EDGE('',*,*,#5313,.F.);
#3155=ORIENTED_EDGE('',*,*,#5314,.T.);
#3156=ORIENTED_EDGE('',*,*,#5315,.T.);
#3157=ORIENTED_EDGE('',*,*,#5250,.T.);
#3158=ORIENTED_EDGE('',*,*,#5316,.T.);
#3159=ORIENTED_EDGE('',*,*,#5308,.T.);
#3160=ORIENTED_EDGE('',*,*,#5317,.F.);
#3161=ORIENTED_EDGE('',*,*,#5318,.F.);
#3162=ORIENTED_EDGE('',*,*,#5319,.T.);
#3163=ORIENTED_EDGE('',*,*,#5320,.T.);
#3164=ORIENTED_EDGE('',*,*,#5321,.F.);
#3165=ORIENTED_EDGE('',*,*,#5322,.T.);
#3166=ORIENTED_EDGE('',*,*,#5323,.F.);
#3167=ORIENTED_EDGE('',*,*,#5324,.F.);
#3168=ORIENTED_EDGE('',*,*,#5325,.F.);
#3169=ORIENTED_EDGE('',*,*,#5312,.T.);
#3170=ORIENTED_EDGE('',*,*,#5326,.T.);
#3171=ORIENTED_EDGE('',*,*,#5327,.F.);
#3172=ORIENTED_EDGE('',*,*,#5328,.F.);
#3173=ORIENTED_EDGE('',*,*,#5329,.T.);
#3174=ORIENTED_EDGE('',*,*,#5330,.T.);
#3175=ORIENTED_EDGE('',*,*,#5061,.F.);
#3176=ORIENTED_EDGE('',*,*,#5331,.T.);
#3177=ORIENTED_EDGE('',*,*,#5332,.T.);
#3178=ORIENTED_EDGE('',*,*,#5333,.T.);
#3179=ORIENTED_EDGE('',*,*,#5334,.F.);
#3180=ORIENTED_EDGE('',*,*,#5335,.F.);
#3181=ORIENTED_EDGE('',*,*,#5336,.T.);
#3182=ORIENTED_EDGE('',*,*,#5337,.F.);
#3183=ORIENTED_EDGE('',*,*,#5338,.F.);
#3184=ORIENTED_EDGE('',*,*,#5258,.F.);
#3185=ORIENTED_EDGE('',*,*,#5339,.F.);
#3186=ORIENTED_EDGE('',*,*,#5340,.T.);
#3187=ORIENTED_EDGE('',*,*,#5341,.T.);
#3188=ORIENTED_EDGE('',*,*,#5342,.F.);
#3189=ORIENTED_EDGE('',*,*,#5343,.T.);
#3190=ORIENTED_EDGE('',*,*,#5337,.T.);
#3191=ORIENTED_EDGE('',*,*,#5344,.T.);
#3192=ORIENTED_EDGE('',*,*,#5345,.F.);
#3193=ORIENTED_EDGE('',*,*,#5346,.F.);
#3194=ORIENTED_EDGE('',*,*,#5347,.F.);
#3195=ORIENTED_EDGE('',*,*,#5348,.F.);
#3196=ORIENTED_EDGE('',*,*,#5349,.T.);
#3197=ORIENTED_EDGE('',*,*,#5346,.T.);
#3198=ORIENTED_EDGE('',*,*,#5350,.F.);
#3199=ORIENTED_EDGE('',*,*,#5351,.F.);
#3200=ORIENTED_EDGE('',*,*,#5352,.T.);
#3201=ORIENTED_EDGE('',*,*,#5348,.T.);
#3202=ORIENTED_EDGE('',*,*,#5353,.F.);
#3203=ORIENTED_EDGE('',*,*,#5354,.F.);
#3204=ORIENTED_EDGE('',*,*,#5355,.T.);
#3205=ORIENTED_EDGE('',*,*,#5351,.T.);
#3206=ORIENTED_EDGE('',*,*,#5356,.F.);
#3207=ORIENTED_EDGE('',*,*,#4803,.F.);
#3208=ORIENTED_EDGE('',*,*,#5357,.T.);
#3209=ORIENTED_EDGE('',*,*,#5354,.T.);
#3210=ORIENTED_EDGE('',*,*,#5358,.F.);
#3211=ORIENTED_EDGE('',*,*,#4880,.F.);
#3212=ORIENTED_EDGE('',*,*,#4806,.T.);
#3213=ORIENTED_EDGE('',*,*,#5359,.T.);
#3214=ORIENTED_EDGE('',*,*,#4812,.F.);
#3215=ORIENTED_EDGE('',*,*,#4876,.F.);
#3216=ORIENTED_EDGE('',*,*,#5360,.F.);
#3217=ORIENTED_EDGE('',*,*,#5361,.T.);
#3218=ORIENTED_EDGE('',*,*,#5362,.F.);
#3219=ORIENTED_EDGE('',*,*,#5363,.F.);
#3220=ORIENTED_EDGE('',*,*,#5364,.F.);
#3221=ORIENTED_EDGE('',*,*,#5365,.F.);
#3222=ORIENTED_EDGE('',*,*,#5366,.F.);
#3223=ORIENTED_EDGE('',*,*,#4832,.F.);
#3224=ORIENTED_EDGE('',*,*,#5367,.F.);
#3225=ORIENTED_EDGE('',*,*,#4820,.F.);
#3226=ORIENTED_EDGE('',*,*,#5368,.F.);
#3227=ORIENTED_EDGE('',*,*,#5369,.F.);
#3228=ORIENTED_EDGE('',*,*,#5370,.F.);
#3229=ORIENTED_EDGE('',*,*,#5371,.F.);
#3230=ORIENTED_EDGE('',*,*,#5372,.F.);
#3231=ORIENTED_EDGE('',*,*,#5373,.T.);
#3232=ORIENTED_EDGE('',*,*,#5374,.F.);
#3233=ORIENTED_EDGE('',*,*,#5375,.F.);
#3234=ORIENTED_EDGE('',*,*,#5376,.T.);
#3235=ORIENTED_EDGE('',*,*,#4815,.T.);
#3236=ORIENTED_EDGE('',*,*,#5377,.F.);
#3237=ORIENTED_EDGE('',*,*,#5378,.T.);
#3238=ORIENTED_EDGE('',*,*,#5375,.T.);
#3239=ORIENTED_EDGE('',*,*,#5379,.F.);
#3240=ORIENTED_EDGE('',*,*,#5380,.T.);
#3241=ORIENTED_EDGE('',*,*,#5381,.F.);
#3242=ORIENTED_EDGE('',*,*,#5382,.F.);
#3243=ORIENTED_EDGE('',*,*,#5383,.T.);
#3244=ORIENTED_EDGE('',*,*,#5384,.F.);
#3245=ORIENTED_EDGE('',*,*,#5385,.F.);
#3246=ORIENTED_EDGE('',*,*,#5386,.T.);
#3247=ORIENTED_EDGE('',*,*,#5382,.T.);
#3248=ORIENTED_EDGE('',*,*,#5387,.F.);
#3249=ORIENTED_EDGE('',*,*,#5124,.F.);
#3250=ORIENTED_EDGE('',*,*,#5388,.T.);
#3251=ORIENTED_EDGE('',*,*,#5385,.T.);
#3252=ORIENTED_EDGE('',*,*,#5389,.F.);
#3253=ORIENTED_EDGE('',*,*,#5390,.T.);
#3254=ORIENTED_EDGE('',*,*,#5136,.T.);
#3255=ORIENTED_EDGE('',*,*,#5391,.T.);
#3256=ORIENTED_EDGE('',*,*,#5105,.F.);
#3257=ORIENTED_EDGE('',*,*,#5392,.T.);
#3258=ORIENTED_EDGE('',*,*,#5393,.T.);
#3259=ORIENTED_EDGE('',*,*,#5394,.T.);
#3260=ORIENTED_EDGE('',*,*,#5310,.T.);
#3261=ORIENTED_EDGE('',*,*,#5307,.T.);
#3262=ORIENTED_EDGE('',*,*,#5304,.T.);
#3263=ORIENTED_EDGE('',*,*,#5301,.T.);
#3264=ORIENTED_EDGE('',*,*,#5298,.T.);
#3265=ORIENTED_EDGE('',*,*,#4907,.T.);
#3266=ORIENTED_EDGE('',*,*,#5395,.T.);
#3267=ORIENTED_EDGE('',*,*,#5396,.F.);
#3268=ORIENTED_EDGE('',*,*,#5397,.F.);
#3269=ORIENTED_EDGE('',*,*,#5398,.F.);
#3270=ORIENTED_EDGE('',*,*,#5399,.T.);
#3271=ORIENTED_EDGE('',*,*,#4897,.T.);
#3272=ORIENTED_EDGE('',*,*,#5280,.T.);
#3273=ORIENTED_EDGE('',*,*,#5277,.T.);
#3274=ORIENTED_EDGE('',*,*,#5400,.F.);
#3275=ORIENTED_EDGE('',*,*,#5275,.T.);
#3276=ORIENTED_EDGE('',*,*,#5270,.T.);
#3277=ORIENTED_EDGE('',*,*,#5267,.T.);
#3278=ORIENTED_EDGE('',*,*,#5120,.T.);
#3279=ORIENTED_EDGE('',*,*,#5401,.T.);
#3280=ORIENTED_EDGE('',*,*,#5112,.T.);
#3281=ORIENTED_EDGE('',*,*,#5402,.T.);
#3282=ORIENTED_EDGE('',*,*,#5261,.T.);
#3283=ORIENTED_EDGE('',*,*,#5403,.T.);
#3284=ORIENTED_EDGE('',*,*,#5107,.T.);
#3285=ORIENTED_EDGE('',*,*,#5404,.T.);
#3286=ORIENTED_EDGE('',*,*,#5125,.T.);
#3287=ORIENTED_EDGE('',*,*,#5387,.T.);
#3288=ORIENTED_EDGE('',*,*,#5384,.T.);
#3289=ORIENTED_EDGE('',*,*,#5381,.T.);
#3290=ORIENTED_EDGE('',*,*,#5405,.F.);
#3291=ORIENTED_EDGE('',*,*,#5379,.T.);
#3292=ORIENTED_EDGE('',*,*,#5374,.T.);
#3293=ORIENTED_EDGE('',*,*,#4814,.T.);
#3294=ORIENTED_EDGE('',*,*,#5406,.T.);
#3295=ORIENTED_EDGE('',*,*,#5407,.F.);
#3296=ORIENTED_EDGE('',*,*,#5408,.F.);
#3297=ORIENTED_EDGE('',*,*,#5409,.F.);
#3298=ORIENTED_EDGE('',*,*,#5410,.T.);
#3299=ORIENTED_EDGE('',*,*,#4804,.T.);
#3300=ORIENTED_EDGE('',*,*,#5356,.T.);
#3301=ORIENTED_EDGE('',*,*,#5353,.T.);
#3302=ORIENTED_EDGE('',*,*,#5350,.T.);
#3303=ORIENTED_EDGE('',*,*,#5347,.T.);
#3304=ORIENTED_EDGE('',*,*,#5345,.T.);
#3305=ORIENTED_EDGE('',*,*,#5411,.T.);
#3306=ORIENTED_EDGE('',*,*,#5412,.T.);
#3307=ORIENTED_EDGE('',*,*,#5413,.T.);
#3308=ORIENTED_EDGE('',*,*,#5054,.F.);
#3309=ORIENTED_EDGE('',*,*,#5414,.F.);
#3310=ORIENTED_EDGE('',*,*,#5415,.F.);
#3311=ORIENTED_EDGE('',*,*,#5332,.F.);
#3312=ORIENTED_EDGE('',*,*,#5416,.F.);
#3313=ORIENTED_EDGE('',*,*,#5056,.F.);
#3314=ORIENTED_EDGE('',*,*,#5018,.T.);
#3315=ORIENTED_EDGE('',*,*,#5032,.F.);
#3316=ORIENTED_EDGE('',*,*,#5417,.F.);
#3317=ORIENTED_EDGE('',*,*,#5319,.F.);
#3318=ORIENTED_EDGE('',*,*,#5418,.F.);
#3319=ORIENTED_EDGE('',*,*,#5419,.T.);
#3320=ORIENTED_EDGE('',*,*,#4993,.F.);
#3321=ORIENTED_EDGE('',*,*,#5420,.T.);
#3322=ORIENTED_EDGE('',*,*,#5027,.F.);
#3323=ORIENTED_EDGE('',*,*,#5342,.T.);
#3324=ORIENTED_EDGE('',*,*,#5421,.T.);
#3325=ORIENTED_EDGE('',*,*,#5422,.T.);
#3326=ORIENTED_EDGE('',*,*,#5423,.T.);
#3327=ORIENTED_EDGE('',*,*,#5424,.F.);
#3328=ORIENTED_EDGE('',*,*,#5414,.T.);
#3329=ORIENTED_EDGE('',*,*,#5053,.F.);
#3330=ORIENTED_EDGE('',*,*,#5063,.T.);
#3331=ORIENTED_EDGE('',*,*,#5425,.T.);
#3332=ORIENTED_EDGE('',*,*,#5256,.F.);
#3333=ORIENTED_EDGE('',*,*,#5426,.T.);
#3334=ORIENTED_EDGE('',*,*,#5427,.F.);
#3335=ORIENTED_EDGE('',*,*,#5428,.T.);
#3336=ORIENTED_EDGE('',*,*,#5429,.T.);
#3337=ORIENTED_EDGE('',*,*,#5314,.F.);
#3338=ORIENTED_EDGE('',*,*,#5430,.T.);
#3339=ORIENTED_EDGE('',*,*,#5431,.F.);
#3340=ORIENTED_EDGE('',*,*,#5324,.T.);
#3341=ORIENTED_EDGE('',*,*,#5432,.F.);
#3342=ORIENTED_EDGE('',*,*,#4998,.F.);
#3343=ORIENTED_EDGE('',*,*,#5433,.F.);
#3344=ORIENTED_EDGE('',*,*,#5434,.F.);
#3345=ORIENTED_EDGE('',*,*,#5035,.F.);
#3346=ORIENTED_EDGE('',*,*,#5435,.F.);
#3347=ORIENTED_EDGE('',*,*,#5427,.T.);
#3348=ORIENTED_EDGE('',*,*,#5436,.T.);
#3349=ORIENTED_EDGE('',*,*,#5254,.T.);
#3350=ORIENTED_EDGE('',*,*,#5437,.T.);
#3351=ORIENTED_EDGE('',*,*,#5335,.T.);
#3352=ORIENTED_EDGE('',*,*,#5438,.F.);
#3353=ORIENTED_EDGE('',*,*,#5422,.F.);
#3354=ORIENTED_EDGE('',*,*,#5438,.T.);
#3355=ORIENTED_EDGE('',*,*,#5334,.T.);
#3356=ORIENTED_EDGE('',*,*,#5439,.F.);
#3357=ORIENTED_EDGE('',*,*,#5423,.F.);
#3358=ORIENTED_EDGE('',*,*,#5062,.T.);
#3359=ORIENTED_EDGE('',*,*,#5339,.T.);
#3360=ORIENTED_EDGE('',*,*,#5257,.T.);
#3361=ORIENTED_EDGE('',*,*,#5425,.F.);
#3362=ORIENTED_EDGE('',*,*,#5432,.T.);
#3363=ORIENTED_EDGE('',*,*,#5323,.T.);
#3364=ORIENTED_EDGE('',*,*,#5440,.F.);
#3365=ORIENTED_EDGE('',*,*,#4994,.F.);
#3366=ORIENTED_EDGE('',*,*,#5255,.T.);
#3367=ORIENTED_EDGE('',*,*,#5338,.T.);
#3368=ORIENTED_EDGE('',*,*,#5343,.F.);
#3369=ORIENTED_EDGE('',*,*,#5426,.F.);
#3370=ORIENTED_EDGE('',*,*,#5329,.F.);
#3371=ORIENTED_EDGE('',*,*,#5441,.F.);
#3372=ORIENTED_EDGE('',*,*,#5442,.T.);
#3373=ORIENTED_EDGE('',*,*,#5327,.T.);
#3374=ORIENTED_EDGE('',*,*,#5443,.T.);
#3375=ORIENTED_EDGE('',*,*,#5444,.F.);
#3376=ORIENTED_EDGE('',*,*,#5317,.T.);
#3377=ORIENTED_EDGE('',*,*,#5442,.F.);
#3378=ORIENTED_EDGE('',*,*,#5445,.F.);
#3379=ORIENTED_EDGE('',*,*,#5313,.T.);
#3380=ORIENTED_EDGE('',*,*,#5325,.T.);
#3381=ORIENTED_EDGE('',*,*,#5431,.T.);
#3382=ORIENTED_EDGE('',*,*,#5430,.F.);
#3383=ORIENTED_EDGE('',*,*,#5116,.F.);
#3384=ORIENTED_EDGE('',*,*,#5446,.T.);
#3385=ORIENTED_EDGE('',*,*,#5447,.F.);
#3386=ORIENTED_EDGE('',*,*,#5448,.T.);
#3387=ORIENTED_EDGE('',*,*,#5129,.T.);
#3388=ORIENTED_EDGE('',*,*,#5139,.T.);
#3389=ORIENTED_EDGE('',*,*,#5447,.T.);
#3390=ORIENTED_EDGE('',*,*,#5449,.T.);
#3391=ORIENTED_EDGE('',*,*,#5263,.T.);
#3392=ORIENTED_EDGE('',*,*,#5450,.T.);
#3393=ORIENTED_EDGE('',*,*,#5138,.F.);
#3394=ORIENTED_EDGE('',*,*,#5451,.T.);
#3395=ORIENTED_EDGE('',*,*,#5452,.F.);
#3396=ORIENTED_EDGE('',*,*,#5453,.T.);
#3397=ORIENTED_EDGE('',*,*,#5103,.T.);
#3398=ORIENTED_EDGE('',*,*,#5140,.T.);
#3399=ORIENTED_EDGE('',*,*,#5452,.T.);
#3400=ORIENTED_EDGE('',*,*,#5454,.T.);
#3401=ORIENTED_EDGE('',*,*,#5389,.T.);
#3402=ORIENTED_EDGE('',*,*,#5455,.T.);
#3403=ORIENTED_EDGE('',*,*,#5456,.F.);
#3404=ORIENTED_EDGE('',*,*,#4947,.T.);
#3405=ORIENTED_EDGE('',*,*,#4939,.T.);
#3406=ORIENTED_EDGE('',*,*,#5457,.T.);
#3407=ORIENTED_EDGE('',*,*,#5294,.F.);
#3408=ORIENTED_EDGE('',*,*,#5458,.F.);
#3409=ORIENTED_EDGE('',*,*,#4948,.T.);
#3410=ORIENTED_EDGE('',*,*,#5456,.T.);
#3411=ORIENTED_EDGE('',*,*,#5293,.F.);
#3412=ORIENTED_EDGE('',*,*,#5459,.F.);
#3413=ORIENTED_EDGE('',*,*,#4949,.T.);
#3414=ORIENTED_EDGE('',*,*,#5458,.T.);
#3415=ORIENTED_EDGE('',*,*,#5292,.F.);
#3416=ORIENTED_EDGE('',*,*,#5460,.F.);
#3417=ORIENTED_EDGE('',*,*,#5461,.F.);
#3418=ORIENTED_EDGE('',*,*,#5460,.T.);
#3419=ORIENTED_EDGE('',*,*,#5291,.F.);
#3420=ORIENTED_EDGE('',*,*,#5462,.T.);
#3421=ORIENTED_EDGE('',*,*,#5463,.F.);
#3422=ORIENTED_EDGE('',*,*,#5462,.F.);
#3423=ORIENTED_EDGE('',*,*,#5290,.T.);
#3424=ORIENTED_EDGE('',*,*,#4913,.F.);
#3425=ORIENTED_EDGE('',*,*,#5464,.F.);
#3426=ORIENTED_EDGE('',*,*,#4927,.T.);
#3427=ORIENTED_EDGE('',*,*,#5288,.T.);
#3428=ORIENTED_EDGE('',*,*,#5465,.F.);
#3429=ORIENTED_EDGE('',*,*,#5466,.F.);
#3430=ORIENTED_EDGE('',*,*,#5465,.T.);
#3431=ORIENTED_EDGE('',*,*,#5287,.F.);
#3432=ORIENTED_EDGE('',*,*,#5467,.F.);
#3433=ORIENTED_EDGE('',*,*,#5468,.F.);
#3434=ORIENTED_EDGE('',*,*,#5467,.T.);
#3435=ORIENTED_EDGE('',*,*,#5286,.F.);
#3436=ORIENTED_EDGE('',*,*,#5469,.F.);
#3437=ORIENTED_EDGE('',*,*,#4952,.T.);
#3438=ORIENTED_EDGE('',*,*,#5470,.F.);
#3439=ORIENTED_EDGE('',*,*,#4953,.T.);
#3440=ORIENTED_EDGE('',*,*,#5469,.T.);
#3441=ORIENTED_EDGE('',*,*,#5285,.F.);
#3442=ORIENTED_EDGE('',*,*,#4931,.T.);
#3443=ORIENTED_EDGE('',*,*,#4954,.T.);
#3444=ORIENTED_EDGE('',*,*,#5470,.T.);
#3445=ORIENTED_EDGE('',*,*,#5284,.F.);
#3446=ORIENTED_EDGE('',*,*,#5471,.F.);
#3447=ORIENTED_EDGE('',*,*,#5472,.F.);
#3448=ORIENTED_EDGE('',*,*,#4859,.T.);
#3449=ORIENTED_EDGE('',*,*,#4846,.F.);
#3450=ORIENTED_EDGE('',*,*,#5473,.T.);
#3451=ORIENTED_EDGE('',*,*,#5372,.T.);
#3452=ORIENTED_EDGE('',*,*,#5474,.F.);
#3453=ORIENTED_EDGE('',*,*,#4860,.T.);
#3454=ORIENTED_EDGE('',*,*,#5472,.T.);
#3455=ORIENTED_EDGE('',*,*,#5371,.T.);
#3456=ORIENTED_EDGE('',*,*,#5475,.F.);
#3457=ORIENTED_EDGE('',*,*,#5476,.T.);
#3458=ORIENTED_EDGE('',*,*,#4861,.T.);
#3459=ORIENTED_EDGE('',*,*,#5474,.T.);
#3460=ORIENTED_EDGE('',*,*,#5370,.T.);
#3461=ORIENTED_EDGE('',*,*,#5477,.T.);
#3462=ORIENTED_EDGE('',*,*,#5478,.T.);
#3463=ORIENTED_EDGE('',*,*,#5475,.T.);
#3464=ORIENTED_EDGE('',*,*,#5369,.T.);
#3465=ORIENTED_EDGE('',*,*,#4819,.T.);
#3466=ORIENTED_EDGE('',*,*,#5479,.F.);
#3467=ORIENTED_EDGE('',*,*,#5477,.F.);
#3468=ORIENTED_EDGE('',*,*,#5368,.T.);
#3469=ORIENTED_EDGE('',*,*,#5480,.F.);
#3470=ORIENTED_EDGE('',*,*,#5481,.F.);
#3471=ORIENTED_EDGE('',*,*,#4833,.F.);
#3472=ORIENTED_EDGE('',*,*,#5366,.T.);
#3473=ORIENTED_EDGE('',*,*,#5482,.F.);
#3474=ORIENTED_EDGE('',*,*,#5483,.T.);
#3475=ORIENTED_EDGE('',*,*,#5480,.T.);
#3476=ORIENTED_EDGE('',*,*,#5365,.T.);
#3477=ORIENTED_EDGE('',*,*,#4854,.T.);
#3478=ORIENTED_EDGE('',*,*,#5484,.T.);
#3479=ORIENTED_EDGE('',*,*,#5482,.T.);
#3480=ORIENTED_EDGE('',*,*,#5364,.T.);
#3481=ORIENTED_EDGE('',*,*,#5485,.F.);
#3482=ORIENTED_EDGE('',*,*,#5486,.F.);
#3483=ORIENTED_EDGE('',*,*,#4855,.T.);
#3484=ORIENTED_EDGE('',*,*,#5485,.T.);
#3485=ORIENTED_EDGE('',*,*,#5363,.T.);
#3486=ORIENTED_EDGE('',*,*,#4838,.F.);
#3487=ORIENTED_EDGE('',*,*,#4856,.T.);
#3488=ORIENTED_EDGE('',*,*,#5486,.T.);
#3489=ORIENTED_EDGE('',*,*,#5362,.T.);
#3490=ORIENTED_EDGE('',*,*,#5487,.F.);
#3491=ORIENTED_EDGE('',*,*,#5488,.F.);
#3492=ORIENTED_EDGE('',*,*,#5406,.F.);
#3493=ORIENTED_EDGE('',*,*,#4813,.F.);
#3494=ORIENTED_EDGE('',*,*,#5359,.F.);
#3495=ORIENTED_EDGE('',*,*,#4805,.F.);
#3496=ORIENTED_EDGE('',*,*,#5410,.F.);
#3497=ORIENTED_EDGE('',*,*,#5489,.F.);
#3498=ORIENTED_EDGE('',*,*,#5490,.T.);
#3499=ORIENTED_EDGE('',*,*,#5491,.F.);
#3500=ORIENTED_EDGE('',*,*,#5492,.T.);
#3501=ORIENTED_EDGE('',*,*,#5493,.F.);
#3502=ORIENTED_EDGE('',*,*,#5395,.F.);
#3503=ORIENTED_EDGE('',*,*,#4906,.F.);
#3504=ORIENTED_EDGE('',*,*,#5297,.F.);
#3505=ORIENTED_EDGE('',*,*,#4898,.F.);
#3506=ORIENTED_EDGE('',*,*,#5399,.F.);
#3507=ORIENTED_EDGE('',*,*,#5060,.F.);
#3508=ORIENTED_EDGE('',*,*,#5057,.F.);
#3509=ORIENTED_EDGE('',*,*,#5416,.T.);
#3510=ORIENTED_EDGE('',*,*,#5331,.F.);
#3511=ORIENTED_EDGE('',*,*,#5031,.F.);
#3512=ORIENTED_EDGE('',*,*,#5494,.F.);
#3513=ORIENTED_EDGE('',*,*,#5320,.F.);
#3514=ORIENTED_EDGE('',*,*,#5417,.T.);
#3515=ORIENTED_EDGE('',*,*,#5495,.F.);
#3516=ORIENTED_EDGE('',*,*,#5330,.F.);
#3517=ORIENTED_EDGE('',*,*,#5443,.F.);
#3518=ORIENTED_EDGE('',*,*,#5326,.F.);
#3519=ORIENTED_EDGE('',*,*,#5311,.F.);
#3520=ORIENTED_EDGE('',*,*,#5394,.F.);
#3521=ORIENTED_EDGE('',*,*,#5496,.F.);
#3522=ORIENTED_EDGE('',*,*,#5497,.F.);
#3523=ORIENTED_EDGE('',*,*,#5411,.F.);
#3524=ORIENTED_EDGE('',*,*,#5344,.F.);
#3525=ORIENTED_EDGE('',*,*,#5336,.F.);
#3526=ORIENTED_EDGE('',*,*,#5437,.F.);
#3527=ORIENTED_EDGE('',*,*,#5253,.F.);
#3528=ORIENTED_EDGE('',*,*,#5498,.F.);
#3529=ORIENTED_EDGE('',*,*,#5106,.F.);
#3530=ORIENTED_EDGE('',*,*,#5391,.F.);
#3531=ORIENTED_EDGE('',*,*,#5135,.F.);
#3532=ORIENTED_EDGE('',*,*,#5126,.F.);
#3533=ORIENTED_EDGE('',*,*,#5404,.F.);
#3534=ORIENTED_EDGE('',*,*,#5132,.F.);
#3535=ORIENTED_EDGE('',*,*,#5265,.F.);
#3536=ORIENTED_EDGE('',*,*,#5113,.F.);
#3537=ORIENTED_EDGE('',*,*,#5401,.F.);
#3538=ORIENTED_EDGE('',*,*,#5119,.F.);
#3539=ORIENTED_EDGE('',*,*,#5499,.F.);
#3540=ORIENTED_EDGE('',*,*,#5108,.F.);
#3541=ORIENTED_EDGE('',*,*,#5403,.F.);
#3542=ORIENTED_EDGE('',*,*,#5260,.F.);
#3543=ORIENTED_EDGE('',*,*,#5500,.F.);
#3544=ORIENTED_EDGE('',*,*,#5262,.F.);
#3545=ORIENTED_EDGE('',*,*,#5402,.F.);
#3546=ORIENTED_EDGE('',*,*,#5111,.F.);
#3547=ORIENTED_EDGE('',*,*,#5501,.T.);
#3548=ORIENTED_EDGE('',*,*,#5377,.T.);
#3549=ORIENTED_EDGE('',*,*,#5405,.T.);
#3550=ORIENTED_EDGE('',*,*,#5380,.F.);
#3551=ORIENTED_EDGE('',*,*,#5502,.T.);
#3552=ORIENTED_EDGE('',*,*,#5273,.T.);
#3553=ORIENTED_EDGE('',*,*,#5400,.T.);
#3554=ORIENTED_EDGE('',*,*,#5276,.F.);
#3555=ORIENTED_EDGE('',*,*,#4821,.F.);
#3556=ORIENTED_EDGE('',*,*,#5367,.T.);
#3557=ORIENTED_EDGE('',*,*,#4831,.F.);
#3558=ORIENTED_EDGE('',*,*,#5503,.F.);
#3559=ORIENTED_EDGE('',*,*,#5504,.F.);
#3560=ORIENTED_EDGE('',*,*,#5505,.T.);
#3561=ORIENTED_EDGE('',*,*,#4822,.F.);
#3562=ORIENTED_EDGE('',*,*,#5503,.T.);
#3563=ORIENTED_EDGE('',*,*,#4830,.F.);
#3564=ORIENTED_EDGE('',*,*,#5506,.T.);
#3565=ORIENTED_EDGE('',*,*,#5507,.F.);
#3566=ORIENTED_EDGE('',*,*,#5508,.T.);
#3567=ORIENTED_EDGE('',*,*,#5504,.T.);
#3568=ORIENTED_EDGE('',*,*,#5509,.T.);
#3569=ORIENTED_EDGE('',*,*,#4824,.F.);
#3570=ORIENTED_EDGE('',*,*,#5510,.T.);
#3571=ORIENTED_EDGE('',*,*,#5507,.T.);
#3572=ORIENTED_EDGE('',*,*,#5511,.T.);
#3573=ORIENTED_EDGE('',*,*,#4828,.F.);
#3574=ORIENTED_EDGE('',*,*,#4863,.F.);
#3575=ORIENTED_EDGE('',*,*,#4925,.F.);
#3576=ORIENTED_EDGE('',*,*,#5512,.T.);
#3577=ORIENTED_EDGE('',*,*,#4915,.F.);
#3578=ORIENTED_EDGE('',*,*,#5289,.F.);
#3579=ORIENTED_EDGE('',*,*,#4918,.F.);
#3580=ORIENTED_EDGE('',*,*,#5513,.T.);
#3581=ORIENTED_EDGE('',*,*,#5514,.F.);
#3582=ORIENTED_EDGE('',*,*,#5515,.T.);
#3583=ORIENTED_EDGE('',*,*,#4922,.F.);
#3584=ORIENTED_EDGE('',*,*,#4956,.T.);
#3585=ORIENTED_EDGE('',*,*,#5514,.T.);
#3586=ORIENTED_EDGE('',*,*,#5516,.T.);
#3587=ORIENTED_EDGE('',*,*,#5517,.F.);
#3588=ORIENTED_EDGE('',*,*,#5518,.T.);
#3589=ORIENTED_EDGE('',*,*,#5517,.T.);
#3590=ORIENTED_EDGE('',*,*,#5519,.T.);
#3591=ORIENTED_EDGE('',*,*,#4916,.F.);
#3592=ORIENTED_EDGE('',*,*,#5512,.F.);
#3593=ORIENTED_EDGE('',*,*,#4924,.F.);
#3594=ORIENTED_EDGE('',*,*,#5520,.T.);
#3595=ORIENTED_EDGE('',*,*,#5068,.T.);
#3596=ORIENTED_EDGE('',*,*,#5521,.T.);
#3597=ORIENTED_EDGE('',*,*,#5522,.T.);
#3598=ORIENTED_EDGE('',*,*,#5436,.F.);
#3599=ORIENTED_EDGE('',*,*,#5421,.F.);
#3600=ORIENTED_EDGE('',*,*,#5341,.F.);
#3601=ORIENTED_EDGE('',*,*,#5429,.F.);
#3602=ORIENTED_EDGE('',*,*,#5523,.T.);
#3603=ORIENTED_EDGE('',*,*,#5251,.F.);
#3604=ORIENTED_EDGE('',*,*,#5315,.F.);
#3605=ORIENTED_EDGE('',*,*,#5451,.F.);
#3606=ORIENTED_EDGE('',*,*,#5137,.F.);
#3607=ORIENTED_EDGE('',*,*,#5390,.F.);
#3608=ORIENTED_EDGE('',*,*,#5454,.F.);
#3609=ORIENTED_EDGE('',*,*,#5392,.F.);
#3610=ORIENTED_EDGE('',*,*,#5104,.F.);
#3611=ORIENTED_EDGE('',*,*,#5453,.F.);
#3612=ORIENTED_EDGE('',*,*,#5455,.F.);
#3613=ORIENTED_EDGE('',*,*,#5446,.F.);
#3614=ORIENTED_EDGE('',*,*,#5115,.F.);
#3615=ORIENTED_EDGE('',*,*,#5264,.F.);
#3616=ORIENTED_EDGE('',*,*,#5449,.F.);
#3617=ORIENTED_EDGE('',*,*,#5266,.F.);
#3618=ORIENTED_EDGE('',*,*,#5130,.F.);
#3619=ORIENTED_EDGE('',*,*,#5448,.F.);
#3620=ORIENTED_EDGE('',*,*,#5450,.F.);
#3621=ORIENTED_EDGE('',*,*,#5519,.F.);
#3622=ORIENTED_EDGE('',*,*,#5516,.F.);
#3623=ORIENTED_EDGE('',*,*,#5513,.F.);
#3624=ORIENTED_EDGE('',*,*,#4917,.F.);
#3625=ORIENTED_EDGE('',*,*,#5515,.F.);
#3626=ORIENTED_EDGE('',*,*,#5518,.F.);
#3627=ORIENTED_EDGE('',*,*,#5520,.F.);
#3628=ORIENTED_EDGE('',*,*,#4923,.F.);
#3629=ORIENTED_EDGE('',*,*,#5505,.F.);
#3630=ORIENTED_EDGE('',*,*,#5508,.F.);
#3631=ORIENTED_EDGE('',*,*,#5510,.F.);
#3632=ORIENTED_EDGE('',*,*,#4823,.F.);
#3633=ORIENTED_EDGE('',*,*,#5511,.F.);
#3634=ORIENTED_EDGE('',*,*,#5509,.F.);
#3635=ORIENTED_EDGE('',*,*,#5506,.F.);
#3636=ORIENTED_EDGE('',*,*,#4829,.F.);
#3637=ORIENTED_EDGE('',*,*,#5524,.T.);
#3638=ORIENTED_EDGE('',*,*,#4961,.T.);
#3639=ORIENTED_EDGE('',*,*,#5525,.T.);
#3640=ORIENTED_EDGE('',*,*,#5492,.F.);
#3641=ORIENTED_EDGE('',*,*,#5526,.T.);
#3642=ORIENTED_EDGE('',*,*,#5527,.T.);
#3643=ORIENTED_EDGE('',*,*,#5397,.T.);
#3644=ORIENTED_EDGE('',*,*,#5528,.F.);
#3645=ORIENTED_EDGE('',*,*,#5491,.T.);
#3646=ORIENTED_EDGE('',*,*,#5398,.T.);
#3647=ORIENTED_EDGE('',*,*,#5527,.F.);
#3648=ORIENTED_EDGE('',*,*,#5529,.T.);
#3649=ORIENTED_EDGE('',*,*,#4962,.F.);
#3650=ORIENTED_EDGE('',*,*,#5524,.F.);
#3651=ORIENTED_EDGE('',*,*,#5493,.T.);
#3652=ORIENTED_EDGE('',*,*,#5525,.F.);
#3653=ORIENTED_EDGE('',*,*,#4960,.F.);
#3654=ORIENTED_EDGE('',*,*,#5530,.T.);
#3655=ORIENTED_EDGE('',*,*,#5528,.T.);
#3656=ORIENTED_EDGE('',*,*,#5396,.T.);
#3657=ORIENTED_EDGE('',*,*,#5531,.T.);
#3658=ORIENTED_EDGE('',*,*,#4869,.T.);
#3659=ORIENTED_EDGE('',*,*,#5532,.T.);
#3660=ORIENTED_EDGE('',*,*,#5490,.F.);
#3661=ORIENTED_EDGE('',*,*,#5488,.T.);
#3662=ORIENTED_EDGE('',*,*,#5532,.F.);
#3663=ORIENTED_EDGE('',*,*,#4868,.F.);
#3664=ORIENTED_EDGE('',*,*,#5533,.T.);
#3665=ORIENTED_EDGE('',*,*,#5534,.T.);
#3666=ORIENTED_EDGE('',*,*,#5407,.T.);
#3667=ORIENTED_EDGE('',*,*,#5535,.T.);
#3668=ORIENTED_EDGE('',*,*,#5536,.T.);
#3669=ORIENTED_EDGE('',*,*,#5408,.T.);
#3670=ORIENTED_EDGE('',*,*,#5534,.F.);
#3671=ORIENTED_EDGE('',*,*,#5489,.T.);
#3672=ORIENTED_EDGE('',*,*,#5409,.T.);
#3673=ORIENTED_EDGE('',*,*,#5536,.F.);
#3674=ORIENTED_EDGE('',*,*,#5537,.T.);
#3675=ORIENTED_EDGE('',*,*,#4870,.F.);
#3676=ORIENTED_EDGE('',*,*,#5531,.F.);
#3677=ORIENTED_EDGE('',*,*,#5296,.T.);
#3678=ORIENTED_EDGE('',*,*,#5538,.F.);
#3679=ORIENTED_EDGE('',*,*,#4937,.T.);
#3680=ORIENTED_EDGE('',*,*,#4970,.F.);
#3681=ORIENTED_EDGE('',*,*,#5360,.T.);
#3682=ORIENTED_EDGE('',*,*,#4875,.F.);
#3683=ORIENTED_EDGE('',*,*,#4840,.T.);
#3684=ORIENTED_EDGE('',*,*,#5539,.T.);
#3685=ORIENTED_EDGE('',*,*,#4844,.T.);
#3686=ORIENTED_EDGE('',*,*,#4881,.T.);
#3687=ORIENTED_EDGE('',*,*,#5358,.T.);
#3688=ORIENTED_EDGE('',*,*,#5540,.F.);
#3689=ORIENTED_EDGE('',*,*,#5282,.T.);
#3690=ORIENTED_EDGE('',*,*,#4972,.T.);
#3691=ORIENTED_EDGE('',*,*,#4933,.T.);
#3692=ORIENTED_EDGE('',*,*,#5541,.T.);
#3693=ORIENTED_EDGE('',*,*,#5539,.F.);
#3694=ORIENTED_EDGE('',*,*,#4839,.T.);
#3695=ORIENTED_EDGE('',*,*,#5487,.T.);
#3696=ORIENTED_EDGE('',*,*,#5361,.F.);
#3697=ORIENTED_EDGE('',*,*,#5473,.F.);
#3698=ORIENTED_EDGE('',*,*,#4845,.T.);
#3699=ORIENTED_EDGE('',*,*,#5540,.T.);
#3700=ORIENTED_EDGE('',*,*,#5373,.F.);
#3701=ORIENTED_EDGE('',*,*,#5541,.F.);
#3702=ORIENTED_EDGE('',*,*,#4932,.T.);
#3703=ORIENTED_EDGE('',*,*,#5471,.T.);
#3704=ORIENTED_EDGE('',*,*,#5283,.F.);
#3705=ORIENTED_EDGE('',*,*,#5457,.F.);
#3706=ORIENTED_EDGE('',*,*,#4938,.T.);
#3707=ORIENTED_EDGE('',*,*,#5538,.T.);
#3708=ORIENTED_EDGE('',*,*,#5295,.F.);
#3709=ORIENTED_EDGE('',*,*,#5306,.F.);
#3710=ORIENTED_EDGE('',*,*,#5309,.F.);
#3711=ORIENTED_EDGE('',*,*,#5542,.T.);
#3712=ORIENTED_EDGE('',*,*,#4890,.T.);
#3713=ORIENTED_EDGE('',*,*,#5543,.F.);
#3714=ORIENTED_EDGE('',*,*,#4909,.F.);
#3715=ORIENTED_EDGE('',*,*,#5300,.F.);
#3716=ORIENTED_EDGE('',*,*,#5303,.F.);
#3717=ORIENTED_EDGE('',*,*,#5274,.F.);
#3718=ORIENTED_EDGE('',*,*,#5502,.F.);
#3719=ORIENTED_EDGE('',*,*,#5279,.F.);
#3720=ORIENTED_EDGE('',*,*,#5281,.F.);
#3721=ORIENTED_EDGE('',*,*,#4895,.F.);
#3722=ORIENTED_EDGE('',*,*,#5544,.F.);
#3723=ORIENTED_EDGE('',*,*,#4884,.T.);
#3724=ORIENTED_EDGE('',*,*,#5545,.T.);
#3725=ORIENTED_EDGE('',*,*,#5546,.F.);
#3726=ORIENTED_EDGE('',*,*,#5231,.T.);
#3727=ORIENTED_EDGE('',*,*,#5084,.F.);
#3728=ORIENTED_EDGE('',*,*,#5127,.F.);
#3729=ORIENTED_EDGE('',*,*,#5117,.F.);
#3730=ORIENTED_EDGE('',*,*,#5269,.F.);
#3731=ORIENTED_EDGE('',*,*,#5272,.F.);
#3732=ORIENTED_EDGE('',*,*,#4797,.T.);
#3733=ORIENTED_EDGE('',*,*,#5547,.F.);
#3734=ORIENTED_EDGE('',*,*,#4816,.F.);
#3735=ORIENTED_EDGE('',*,*,#5376,.F.);
#3736=ORIENTED_EDGE('',*,*,#5378,.F.);
#3737=ORIENTED_EDGE('',*,*,#5501,.F.);
#3738=ORIENTED_EDGE('',*,*,#5383,.F.);
#3739=ORIENTED_EDGE('',*,*,#5386,.F.);
#3740=ORIENTED_EDGE('',*,*,#5388,.F.);
#3741=ORIENTED_EDGE('',*,*,#5123,.F.);
#3742=ORIENTED_EDGE('',*,*,#5134,.F.);
#3743=ORIENTED_EDGE('',*,*,#5094,.F.);
#3744=ORIENTED_EDGE('',*,*,#5233,.T.);
#3745=ORIENTED_EDGE('',*,*,#5548,.F.);
#3746=ORIENTED_EDGE('',*,*,#5549,.T.);
#3747=ORIENTED_EDGE('',*,*,#5550,.F.);
#3748=ORIENTED_EDGE('',*,*,#4791,.T.);
#3749=ORIENTED_EDGE('',*,*,#5551,.T.);
#3750=ORIENTED_EDGE('',*,*,#5349,.F.);
#3751=ORIENTED_EDGE('',*,*,#5352,.F.);
#3752=ORIENTED_EDGE('',*,*,#5355,.F.);
#3753=ORIENTED_EDGE('',*,*,#5357,.F.);
#3754=ORIENTED_EDGE('',*,*,#4802,.F.);
#3755=ORIENTED_EDGE('',*,*,#5552,.F.);
#3756=ORIENTED_EDGE('',*,*,#5553,.F.);
#3757=ORIENTED_EDGE('',*,*,#5554,.F.);
#3758=ORIENTED_EDGE('',*,*,#5555,.F.);
#3759=ORIENTED_EDGE('',*,*,#5556,.F.);
#3760=ORIENTED_EDGE('',*,*,#5557,.F.);
#3761=ORIENTED_EDGE('',*,*,#5499,.T.);
#3762=ORIENTED_EDGE('',*,*,#5259,.F.);
#3763=ORIENTED_EDGE('',*,*,#5500,.T.);
#3764=ORIENTED_EDGE('',*,*,#5110,.F.);
#3765=ORIENTED_EDGE('',*,*,#5080,.F.);
#3766=ORIENTED_EDGE('',*,*,#5148,.T.);
#3767=ORIENTED_EDGE('',*,*,#5558,.T.);
#3768=ORIENTED_EDGE('',*,*,#5559,.T.);
#3769=ORIENTED_EDGE('',*,*,#5560,.T.);
#3770=ORIENTED_EDGE('',*,*,#5152,.T.);
#3771=ORIENTED_EDGE('',*,*,#5098,.F.);
#3772=ORIENTED_EDGE('',*,*,#5101,.F.);
#3773=ORIENTED_EDGE('',*,*,#5559,.F.);
#3774=ORIENTED_EDGE('',*,*,#5561,.T.);
#3775=ORIENTED_EDGE('',*,*,#5562,.F.);
#3776=ORIENTED_EDGE('',*,*,#5563,.T.);
#3777=ORIENTED_EDGE('',*,*,#4787,.F.);
#3778=ORIENTED_EDGE('',*,*,#5154,.T.);
#3779=ORIENTED_EDGE('',*,*,#5564,.T.);
#3780=ORIENTED_EDGE('',*,*,#5562,.T.);
#3781=ORIENTED_EDGE('',*,*,#5565,.T.);
#3782=ORIENTED_EDGE('',*,*,#5150,.T.);
#3783=ORIENTED_EDGE('',*,*,#5566,.T.);
#3784=ORIENTED_EDGE('',*,*,#5149,.F.);
#3785=ORIENTED_EDGE('',*,*,#5145,.T.);
#3786=ORIENTED_EDGE('',*,*,#5155,.F.);
#3787=ORIENTED_EDGE('',*,*,#5566,.F.);
#3788=ORIENTED_EDGE('',*,*,#5560,.F.);
#3789=ORIENTED_EDGE('',*,*,#5563,.F.);
#3790=ORIENTED_EDGE('',*,*,#5564,.F.);
#3791=ORIENTED_EDGE('',*,*,#5153,.F.);
#3792=ORIENTED_EDGE('',*,*,#5558,.F.);
#3793=ORIENTED_EDGE('',*,*,#5151,.F.);
#3794=ORIENTED_EDGE('',*,*,#5565,.F.);
#3795=ORIENTED_EDGE('',*,*,#5561,.F.);
#3796=ORIENTED_EDGE('',*,*,#5567,.T.);
#3797=ORIENTED_EDGE('',*,*,#5568,.T.);
#3798=ORIENTED_EDGE('',*,*,#5569,.T.);
#3799=ORIENTED_EDGE('',*,*,#5570,.T.);
#3800=ORIENTED_EDGE('',*,*,#5571,.T.);
#3801=ORIENTED_EDGE('',*,*,#5572,.T.);
#3802=ORIENTED_EDGE('',*,*,#5573,.F.);
#3803=ORIENTED_EDGE('',*,*,#5552,.T.);
#3804=ORIENTED_EDGE('',*,*,#5574,.F.);
#3805=ORIENTED_EDGE('',*,*,#5571,.F.);
#3806=ORIENTED_EDGE('',*,*,#5574,.T.);
#3807=ORIENTED_EDGE('',*,*,#5557,.T.);
#3808=ORIENTED_EDGE('',*,*,#5575,.F.);
#3809=ORIENTED_EDGE('',*,*,#5572,.F.);
#3810=ORIENTED_EDGE('',*,*,#5573,.T.);
#3811=ORIENTED_EDGE('',*,*,#5570,.F.);
#3812=ORIENTED_EDGE('',*,*,#5576,.F.);
#3813=ORIENTED_EDGE('',*,*,#5553,.T.);
#3814=ORIENTED_EDGE('',*,*,#5575,.T.);
#3815=ORIENTED_EDGE('',*,*,#5556,.T.);
#3816=ORIENTED_EDGE('',*,*,#5577,.F.);
#3817=ORIENTED_EDGE('',*,*,#5567,.F.);
#3818=ORIENTED_EDGE('',*,*,#5576,.T.);
#3819=ORIENTED_EDGE('',*,*,#5569,.F.);
#3820=ORIENTED_EDGE('',*,*,#5578,.F.);
#3821=ORIENTED_EDGE('',*,*,#5554,.T.);
#3822=ORIENTED_EDGE('',*,*,#5577,.T.);
#3823=ORIENTED_EDGE('',*,*,#5555,.T.);
#3824=ORIENTED_EDGE('',*,*,#5578,.T.);
#3825=ORIENTED_EDGE('',*,*,#5568,.F.);
#3826=ORIENTED_EDGE('',*,*,#4788,.T.);
#3827=ORIENTED_EDGE('',*,*,#5579,.F.);
#3828=ORIENTED_EDGE('',*,*,#5580,.T.);
#3829=ORIENTED_EDGE('',*,*,#5581,.T.);
#3830=ORIENTED_EDGE('',*,*,#5582,.T.);
#3831=ORIENTED_EDGE('',*,*,#5583,.F.);
#3832=ORIENTED_EDGE('',*,*,#5584,.T.);
#3833=ORIENTED_EDGE('',*,*,#5585,.T.);
#3834=ORIENTED_EDGE('',*,*,#5586,.T.);
#3835=ORIENTED_EDGE('',*,*,#5587,.F.);
#3836=ORIENTED_EDGE('',*,*,#5588,.T.);
#3837=ORIENTED_EDGE('',*,*,#5589,.T.);
#3838=ORIENTED_EDGE('',*,*,#5590,.T.);
#3839=ORIENTED_EDGE('',*,*,#5591,.F.);
#3840=ORIENTED_EDGE('',*,*,#5592,.T.);
#3841=ORIENTED_EDGE('',*,*,#5593,.T.);
#3842=ORIENTED_EDGE('',*,*,#5594,.T.);
#3843=ORIENTED_EDGE('',*,*,#5595,.T.);
#3844=ORIENTED_EDGE('',*,*,#5596,.T.);
#3845=ORIENTED_EDGE('',*,*,#5597,.T.);
#3846=ORIENTED_EDGE('',*,*,#5598,.T.);
#3847=ORIENTED_EDGE('',*,*,#5599,.T.);
#3848=ORIENTED_EDGE('',*,*,#5600,.T.);
#3849=ORIENTED_EDGE('',*,*,#5601,.F.);
#3850=ORIENTED_EDGE('',*,*,#5602,.T.);
#3851=ORIENTED_EDGE('',*,*,#5603,.T.);
#3852=ORIENTED_EDGE('',*,*,#5604,.T.);
#3853=ORIENTED_EDGE('',*,*,#5605,.T.);
#3854=ORIENTED_EDGE('',*,*,#5606,.T.);
#3855=ORIENTED_EDGE('',*,*,#5607,.F.);
#3856=ORIENTED_EDGE('',*,*,#5608,.T.);
#3857=ORIENTED_EDGE('',*,*,#5609,.T.);
#3858=ORIENTED_EDGE('',*,*,#5610,.T.);
#3859=ORIENTED_EDGE('',*,*,#5611,.T.);
#3860=ORIENTED_EDGE('',*,*,#5612,.T.);
#3861=ORIENTED_EDGE('',*,*,#5613,.T.);
#3862=ORIENTED_EDGE('',*,*,#5614,.T.);
#3863=ORIENTED_EDGE('',*,*,#5037,.T.);
#3864=ORIENTED_EDGE('',*,*,#5615,.T.);
#3865=ORIENTED_EDGE('',*,*,#4784,.F.);
#3866=ORIENTED_EDGE('',*,*,#4781,.F.);
#3867=ORIENTED_EDGE('',*,*,#4778,.F.);
#3868=ORIENTED_EDGE('',*,*,#4775,.F.);
#3869=ORIENTED_EDGE('',*,*,#4772,.F.);
#3870=ORIENTED_EDGE('',*,*,#5616,.F.);
#3871=ORIENTED_EDGE('',*,*,#5579,.T.);
#3872=ORIENTED_EDGE('',*,*,#5617,.T.);
#3873=ORIENTED_EDGE('',*,*,#4985,.F.);
#3874=ORIENTED_EDGE('',*,*,#5618,.F.);
#3875=ORIENTED_EDGE('',*,*,#5591,.T.);
#3876=ORIENTED_EDGE('',*,*,#5619,.F.);
#3877=ORIENTED_EDGE('',*,*,#5620,.T.);
#3878=ORIENTED_EDGE('',*,*,#5621,.F.);
#3879=ORIENTED_EDGE('',*,*,#5587,.T.);
#3880=ORIENTED_EDGE('',*,*,#5622,.F.);
#3881=ORIENTED_EDGE('',*,*,#5623,.T.);
#3882=ORIENTED_EDGE('',*,*,#5624,.F.);
#3883=ORIENTED_EDGE('',*,*,#5583,.T.);
#3884=ORIENTED_EDGE('',*,*,#5625,.F.);
#3885=ORIENTED_EDGE('',*,*,#5626,.T.);
#3886=ORIENTED_EDGE('',*,*,#5627,.F.);
#3887=ORIENTED_EDGE('',*,*,#5628,.T.);
#3888=ORIENTED_EDGE('',*,*,#5629,.T.);
#3889=ORIENTED_EDGE('',*,*,#5176,.T.);
#3890=ORIENTED_EDGE('',*,*,#5630,.T.);
#3891=ORIENTED_EDGE('',*,*,#5193,.F.);
#3892=ORIENTED_EDGE('',*,*,#5232,.T.);
#3893=ORIENTED_EDGE('',*,*,#5546,.T.);
#3894=ORIENTED_EDGE('',*,*,#5631,.T.);
#3895=ORIENTED_EDGE('',*,*,#5632,.F.);
#3896=ORIENTED_EDGE('',*,*,#5633,.T.);
#3897=ORIENTED_EDGE('',*,*,#5634,.F.);
#3898=ORIENTED_EDGE('',*,*,#5635,.T.);
#3899=ORIENTED_EDGE('',*,*,#5636,.F.);
#3900=ORIENTED_EDGE('',*,*,#5637,.T.);
#3901=ORIENTED_EDGE('',*,*,#5638,.T.);
#3902=ORIENTED_EDGE('',*,*,#5639,.F.);
#3903=ORIENTED_EDGE('',*,*,#5640,.F.);
#3904=ORIENTED_EDGE('',*,*,#5641,.F.);
#3905=ORIENTED_EDGE('',*,*,#5642,.F.);
#3906=ORIENTED_EDGE('',*,*,#5643,.F.);
#3907=ORIENTED_EDGE('',*,*,#5644,.T.);
#3908=ORIENTED_EDGE('',*,*,#5645,.T.);
#3909=ORIENTED_EDGE('',*,*,#5646,.T.);
#3910=ORIENTED_EDGE('',*,*,#5647,.T.);
#3911=ORIENTED_EDGE('',*,*,#5648,.F.);
#3912=ORIENTED_EDGE('',*,*,#5649,.T.);
#3913=ORIENTED_EDGE('',*,*,#5650,.F.);
#3914=ORIENTED_EDGE('',*,*,#5639,.T.);
#3915=ORIENTED_EDGE('',*,*,#5651,.T.);
#3916=ORIENTED_EDGE('',*,*,#5652,.T.);
#3917=ORIENTED_EDGE('',*,*,#5178,.T.);
#3918=ORIENTED_EDGE('',*,*,#5653,.T.);
#3919=ORIENTED_EDGE('',*,*,#5654,.F.);
#3920=ORIENTED_EDGE('',*,*,#5643,.T.);
#3921=ORIENTED_EDGE('',*,*,#5655,.T.);
#3922=ORIENTED_EDGE('',*,*,#5656,.T.);
#3923=ORIENTED_EDGE('',*,*,#5657,.F.);
#3924=ORIENTED_EDGE('',*,*,#5658,.F.);
#3925=ORIENTED_EDGE('',*,*,#5659,.F.);
#3926=ORIENTED_EDGE('',*,*,#5660,.F.);
#3927=ORIENTED_EDGE('',*,*,#5661,.F.);
#3928=ORIENTED_EDGE('',*,*,#5662,.T.);
#3929=ORIENTED_EDGE('',*,*,#5663,.T.);
#3930=ORIENTED_EDGE('',*,*,#5664,.F.);
#3931=ORIENTED_EDGE('',*,*,#5657,.T.);
#3932=ORIENTED_EDGE('',*,*,#5665,.F.);
#3933=ORIENTED_EDGE('',*,*,#5666,.F.);
#3934=ORIENTED_EDGE('',*,*,#5667,.T.);
#3935=ORIENTED_EDGE('',*,*,#5668,.T.);
#3936=ORIENTED_EDGE('',*,*,#5548,.T.);
#3937=ORIENTED_EDGE('',*,*,#5234,.T.);
#3938=ORIENTED_EDGE('',*,*,#5190,.F.);
#3939=ORIENTED_EDGE('',*,*,#5669,.T.);
#3940=ORIENTED_EDGE('',*,*,#5180,.T.);
#3941=ORIENTED_EDGE('',*,*,#5670,.F.);
#3942=ORIENTED_EDGE('',*,*,#5661,.T.);
#3943=ORIENTED_EDGE('',*,*,#5671,.F.);
#3944=ORIENTED_EDGE('',*,*,#5672,.T.);
#3945=ORIENTED_EDGE('',*,*,#5673,.F.);
#3946=ORIENTED_EDGE('',*,*,#5674,.T.);
#3947=ORIENTED_EDGE('',*,*,#5675,.T.);
#3948=ORIENTED_EDGE('',*,*,#5607,.T.);
#3949=ORIENTED_EDGE('',*,*,#5676,.F.);
#3950=ORIENTED_EDGE('',*,*,#5677,.T.);
#3951=ORIENTED_EDGE('',*,*,#5678,.T.);
#3952=ORIENTED_EDGE('',*,*,#5601,.T.);
#3953=ORIENTED_EDGE('',*,*,#5679,.F.);
#3954=ORIENTED_EDGE('',*,*,#5665,.T.);
#3955=ORIENTED_EDGE('',*,*,#5656,.F.);
#3956=ORIENTED_EDGE('',*,*,#5680,.F.);
#3957=ORIENTED_EDGE('',*,*,#5681,.T.);
#3958=ORIENTED_EDGE('',*,*,#5682,.T.);
#3959=ORIENTED_EDGE('',*,*,#5681,.F.);
#3960=ORIENTED_EDGE('',*,*,#5683,.T.);
#3961=ORIENTED_EDGE('',*,*,#5597,.F.);
#3962=ORIENTED_EDGE('',*,*,#5684,.T.);
#3963=ORIENTED_EDGE('',*,*,#5685,.F.);
#3964=ORIENTED_EDGE('',*,*,#5634,.T.);
#3965=ORIENTED_EDGE('',*,*,#5686,.F.);
#3966=ORIENTED_EDGE('',*,*,#5687,.F.);
#3967=ORIENTED_EDGE('',*,*,#5688,.T.);
#3968=ORIENTED_EDGE('',*,*,#5689,.F.);
#3969=ORIENTED_EDGE('',*,*,#5611,.F.);
#3970=ORIENTED_EDGE('',*,*,#5690,.T.);
#3971=ORIENTED_EDGE('',*,*,#5688,.F.);
#3972=ORIENTED_EDGE('',*,*,#5691,.T.);
#3973=ORIENTED_EDGE('',*,*,#5692,.F.);
#3974=ORIENTED_EDGE('',*,*,#5632,.T.);
#3975=ORIENTED_EDGE('',*,*,#5693,.T.);
#3976=ORIENTED_EDGE('',*,*,#5159,.F.);
#3977=ORIENTED_EDGE('',*,*,#5694,.T.);
#3978=ORIENTED_EDGE('',*,*,#5041,.F.);
#3979=ORIENTED_EDGE('',*,*,#5695,.F.);
#3980=ORIENTED_EDGE('',*,*,#5163,.T.);
#3981=ORIENTED_EDGE('',*,*,#5696,.T.);
#3982=ORIENTED_EDGE('',*,*,#5697,.T.);
#3983=ORIENTED_EDGE('',*,*,#5167,.F.);
#3984=ORIENTED_EDGE('',*,*,#5698,.F.);
#3985=ORIENTED_EDGE('',*,*,#5699,.T.);
#3986=ORIENTED_EDGE('',*,*,#5667,.F.);
#3987=ORIENTED_EDGE('',*,*,#5700,.F.);
#3988=ORIENTED_EDGE('',*,*,#5186,.T.);
#3989=ORIENTED_EDGE('',*,*,#5701,.T.);
#3990=ORIENTED_EDGE('',*,*,#5702,.T.);
#3991=ORIENTED_EDGE('',*,*,#5703,.T.);
#3992=ORIENTED_EDGE('',*,*,#5070,.T.);
#3993=ORIENTED_EDGE('',*,*,#5704,.T.);
#3994=ORIENTED_EDGE('',*,*,#5696,.F.);
#3995=ORIENTED_EDGE('',*,*,#5705,.F.);
#3996=ORIENTED_EDGE('',*,*,#5706,.T.);
#3997=ORIENTED_EDGE('',*,*,#5707,.T.);
#3998=ORIENTED_EDGE('',*,*,#5593,.F.);
#3999=ORIENTED_EDGE('',*,*,#5708,.T.);
#4000=ORIENTED_EDGE('',*,*,#5709,.T.);
#4001=ORIENTED_EDGE('',*,*,#5701,.F.);
#4002=ORIENTED_EDGE('',*,*,#5592,.F.);
#4003=ORIENTED_EDGE('',*,*,#5618,.T.);
#4004=ORIENTED_EDGE('',*,*,#4984,.F.);
#4005=ORIENTED_EDGE('',*,*,#5706,.F.);
#4006=ORIENTED_EDGE('',*,*,#5710,.F.);
#4007=ORIENTED_EDGE('',*,*,#5711,.T.);
#4008=ORIENTED_EDGE('',*,*,#5712,.T.);
#4009=ORIENTED_EDGE('',*,*,#5713,.F.);
#4010=ORIENTED_EDGE('',*,*,#5714,.T.);
#4011=ORIENTED_EDGE('',*,*,#5711,.F.);
#4012=ORIENTED_EDGE('',*,*,#5715,.F.);
#4013=ORIENTED_EDGE('',*,*,#5166,.T.);
#4014=ORIENTED_EDGE('',*,*,#5716,.T.);
#4015=ORIENTED_EDGE('',*,*,#5715,.T.);
#4016=ORIENTED_EDGE('',*,*,#5710,.T.);
#4017=ORIENTED_EDGE('',*,*,#5705,.T.);
#4018=ORIENTED_EDGE('',*,*,#5698,.T.);
#4019=ORIENTED_EDGE('',*,*,#5717,.T.);
#4020=ORIENTED_EDGE('',*,*,#5718,.T.);
#4021=ORIENTED_EDGE('',*,*,#5719,.T.);
#4022=ORIENTED_EDGE('',*,*,#5720,.F.);
#4023=ORIENTED_EDGE('',*,*,#5717,.F.);
#4024=ORIENTED_EDGE('',*,*,#5721,.F.);
#4025=ORIENTED_EDGE('',*,*,#5039,.T.);
#4026=ORIENTED_EDGE('',*,*,#5722,.T.);
#4027=ORIENTED_EDGE('',*,*,#5040,.F.);
#4028=ORIENTED_EDGE('',*,*,#5721,.T.);
#4029=ORIENTED_EDGE('',*,*,#5720,.T.);
#4030=ORIENTED_EDGE('',*,*,#5723,.T.);
#4031=ORIENTED_EDGE('',*,*,#5160,.T.);
#4032=ORIENTED_EDGE('',*,*,#5695,.T.);
#4033=ORIENTED_EDGE('',*,*,#5700,.T.);
#4034=ORIENTED_EDGE('',*,*,#5666,.T.);
#4035=ORIENTED_EDGE('',*,*,#5679,.T.);
#4036=ORIENTED_EDGE('',*,*,#5724,.T.);
#4037=ORIENTED_EDGE('',*,*,#5183,.T.);
#4038=ORIENTED_EDGE('',*,*,#5633,.F.);
#4039=ORIENTED_EDGE('',*,*,#5692,.T.);
#4040=ORIENTED_EDGE('',*,*,#5158,.T.);
#4041=ORIENTED_EDGE('',*,*,#5725,.T.);
#4042=ORIENTED_EDGE('',*,*,#5686,.T.);
#4043=ORIENTED_EDGE('',*,*,#5182,.T.);
#4044=ORIENTED_EDGE('',*,*,#5726,.T.);
#4045=ORIENTED_EDGE('',*,*,#5188,.T.);
#4046=ORIENTED_EDGE('',*,*,#5246,.T.);
#4047=ORIENTED_EDGE('',*,*,#5169,.F.);
#4048=ORIENTED_EDGE('',*,*,#5195,.F.);
#4049=ORIENTED_EDGE('',*,*,#5727,.T.);
#4050=ORIENTED_EDGE('',*,*,#5174,.T.);
#4051=ORIENTED_EDGE('',*,*,#5172,.T.);
#4052=ORIENTED_EDGE('',*,*,#5245,.T.);
#4053=ORIENTED_EDGE('',*,*,#5668,.F.);
#4054=ORIENTED_EDGE('',*,*,#5699,.F.);
#4055=ORIENTED_EDGE('',*,*,#5185,.F.);
#4056=ORIENTED_EDGE('',*,*,#5728,.F.);
#4057=ORIENTED_EDGE('',*,*,#4798,.F.);
#4058=ORIENTED_EDGE('',*,*,#5549,.F.);
#4059=ORIENTED_EDGE('',*,*,#5704,.F.);
#4060=ORIENTED_EDGE('',*,*,#5069,.T.);
#4061=ORIENTED_EDGE('',*,*,#5340,.F.);
#4062=ORIENTED_EDGE('',*,*,#5551,.F.);
#4063=ORIENTED_EDGE('',*,*,#4790,.F.);
#4064=ORIENTED_EDGE('',*,*,#5729,.F.);
#4065=ORIENTED_EDGE('',*,*,#5164,.F.);
#4066=ORIENTED_EDGE('',*,*,#5697,.F.);
#4067=ORIENTED_EDGE('',*,*,#5316,.F.);
#4068=ORIENTED_EDGE('',*,*,#5049,.T.);
#4069=ORIENTED_EDGE('',*,*,#5042,.F.);
#4070=ORIENTED_EDGE('',*,*,#5694,.F.);
#4071=ORIENTED_EDGE('',*,*,#5162,.F.);
#4072=ORIENTED_EDGE('',*,*,#5730,.F.);
#4073=ORIENTED_EDGE('',*,*,#4891,.F.);
#4074=ORIENTED_EDGE('',*,*,#5542,.F.);
#4075=ORIENTED_EDGE('',*,*,#5631,.F.);
#4076=ORIENTED_EDGE('',*,*,#5545,.F.);
#4077=ORIENTED_EDGE('',*,*,#4883,.F.);
#4078=ORIENTED_EDGE('',*,*,#5731,.F.);
#4079=ORIENTED_EDGE('',*,*,#5156,.F.);
#4080=ORIENTED_EDGE('',*,*,#5693,.F.);
#4081=ORIENTED_EDGE('',*,*,#5036,.T.);
#4082=ORIENTED_EDGE('',*,*,#5434,.T.);
#4083=ORIENTED_EDGE('',*,*,#5732,.T.);
#4084=ORIENTED_EDGE('',*,*,#5733,.F.);
#4085=ORIENTED_EDGE('',*,*,#4986,.F.);
#4086=ORIENTED_EDGE('',*,*,#5617,.F.);
#4087=ORIENTED_EDGE('',*,*,#5615,.F.);
#4088=ORIENTED_EDGE('',*,*,#5038,.F.);
#4089=ORIENTED_EDGE('',*,*,#5614,.F.);
#4090=ORIENTED_EDGE('',*,*,#5734,.F.);
#4091=ORIENTED_EDGE('',*,*,#5722,.F.);
#4092=ORIENTED_EDGE('',*,*,#5734,.T.);
#4093=ORIENTED_EDGE('',*,*,#5613,.F.);
#4094=ORIENTED_EDGE('',*,*,#5735,.F.);
#4095=ORIENTED_EDGE('',*,*,#5718,.F.);
#4096=ORIENTED_EDGE('',*,*,#5735,.T.);
#4097=ORIENTED_EDGE('',*,*,#5612,.F.);
#4098=ORIENTED_EDGE('',*,*,#5691,.F.);
#4099=ORIENTED_EDGE('',*,*,#5736,.F.);
#4100=ORIENTED_EDGE('',*,*,#5707,.F.);
#4101=ORIENTED_EDGE('',*,*,#5712,.F.);
#4102=ORIENTED_EDGE('',*,*,#5737,.F.);
#4103=ORIENTED_EDGE('',*,*,#5594,.F.);
#4104=ORIENTED_EDGE('',*,*,#5737,.T.);
#4105=ORIENTED_EDGE('',*,*,#5714,.F.);
#4106=ORIENTED_EDGE('',*,*,#5738,.F.);
#4107=ORIENTED_EDGE('',*,*,#5595,.F.);
#4108=ORIENTED_EDGE('',*,*,#5738,.T.);
#4109=ORIENTED_EDGE('',*,*,#5739,.F.);
#4110=ORIENTED_EDGE('',*,*,#5684,.F.);
#4111=ORIENTED_EDGE('',*,*,#5596,.F.);
#4112=ORIENTED_EDGE('',*,*,#5740,.T.);
#4113=ORIENTED_EDGE('',*,*,#5741,.T.);
#4114=ORIENTED_EDGE('',*,*,#5742,.T.);
#4115=ORIENTED_EDGE('',*,*,#5628,.F.);
#4116=ORIENTED_EDGE('',*,*,#5743,.F.);
#4117=ORIENTED_EDGE('',*,*,#5744,.F.);
#4118=ORIENTED_EDGE('',*,*,#5745,.F.);
#4119=ORIENTED_EDGE('',*,*,#5635,.F.);
#4120=ORIENTED_EDGE('',*,*,#5685,.T.);
#4121=ORIENTED_EDGE('',*,*,#5610,.F.);
#4122=ORIENTED_EDGE('',*,*,#5746,.T.);
#4123=ORIENTED_EDGE('',*,*,#5740,.F.);
#4124=ORIENTED_EDGE('',*,*,#5689,.T.);
#4125=ORIENTED_EDGE('',*,*,#5690,.F.);
#4126=ORIENTED_EDGE('',*,*,#5675,.F.);
#4127=ORIENTED_EDGE('',*,*,#5747,.T.);
#4128=ORIENTED_EDGE('',*,*,#5629,.F.);
#4129=ORIENTED_EDGE('',*,*,#5742,.F.);
#4130=ORIENTED_EDGE('',*,*,#5748,.T.);
#4131=ORIENTED_EDGE('',*,*,#5608,.F.);
#4132=ORIENTED_EDGE('',*,*,#5606,.F.);
#4133=ORIENTED_EDGE('',*,*,#5749,.T.);
#4134=ORIENTED_EDGE('',*,*,#5644,.F.);
#4135=ORIENTED_EDGE('',*,*,#5654,.T.);
#4136=ORIENTED_EDGE('',*,*,#5750,.T.);
#4137=ORIENTED_EDGE('',*,*,#5673,.T.);
#4138=ORIENTED_EDGE('',*,*,#5604,.F.);
#4139=ORIENTED_EDGE('',*,*,#5751,.T.);
#4140=ORIENTED_EDGE('',*,*,#5646,.F.);
#4141=ORIENTED_EDGE('',*,*,#5752,.T.);
#4142=ORIENTED_EDGE('',*,*,#5638,.F.);
#4143=ORIENTED_EDGE('',*,*,#5753,.T.);
#4144=ORIENTED_EDGE('',*,*,#5602,.F.);
#4145=ORIENTED_EDGE('',*,*,#5678,.F.);
#4146=ORIENTED_EDGE('',*,*,#5754,.T.);
#4147=ORIENTED_EDGE('',*,*,#5651,.F.);
#4148=ORIENTED_EDGE('',*,*,#5655,.F.);
#4149=ORIENTED_EDGE('',*,*,#5755,.T.);
#4150=ORIENTED_EDGE('',*,*,#5598,.F.);
#4151=ORIENTED_EDGE('',*,*,#5683,.F.);
#4152=ORIENTED_EDGE('',*,*,#5680,.T.);
#4153=ORIENTED_EDGE('',*,*,#5670,.T.);
#4154=ORIENTED_EDGE('',*,*,#5756,.T.);
#4155=ORIENTED_EDGE('',*,*,#5676,.T.);
#4156=ORIENTED_EDGE('',*,*,#5600,.F.);
#4157=ORIENTED_EDGE('',*,*,#5757,.T.);
#4158=ORIENTED_EDGE('',*,*,#5662,.F.);
#4159=ORIENTED_EDGE('',*,*,#5653,.F.);
#4160=ORIENTED_EDGE('',*,*,#5758,.T.);
#4161=ORIENTED_EDGE('',*,*,#5750,.F.);
#4162=ORIENTED_EDGE('',*,*,#5754,.F.);
#4163=ORIENTED_EDGE('',*,*,#5759,.T.);
#4164=ORIENTED_EDGE('',*,*,#5652,.F.);
#4165=ORIENTED_EDGE('',*,*,#5663,.F.);
#4166=ORIENTED_EDGE('',*,*,#5757,.F.);
#4167=ORIENTED_EDGE('',*,*,#5599,.F.);
#4168=ORIENTED_EDGE('',*,*,#5755,.F.);
#4169=ORIENTED_EDGE('',*,*,#5647,.F.);
#4170=ORIENTED_EDGE('',*,*,#5751,.F.);
#4171=ORIENTED_EDGE('',*,*,#5603,.F.);
#4172=ORIENTED_EDGE('',*,*,#5753,.F.);
#4173=ORIENTED_EDGE('',*,*,#5645,.F.);
#4174=ORIENTED_EDGE('',*,*,#5749,.F.);
#4175=ORIENTED_EDGE('',*,*,#5605,.F.);
#4176=ORIENTED_EDGE('',*,*,#5752,.F.);
#4177=ORIENTED_EDGE('',*,*,#5741,.F.);
#4178=ORIENTED_EDGE('',*,*,#5746,.F.);
#4179=ORIENTED_EDGE('',*,*,#5609,.F.);
#4180=ORIENTED_EDGE('',*,*,#5748,.F.);
#4181=ORIENTED_EDGE('',*,*,#5747,.F.);
#4182=ORIENTED_EDGE('',*,*,#5674,.F.);
#4183=ORIENTED_EDGE('',*,*,#5758,.F.);
#4184=ORIENTED_EDGE('',*,*,#5177,.F.);
#4185=ORIENTED_EDGE('',*,*,#5759,.F.);
#4186=ORIENTED_EDGE('',*,*,#5677,.F.);
#4187=ORIENTED_EDGE('',*,*,#5756,.F.);
#4188=ORIENTED_EDGE('',*,*,#5179,.F.);
#4189=ORIENTED_EDGE('',*,*,#5726,.F.);
#4190=ORIENTED_EDGE('',*,*,#5181,.F.);
#4191=ORIENTED_EDGE('',*,*,#5669,.F.);
#4192=ORIENTED_EDGE('',*,*,#5189,.F.);
#4193=ORIENTED_EDGE('',*,*,#5630,.F.);
#4194=ORIENTED_EDGE('',*,*,#5175,.F.);
#4195=ORIENTED_EDGE('',*,*,#5727,.F.);
#4196=ORIENTED_EDGE('',*,*,#5194,.F.);
#4197=ORIENTED_EDGE('',*,*,#4773,.T.);
#4198=ORIENTED_EDGE('',*,*,#4774,.T.);
#4199=ORIENTED_EDGE('',*,*,#5047,.T.);
#4200=ORIENTED_EDGE('',*,*,#5760,.T.);
#4201=ORIENTED_EDGE('',*,*,#5761,.F.);
#4202=ORIENTED_EDGE('',*,*,#5762,.T.);
#4203=ORIENTED_EDGE('',*,*,#5048,.T.);
#4204=ORIENTED_EDGE('',*,*,#5762,.F.);
#4205=ORIENTED_EDGE('',*,*,#5763,.F.);
#4206=ORIENTED_EDGE('',*,*,#5044,.T.);
#4207=ORIENTED_EDGE('',*,*,#5761,.T.);
#4208=ORIENTED_EDGE('',*,*,#5764,.T.);
#4209=ORIENTED_EDGE('',*,*,#5045,.T.);
#4210=ORIENTED_EDGE('',*,*,#5763,.T.);
#4211=ORIENTED_EDGE('',*,*,#5765,.T.);
#4212=ORIENTED_EDGE('',*,*,#5766,.F.);
#4213=ORIENTED_EDGE('',*,*,#5659,.T.);
#4214=ORIENTED_EDGE('',*,*,#5767,.F.);
#4215=ORIENTED_EDGE('',*,*,#5768,.T.);
#4216=ORIENTED_EDGE('',*,*,#5671,.T.);
#4217=ORIENTED_EDGE('',*,*,#5660,.T.);
#4218=ORIENTED_EDGE('',*,*,#5766,.T.);
#4219=ORIENTED_EDGE('',*,*,#5658,.T.);
#4220=ORIENTED_EDGE('',*,*,#5664,.T.);
#4221=ORIENTED_EDGE('',*,*,#5769,.T.);
#4222=ORIENTED_EDGE('',*,*,#5767,.T.);
#4223=ORIENTED_EDGE('',*,*,#5672,.F.);
#4224=ORIENTED_EDGE('',*,*,#5768,.F.);
#4225=ORIENTED_EDGE('',*,*,#5765,.F.);
#4226=ORIENTED_EDGE('',*,*,#5769,.F.);
#4227=ORIENTED_EDGE('',*,*,#5770,.T.);
#4228=ORIENTED_EDGE('',*,*,#5771,.T.);
#4229=ORIENTED_EDGE('',*,*,#5772,.T.);
#4230=ORIENTED_EDGE('',*,*,#5773,.T.);
#4231=ORIENTED_EDGE('',*,*,#5774,.F.);
#4232=ORIENTED_EDGE('',*,*,#5770,.F.);
#4233=ORIENTED_EDGE('',*,*,#5775,.F.);
#4234=ORIENTED_EDGE('',*,*,#5589,.F.);
#4235=ORIENTED_EDGE('',*,*,#5776,.F.);
#4236=ORIENTED_EDGE('',*,*,#5772,.F.);
#4237=ORIENTED_EDGE('',*,*,#5777,.F.);
#4238=ORIENTED_EDGE('',*,*,#5778,.T.);
#4239=ORIENTED_EDGE('',*,*,#5588,.F.);
#4240=ORIENTED_EDGE('',*,*,#5621,.T.);
#4241=ORIENTED_EDGE('',*,*,#5779,.T.);
#4242=ORIENTED_EDGE('',*,*,#5777,.T.);
#4243=ORIENTED_EDGE('',*,*,#5771,.F.);
#4244=ORIENTED_EDGE('',*,*,#5774,.T.);
#4245=ORIENTED_EDGE('',*,*,#5780,.T.);
#4246=ORIENTED_EDGE('',*,*,#5619,.T.);
#4247=ORIENTED_EDGE('',*,*,#5590,.F.);
#4248=ORIENTED_EDGE('',*,*,#5775,.T.);
#4249=ORIENTED_EDGE('',*,*,#5773,.F.);
#4250=ORIENTED_EDGE('',*,*,#5776,.T.);
#4251=ORIENTED_EDGE('',*,*,#5620,.F.);
#4252=ORIENTED_EDGE('',*,*,#5780,.F.);
#4253=ORIENTED_EDGE('',*,*,#5778,.F.);
#4254=ORIENTED_EDGE('',*,*,#5779,.F.);
#4255=ORIENTED_EDGE('',*,*,#5641,.T.);
#4256=ORIENTED_EDGE('',*,*,#5781,.F.);
#4257=ORIENTED_EDGE('',*,*,#5782,.T.);
#4258=ORIENTED_EDGE('',*,*,#5783,.F.);
#4259=ORIENTED_EDGE('',*,*,#5640,.T.);
#4260=ORIENTED_EDGE('',*,*,#5650,.T.);
#4261=ORIENTED_EDGE('',*,*,#5784,.T.);
#4262=ORIENTED_EDGE('',*,*,#5781,.T.);
#4263=ORIENTED_EDGE('',*,*,#5785,.T.);
#4264=ORIENTED_EDGE('',*,*,#5648,.T.);
#4265=ORIENTED_EDGE('',*,*,#5642,.T.);
#4266=ORIENTED_EDGE('',*,*,#5783,.T.);
#4267=ORIENTED_EDGE('',*,*,#5649,.F.);
#4268=ORIENTED_EDGE('',*,*,#5785,.F.);
#4269=ORIENTED_EDGE('',*,*,#5782,.F.);
#4270=ORIENTED_EDGE('',*,*,#5784,.F.);
#4271=ORIENTED_EDGE('',*,*,#5786,.T.);
#4272=ORIENTED_EDGE('',*,*,#5787,.T.);
#4273=ORIENTED_EDGE('',*,*,#5788,.T.);
#4274=ORIENTED_EDGE('',*,*,#5789,.T.);
#4275=ORIENTED_EDGE('',*,*,#5790,.F.);
#4276=ORIENTED_EDGE('',*,*,#5788,.F.);
#4277=ORIENTED_EDGE('',*,*,#5791,.F.);
#4278=ORIENTED_EDGE('',*,*,#5585,.F.);
#4279=ORIENTED_EDGE('',*,*,#5792,.F.);
#4280=ORIENTED_EDGE('',*,*,#5786,.F.);
#4281=ORIENTED_EDGE('',*,*,#5793,.F.);
#4282=ORIENTED_EDGE('',*,*,#5794,.T.);
#4283=ORIENTED_EDGE('',*,*,#5795,.T.);
#4284=ORIENTED_EDGE('',*,*,#5622,.T.);
#4285=ORIENTED_EDGE('',*,*,#5586,.F.);
#4286=ORIENTED_EDGE('',*,*,#5791,.T.);
#4287=ORIENTED_EDGE('',*,*,#5787,.F.);
#4288=ORIENTED_EDGE('',*,*,#5792,.T.);
#4289=ORIENTED_EDGE('',*,*,#5584,.F.);
#4290=ORIENTED_EDGE('',*,*,#5624,.T.);
#4291=ORIENTED_EDGE('',*,*,#5796,.T.);
#4292=ORIENTED_EDGE('',*,*,#5793,.T.);
#4293=ORIENTED_EDGE('',*,*,#5789,.F.);
#4294=ORIENTED_EDGE('',*,*,#5790,.T.);
#4295=ORIENTED_EDGE('',*,*,#5623,.F.);
#4296=ORIENTED_EDGE('',*,*,#5795,.F.);
#4297=ORIENTED_EDGE('',*,*,#5794,.F.);
#4298=ORIENTED_EDGE('',*,*,#5796,.F.);
#4299=ORIENTED_EDGE('',*,*,#5744,.T.);
#4300=ORIENTED_EDGE('',*,*,#5797,.F.);
#4301=ORIENTED_EDGE('',*,*,#5798,.T.);
#4302=ORIENTED_EDGE('',*,*,#5799,.F.);
#4303=ORIENTED_EDGE('',*,*,#5800,.T.);
#4304=ORIENTED_EDGE('',*,*,#5636,.T.);
#4305=ORIENTED_EDGE('',*,*,#5745,.T.);
#4306=ORIENTED_EDGE('',*,*,#5799,.T.);
#4307=ORIENTED_EDGE('',*,*,#5743,.T.);
#4308=ORIENTED_EDGE('',*,*,#5627,.T.);
#4309=ORIENTED_EDGE('',*,*,#5801,.T.);
#4310=ORIENTED_EDGE('',*,*,#5797,.T.);
#4311=ORIENTED_EDGE('',*,*,#5637,.F.);
#4312=ORIENTED_EDGE('',*,*,#5800,.F.);
#4313=ORIENTED_EDGE('',*,*,#5798,.F.);
#4314=ORIENTED_EDGE('',*,*,#5801,.F.);
#4315=ORIENTED_EDGE('',*,*,#5802,.T.);
#4316=ORIENTED_EDGE('',*,*,#5803,.T.);
#4317=ORIENTED_EDGE('',*,*,#5804,.T.);
#4318=ORIENTED_EDGE('',*,*,#5805,.T.);
#4319=ORIENTED_EDGE('',*,*,#5806,.F.);
#4320=ORIENTED_EDGE('',*,*,#5802,.F.);
#4321=ORIENTED_EDGE('',*,*,#5807,.F.);
#4322=ORIENTED_EDGE('',*,*,#5581,.F.);
#4323=ORIENTED_EDGE('',*,*,#5808,.F.);
#4324=ORIENTED_EDGE('',*,*,#5804,.F.);
#4325=ORIENTED_EDGE('',*,*,#5809,.F.);
#4326=ORIENTED_EDGE('',*,*,#5810,.T.);
#4327=ORIENTED_EDGE('',*,*,#5811,.T.);
#4328=ORIENTED_EDGE('',*,*,#5625,.T.);
#4329=ORIENTED_EDGE('',*,*,#5582,.F.);
#4330=ORIENTED_EDGE('',*,*,#5807,.T.);
#4331=ORIENTED_EDGE('',*,*,#5805,.F.);
#4332=ORIENTED_EDGE('',*,*,#5808,.T.);
#4333=ORIENTED_EDGE('',*,*,#5580,.F.);
#4334=ORIENTED_EDGE('',*,*,#5616,.T.);
#4335=ORIENTED_EDGE('',*,*,#5812,.T.);
#4336=ORIENTED_EDGE('',*,*,#5809,.T.);
#4337=ORIENTED_EDGE('',*,*,#5803,.F.);
#4338=ORIENTED_EDGE('',*,*,#5806,.T.);
#4339=ORIENTED_EDGE('',*,*,#5626,.F.);
#4340=ORIENTED_EDGE('',*,*,#5811,.F.);
#4341=ORIENTED_EDGE('',*,*,#5810,.F.);
#4342=ORIENTED_EDGE('',*,*,#5812,.F.);
#4343=ORIENTED_EDGE('',*,*,#5543,.T.);
#4344=ORIENTED_EDGE('',*,*,#4889,.T.);
#4345=ORIENTED_EDGE('',*,*,#5243,.F.);
#4346=ORIENTED_EDGE('',*,*,#5225,.F.);
#4347=ORIENTED_EDGE('',*,*,#5207,.T.);
#4348=ORIENTED_EDGE('',*,*,#5223,.T.);
#4349=ORIENTED_EDGE('',*,*,#5221,.F.);
#4350=ORIENTED_EDGE('',*,*,#5248,.F.);
#4351=ORIENTED_EDGE('',*,*,#5212,.T.);
#4352=ORIENTED_EDGE('',*,*,#5230,.F.);
#4353=ORIENTED_EDGE('',*,*,#5241,.F.);
#4354=ORIENTED_EDGE('',*,*,#4885,.T.);
#4355=ORIENTED_EDGE('',*,*,#5544,.T.);
#4356=ORIENTED_EDGE('',*,*,#4963,.T.);
#4357=ORIENTED_EDGE('',*,*,#5813,.T.);
#4358=ORIENTED_EDGE('',*,*,#4959,.T.);
#4359=ORIENTED_EDGE('',*,*,#5813,.F.);
#4360=ORIENTED_EDGE('',*,*,#5529,.F.);
#4361=ORIENTED_EDGE('',*,*,#5526,.F.);
#4362=ORIENTED_EDGE('',*,*,#5530,.F.);
#4363=ORIENTED_EDGE('',*,*,#5239,.F.);
#4364=ORIENTED_EDGE('',*,*,#4792,.T.);
#4365=ORIENTED_EDGE('',*,*,#5550,.T.);
#4366=ORIENTED_EDGE('',*,*,#4871,.T.);
#4367=ORIENTED_EDGE('',*,*,#5814,.T.);
#4368=ORIENTED_EDGE('',*,*,#4867,.T.);
#4369=ORIENTED_EDGE('',*,*,#5547,.T.);
#4370=ORIENTED_EDGE('',*,*,#4796,.T.);
#4371=ORIENTED_EDGE('',*,*,#5237,.F.);
#4372=ORIENTED_EDGE('',*,*,#5235,.F.);
#4373=ORIENTED_EDGE('',*,*,#5202,.T.);
#4374=ORIENTED_EDGE('',*,*,#5247,.F.);
#4375=ORIENTED_EDGE('',*,*,#5219,.F.);
#4376=ORIENTED_EDGE('',*,*,#5224,.T.);
#4377=ORIENTED_EDGE('',*,*,#5197,.T.);
#4378=ORIENTED_EDGE('',*,*,#5228,.F.);
#4379=ORIENTED_EDGE('',*,*,#5535,.F.);
#4380=ORIENTED_EDGE('',*,*,#5533,.F.);
#4381=ORIENTED_EDGE('',*,*,#5814,.F.);
#4382=ORIENTED_EDGE('',*,*,#5537,.F.);
#4383=ORIENTED_EDGE('',*,*,#5141,.F.);
#4384=ORIENTED_EDGE('',*,*,#5073,.T.);
#4385=ORIENTED_EDGE('',*,*,#5147,.T.);
#4386=ORIENTED_EDGE('',*,*,#5077,.T.);
#4387=ORIENTED_EDGE('',*,*,#5143,.T.);
#4388=ORIENTED_EDGE('',*,*,#5071,.T.);
#4389=ORIENTED_EDGE('',*,*,#5142,.F.);
#4390=ORIENTED_EDGE('',*,*,#5075,.F.);
#4391=ORIENTED_EDGE('',*,*,#5815,.F.);
#4392=ORIENTED_EDGE('',*,*,#5009,.F.);
#4393=ORIENTED_EDGE('',*,*,#5055,.T.);
#4394=ORIENTED_EDGE('',*,*,#5059,.T.);
#4395=ORIENTED_EDGE('',*,*,#5816,.T.);
#4396=ORIENTED_EDGE('',*,*,#4980,.T.);
#4397=ORIENTED_EDGE('',*,*,#5816,.F.);
#4398=ORIENTED_EDGE('',*,*,#5065,.T.);
#4399=ORIENTED_EDGE('',*,*,#5817,.T.);
#4400=ORIENTED_EDGE('',*,*,#4981,.T.);
#4401=ORIENTED_EDGE('',*,*,#5064,.T.);
#4402=ORIENTED_EDGE('',*,*,#5818,.T.);
#4403=ORIENTED_EDGE('',*,*,#4982,.T.);
#4404=ORIENTED_EDGE('',*,*,#5817,.F.);
#4405=ORIENTED_EDGE('',*,*,#5024,.T.);
#4406=ORIENTED_EDGE('',*,*,#5021,.T.);
#4407=ORIENTED_EDGE('',*,*,#5010,.F.);
#4408=ORIENTED_EDGE('',*,*,#5815,.T.);
#4409=ORIENTED_EDGE('',*,*,#4979,.T.);
#4410=ORIENTED_EDGE('',*,*,#5000,.T.);
#4411=ORIENTED_EDGE('',*,*,#5014,.F.);
#4412=ORIENTED_EDGE('',*,*,#5066,.F.);
#4413=ORIENTED_EDGE('',*,*,#5033,.F.);
#4414=ORIENTED_EDGE('',*,*,#5015,.F.);
#4415=ORIENTED_EDGE('',*,*,#5001,.T.);
#4416=ORIENTED_EDGE('',*,*,#4977,.T.);
#4417=ORIENTED_EDGE('',*,*,#4989,.F.);
#4418=ORIENTED_EDGE('',*,*,#5012,.F.);
#4419=ORIENTED_EDGE('',*,*,#5020,.T.);
#4420=ORIENTED_EDGE('',*,*,#5023,.T.);
#4421=ORIENTED_EDGE('',*,*,#5733,.T.);
#4422=ORIENTED_EDGE('',*,*,#5819,.T.);
#4423=ORIENTED_EDGE('',*,*,#4991,.F.);
#4424=ORIENTED_EDGE('',*,*,#5029,.T.);
#4425=ORIENTED_EDGE('',*,*,#4996,.T.);
#4426=ORIENTED_EDGE('',*,*,#5820,.T.);
#4427=ORIENTED_EDGE('',*,*,#5321,.T.);
#4428=ORIENTED_EDGE('',*,*,#5494,.T.);
#4429=ORIENTED_EDGE('',*,*,#5030,.T.);
#4430=ORIENTED_EDGE('',*,*,#5333,.F.);
#4431=ORIENTED_EDGE('',*,*,#5415,.T.);
#4432=ORIENTED_EDGE('',*,*,#5424,.T.);
#4433=ORIENTED_EDGE('',*,*,#5439,.T.);
#4434=ORIENTED_EDGE('',*,*,#5821,.F.);
#4435=ORIENTED_EDGE('',*,*,#5418,.T.);
#4436=ORIENTED_EDGE('',*,*,#5318,.T.);
#4437=ORIENTED_EDGE('',*,*,#5444,.T.);
#4438=ORIENTED_EDGE('',*,*,#5522,.F.);
#4439=ORIENTED_EDGE('',*,*,#5822,.F.);
#4440=ORIENTED_EDGE('',*,*,#5823,.T.);
#4441=ORIENTED_EDGE('',*,*,#5708,.F.);
#4442=ORIENTED_EDGE('',*,*,#4983,.F.);
#4443=ORIENTED_EDGE('',*,*,#5818,.F.);
#4444=ORIENTED_EDGE('',*,*,#5051,.T.);
#4445=ORIENTED_EDGE('',*,*,#5413,.F.);
#4446=ORIENTED_EDGE('',*,*,#5824,.F.);
#4447=ORIENTED_EDGE('',*,*,#5498,.T.);
#4448=ORIENTED_EDGE('',*,*,#5252,.T.);
#4449=ORIENTED_EDGE('',*,*,#5702,.F.);
#4450=ORIENTED_EDGE('',*,*,#5709,.F.);
#4451=ORIENTED_EDGE('',*,*,#5823,.F.);
#4452=ORIENTED_EDGE('',*,*,#5825,.F.);
#4453=ORIENTED_EDGE('',*,*,#5521,.F.);
#4454=ORIENTED_EDGE('',*,*,#5067,.T.);
#4455=ORIENTED_EDGE('',*,*,#5703,.F.);
#4456=ORIENTED_EDGE('',*,*,#5825,.T.);
#4457=ORIENTED_EDGE('',*,*,#5822,.T.);
#4458=ORIENTED_EDGE('',*,*,#5412,.F.);
#4459=ORIENTED_EDGE('',*,*,#5497,.T.);
#4460=ORIENTED_EDGE('',*,*,#5824,.T.);
#4461=ORIENTED_EDGE('',*,*,#5328,.T.);
#4462=ORIENTED_EDGE('',*,*,#5495,.T.);
#4463=ORIENTED_EDGE('',*,*,#5826,.T.);
#4464=ORIENTED_EDGE('',*,*,#5419,.F.);
#4465=ORIENTED_EDGE('',*,*,#5821,.T.);
#4466=ORIENTED_EDGE('',*,*,#5445,.T.);
#4467=ORIENTED_EDGE('',*,*,#5441,.T.);
#4468=ORIENTED_EDGE('',*,*,#5732,.F.);
#4469=ORIENTED_EDGE('',*,*,#5433,.T.);
#4470=ORIENTED_EDGE('',*,*,#4997,.T.);
#4471=ORIENTED_EDGE('',*,*,#5028,.T.);
#4472=ORIENTED_EDGE('',*,*,#5420,.F.);
#4473=ORIENTED_EDGE('',*,*,#4992,.F.);
#4474=ORIENTED_EDGE('',*,*,#5819,.F.);
#4475=ORIENTED_EDGE('',*,*,#5523,.F.);
#4476=ORIENTED_EDGE('',*,*,#5428,.F.);
#4477=ORIENTED_EDGE('',*,*,#5435,.T.);
#4478=ORIENTED_EDGE('',*,*,#5034,.F.);
#4479=ORIENTED_EDGE('',*,*,#5764,.F.);
#4480=ORIENTED_EDGE('',*,*,#5760,.F.);
#4481=ORIENTED_EDGE('',*,*,#5046,.T.);
#4482=ORIENTED_EDGE('',*,*,#5249,.T.);
#4483=ORIENTED_EDGE('',*,*,#5826,.F.);
#4484=ORIENTED_EDGE('',*,*,#5496,.T.);
#4485=ORIENTED_EDGE('',*,*,#5393,.F.);
#4486=ORIENTED_EDGE('',*,*,#5820,.F.);
#4487=ORIENTED_EDGE('',*,*,#4995,.T.);
#4488=ORIENTED_EDGE('',*,*,#5440,.T.);
#4489=ORIENTED_EDGE('',*,*,#5322,.F.);
#4490=ORIENTED_EDGE('',*,*,#4786,.F.);
#4491=ORIENTED_EDGE('',*,*,#4785,.F.);
#4492=ORIENTED_EDGE('',*,*,#4783,.F.);
#4493=ORIENTED_EDGE('',*,*,#4782,.F.);
#4494=ORIENTED_EDGE('',*,*,#4777,.F.);
#4495=ORIENTED_EDGE('',*,*,#4776,.F.);
#4496=ORIENTED_EDGE('',*,*,#4780,.F.);
#4497=ORIENTED_EDGE('',*,*,#4779,.F.);
#4498=ORIENTED_EDGE('',*,*,#5463,.T.);
#4499=ORIENTED_EDGE('',*,*,#4912,.T.);
#4500=ORIENTED_EDGE('',*,*,#5827,.T.);
#4501=ORIENTED_EDGE('',*,*,#5828,.T.);
#4502=ORIENTED_EDGE('',*,*,#4945,.T.);
#4503=ORIENTED_EDGE('',*,*,#5459,.T.);
#4504=ORIENTED_EDGE('',*,*,#5461,.T.);
#4505=ORIENTED_EDGE('',*,*,#5829,.T.);
#4506=ORIENTED_EDGE('',*,*,#4919,.T.);
#4507=ORIENTED_EDGE('',*,*,#5464,.T.);
#4508=ORIENTED_EDGE('',*,*,#5466,.T.);
#4509=ORIENTED_EDGE('',*,*,#5468,.T.);
#4510=ORIENTED_EDGE('',*,*,#4951,.T.);
#4511=ORIENTED_EDGE('',*,*,#5830,.T.);
#4512=ORIENTED_EDGE('',*,*,#5831,.T.);
#4513=ORIENTED_EDGE('',*,*,#4892,.T.);
#4514=ORIENTED_EDGE('',*,*,#4968,.F.);
#4515=ORIENTED_EDGE('',*,*,#5832,.T.);
#4516=ORIENTED_EDGE('',*,*,#5157,.T.);
#4517=ORIENTED_EDGE('',*,*,#5833,.T.);
#4518=ORIENTED_EDGE('',*,*,#4950,.F.);
#4519=ORIENTED_EDGE('',*,*,#4929,.F.);
#4520=ORIENTED_EDGE('',*,*,#4971,.T.);
#4521=ORIENTED_EDGE('',*,*,#5834,.F.);
#4522=ORIENTED_EDGE('',*,*,#5723,.F.);
#4523=ORIENTED_EDGE('',*,*,#5719,.F.);
#4524=ORIENTED_EDGE('',*,*,#5835,.F.);
#4525=ORIENTED_EDGE('',*,*,#5830,.F.);
#4526=ORIENTED_EDGE('',*,*,#4946,.F.);
#4527=ORIENTED_EDGE('',*,*,#5828,.F.);
#4528=ORIENTED_EDGE('',*,*,#5836,.T.);
#4529=ORIENTED_EDGE('',*,*,#5687,.T.);
#4530=ORIENTED_EDGE('',*,*,#5725,.F.);
#4531=ORIENTED_EDGE('',*,*,#5832,.F.);
#4532=ORIENTED_EDGE('',*,*,#4967,.T.);
#4533=ORIENTED_EDGE('',*,*,#4935,.F.);
#4534=ORIENTED_EDGE('',*,*,#4902,.F.);
#4535=ORIENTED_EDGE('',*,*,#4958,.T.);
#4536=ORIENTED_EDGE('',*,*,#5210,.T.);
#4537=ORIENTED_EDGE('',*,*,#5244,.T.);
#4538=ORIENTED_EDGE('',*,*,#4887,.F.);
#4539=ORIENTED_EDGE('',*,*,#5837,.F.);
#4540=ORIENTED_EDGE('',*,*,#5838,.F.);
#4541=ORIENTED_EDGE('',*,*,#5730,.T.);
#4542=ORIENTED_EDGE('',*,*,#5839,.F.);
#4543=ORIENTED_EDGE('',*,*,#5837,.T.);
#4544=ORIENTED_EDGE('',*,*,#4911,.F.);
#4545=ORIENTED_EDGE('',*,*,#4955,.F.);
#4546=ORIENTED_EDGE('',*,*,#4920,.F.);
#4547=ORIENTED_EDGE('',*,*,#5829,.F.);
#4548=ORIENTED_EDGE('',*,*,#5835,.T.);
#4549=ORIENTED_EDGE('',*,*,#5736,.T.);
#4550=ORIENTED_EDGE('',*,*,#5836,.F.);
#4551=ORIENTED_EDGE('',*,*,#5827,.F.);
#4552=ORIENTED_EDGE('',*,*,#5731,.T.);
#4553=ORIENTED_EDGE('',*,*,#5840,.F.);
#4554=ORIENTED_EDGE('',*,*,#5833,.F.);
#4555=ORIENTED_EDGE('',*,*,#4893,.F.);
#4556=ORIENTED_EDGE('',*,*,#5831,.F.);
#4557=ORIENTED_EDGE('',*,*,#5840,.T.);
#4558=ORIENTED_EDGE('',*,*,#4882,.T.);
#4559=ORIENTED_EDGE('',*,*,#5242,.T.);
#4560=ORIENTED_EDGE('',*,*,#5214,.F.);
#4561=ORIENTED_EDGE('',*,*,#4964,.T.);
#4562=ORIENTED_EDGE('',*,*,#4974,.F.);
#4563=ORIENTED_EDGE('',*,*,#4903,.T.);
#4564=ORIENTED_EDGE('',*,*,#5838,.T.);
#4565=ORIENTED_EDGE('',*,*,#5839,.T.);
#4566=ORIENTED_EDGE('',*,*,#5161,.T.);
#4567=ORIENTED_EDGE('',*,*,#5834,.T.);
#4568=ORIENTED_EDGE('',*,*,#4834,.F.);
#4569=ORIENTED_EDGE('',*,*,#5481,.T.);
#4570=ORIENTED_EDGE('',*,*,#5483,.F.);
#4571=ORIENTED_EDGE('',*,*,#5484,.F.);
#4572=ORIENTED_EDGE('',*,*,#4853,.T.);
#4573=ORIENTED_EDGE('',*,*,#5841,.T.);
#4574=ORIENTED_EDGE('',*,*,#5842,.T.);
#4575=ORIENTED_EDGE('',*,*,#4818,.F.);
#4576=ORIENTED_EDGE('',*,*,#5843,.T.);
#4577=ORIENTED_EDGE('',*,*,#5844,.T.);
#4578=ORIENTED_EDGE('',*,*,#4857,.T.);
#4579=ORIENTED_EDGE('',*,*,#5476,.F.);
#4580=ORIENTED_EDGE('',*,*,#5478,.F.);
#4581=ORIENTED_EDGE('',*,*,#5479,.T.);
#4582=ORIENTED_EDGE('',*,*,#4877,.F.);
#4583=ORIENTED_EDGE('',*,*,#4810,.T.);
#4584=ORIENTED_EDGE('',*,*,#5845,.T.);
#4585=ORIENTED_EDGE('',*,*,#5846,.T.);
#4586=ORIENTED_EDGE('',*,*,#5184,.T.);
#4587=ORIENTED_EDGE('',*,*,#5847,.T.);
#4588=ORIENTED_EDGE('',*,*,#4852,.F.);
#4589=ORIENTED_EDGE('',*,*,#4836,.F.);
#4590=ORIENTED_EDGE('',*,*,#4874,.T.);
#4591=ORIENTED_EDGE('',*,*,#5847,.F.);
#4592=ORIENTED_EDGE('',*,*,#5724,.F.);
#4593=ORIENTED_EDGE('',*,*,#5682,.F.);
#4594=ORIENTED_EDGE('',*,*,#5848,.F.);
#4595=ORIENTED_EDGE('',*,*,#5841,.F.);
#4596=ORIENTED_EDGE('',*,*,#4858,.F.);
#4597=ORIENTED_EDGE('',*,*,#5844,.F.);
#4598=ORIENTED_EDGE('',*,*,#5849,.T.);
#4599=ORIENTED_EDGE('',*,*,#5713,.T.);
#4600=ORIENTED_EDGE('',*,*,#5716,.F.);
#4601=ORIENTED_EDGE('',*,*,#5850,.F.);
#4602=ORIENTED_EDGE('',*,*,#4878,.T.);
#4603=ORIENTED_EDGE('',*,*,#4842,.F.);
#4604=ORIENTED_EDGE('',*,*,#5739,.T.);
#4605=ORIENTED_EDGE('',*,*,#5849,.F.);
#4606=ORIENTED_EDGE('',*,*,#5843,.F.);
#4607=ORIENTED_EDGE('',*,*,#4817,.T.);
#4608=ORIENTED_EDGE('',*,*,#4862,.F.);
#4609=ORIENTED_EDGE('',*,*,#4826,.T.);
#4610=ORIENTED_EDGE('',*,*,#5842,.F.);
#4611=ORIENTED_EDGE('',*,*,#5848,.T.);
#4612=ORIENTED_EDGE('',*,*,#4809,.F.);
#4613=ORIENTED_EDGE('',*,*,#4866,.T.);
#4614=ORIENTED_EDGE('',*,*,#5205,.T.);
#4615=ORIENTED_EDGE('',*,*,#5238,.T.);
#4616=ORIENTED_EDGE('',*,*,#4794,.F.);
#4617=ORIENTED_EDGE('',*,*,#5851,.F.);
#4618=ORIENTED_EDGE('',*,*,#5845,.F.);
#4619=ORIENTED_EDGE('',*,*,#5728,.T.);
#4620=ORIENTED_EDGE('',*,*,#5846,.F.);
#4621=ORIENTED_EDGE('',*,*,#5851,.T.);
#4622=ORIENTED_EDGE('',*,*,#5729,.T.);
#4623=ORIENTED_EDGE('',*,*,#5852,.F.);
#4624=ORIENTED_EDGE('',*,*,#5853,.F.);
#4625=ORIENTED_EDGE('',*,*,#4800,.F.);
#4626=ORIENTED_EDGE('',*,*,#5854,.F.);
#4627=ORIENTED_EDGE('',*,*,#5852,.T.);
#4628=ORIENTED_EDGE('',*,*,#4789,.T.);
#4629=ORIENTED_EDGE('',*,*,#5240,.T.);
#4630=ORIENTED_EDGE('',*,*,#5199,.F.);
#4631=ORIENTED_EDGE('',*,*,#4872,.T.);
#4632=ORIENTED_EDGE('',*,*,#5854,.T.);
#4633=ORIENTED_EDGE('',*,*,#4799,.T.);
#4634=ORIENTED_EDGE('',*,*,#4879,.F.);
#4635=ORIENTED_EDGE('',*,*,#5850,.T.);
#4636=ORIENTED_EDGE('',*,*,#5165,.T.);
#4637=ORIENTED_EDGE('',*,*,#5853,.T.);
#4638=ORIENTED_EDGE('',*,*,#5855,.F.);
#4639=ORIENTED_EDGE('',*,*,#5856,.T.);
#4640=ORIENTED_EDGE('',*,*,#5857,.T.);
#4641=ORIENTED_EDGE('',*,*,#5858,.F.);
#4642=ORIENTED_EDGE('',*,*,#5859,.F.);
#4643=ORIENTED_EDGE('',*,*,#5860,.T.);
#4644=ORIENTED_EDGE('',*,*,#5861,.F.);
#4645=ORIENTED_EDGE('',*,*,#5856,.F.);
#4646=ORIENTED_EDGE('',*,*,#5862,.T.);
#4647=ORIENTED_EDGE('',*,*,#5863,.T.);
#4648=ORIENTED_EDGE('',*,*,#5858,.T.);
#4649=ORIENTED_EDGE('',*,*,#5864,.F.);
#4650=ORIENTED_EDGE('',*,*,#5860,.F.);
#4651=ORIENTED_EDGE('',*,*,#5865,.T.);
#4652=ORIENTED_EDGE('',*,*,#5863,.F.);
#4653=ORIENTED_EDGE('',*,*,#5866,.T.);
#4654=ORIENTED_EDGE('',*,*,#5859,.T.);
#4655=ORIENTED_EDGE('',*,*,#5865,.F.);
#4656=ORIENTED_EDGE('',*,*,#5866,.F.);
#4657=ORIENTED_EDGE('',*,*,#5862,.F.);
#4658=ORIENTED_EDGE('',*,*,#5855,.T.);
#4659=ORIENTED_EDGE('',*,*,#5864,.T.);
#4660=ORIENTED_EDGE('',*,*,#5857,.F.);
#4661=ORIENTED_EDGE('',*,*,#5861,.T.);
#4662=ORIENTED_EDGE('',*,*,#5867,.F.);
#4663=ORIENTED_EDGE('',*,*,#5868,.F.);
#4664=ORIENTED_EDGE('',*,*,#5869,.T.);
#4665=ORIENTED_EDGE('',*,*,#5870,.T.);
#4666=ORIENTED_EDGE('',*,*,#5871,.F.);
#4667=ORIENTED_EDGE('',*,*,#5870,.F.);
#4668=ORIENTED_EDGE('',*,*,#5872,.F.);
#4669=ORIENTED_EDGE('',*,*,#5873,.T.);
#4670=ORIENTED_EDGE('',*,*,#5874,.T.);
#4671=ORIENTED_EDGE('',*,*,#5875,.T.);
#4672=ORIENTED_EDGE('',*,*,#5873,.F.);
#4673=ORIENTED_EDGE('',*,*,#5876,.F.);
#4674=ORIENTED_EDGE('',*,*,#5868,.T.);
#4675=ORIENTED_EDGE('',*,*,#5877,.T.);
#4676=ORIENTED_EDGE('',*,*,#5874,.F.);
#4677=ORIENTED_EDGE('',*,*,#5877,.F.);
#4678=ORIENTED_EDGE('',*,*,#5867,.T.);
#4679=ORIENTED_EDGE('',*,*,#5878,.T.);
#4680=ORIENTED_EDGE('',*,*,#5875,.F.);
#4681=ORIENTED_EDGE('',*,*,#5878,.F.);
#4682=ORIENTED_EDGE('',*,*,#5871,.T.);
#4683=ORIENTED_EDGE('',*,*,#5872,.T.);
#4684=ORIENTED_EDGE('',*,*,#5869,.F.);
#4685=ORIENTED_EDGE('',*,*,#5876,.T.);
#4686=ORIENTED_EDGE('',*,*,#5879,.F.);
#4687=ORIENTED_EDGE('',*,*,#5880,.F.);
#4688=ORIENTED_EDGE('',*,*,#5881,.T.);
#4689=ORIENTED_EDGE('',*,*,#5882,.T.);
#4690=ORIENTED_EDGE('',*,*,#5883,.T.);
#4691=ORIENTED_EDGE('',*,*,#5884,.T.);
#4692=ORIENTED_EDGE('',*,*,#5885,.F.);
#4693=ORIENTED_EDGE('',*,*,#5886,.T.);
#4694=ORIENTED_EDGE('',*,*,#5887,.T.);
#4695=ORIENTED_EDGE('',*,*,#5879,.T.);
#4696=ORIENTED_EDGE('',*,*,#5888,.T.);
#4697=ORIENTED_EDGE('',*,*,#5889,.T.);
#4698=ORIENTED_EDGE('',*,*,#5890,.F.);
#4699=ORIENTED_EDGE('',*,*,#5886,.F.);
#4700=ORIENTED_EDGE('',*,*,#5891,.F.);
#4701=ORIENTED_EDGE('',*,*,#5892,.F.);
#4702=ORIENTED_EDGE('',*,*,#5893,.F.);
#4703=ORIENTED_EDGE('',*,*,#5894,.T.);
#4704=ORIENTED_EDGE('',*,*,#5890,.T.);
#4705=ORIENTED_EDGE('',*,*,#5885,.T.);
#4706=ORIENTED_EDGE('',*,*,#5895,.F.);
#4707=ORIENTED_EDGE('',*,*,#5896,.T.);
#4708=ORIENTED_EDGE('',*,*,#5893,.T.);
#4709=ORIENTED_EDGE('',*,*,#5888,.F.);
#4710=ORIENTED_EDGE('',*,*,#5881,.F.);
#4711=ORIENTED_EDGE('',*,*,#5897,.T.);
#4712=ORIENTED_EDGE('',*,*,#5891,.T.);
#4713=ORIENTED_EDGE('',*,*,#5892,.T.);
#4714=ORIENTED_EDGE('',*,*,#5897,.F.);
#4715=ORIENTED_EDGE('',*,*,#5882,.F.);
#4716=ORIENTED_EDGE('',*,*,#5898,.F.);
#4717=ORIENTED_EDGE('',*,*,#5883,.F.);
#4718=ORIENTED_EDGE('',*,*,#5880,.T.);
#4719=ORIENTED_EDGE('',*,*,#5887,.F.);
#4720=ORIENTED_EDGE('',*,*,#5889,.F.);
#4721=ORIENTED_EDGE('',*,*,#5899,.T.);
#4722=ORIENTED_EDGE('',*,*,#5898,.T.);
#4723=ORIENTED_EDGE('',*,*,#5894,.F.);
#4724=ORIENTED_EDGE('',*,*,#5896,.F.);
#4725=ORIENTED_EDGE('',*,*,#5884,.F.);
#4726=ORIENTED_EDGE('',*,*,#5899,.F.);
#4727=ORIENTED_EDGE('',*,*,#5895,.T.);
#4728=ORIENTED_EDGE('',*,*,#5900,.F.);
#4729=ORIENTED_EDGE('',*,*,#5901,.F.);
#4730=ORIENTED_EDGE('',*,*,#5902,.F.);
#4731=ORIENTED_EDGE('',*,*,#5903,.F.);
#4732=ORIENTED_EDGE('',*,*,#5904,.F.);
#4733=ORIENTED_EDGE('',*,*,#5905,.F.);
#4734=ORIENTED_EDGE('',*,*,#5906,.T.);
#4735=ORIENTED_EDGE('',*,*,#5907,.F.);
#4736=ORIENTED_EDGE('',*,*,#5908,.F.);
#4737=ORIENTED_EDGE('',*,*,#5909,.F.);
#4738=ORIENTED_EDGE('',*,*,#5910,.T.);
#4739=ORIENTED_EDGE('',*,*,#5911,.F.);
#4740=ORIENTED_EDGE('',*,*,#5912,.F.);
#4741=ORIENTED_EDGE('',*,*,#5913,.F.);
#4742=ORIENTED_EDGE('',*,*,#5914,.T.);
#4743=ORIENTED_EDGE('',*,*,#5909,.T.);
#4744=ORIENTED_EDGE('',*,*,#5915,.T.);
#4745=ORIENTED_EDGE('',*,*,#5916,.F.);
#4746=ORIENTED_EDGE('',*,*,#5906,.F.);
#4747=ORIENTED_EDGE('',*,*,#5913,.T.);
#4748=ORIENTED_EDGE('',*,*,#5905,.T.);
#4749=ORIENTED_EDGE('',*,*,#5917,.T.);
#4750=ORIENTED_EDGE('',*,*,#5902,.T.);
#4751=ORIENTED_EDGE('',*,*,#5918,.T.);
#4752=ORIENTED_EDGE('',*,*,#5911,.T.);
#4753=ORIENTED_EDGE('',*,*,#5903,.T.);
#4754=ORIENTED_EDGE('',*,*,#5919,.F.);
#4755=ORIENTED_EDGE('',*,*,#5908,.T.);
#4756=ORIENTED_EDGE('',*,*,#5920,.F.);
#4757=ORIENTED_EDGE('',*,*,#5900,.T.);
#4758=ORIENTED_EDGE('',*,*,#5915,.F.);
#4759=ORIENTED_EDGE('',*,*,#5901,.T.);
#4760=ORIENTED_EDGE('',*,*,#5920,.T.);
#4761=ORIENTED_EDGE('',*,*,#5912,.T.);
#4762=ORIENTED_EDGE('',*,*,#5918,.F.);
#4763=ORIENTED_EDGE('',*,*,#5910,.F.);
#4764=ORIENTED_EDGE('',*,*,#5914,.F.);
#4765=ORIENTED_EDGE('',*,*,#5921,.T.);
#4766=ORIENTED_EDGE('',*,*,#5919,.T.);
#4767=ORIENTED_EDGE('',*,*,#5917,.F.);
#4768=ORIENTED_EDGE('',*,*,#5921,.F.);
#4769=ORIENTED_EDGE('',*,*,#5907,.T.);
#4770=ORIENTED_EDGE('',*,*,#5916,.T.);
#4771=ORIENTED_EDGE('',*,*,#5904,.T.);
#4772=EDGE_CURVE('',#5922,#5922,#6676,.T.);
#4773=EDGE_CURVE('',#5923,#5924,#6677,.T.);
#4774=EDGE_CURVE('',#5924,#5923,#6678,.T.);
#4775=EDGE_CURVE('',#5925,#5925,#6679,.T.);
#4776=EDGE_CURVE('',#5926,#5927,#6680,.T.);
#4777=EDGE_CURVE('',#5927,#5926,#6681,.T.);
#4778=EDGE_CURVE('',#5928,#5928,#6682,.T.);
#4779=EDGE_CURVE('',#5929,#5930,#6683,.T.);
#4780=EDGE_CURVE('',#5930,#5929,#6684,.T.);
#4781=EDGE_CURVE('',#5931,#5931,#6685,.T.);
#4782=EDGE_CURVE('',#5932,#5933,#6686,.T.);
#4783=EDGE_CURVE('',#5933,#5932,#6687,.T.);
#4784=EDGE_CURVE('',#5934,#5934,#6688,.T.);
#4785=EDGE_CURVE('',#5935,#5936,#6689,.T.);
#4786=EDGE_CURVE('',#5936,#5935,#6690,.T.);
#4787=EDGE_CURVE('',#5937,#5937,#6691,.T.);
#4788=EDGE_CURVE('',#5938,#5938,#6692,.T.);
#4789=EDGE_CURVE('',#5939,#5940,#210,.T.);
#4790=EDGE_CURVE('',#5939,#5941,#211,.T.);
#4791=EDGE_CURVE('',#5942,#5941,#212,.T.);
#4792=EDGE_CURVE('',#5943,#5942,#213,.T.);
#4793=EDGE_CURVE('',#5943,#5940,#214,.T.);
#4794=EDGE_CURVE('',#5944,#5945,#215,.T.);
#4795=EDGE_CURVE('',#5945,#5946,#216,.T.);
#4796=EDGE_CURVE('',#5947,#5946,#217,.T.);
#4797=EDGE_CURVE('',#5948,#5947,#218,.T.);
#4798=EDGE_CURVE('',#5948,#5944,#219,.T.);
#4799=EDGE_CURVE('',#5949,#5950,#220,.T.);
#4800=EDGE_CURVE('',#5949,#5951,#221,.T.);
#4801=EDGE_CURVE('',#5951,#5952,#6693,.T.);
#4802=EDGE_CURVE('',#5952,#5953,#222,.T.);
#4803=EDGE_CURVE('',#5953,#5954,#223,.T.);
#4804=EDGE_CURVE('',#5955,#5954,#224,.T.);
#4805=EDGE_CURVE('',#5955,#5956,#6694,.T.);
#4806=EDGE_CURVE('',#5957,#5956,#225,.T.);
#4807=EDGE_CURVE('',#5950,#5957,#226,.T.);
#4808=EDGE_CURVE('',#5958,#5959,#6695,.T.);
#4809=EDGE_CURVE('',#5959,#5960,#227,.T.);
#4810=EDGE_CURVE('',#5961,#5960,#228,.T.);
#4811=EDGE_CURVE('',#5961,#5962,#229,.T.);
#4812=EDGE_CURVE('',#5962,#5963,#230,.T.);
#4813=EDGE_CURVE('',#5963,#5964,#6696,.T.);
#4814=EDGE_CURVE('',#5965,#5964,#231,.T.);
#4815=EDGE_CURVE('',#5966,#5965,#232,.T.);
#4816=EDGE_CURVE('',#5966,#5958,#233,.T.);
#4817=EDGE_CURVE('',#5967,#5968,#234,.T.);
#4818=EDGE_CURVE('',#5967,#5969,#235,.T.);
#4819=EDGE_CURVE('',#5970,#5969,#236,.T.);
#4820=EDGE_CURVE('',#5970,#5971,#237,.T.);
#4821=EDGE_CURVE('',#5971,#5972,#6697,.T.);
#4822=EDGE_CURVE('',#5972,#5973,#238,.T.);
#4823=EDGE_CURVE('',#5973,#5974,#239,.T.);
#4824=EDGE_CURVE('',#5974,#5975,#240,.T.);
#4825=EDGE_CURVE('',#5975,#5968,#6698,.T.);
#4826=EDGE_CURVE('',#5976,#5977,#241,.T.);
#4827=EDGE_CURVE('',#5976,#5978,#6699,.T.);
#4828=EDGE_CURVE('',#5978,#5979,#242,.T.);
#4829=EDGE_CURVE('',#5979,#5980,#243,.T.);
#4830=EDGE_CURVE('',#5980,#5981,#244,.T.);
#4831=EDGE_CURVE('',#5981,#5982,#6700,.T.);
#4832=EDGE_CURVE('',#5982,#5983,#245,.T.);
#4833=EDGE_CURVE('',#5983,#5984,#246,.T.);
#4834=EDGE_CURVE('',#5984,#5977,#247,.T.);
#4835=EDGE_CURVE('',#5985,#5986,#6701,.T.);
#4836=EDGE_CURVE('',#5985,#5987,#248,.T.);
#4837=EDGE_CURVE('',#5987,#5988,#249,.T.);
#4838=EDGE_CURVE('',#5988,#5989,#250,.T.);
#4839=EDGE_CURVE('',#5990,#5989,#251,.T.);
#4840=EDGE_CURVE('',#5986,#5990,#252,.T.);
#4841=EDGE_CURVE('',#5991,#5992,#253,.T.);
#4842=EDGE_CURVE('',#5992,#5993,#254,.T.);
#4843=EDGE_CURVE('',#5994,#5993,#6702,.T.);
#4844=EDGE_CURVE('',#5995,#5994,#255,.T.);
#4845=EDGE_CURVE('',#5996,#5995,#256,.T.);
#4846=EDGE_CURVE('',#5996,#5991,#257,.T.);
#4847=EDGE_CURVE('',#5997,#5998,#258,.T.);
#4848=EDGE_CURVE('',#5998,#5999,#259,.T.);
#4849=EDGE_CURVE('',#5999,#6000,#6703,.T.);
#4850=EDGE_CURVE('',#6000,#6001,#260,.T.);
#4851=EDGE_CURVE('',#6001,#5997,#261,.T.);
#4852=EDGE_CURVE('',#5987,#6002,#262,.T.);
#4853=EDGE_CURVE('',#6003,#6002,#263,.T.);
#4854=EDGE_CURVE('',#6004,#6003,#264,.T.);
#4855=EDGE_CURVE('',#6005,#6004,#265,.T.);
#4856=EDGE_CURVE('',#5988,#6005,#266,.T.);
#4857=EDGE_CURVE('',#6006,#6007,#267,.T.);
#4858=EDGE_CURVE('',#6006,#5992,#268,.T.);
#4859=EDGE_CURVE('',#6008,#5991,#269,.T.);
#4860=EDGE_CURVE('',#6009,#6008,#270,.T.);
#4861=EDGE_CURVE('',#6007,#6009,#271,.T.);
#4862=EDGE_CURVE('',#5976,#5968,#272,.T.);
#4863=EDGE_CURVE('',#5975,#5978,#273,.T.);
#4864=EDGE_CURVE('',#6010,#6000,#21,.F.);
#4865=EDGE_CURVE('',#6011,#6010,#6704,.T.);
#4866=EDGE_CURVE('',#5959,#6011,#274,.T.);
#4867=EDGE_CURVE('',#6012,#5958,#275,.T.);
#4868=EDGE_CURVE('',#6012,#6013,#6705,.T.);
#4869=EDGE_CURVE('',#6014,#6013,#276,.T.);
#4870=EDGE_CURVE('',#6014,#6015,#6706,.T.);
#4871=EDGE_CURVE('',#5952,#6015,#277,.T.);
#4872=EDGE_CURVE('',#6016,#5951,#278,.T.);
#4873=EDGE_CURVE('',#6001,#6016,#6707,.T.);
#4874=EDGE_CURVE('',#5985,#6017,#279,.T.);
#4875=EDGE_CURVE('',#5986,#6018,#280,.T.);
#4876=EDGE_CURVE('',#6018,#5962,#6708,.T.);
#4877=EDGE_CURVE('',#5961,#6017,#6709,.T.);
#4878=EDGE_CURVE('',#6019,#5993,#281,.T.);
#4879=EDGE_CURVE('',#6019,#5950,#6710,.T.);
#4880=EDGE_CURVE('',#5957,#6020,#6711,.T.);
#4881=EDGE_CURVE('',#5994,#6020,#282,.T.);
#4882=EDGE_CURVE('',#6021,#6022,#283,.T.);
#4883=EDGE_CURVE('',#6021,#6023,#284,.T.);
#4884=EDGE_CURVE('',#6024,#6023,#285,.T.);
#4885=EDGE_CURVE('',#6025,#6024,#286,.T.);
#4886=EDGE_CURVE('',#6025,#6022,#287,.T.);
#4887=EDGE_CURVE('',#6026,#6027,#288,.T.);
#4888=EDGE_CURVE('',#6027,#6028,#289,.T.);
#4889=EDGE_CURVE('',#6029,#6028,#290,.T.);
#4890=EDGE_CURVE('',#6030,#6029,#291,.T.);
#4891=EDGE_CURVE('',#6030,#6026,#292,.T.);
#4892=EDGE_CURVE('',#6031,#6032,#293,.T.);
#4893=EDGE_CURVE('',#6031,#6033,#294,.T.);
#4894=EDGE_CURVE('',#6033,#6034,#6712,.T.);
#4895=EDGE_CURVE('',#6034,#6035,#295,.T.);
#4896=EDGE_CURVE('',#6035,#6036,#296,.T.);
#4897=EDGE_CURVE('',#6037,#6036,#297,.T.);
#4898=EDGE_CURVE('',#6037,#6038,#6713,.T.);
#4899=EDGE_CURVE('',#6039,#6038,#298,.T.);
#4900=EDGE_CURVE('',#6039,#6032,#299,.T.);
#4901=EDGE_CURVE('',#6040,#6041,#6714,.T.);
#4902=EDGE_CURVE('',#6041,#6042,#300,.T.);
#4903=EDGE_CURVE('',#6043,#6042,#301,.T.);
#4904=EDGE_CURVE('',#6044,#6043,#302,.T.);
#4905=EDGE_CURVE('',#6044,#6045,#303,.T.);
#4906=EDGE_CURVE('',#6045,#6046,#6715,.T.);
#4907=EDGE_CURVE('',#6047,#6046,#304,.T.);
#4908=EDGE_CURVE('',#6048,#6047,#305,.T.);
#4909=EDGE_CURVE('',#6048,#6040,#306,.T.);
#4910=EDGE_CURVE('',#6049,#6050,#6716,.T.);
#4911=EDGE_CURVE('',#6050,#6051,#307,.T.);
#4912=EDGE_CURVE('',#6052,#6051,#308,.T.);
#4913=EDGE_CURVE('',#6052,#6053,#309,.T.);
#4914=EDGE_CURVE('',#6054,#6053,#310,.T.);
#4915=EDGE_CURVE('',#6054,#6055,#6717,.T.);
#4916=EDGE_CURVE('',#6055,#6056,#311,.T.);
#4917=EDGE_CURVE('',#6056,#6057,#312,.T.);
#4918=EDGE_CURVE('',#6057,#6049,#313,.T.);
#4919=EDGE_CURVE('',#6058,#6059,#314,.T.);
#4920=EDGE_CURVE('',#6058,#6060,#315,.T.);
#4921=EDGE_CURVE('',#6060,#6061,#6718,.T.);
#4922=EDGE_CURVE('',#6061,#6062,#316,.T.);
#4923=EDGE_CURVE('',#6062,#6063,#317,.T.);
#4924=EDGE_CURVE('',#6063,#6064,#318,.T.);
#4925=EDGE_CURVE('',#6064,#6065,#6719,.T.);
#4926=EDGE_CURVE('',#6066,#6065,#319,.T.);
#4927=EDGE_CURVE('',#6059,#6066,#320,.T.);
#4928=EDGE_CURVE('',#6067,#6068,#6720,.T.);
#4929=EDGE_CURVE('',#6067,#6069,#321,.T.);
#4930=EDGE_CURVE('',#6069,#6070,#322,.T.);
#4931=EDGE_CURVE('',#6071,#6070,#323,.T.);
#4932=EDGE_CURVE('',#6072,#6071,#324,.T.);
#4933=EDGE_CURVE('',#6068,#6072,#325,.T.);
#4934=EDGE_CURVE('',#6073,#6074,#326,.T.);
#4935=EDGE_CURVE('',#6074,#6075,#327,.T.);
#4936=EDGE_CURVE('',#6076,#6075,#6721,.T.);
#4937=EDGE_CURVE('',#6077,#6076,#328,.T.);
#4938=EDGE_CURVE('',#6078,#6077,#329,.T.);
#4939=EDGE_CURVE('',#6073,#6078,#330,.T.);
#4940=EDGE_CURVE('',#6079,#6080,#6722,.T.);
#4941=EDGE_CURVE('',#6081,#6080,#331,.T.);
#4942=EDGE_CURVE('',#6081,#6082,#332,.T.);
#4943=EDGE_CURVE('',#6082,#6083,#333,.T.);
#4944=EDGE_CURVE('',#6083,#6079,#334,.T.);
#4945=EDGE_CURVE('',#6084,#6085,#335,.T.);
#4946=EDGE_CURVE('',#6084,#6074,#336,.T.);
#4947=EDGE_CURVE('',#6086,#6073,#337,.T.);
#4948=EDGE_CURVE('',#6087,#6086,#338,.T.);
#4949=EDGE_CURVE('',#6085,#6087,#339,.T.);
#4950=EDGE_CURVE('',#6069,#6088,#340,.T.);
#4951=EDGE_CURVE('',#6089,#6088,#341,.T.);
#4952=EDGE_CURVE('',#6090,#6089,#342,.T.);
#4953=EDGE_CURVE('',#6091,#6090,#343,.T.);
#4954=EDGE_CURVE('',#6070,#6091,#344,.T.);
#4955=EDGE_CURVE('',#6060,#6050,#345,.T.);
#4956=EDGE_CURVE('',#6061,#6049,#346,.T.);
#4957=EDGE_CURVE('',#6092,#6083,#6723,.T.);
#4958=EDGE_CURVE('',#6041,#6092,#347,.T.);
#4959=EDGE_CURVE('',#6093,#6040,#348,.T.);
#4960=EDGE_CURVE('',#6093,#6094,#6724,.T.);
#4961=EDGE_CURVE('',#6095,#6094,#349,.T.);
#4962=EDGE_CURVE('',#6095,#6096,#6725,.T.);
#4963=EDGE_CURVE('',#6034,#6096,#350,.T.);
#4964=EDGE_CURVE('',#6097,#6033,#351,.T.);
#4965=EDGE_CURVE('',#6098,#6097,#6726,.T.);
#4966=EDGE_CURVE('',#6079,#6098,#22,.F.);
#4967=EDGE_CURVE('',#6099,#6075,#352,.T.);
#4968=EDGE_CURVE('',#6099,#6032,#6727,.T.);
#4969=EDGE_CURVE('',#6039,#6100,#6728,.T.);
#4970=EDGE_CURVE('',#6100,#6076,#353,.T.);
#4971=EDGE_CURVE('',#6067,#6101,#354,.T.);
#4972=EDGE_CURVE('',#6102,#6068,#355,.T.);
#4973=EDGE_CURVE('',#6102,#6044,#6729,.T.);
#4974=EDGE_CURVE('',#6043,#6101,#6730,.T.);
#4975=EDGE_CURVE('',#6103,#6104,#356,.T.);
#4976=EDGE_CURVE('',#6105,#6104,#357,.T.);
#4977=EDGE_CURVE('',#6106,#6105,#358,.T.);
#4978=EDGE_CURVE('',#6107,#6106,#359,.T.);
#4979=EDGE_CURVE('',#6108,#6107,#360,.T.);
#4980=EDGE_CURVE('',#6109,#6108,#361,.T.);
#4981=EDGE_CURVE('',#6110,#6109,#362,.T.);
#4982=EDGE_CURVE('',#6111,#6110,#363,.T.);
#4983=EDGE_CURVE('',#6111,#6112,#364,.T.);
#4984=EDGE_CURVE('',#6112,#6113,#365,.T.);
#4985=EDGE_CURVE('',#6113,#6114,#366,.T.);
#4986=EDGE_CURVE('',#6114,#6103,#367,.T.);
#4987=EDGE_CURVE('',#6104,#6115,#368,.T.);
#4988=EDGE_CURVE('',#6116,#6115,#369,.T.);
#4989=EDGE_CURVE('',#6116,#6105,#370,.T.);
#4990=EDGE_CURVE('',#6117,#6118,#371,.T.);
#4991=EDGE_CURVE('',#6118,#6119,#372,.T.);
#4992=EDGE_CURVE('',#6119,#6120,#373,.T.);
#4993=EDGE_CURVE('',#6120,#6117,#374,.T.);
#4994=EDGE_CURVE('',#6121,#6122,#375,.T.);
#4995=EDGE_CURVE('',#6123,#6122,#376,.T.);
#4996=EDGE_CURVE('',#6124,#6123,#377,.T.);
#4997=EDGE_CURVE('',#6125,#6124,#378,.T.);
#4998=EDGE_CURVE('',#6125,#6121,#379,.T.);
#4999=EDGE_CURVE('',#6126,#6127,#380,.T.);
#5000=EDGE_CURVE('',#6107,#6127,#381,.T.);
#5001=EDGE_CURVE('',#6128,#6106,#382,.T.);
#5002=EDGE_CURVE('',#6128,#6129,#383,.T.);
#5003=EDGE_CURVE('',#6129,#6130,#384,.T.);
#5004=EDGE_CURVE('',#6130,#6131,#385,.T.);
#5005=EDGE_CURVE('',#6131,#6126,#386,.T.);
#5006=EDGE_CURVE('',#6115,#6132,#387,.T.);
#5007=EDGE_CURVE('',#6133,#6132,#388,.T.);
#5008=EDGE_CURVE('',#6133,#6134,#389,.T.);
#5009=EDGE_CURVE('',#6134,#6135,#390,.T.);
#5010=EDGE_CURVE('',#6135,#6136,#391,.T.);
#5011=EDGE_CURVE('',#6136,#6137,#392,.T.);
#5012=EDGE_CURVE('',#6137,#6116,#393,.T.);
#5013=EDGE_CURVE('',#6126,#6138,#6731,.T.);
#5014=EDGE_CURVE('',#6138,#6127,#394,.T.);
#5015=EDGE_CURVE('',#6128,#6139,#395,.T.);
#5016=EDGE_CURVE('',#6139,#6129,#6732,.T.);
#5017=EDGE_CURVE('',#6132,#6140,#396,.T.);
#5018=EDGE_CURVE('',#6141,#6140,#397,.T.);
#5019=EDGE_CURVE('',#6141,#6133,#398,.T.);
#5020=EDGE_CURVE('',#6137,#6142,#399,.T.);
#5021=EDGE_CURVE('',#6143,#6136,#400,.T.);
#5022=EDGE_CURVE('',#6143,#6142,#401,.T.);
#5023=EDGE_CURVE('',#6142,#6144,#402,.T.);
#5024=EDGE_CURVE('',#6145,#6143,#403,.T.);
#5025=EDGE_CURVE('',#6145,#6131,#6733,.T.);
#5026=EDGE_CURVE('',#6130,#6144,#6734,.T.);
#5027=EDGE_CURVE('',#6117,#6146,#404,.T.);
#5028=EDGE_CURVE('',#6124,#6146,#405,.T.);
#5029=EDGE_CURVE('',#6118,#6124,#406,.T.);
#5030=EDGE_CURVE('',#6147,#6103,#407,.T.);
#5031=EDGE_CURVE('',#6147,#6148,#408,.T.);
#5032=EDGE_CURVE('',#6148,#6140,#409,.T.);
#5033=EDGE_CURVE('',#6139,#6144,#410,.T.);
#5034=EDGE_CURVE('',#6149,#6150,#411,.T.);
#5035=EDGE_CURVE('',#6150,#6151,#412,.T.);
#5036=EDGE_CURVE('',#6152,#6151,#413,.T.);
#5037=EDGE_CURVE('',#6153,#6152,#414,.T.);
#5038=EDGE_CURVE('',#6153,#6154,#415,.T.);
#5039=EDGE_CURVE('',#6155,#6154,#416,.T.);
#5040=EDGE_CURVE('',#6155,#6156,#417,.T.);
#5041=EDGE_CURVE('',#6156,#6157,#418,.T.);
#5042=EDGE_CURVE('',#6157,#6158,#419,.T.);
#5043=EDGE_CURVE('',#6158,#6159,#420,.T.);
#5044=EDGE_CURVE('',#6160,#6159,#421,.T.);
#5045=EDGE_CURVE('',#6149,#6160,#422,.T.);
#5046=EDGE_CURVE('',#6161,#6162,#423,.T.);
#5047=EDGE_CURVE('',#6163,#6161,#424,.T.);
#5048=EDGE_CURVE('',#6159,#6163,#425,.T.);
#5049=EDGE_CURVE('',#6164,#6158,#426,.T.);
#5050=EDGE_CURVE('',#6162,#6164,#427,.T.);
#5051=EDGE_CURVE('',#6165,#6166,#428,.T.);
#5052=EDGE_CURVE('',#6165,#6167,#429,.T.);
#5053=EDGE_CURVE('',#6167,#6168,#430,.T.);
#5054=EDGE_CURVE('',#6168,#6166,#431,.T.);
#5055=EDGE_CURVE('',#6134,#6169,#432,.T.);
#5056=EDGE_CURVE('',#6141,#6170,#433,.T.);
#5057=EDGE_CURVE('',#6170,#6171,#434,.T.);
#5058=EDGE_CURVE('',#6171,#6169,#435,.T.);
#5059=EDGE_CURVE('',#6169,#6172,#436,.T.);
#5060=EDGE_CURVE('',#6171,#6173,#6735,.T.);
#5061=EDGE_CURVE('',#6173,#6174,#437,.T.);
#5062=EDGE_CURVE('',#6175,#6174,#438,.T.);
#5063=EDGE_CURVE('',#6167,#6175,#439,.T.);
#5064=EDGE_CURVE('',#6176,#6165,#440,.T.);
#5065=EDGE_CURVE('',#6172,#6176,#441,.T.);
#5066=EDGE_CURVE('',#6145,#6138,#442,.T.);
#5067=EDGE_CURVE('',#6177,#6178,#443,.T.);
#5068=EDGE_CURVE('',#6179,#6177,#444,.T.);
#5069=EDGE_CURVE('',#6180,#6179,#445,.T.);
#5070=EDGE_CURVE('',#6178,#6180,#446,.T.);
#5071=EDGE_CURVE('',#6181,#6182,#447,.T.);
#5072=EDGE_CURVE('',#6181,#6183,#448,.T.);
#5073=EDGE_CURVE('',#6184,#6183,#449,.T.);
#5074=EDGE_CURVE('',#6182,#6184,#450,.T.);
#5075=EDGE_CURVE('',#6185,#6186,#451,.T.);
#5076=EDGE_CURVE('',#6187,#6186,#452,.T.);
#5077=EDGE_CURVE('',#6188,#6187,#453,.T.);
#5078=EDGE_CURVE('',#6188,#6189,#454,.T.);
#5079=EDGE_CURVE('',#6190,#6189,#455,.T.);
#5080=EDGE_CURVE('',#6190,#6191,#456,.T.);
#5081=EDGE_CURVE('',#6192,#6191,#457,.T.);
#5082=EDGE_CURVE('',#6192,#6193,#458,.T.);
#5083=EDGE_CURVE('',#6194,#6193,#459,.T.);
#5084=EDGE_CURVE('',#6194,#6195,#460,.T.);
#5085=EDGE_CURVE('',#6196,#6195,#461,.T.);
#5086=EDGE_CURVE('',#6196,#6197,#462,.T.);
#5087=EDGE_CURVE('',#6198,#6197,#463,.T.);
#5088=EDGE_CURVE('',#6198,#6199,#464,.T.);
#5089=EDGE_CURVE('',#6200,#6199,#465,.T.);
#5090=EDGE_CURVE('',#6200,#6201,#466,.T.);
#5091=EDGE_CURVE('',#6202,#6201,#467,.T.);
#5092=EDGE_CURVE('',#6202,#6203,#468,.T.);
#5093=EDGE_CURVE('',#6204,#6203,#469,.T.);
#5094=EDGE_CURVE('',#6204,#6205,#470,.T.);
#5095=EDGE_CURVE('',#6206,#6205,#471,.T.);
#5096=EDGE_CURVE('',#6206,#6207,#472,.T.);
#5097=EDGE_CURVE('',#6208,#6207,#473,.T.);
#5098=EDGE_CURVE('',#6208,#6209,#474,.T.);
#5099=EDGE_CURVE('',#6210,#6209,#475,.T.);
#5100=EDGE_CURVE('',#6210,#6185,#476,.T.);
#5101=EDGE_CURVE('',#6211,#6208,#477,.T.);
#5102=EDGE_CURVE('',#6207,#6212,#6736,.T.);
#5103=EDGE_CURVE('',#6213,#6212,#478,.T.);
#5104=EDGE_CURVE('',#6213,#6214,#479,.T.);
#5105=EDGE_CURVE('',#6214,#6215,#480,.T.);
#5106=EDGE_CURVE('',#6215,#6216,#6737,.T.);
#5107=EDGE_CURVE('',#6217,#6216,#481,.T.);
#5108=EDGE_CURVE('',#6217,#6211,#482,.T.);
#5109=EDGE_CURVE('',#6218,#6192,#6738,.T.);
#5110=EDGE_CURVE('',#6191,#6219,#483,.T.);
#5111=EDGE_CURVE('',#6219,#6220,#484,.T.);
#5112=EDGE_CURVE('',#6221,#6220,#485,.T.);
#5113=EDGE_CURVE('',#6221,#6222,#6739,.T.);
#5114=EDGE_CURVE('',#6223,#6222,#486,.T.);
#5115=EDGE_CURVE('',#6223,#6224,#487,.T.);
#5116=EDGE_CURVE('',#6224,#6218,#488,.T.);
#5117=EDGE_CURVE('',#6225,#6226,#6740,.T.);
#5118=EDGE_CURVE('',#6226,#6227,#489,.T.);
#5119=EDGE_CURVE('',#6227,#6228,#6741,.T.);
#5120=EDGE_CURVE('',#6229,#6228,#6742,.T.);
#5121=EDGE_CURVE('',#6225,#6229,#490,.T.);
#5122=EDGE_CURVE('',#6230,#6231,#491,.T.);
#5123=EDGE_CURVE('',#6230,#6232,#6743,.T.);
#5124=EDGE_CURVE('',#6232,#6233,#492,.T.);
#5125=EDGE_CURVE('',#6234,#6233,#6744,.T.);
#5126=EDGE_CURVE('',#6234,#6231,#6745,.T.);
#5127=EDGE_CURVE('',#6226,#6194,#493,.T.);
#5128=EDGE_CURVE('',#6193,#6235,#6746,.T.);
#5129=EDGE_CURVE('',#6236,#6235,#494,.T.);
#5130=EDGE_CURVE('',#6236,#6237,#495,.T.);
#5131=EDGE_CURVE('',#6237,#6238,#496,.T.);
#5132=EDGE_CURVE('',#6238,#6227,#6747,.T.);
#5133=EDGE_CURVE('',#6239,#6206,#6748,.T.);
#5134=EDGE_CURVE('',#6205,#6230,#497,.T.);
#5135=EDGE_CURVE('',#6231,#6240,#6749,.T.);
#5136=EDGE_CURVE('',#6241,#6240,#498,.T.);
#5137=EDGE_CURVE('',#6241,#6242,#499,.T.);
#5138=EDGE_CURVE('',#6242,#6239,#500,.T.);
#5139=EDGE_CURVE('',#6235,#6218,#501,.T.);
#5140=EDGE_CURVE('',#6212,#6239,#502,.T.);
#5141=EDGE_CURVE('',#6184,#6187,#6750,.T.);
#5142=EDGE_CURVE('',#6186,#6182,#6751,.T.);
#5143=EDGE_CURVE('',#6185,#6181,#6752,.T.);
#5144=EDGE_CURVE('',#6243,#6210,#503,.T.);
#5145=EDGE_CURVE('',#6244,#6243,#504,.T.);
#5146=EDGE_CURVE('',#6189,#6244,#505,.T.);
#5147=EDGE_CURVE('',#6183,#6188,#6753,.T.);
#5148=EDGE_CURVE('',#6190,#6245,#506,.T.);
#5149=EDGE_CURVE('',#6244,#6246,#507,.T.);
#5150=EDGE_CURVE('',#6247,#6246,#508,.T.);
#5151=EDGE_CURVE('',#6247,#6245,#509,.T.);
#5152=EDGE_CURVE('',#6248,#6209,#510,.T.);
#5153=EDGE_CURVE('',#6248,#6249,#511,.T.);
#5154=EDGE_CURVE('',#6250,#6249,#512,.T.);
#5155=EDGE_CURVE('',#6250,#6243,#513,.T.);
#5156=EDGE_CURVE('',#6251,#6252,#514,.T.);
#5157=EDGE_CURVE('',#6253,#6252,#515,.T.);
#5158=EDGE_CURVE('',#6254,#6253,#516,.T.);
#5159=EDGE_CURVE('',#6254,#6251,#517,.T.);
#5160=EDGE_CURVE('',#6255,#6256,#518,.T.);
#5161=EDGE_CURVE('',#6257,#6255,#519,.T.);
#5162=EDGE_CURVE('',#6257,#6258,#520,.T.);
#5163=EDGE_CURVE('',#6256,#6258,#521,.T.);
#5164=EDGE_CURVE('',#6259,#6260,#522,.T.);
#5165=EDGE_CURVE('',#6261,#6260,#523,.T.);
#5166=EDGE_CURVE('',#6262,#6261,#524,.T.);
#5167=EDGE_CURVE('',#6262,#6259,#525,.T.);
#5168=EDGE_CURVE('',#6263,#6200,#526,.T.);
#5169=EDGE_CURVE('',#6263,#6264,#527,.T.);
#5170=EDGE_CURVE('',#6264,#6201,#528,.T.);
#5171=EDGE_CURVE('',#6198,#6265,#529,.T.);
#5172=EDGE_CURVE('',#6266,#6265,#530,.T.);
#5173=EDGE_CURVE('',#6199,#6266,#531,.T.);
#5174=EDGE_CURVE('',#6267,#6266,#532,.T.);
#5175=EDGE_CURVE('',#6267,#6268,#533,.T.);
#5176=EDGE_CURVE('',#6269,#6268,#534,.T.);
#5177=EDGE_CURVE('',#6269,#6270,#535,.T.);
#5178=EDGE_CURVE('',#6271,#6270,#536,.T.);
#5179=EDGE_CURVE('',#6271,#6272,#537,.T.);
#5180=EDGE_CURVE('',#6273,#6272,#538,.T.);
#5181=EDGE_CURVE('',#6273,#6274,#539,.T.);
#5182=EDGE_CURVE('',#6263,#6274,#540,.T.);
#5183=EDGE_CURVE('',#6275,#6276,#541,.T.);
#5184=EDGE_CURVE('',#6277,#6275,#542,.T.);
#5185=EDGE_CURVE('',#6277,#6278,#543,.T.);
#5186=EDGE_CURVE('',#6276,#6278,#544,.T.);
#5187=EDGE_CURVE('',#6202,#6279,#545,.T.);
#5188=EDGE_CURVE('',#6280,#6279,#546,.T.);
#5189=EDGE_CURVE('',#6280,#6281,#547,.T.);
#5190=EDGE_CURVE('',#6281,#6282,#548,.T.);
#5191=EDGE_CURVE('',#6282,#6203,#549,.T.);
#5192=EDGE_CURVE('',#6196,#6283,#550,.T.);
#5193=EDGE_CURVE('',#6283,#6284,#551,.T.);
#5194=EDGE_CURVE('',#6284,#6285,#552,.T.);
#5195=EDGE_CURVE('',#6285,#6286,#553,.T.);
#5196=EDGE_CURVE('',#6286,#6197,#554,.T.);
#5197=EDGE_CURVE('',#6287,#6288,#555,.T.);
#5198=EDGE_CURVE('',#5997,#6287,#556,.T.);
#5199=EDGE_CURVE('',#6016,#6289,#557,.T.);
#5200=EDGE_CURVE('',#6289,#6290,#558,.T.);
#5201=EDGE_CURVE('',#6290,#6288,#559,.T.);
#5202=EDGE_CURVE('',#6291,#6292,#560,.T.);
#5203=EDGE_CURVE('',#6291,#6293,#561,.T.);
#5204=EDGE_CURVE('',#6293,#6294,#562,.T.);
#5205=EDGE_CURVE('',#6011,#6294,#563,.T.);
#5206=EDGE_CURVE('',#6010,#6292,#564,.T.);
#5207=EDGE_CURVE('',#6295,#6296,#565,.T.);
#5208=EDGE_CURVE('',#6295,#6297,#566,.T.);
#5209=EDGE_CURVE('',#6297,#6298,#567,.T.);
#5210=EDGE_CURVE('',#6092,#6298,#568,.T.);
#5211=EDGE_CURVE('',#6296,#6082,#569,.T.);
#5212=EDGE_CURVE('',#6299,#6300,#570,.T.);
#5213=EDGE_CURVE('',#6299,#6098,#571,.T.);
#5214=EDGE_CURVE('',#6097,#6301,#572,.T.);
#5215=EDGE_CURVE('',#6301,#6302,#573,.T.);
#5216=EDGE_CURVE('',#6302,#6300,#574,.T.);
#5217=EDGE_CURVE('',#5999,#6303,#575,.T.);
#5218=EDGE_CURVE('',#5998,#6304,#576,.T.);
#5219=EDGE_CURVE('',#6304,#6303,#577,.T.);
#5220=EDGE_CURVE('',#6305,#6080,#578,.T.);
#5221=EDGE_CURVE('',#6305,#6306,#579,.T.);
#5222=EDGE_CURVE('',#6081,#6306,#580,.T.);
#5223=EDGE_CURVE('',#6296,#6306,#581,.T.);
#5224=EDGE_CURVE('',#6304,#6287,#582,.T.);
#5225=EDGE_CURVE('',#6295,#6307,#583,.T.);
#5226=EDGE_CURVE('',#6307,#6297,#584,.T.);
#5227=EDGE_CURVE('',#6290,#6308,#585,.T.);
#5228=EDGE_CURVE('',#6308,#6288,#586,.T.);
#5229=EDGE_CURVE('',#6302,#6309,#587,.T.);
#5230=EDGE_CURVE('',#6309,#6300,#588,.T.);
#5231=EDGE_CURVE('',#6310,#6195,#589,.T.);
#5232=EDGE_CURVE('',#6283,#6310,#590,.T.);
#5233=EDGE_CURVE('',#6204,#6311,#591,.T.);
#5234=EDGE_CURVE('',#6311,#6282,#592,.T.);
#5235=EDGE_CURVE('',#6291,#6312,#593,.T.);
#5236=EDGE_CURVE('',#6312,#6293,#594,.T.);
#5237=EDGE_CURVE('',#6312,#5946,#595,.T.);
#5238=EDGE_CURVE('',#6294,#5945,#596,.T.);
#5239=EDGE_CURVE('',#5943,#6308,#597,.T.);
#5240=EDGE_CURVE('',#5940,#6289,#598,.T.);
#5241=EDGE_CURVE('',#6025,#6309,#599,.T.);
#5242=EDGE_CURVE('',#6022,#6301,#600,.T.);
#5243=EDGE_CURVE('',#6307,#6028,#601,.T.);
#5244=EDGE_CURVE('',#6298,#6027,#602,.T.);
#5245=EDGE_CURVE('',#6265,#6286,#603,.T.);
#5246=EDGE_CURVE('',#6279,#6264,#604,.T.);
#5247=EDGE_CURVE('',#6303,#6292,#6754,.T.);
#5248=EDGE_CURVE('',#6299,#6305,#6755,.T.);
#5249=EDGE_CURVE('',#6162,#6313,#605,.T.);
#5250=EDGE_CURVE('',#6314,#6164,#606,.T.);
#5251=EDGE_CURVE('',#6314,#6313,#607,.T.);
#5252=EDGE_CURVE('',#6315,#6316,#608,.T.);
#5253=EDGE_CURVE('',#6315,#6317,#6756,.T.);
#5254=EDGE_CURVE('',#6316,#6317,#609,.T.);
#5255=EDGE_CURVE('',#6318,#6319,#610,.T.);
#5256=EDGE_CURVE('',#6318,#6320,#611,.T.);
#5257=EDGE_CURVE('',#6321,#6320,#612,.T.);
#5258=EDGE_CURVE('',#6321,#6319,#613,.T.);
#5259=EDGE_CURVE('',#6322,#6323,#614,.T.);
#5260=EDGE_CURVE('',#6323,#6324,#615,.T.);
#5261=EDGE_CURVE('',#6325,#6324,#616,.T.);
#5262=EDGE_CURVE('',#6325,#6322,#617,.T.);
#5263=EDGE_CURVE('',#6326,#6327,#618,.T.);
#5264=EDGE_CURVE('',#6326,#6223,#6757,.T.);
#5265=EDGE_CURVE('',#6222,#6238,#619,.T.);
#5266=EDGE_CURVE('',#6237,#6327,#6758,.T.);
#5267=EDGE_CURVE('',#6328,#6229,#620,.T.);
#5268=EDGE_CURVE('',#6329,#6328,#621,.T.);
#5269=EDGE_CURVE('',#6329,#6225,#622,.T.);
#5270=EDGE_CURVE('',#6330,#6328,#6759,.T.);
#5271=EDGE_CURVE('',#6331,#6330,#623,.T.);
#5272=EDGE_CURVE('',#6331,#6329,#6760,.T.);
#5273=EDGE_CURVE('',#6332,#6333,#624,.T.);
#5274=EDGE_CURVE('',#6332,#6331,#625,.T.);
#5275=EDGE_CURVE('',#6333,#6330,#626,.T.);
#5276=EDGE_CURVE('',#6334,#6335,#627,.T.);
#5277=EDGE_CURVE('',#6336,#6335,#628,.T.);
#5278=EDGE_CURVE('',#6337,#6336,#629,.T.);
#5279=EDGE_CURVE('',#6337,#6334,#630,.T.);
#5280=EDGE_CURVE('',#6036,#6336,#6761,.T.);
#5281=EDGE_CURVE('',#6035,#6337,#6762,.T.);
#5282=EDGE_CURVE('',#6338,#6102,#631,.T.);
#5283=EDGE_CURVE('',#6338,#6339,#632,.T.);
#5284=EDGE_CURVE('',#6339,#6340,#633,.T.);
#5285=EDGE_CURVE('',#6340,#6341,#634,.T.);
#5286=EDGE_CURVE('',#6341,#6342,#635,.T.);
#5287=EDGE_CURVE('',#6342,#6343,#636,.T.);
#5288=EDGE_CURVE('',#6066,#6343,#6763,.T.);
#5289=EDGE_CURVE('',#6065,#6054,#637,.T.);
#5290=EDGE_CURVE('',#6344,#6053,#6764,.T.);
#5291=EDGE_CURVE('',#6344,#6345,#638,.T.);
#5292=EDGE_CURVE('',#6345,#6346,#639,.T.);
#5293=EDGE_CURVE('',#6346,#6347,#640,.T.);
#5294=EDGE_CURVE('',#6347,#6348,#641,.T.);
#5295=EDGE_CURVE('',#6348,#6349,#642,.T.);
#5296=EDGE_CURVE('',#6100,#6349,#643,.T.);
#5297=EDGE_CURVE('',#6038,#6045,#644,.T.);
#5298=EDGE_CURVE('',#6350,#6047,#6765,.T.);
#5299=EDGE_CURVE('',#6351,#6350,#645,.T.);
#5300=EDGE_CURVE('',#6351,#6048,#6766,.T.);
#5301=EDGE_CURVE('',#6352,#6350,#646,.T.);
#5302=EDGE_CURVE('',#6353,#6352,#647,.T.);
#5303=EDGE_CURVE('',#6353,#6351,#648,.T.);
#5304=EDGE_CURVE('',#6354,#6352,#6767,.T.);
#5305=EDGE_CURVE('',#6355,#6354,#649,.T.);
#5306=EDGE_CURVE('',#6355,#6353,#6768,.T.);
#5307=EDGE_CURVE('',#6356,#6354,#650,.T.);
#5308=EDGE_CURVE('',#6357,#6356,#651,.T.);
#5309=EDGE_CURVE('',#6357,#6355,#652,.T.);
#5310=EDGE_CURVE('',#6358,#6356,#653,.T.);
#5311=EDGE_CURVE('',#6358,#6359,#6769,.T.);
#5312=EDGE_CURVE('',#6360,#6359,#654,.T.);
#5313=EDGE_CURVE('',#6361,#6360,#655,.T.);
#5314=EDGE_CURVE('',#6361,#6362,#656,.T.);
#5315=EDGE_CURVE('',#6362,#6314,#6770,.T.);
#5316=EDGE_CURVE('',#6164,#6357,#657,.T.);
#5317=EDGE_CURVE('',#6363,#6364,#658,.T.);
#5318=EDGE_CURVE('',#6365,#6363,#659,.T.);
#5319=EDGE_CURVE('',#6365,#6366,#660,.T.);
#5320=EDGE_CURVE('',#6366,#6367,#661,.T.);
#5321=EDGE_CURVE('',#6368,#6367,#662,.T.);
#5322=EDGE_CURVE('',#6368,#6369,#663,.T.);
#5323=EDGE_CURVE('',#6370,#6369,#664,.T.);
#5324=EDGE_CURVE('',#6371,#6370,#665,.T.);
#5325=EDGE_CURVE('',#6360,#6371,#666,.T.);
#5326=EDGE_CURVE('',#6359,#6372,#667,.T.);
#5327=EDGE_CURVE('',#6364,#6372,#6771,.T.);
#5328=EDGE_CURVE('',#6373,#6374,#668,.T.);
#5329=EDGE_CURVE('',#6373,#6375,#669,.T.);
#5330=EDGE_CURVE('',#6375,#6374,#6772,.T.);
#5331=EDGE_CURVE('',#6173,#6376,#670,.T.);
#5332=EDGE_CURVE('',#6376,#6377,#671,.T.);
#5333=EDGE_CURVE('',#6377,#6378,#672,.T.);
#5334=EDGE_CURVE('',#6379,#6378,#673,.T.);
#5335=EDGE_CURVE('',#6380,#6379,#6773,.T.);
#5336=EDGE_CURVE('',#6380,#6381,#674,.T.);
#5337=EDGE_CURVE('',#6382,#6381,#675,.T.);
#5338=EDGE_CURVE('',#6319,#6382,#676,.T.);
#5339=EDGE_CURVE('',#6174,#6321,#677,.T.);
#5340=EDGE_CURVE('',#6383,#6179,#678,.T.);
#5341=EDGE_CURVE('',#6179,#6384,#6774,.T.);
#5342=EDGE_CURVE('',#6385,#6384,#679,.T.);
#5343=EDGE_CURVE('',#6385,#6382,#680,.T.);
#5344=EDGE_CURVE('',#6381,#6386,#6775,.T.);
#5345=EDGE_CURVE('',#6387,#6386,#681,.T.);
#5346=EDGE_CURVE('',#6383,#6387,#682,.T.);
#5347=EDGE_CURVE('',#6388,#6387,#683,.T.);
#5348=EDGE_CURVE('',#6389,#6388,#684,.T.);
#5349=EDGE_CURVE('',#6389,#6383,#685,.T.);
#5350=EDGE_CURVE('',#6390,#6388,#6776,.T.);
#5351=EDGE_CURVE('',#6391,#6390,#686,.T.);
#5352=EDGE_CURVE('',#6391,#6389,#6777,.T.);
#5353=EDGE_CURVE('',#6392,#6390,#687,.T.);
#5354=EDGE_CURVE('',#6393,#6392,#688,.T.);
#5355=EDGE_CURVE('',#6393,#6391,#689,.T.);
#5356=EDGE_CURVE('',#5954,#6392,#6778,.T.);
#5357=EDGE_CURVE('',#5953,#6393,#6779,.T.);
#5358=EDGE_CURVE('',#6020,#6394,#690,.T.);
#5359=EDGE_CURVE('',#5956,#5963,#691,.T.);
#5360=EDGE_CURVE('',#6395,#6018,#692,.T.);
#5361=EDGE_CURVE('',#6395,#6396,#693,.T.);
#5362=EDGE_CURVE('',#6397,#6396,#694,.T.);
#5363=EDGE_CURVE('',#6398,#6397,#695,.T.);
#5364=EDGE_CURVE('',#6399,#6398,#696,.T.);
#5365=EDGE_CURVE('',#6400,#6399,#697,.T.);
#5366=EDGE_CURVE('',#5983,#6400,#6780,.T.);
#5367=EDGE_CURVE('',#5971,#5982,#698,.T.);
#5368=EDGE_CURVE('',#6401,#5970,#18,.T.);
#5369=EDGE_CURVE('',#6402,#6401,#699,.T.);
#5370=EDGE_CURVE('',#6403,#6402,#700,.T.);
#5371=EDGE_CURVE('',#6404,#6403,#701,.T.);
#5372=EDGE_CURVE('',#6405,#6404,#702,.T.);
#5373=EDGE_CURVE('',#6405,#6394,#703,.T.);
#5374=EDGE_CURVE('',#6406,#5965,#6781,.T.);
#5375=EDGE_CURVE('',#6407,#6406,#704,.T.);
#5376=EDGE_CURVE('',#6407,#5966,#6782,.T.);
#5377=EDGE_CURVE('',#6408,#6409,#705,.T.);
#5378=EDGE_CURVE('',#6408,#6407,#706,.T.);
#5379=EDGE_CURVE('',#6409,#6406,#707,.T.);
#5380=EDGE_CURVE('',#6410,#6411,#708,.T.);
#5381=EDGE_CURVE('',#6412,#6411,#709,.T.);
#5382=EDGE_CURVE('',#6413,#6412,#710,.T.);
#5383=EDGE_CURVE('',#6413,#6410,#711,.T.);
#5384=EDGE_CURVE('',#6414,#6412,#6783,.T.);
#5385=EDGE_CURVE('',#6415,#6414,#712,.T.);
#5386=EDGE_CURVE('',#6415,#6413,#6784,.T.);
#5387=EDGE_CURVE('',#6233,#6414,#713,.T.);
#5388=EDGE_CURVE('',#6232,#6415,#714,.T.);
#5389=EDGE_CURVE('',#6416,#6417,#715,.T.);
#5390=EDGE_CURVE('',#6416,#6241,#6785,.T.);
#5391=EDGE_CURVE('',#6240,#6215,#716,.T.);
#5392=EDGE_CURVE('',#6214,#6417,#6786,.T.);
#5393=EDGE_CURVE('',#6418,#6419,#717,.T.);
#5394=EDGE_CURVE('',#6419,#6358,#718,.T.);
#5395=EDGE_CURVE('',#6046,#6420,#719,.T.);
#5396=EDGE_CURVE('',#6421,#6420,#720,.T.);
#5397=EDGE_CURVE('',#6422,#6421,#721,.T.);
#5398=EDGE_CURVE('',#6423,#6422,#722,.T.);
#5399=EDGE_CURVE('',#6423,#6037,#723,.T.);
#5400=EDGE_CURVE('',#6333,#6335,#724,.T.);
#5401=EDGE_CURVE('',#6228,#6221,#725,.T.);
#5402=EDGE_CURVE('',#6220,#6325,#6787,.T.);
#5403=EDGE_CURVE('',#6324,#6217,#6788,.T.);
#5404=EDGE_CURVE('',#6216,#6234,#726,.T.);
#5405=EDGE_CURVE('',#6409,#6411,#727,.T.);
#5406=EDGE_CURVE('',#5964,#6424,#728,.T.);
#5407=EDGE_CURVE('',#6425,#6424,#729,.T.);
#5408=EDGE_CURVE('',#6426,#6425,#730,.T.);
#5409=EDGE_CURVE('',#6427,#6426,#731,.T.);
#5410=EDGE_CURVE('',#6427,#5955,#732,.T.);
#5411=EDGE_CURVE('',#6386,#6428,#733,.T.);
#5412=EDGE_CURVE('',#6428,#6429,#734,.T.);
#5413=EDGE_CURVE('',#6429,#6166,#735,.T.);
#5414=EDGE_CURVE('',#6430,#6168,#736,.T.);
#5415=EDGE_CURVE('',#6377,#6430,#737,.T.);
#5416=EDGE_CURVE('',#6170,#6376,#6789,.T.);
#5417=EDGE_CURVE('',#6366,#6148,#6790,.T.);
#5418=EDGE_CURVE('',#6431,#6365,#738,.T.);
#5419=EDGE_CURVE('',#6431,#6418,#739,.T.);
#5420=EDGE_CURVE('',#6120,#6146,#740,.T.);
#5421=EDGE_CURVE('',#6384,#6432,#741,.T.);
#5422=EDGE_CURVE('',#6432,#6433,#6791,.T.);
#5423=EDGE_CURVE('',#6433,#6434,#742,.T.);
#5424=EDGE_CURVE('',#6430,#6434,#743,.T.);
#5425=EDGE_CURVE('',#6175,#6320,#744,.T.);
#5426=EDGE_CURVE('',#6318,#6385,#745,.T.);
#5427=EDGE_CURVE('',#6435,#6436,#746,.T.);
#5428=EDGE_CURVE('',#6435,#6437,#747,.T.);
#5429=EDGE_CURVE('',#6437,#6362,#748,.T.);
#5430=EDGE_CURVE('',#6361,#6436,#749,.T.);
#5431=EDGE_CURVE('',#6371,#6436,#750,.T.);
#5432=EDGE_CURVE('',#6121,#6370,#751,.T.);
#5433=EDGE_CURVE('',#6438,#6125,#752,.T.);
#5434=EDGE_CURVE('',#6151,#6438,#753,.T.);
#5435=EDGE_CURVE('',#6435,#6150,#754,.T.);
#5436=EDGE_CURVE('',#6432,#6316,#23,.T.);
#5437=EDGE_CURVE('',#6317,#6380,#24,.T.);
#5438=EDGE_CURVE('',#6433,#6379,#755,.T.);
#5439=EDGE_CURVE('',#6434,#6378,#756,.T.);
#5440=EDGE_CURVE('',#6122,#6369,#757,.T.);
#5441=EDGE_CURVE('',#6439,#6373,#6792,.T.);
#5442=EDGE_CURVE('',#6439,#6364,#758,.T.);
#5443=EDGE_CURVE('',#6372,#6375,#25,.T.);
#5444=EDGE_CURVE('',#6363,#6440,#759,.T.);
#5445=EDGE_CURVE('',#6440,#6439,#760,.T.);
#5446=EDGE_CURVE('',#6224,#6441,#6793,.T.);
#5447=EDGE_CURVE('',#6442,#6441,#761,.T.);
#5448=EDGE_CURVE('',#6442,#6236,#6794,.T.);
#5449=EDGE_CURVE('',#6441,#6326,#762,.T.);
#5450=EDGE_CURVE('',#6327,#6442,#763,.T.);
#5451=EDGE_CURVE('',#6242,#6443,#6795,.T.);
#5452=EDGE_CURVE('',#6444,#6443,#764,.T.);
#5453=EDGE_CURVE('',#6444,#6213,#6796,.T.);
#5454=EDGE_CURVE('',#6443,#6416,#765,.T.);
#5455=EDGE_CURVE('',#6417,#6444,#766,.T.);
#5456=EDGE_CURVE('',#6086,#6347,#767,.T.);
#5457=EDGE_CURVE('',#6078,#6348,#768,.T.);
#5458=EDGE_CURVE('',#6087,#6346,#769,.T.);
#5459=EDGE_CURVE('',#6085,#6445,#770,.T.);
#5460=EDGE_CURVE('',#6445,#6345,#771,.T.);
#5461=EDGE_CURVE('',#6445,#6446,#772,.T.);
#5462=EDGE_CURVE('',#6344,#6446,#26,.T.);
#5463=EDGE_CURVE('',#6446,#6052,#6797,.T.);
#5464=EDGE_CURVE('',#6059,#6447,#6798,.T.);
#5465=EDGE_CURVE('',#6447,#6343,#27,.T.);
#5466=EDGE_CURVE('',#6447,#6448,#773,.T.);
#5467=EDGE_CURVE('',#6448,#6342,#774,.T.);
#5468=EDGE_CURVE('',#6448,#6089,#775,.T.);
#5469=EDGE_CURVE('',#6090,#6341,#776,.T.);
#5470=EDGE_CURVE('',#6091,#6340,#777,.T.);
#5471=EDGE_CURVE('',#6071,#6339,#778,.T.);
#5472=EDGE_CURVE('',#6008,#6404,#779,.T.);
#5473=EDGE_CURVE('',#5996,#6405,#780,.T.);
#5474=EDGE_CURVE('',#6009,#6403,#781,.T.);
#5475=EDGE_CURVE('',#6449,#6402,#782,.T.);
#5476=EDGE_CURVE('',#6449,#6007,#783,.T.);
#5477=EDGE_CURVE('',#6401,#6450,#28,.T.);
#5478=EDGE_CURVE('',#6450,#6449,#784,.T.);
#5479=EDGE_CURVE('',#6450,#5969,#19,.T.);
#5480=EDGE_CURVE('',#6451,#6400,#29,.T.);
#5481=EDGE_CURVE('',#5984,#6451,#6799,.T.);
#5482=EDGE_CURVE('',#6452,#6399,#785,.T.);
#5483=EDGE_CURVE('',#6452,#6451,#786,.T.);
#5484=EDGE_CURVE('',#6003,#6452,#787,.T.);
#5485=EDGE_CURVE('',#6004,#6398,#788,.T.);
#5486=EDGE_CURVE('',#6005,#6397,#789,.T.);
#5487=EDGE_CURVE('',#5989,#6396,#790,.T.);
#5488=EDGE_CURVE('',#6424,#6453,#6800,.T.);
#5489=EDGE_CURVE('',#6454,#6427,#6801,.T.);
#5490=EDGE_CURVE('',#6454,#6453,#791,.T.);
#5491=EDGE_CURVE('',#6455,#6423,#6802,.T.);
#5492=EDGE_CURVE('',#6455,#6456,#792,.T.);
#5493=EDGE_CURVE('',#6420,#6456,#6803,.T.);
#5494=EDGE_CURVE('',#6367,#6147,#6804,.T.);
#5495=EDGE_CURVE('',#6374,#6457,#793,.T.);
#5496=EDGE_CURVE('',#6457,#6419,#6805,.T.);
#5497=EDGE_CURVE('',#6428,#6458,#6806,.T.);
#5498=EDGE_CURVE('',#6458,#6315,#794,.T.);
#5499=EDGE_CURVE('',#6211,#6323,#6807,.T.);
#5500=EDGE_CURVE('',#6322,#6219,#6808,.T.);
#5501=EDGE_CURVE('',#6410,#6408,#795,.T.);
#5502=EDGE_CURVE('',#6334,#6332,#796,.T.);
#5503=EDGE_CURVE('',#5972,#5981,#797,.T.);
#5504=EDGE_CURVE('',#6459,#6460,#798,.T.);
#5505=EDGE_CURVE('',#6459,#5973,#6809,.T.);
#5506=EDGE_CURVE('',#5980,#6460,#6810,.T.);
#5507=EDGE_CURVE('',#6461,#6462,#799,.T.);
#5508=EDGE_CURVE('',#6461,#6459,#800,.T.);
#5509=EDGE_CURVE('',#6460,#6462,#801,.T.);
#5510=EDGE_CURVE('',#5974,#6461,#6811,.T.);
#5511=EDGE_CURVE('',#6462,#5979,#6812,.T.);
#5512=EDGE_CURVE('',#6064,#6055,#802,.T.);
#5513=EDGE_CURVE('',#6057,#6463,#6813,.T.);
#5514=EDGE_CURVE('',#6464,#6463,#803,.T.);
#5515=EDGE_CURVE('',#6464,#6062,#6814,.T.);
#5516=EDGE_CURVE('',#6463,#6465,#804,.T.);
#5517=EDGE_CURVE('',#6466,#6465,#805,.T.);
#5518=EDGE_CURVE('',#6466,#6464,#806,.T.);
#5519=EDGE_CURVE('',#6465,#6056,#6815,.T.);
#5520=EDGE_CURVE('',#6063,#6466,#6816,.T.);
#5521=EDGE_CURVE('',#6177,#6467,#6817,.T.);
#5522=EDGE_CURVE('',#6467,#6316,#807,.T.);
#5523=EDGE_CURVE('',#6437,#6313,#6818,.T.);
#5524=EDGE_CURVE('',#6455,#6095,#808,.T.);
#5525=EDGE_CURVE('',#6094,#6456,#809,.T.);
#5526=EDGE_CURVE('',#6468,#6469,#810,.T.);
#5527=EDGE_CURVE('',#6469,#6422,#811,.T.);
#5528=EDGE_CURVE('',#6468,#6421,#812,.T.);
#5529=EDGE_CURVE('',#6469,#6096,#813,.T.);
#5530=EDGE_CURVE('',#6093,#6468,#814,.T.);
#5531=EDGE_CURVE('',#6454,#6014,#815,.T.);
#5532=EDGE_CURVE('',#6013,#6453,#816,.T.);
#5533=EDGE_CURVE('',#6012,#6470,#817,.T.);
#5534=EDGE_CURVE('',#6470,#6425,#818,.T.);
#5535=EDGE_CURVE('',#6470,#6471,#819,.T.);
#5536=EDGE_CURVE('',#6471,#6426,#820,.T.);
#5537=EDGE_CURVE('',#6471,#6015,#821,.T.);
#5538=EDGE_CURVE('',#6077,#6349,#822,.T.);
#5539=EDGE_CURVE('',#5990,#6395,#823,.T.);
#5540=EDGE_CURVE('',#5995,#6394,#824,.T.);
#5541=EDGE_CURVE('',#6072,#6338,#825,.T.);
#5542=EDGE_CURVE('',#6357,#6030,#826,.T.);
#5543=EDGE_CURVE('',#6040,#6029,#827,.T.);
#5544=EDGE_CURVE('',#6024,#6034,#828,.T.);
#5545=EDGE_CURVE('',#6023,#6472,#829,.T.);
#5546=EDGE_CURVE('',#6310,#6472,#830,.T.);
#5547=EDGE_CURVE('',#5958,#5947,#831,.T.);
#5548=EDGE_CURVE('',#6473,#6311,#832,.T.);
#5549=EDGE_CURVE('',#6473,#5948,#833,.T.);
#5550=EDGE_CURVE('',#5942,#5952,#834,.T.);
#5551=EDGE_CURVE('',#5941,#6383,#835,.T.);
#5552=EDGE_CURVE('',#6474,#6475,#836,.T.);
#5553=EDGE_CURVE('',#6476,#6474,#837,.T.);
#5554=EDGE_CURVE('',#6477,#6476,#838,.T.);
#5555=EDGE_CURVE('',#6478,#6477,#839,.T.);
#5556=EDGE_CURVE('',#6479,#6478,#840,.T.);
#5557=EDGE_CURVE('',#6475,#6479,#841,.T.);
#5558=EDGE_CURVE('',#6245,#6480,#842,.T.);
#5559=EDGE_CURVE('',#6480,#6481,#843,.T.);
#5560=EDGE_CURVE('',#6481,#6248,#844,.T.);
#5561=EDGE_CURVE('',#6480,#6482,#845,.T.);
#5562=EDGE_CURVE('',#6483,#6482,#846,.T.);
#5563=EDGE_CURVE('',#6483,#6481,#847,.T.);
#5564=EDGE_CURVE('',#6249,#6483,#848,.T.);
#5565=EDGE_CURVE('',#6482,#6247,#849,.T.);
#5566=EDGE_CURVE('',#6246,#6250,#850,.T.);
#5567=EDGE_CURVE('',#6484,#6485,#851,.T.);
#5568=EDGE_CURVE('',#6485,#6486,#852,.T.);
#5569=EDGE_CURVE('',#6486,#6487,#853,.T.);
#5570=EDGE_CURVE('',#6487,#6488,#854,.T.);
#5571=EDGE_CURVE('',#6488,#6489,#855,.T.);
#5572=EDGE_CURVE('',#6489,#6484,#856,.T.);
#5573=EDGE_CURVE('',#6474,#6488,#857,.T.);
#5574=EDGE_CURVE('',#6489,#6475,#858,.T.);
#5575=EDGE_CURVE('',#6484,#6479,#859,.T.);
#5576=EDGE_CURVE('',#6476,#6487,#860,.T.);
#5577=EDGE_CURVE('',#6485,#6478,#861,.T.);
#5578=EDGE_CURVE('',#6477,#6486,#862,.T.);
#5579=EDGE_CURVE('',#6490,#6491,#863,.T.);
#5580=EDGE_CURVE('',#6490,#6492,#864,.T.);
#5581=EDGE_CURVE('',#6492,#6493,#865,.T.);
#5582=EDGE_CURVE('',#6493,#6494,#866,.T.);
#5583=EDGE_CURVE('',#6495,#6494,#867,.T.);
#5584=EDGE_CURVE('',#6495,#6496,#868,.T.);
#5585=EDGE_CURVE('',#6496,#6497,#869,.T.);
#5586=EDGE_CURVE('',#6497,#6498,#870,.T.);
#5587=EDGE_CURVE('',#6499,#6498,#871,.T.);
#5588=EDGE_CURVE('',#6499,#6500,#872,.T.);
#5589=EDGE_CURVE('',#6500,#6501,#873,.T.);
#5590=EDGE_CURVE('',#6501,#6502,#874,.T.);
#5591=EDGE_CURVE('',#6503,#6502,#875,.T.);
#5592=EDGE_CURVE('',#6503,#6504,#876,.T.);
#5593=EDGE_CURVE('',#6504,#6505,#877,.T.);
#5594=EDGE_CURVE('',#6505,#6506,#878,.T.);
#5595=EDGE_CURVE('',#6506,#6507,#879,.T.);
#5596=EDGE_CURVE('',#6507,#6508,#880,.T.);
#5597=EDGE_CURVE('',#6508,#6509,#881,.T.);
#5598=EDGE_CURVE('',#6509,#6510,#882,.T.);
#5599=EDGE_CURVE('',#6510,#6511,#6819,.T.);
#5600=EDGE_CURVE('',#6511,#6512,#883,.T.);
#5601=EDGE_CURVE('',#6513,#6512,#884,.T.);
#5602=EDGE_CURVE('',#6513,#6514,#885,.T.);
#5603=EDGE_CURVE('',#6514,#6515,#6820,.T.);
#5604=EDGE_CURVE('',#6515,#6516,#886,.T.);
#5605=EDGE_CURVE('',#6516,#6517,#6821,.T.);
#5606=EDGE_CURVE('',#6517,#6518,#887,.T.);
#5607=EDGE_CURVE('',#6519,#6518,#888,.T.);
#5608=EDGE_CURVE('',#6519,#6520,#889,.T.);
#5609=EDGE_CURVE('',#6520,#6521,#6822,.T.);
#5610=EDGE_CURVE('',#6521,#6522,#890,.T.);
#5611=EDGE_CURVE('',#6522,#6523,#891,.T.);
#5612=EDGE_CURVE('',#6523,#6524,#892,.T.);
#5613=EDGE_CURVE('',#6524,#6525,#893,.T.);
#5614=EDGE_CURVE('',#6525,#6153,#894,.T.);
#5615=EDGE_CURVE('',#6152,#6491,#895,.T.);
#5616=EDGE_CURVE('',#6490,#6526,#896,.T.);
#5617=EDGE_CURVE('',#6491,#6114,#897,.T.);
#5618=EDGE_CURVE('',#6503,#6113,#898,.T.);
#5619=EDGE_CURVE('',#6527,#6502,#899,.T.);
#5620=EDGE_CURVE('',#6527,#6528,#900,.T.);
#5621=EDGE_CURVE('',#6499,#6528,#901,.T.);
#5622=EDGE_CURVE('',#6529,#6498,#902,.T.);
#5623=EDGE_CURVE('',#6529,#6530,#903,.T.);
#5624=EDGE_CURVE('',#6495,#6530,#904,.T.);
#5625=EDGE_CURVE('',#6531,#6494,#905,.T.);
#5626=EDGE_CURVE('',#6531,#6526,#906,.T.);
#5627=EDGE_CURVE('',#6532,#6533,#907,.T.);
#5628=EDGE_CURVE('',#6532,#6534,#908,.T.);
#5629=EDGE_CURVE('',#6534,#6269,#909,.T.);
#5630=EDGE_CURVE('',#6268,#6284,#6823,.T.);
#5631=EDGE_CURVE('',#6472,#6535,#910,.T.);
#5632=EDGE_CURVE('',#6536,#6535,#911,.T.);
#5633=EDGE_CURVE('',#6536,#6537,#912,.T.);
#5634=EDGE_CURVE('',#6538,#6537,#913,.T.);
#5635=EDGE_CURVE('',#6538,#6539,#914,.T.);
#5636=EDGE_CURVE('',#6540,#6539,#915,.T.);
#5637=EDGE_CURVE('',#6540,#6533,#916,.T.);
#5638=EDGE_CURVE('',#6541,#6542,#917,.T.);
#5639=EDGE_CURVE('',#6543,#6542,#918,.T.);
#5640=EDGE_CURVE('',#6544,#6543,#919,.T.);
#5641=EDGE_CURVE('',#6545,#6544,#920,.T.);
#5642=EDGE_CURVE('',#6546,#6545,#921,.T.);
#5643=EDGE_CURVE('',#6547,#6546,#922,.T.);
#5644=EDGE_CURVE('',#6547,#6548,#923,.T.);
#5645=EDGE_CURVE('',#6548,#6549,#6824,.T.);
#5646=EDGE_CURVE('',#6549,#6550,#924,.T.);
#5647=EDGE_CURVE('',#6550,#6541,#6825,.T.);
#5648=EDGE_CURVE('',#6551,#6546,#925,.T.);
#5649=EDGE_CURVE('',#6551,#6552,#926,.T.);
#5650=EDGE_CURVE('',#6543,#6552,#927,.T.);
#5651=EDGE_CURVE('',#6542,#6553,#928,.T.);
#5652=EDGE_CURVE('',#6553,#6271,#929,.T.);
#5653=EDGE_CURVE('',#6270,#6554,#930,.T.);
#5654=EDGE_CURVE('',#6547,#6554,#931,.T.);
#5655=EDGE_CURVE('',#6555,#6556,#932,.T.);
#5656=EDGE_CURVE('',#6556,#6557,#933,.T.);
#5657=EDGE_CURVE('',#6558,#6557,#934,.T.);
#5658=EDGE_CURVE('',#6559,#6558,#935,.T.);
#5659=EDGE_CURVE('',#6560,#6559,#936,.T.);
#5660=EDGE_CURVE('',#6561,#6560,#937,.T.);
#5661=EDGE_CURVE('',#6562,#6561,#938,.T.);
#5662=EDGE_CURVE('',#6562,#6563,#939,.T.);
#5663=EDGE_CURVE('',#6563,#6555,#6826,.T.);
#5664=EDGE_CURVE('',#6558,#6564,#940,.T.);
#5665=EDGE_CURVE('',#6565,#6557,#941,.T.);
#5666=EDGE_CURVE('',#6566,#6565,#942,.T.);
#5667=EDGE_CURVE('',#6566,#6567,#943,.T.);
#5668=EDGE_CURVE('',#6567,#6473,#944,.T.);
#5669=EDGE_CURVE('',#6281,#6273,#6827,.T.);
#5670=EDGE_CURVE('',#6562,#6272,#945,.T.);
#5671=EDGE_CURVE('',#6568,#6561,#946,.T.);
#5672=EDGE_CURVE('',#6568,#6564,#947,.T.);
#5673=EDGE_CURVE('',#6569,#6518,#948,.T.);
#5674=EDGE_CURVE('',#6569,#6570,#949,.T.);
#5675=EDGE_CURVE('',#6570,#6519,#950,.T.);
#5676=EDGE_CURVE('',#6571,#6512,#951,.T.);
#5677=EDGE_CURVE('',#6571,#6572,#952,.T.);
#5678=EDGE_CURVE('',#6572,#6513,#953,.T.);
#5679=EDGE_CURVE('',#6565,#6573,#954,.T.);
#5680=EDGE_CURVE('',#6574,#6556,#955,.T.);
#5681=EDGE_CURVE('',#6574,#6575,#956,.T.);
#5682=EDGE_CURVE('',#6575,#6573,#957,.T.);
#5683=EDGE_CURVE('',#6574,#6509,#958,.T.);
#5684=EDGE_CURVE('',#6508,#6575,#959,.T.);
#5685=EDGE_CURVE('',#6538,#6576,#960,.T.);
#5686=EDGE_CURVE('',#6577,#6537,#961,.T.);
#5687=EDGE_CURVE('',#6578,#6577,#962,.T.);
#5688=EDGE_CURVE('',#6578,#6579,#963,.T.);
#5689=EDGE_CURVE('',#6576,#6579,#964,.T.);
#5690=EDGE_CURVE('',#6522,#6579,#965,.T.);
#5691=EDGE_CURVE('',#6578,#6523,#966,.T.);
#5692=EDGE_CURVE('',#6536,#6254,#967,.T.);
#5693=EDGE_CURVE('',#6535,#6251,#968,.T.);
#5694=EDGE_CURVE('',#6258,#6157,#969,.T.);
#5695=EDGE_CURVE('',#6256,#6156,#970,.T.);
#5696=EDGE_CURVE('',#6580,#6581,#971,.T.);
#5697=EDGE_CURVE('',#6581,#6259,#972,.T.);
#5698=EDGE_CURVE('',#6580,#6262,#973,.T.);
#5699=EDGE_CURVE('',#6278,#6567,#974,.T.);
#5700=EDGE_CURVE('',#6276,#6566,#975,.T.);
#5701=EDGE_CURVE('',#6504,#6582,#976,.T.);
#5702=EDGE_CURVE('',#6582,#6583,#977,.T.);
#5703=EDGE_CURVE('',#6583,#6178,#978,.T.);
#5704=EDGE_CURVE('',#6180,#6581,#979,.T.);
#5705=EDGE_CURVE('',#6584,#6580,#980,.T.);
#5706=EDGE_CURVE('',#6584,#6585,#981,.T.);
#5707=EDGE_CURVE('',#6585,#6505,#982,.T.);
#5708=EDGE_CURVE('',#6112,#6586,#983,.T.);
#5709=EDGE_CURVE('',#6586,#6582,#984,.T.);
#5710=EDGE_CURVE('',#6587,#6584,#985,.T.);
#5711=EDGE_CURVE('',#6587,#6588,#986,.T.);
#5712=EDGE_CURVE('',#6588,#6585,#987,.T.);
#5713=EDGE_CURVE('',#6589,#6590,#988,.T.);
#5714=EDGE_CURVE('',#6589,#6588,#989,.T.);
#5715=EDGE_CURVE('',#6590,#6587,#990,.T.);
#5716=EDGE_CURVE('',#6261,#6590,#991,.T.);
#5717=EDGE_CURVE('',#6591,#6592,#992,.T.);
#5718=EDGE_CURVE('',#6592,#6593,#993,.T.);
#5719=EDGE_CURVE('',#6593,#6594,#994,.T.);
#5720=EDGE_CURVE('',#6591,#6594,#995,.T.);
#5721=EDGE_CURVE('',#6155,#6591,#996,.T.);
#5722=EDGE_CURVE('',#6154,#6592,#997,.T.);
#5723=EDGE_CURVE('',#6594,#6255,#998,.T.);
#5724=EDGE_CURVE('',#6573,#6275,#999,.T.);
#5725=EDGE_CURVE('',#6253,#6577,#1000,.T.);
#5726=EDGE_CURVE('',#6274,#6280,#6828,.T.);
#5727=EDGE_CURVE('',#6285,#6267,#6829,.T.);
#5728=EDGE_CURVE('',#5944,#6277,#1001,.T.);
#5729=EDGE_CURVE('',#6260,#5939,#1002,.T.);
#5730=EDGE_CURVE('',#6026,#6257,#1003,.T.);
#5731=EDGE_CURVE('',#6252,#6021,#1004,.T.);
#5732=EDGE_CURVE('',#6438,#6595,#1005,.T.);
#5733=EDGE_CURVE('',#6103,#6595,#1006,.T.);
#5734=EDGE_CURVE('',#6592,#6525,#1007,.T.);
#5735=EDGE_CURVE('',#6593,#6524,#1008,.T.);
#5736=EDGE_CURVE('',#6593,#6578,#1009,.T.);
#5737=EDGE_CURVE('',#6506,#6588,#1010,.T.);
#5738=EDGE_CURVE('',#6507,#6589,#1011,.T.);
#5739=EDGE_CURVE('',#6575,#6589,#1012,.T.);
#5740=EDGE_CURVE('',#6576,#6596,#1013,.T.);
#5741=EDGE_CURVE('',#6596,#6597,#6830,.T.);
#5742=EDGE_CURVE('',#6597,#6534,#1014,.T.);
#5743=EDGE_CURVE('',#6598,#6532,#1015,.T.);
#5744=EDGE_CURVE('',#6599,#6598,#1016,.T.);
#5745=EDGE_CURVE('',#6539,#6599,#1017,.T.);
#5746=EDGE_CURVE('',#6521,#6596,#1018,.T.);
#5747=EDGE_CURVE('',#6570,#6269,#1019,.T.);
#5748=EDGE_CURVE('',#6597,#6520,#1020,.T.);
#5749=EDGE_CURVE('',#6517,#6548,#1021,.T.);
#5750=EDGE_CURVE('',#6554,#6569,#1022,.T.);
#5751=EDGE_CURVE('',#6515,#6550,#1023,.T.);
#5752=EDGE_CURVE('',#6549,#6516,#1024,.T.);
#5753=EDGE_CURVE('',#6541,#6514,#1025,.T.);
#5754=EDGE_CURVE('',#6572,#6553,#1026,.T.);
#5755=EDGE_CURVE('',#6555,#6510,#1027,.T.);
#5756=EDGE_CURVE('',#6272,#6571,#1028,.T.);
#5757=EDGE_CURVE('',#6511,#6563,#1029,.T.);
#5758=EDGE_CURVE('',#6270,#6569,#1030,.T.);
#5759=EDGE_CURVE('',#6572,#6271,#1031,.T.);
#5760=EDGE_CURVE('',#6161,#6600,#1032,.T.);
#5761=EDGE_CURVE('',#6601,#6600,#1033,.T.);
#5762=EDGE_CURVE('',#6601,#6163,#1034,.T.);
#5763=EDGE_CURVE('',#6160,#6601,#1035,.T.);
#5764=EDGE_CURVE('',#6600,#6149,#1036,.T.);
#5765=EDGE_CURVE('',#6602,#6603,#1037,.T.);
#5766=EDGE_CURVE('',#6560,#6603,#1038,.T.);
#5767=EDGE_CURVE('',#6602,#6559,#1039,.T.);
#5768=EDGE_CURVE('',#6603,#6568,#1040,.T.);
#5769=EDGE_CURVE('',#6564,#6602,#1041,.T.);
#5770=EDGE_CURVE('',#6604,#6605,#1042,.T.);
#5771=EDGE_CURVE('',#6605,#6606,#1043,.T.);
#5772=EDGE_CURVE('',#6606,#6607,#1044,.T.);
#5773=EDGE_CURVE('',#6607,#6604,#1045,.T.);
#5774=EDGE_CURVE('',#6605,#6500,#1046,.T.);
#5775=EDGE_CURVE('',#6501,#6604,#1047,.T.);
#5776=EDGE_CURVE('',#6607,#6608,#1048,.T.);
#5777=EDGE_CURVE('',#6609,#6606,#1049,.T.);
#5778=EDGE_CURVE('',#6609,#6608,#1050,.T.);
#5779=EDGE_CURVE('',#6528,#6609,#1051,.T.);
#5780=EDGE_CURVE('',#6608,#6527,#1052,.T.);
#5781=EDGE_CURVE('',#6610,#6544,#1053,.T.);
#5782=EDGE_CURVE('',#6610,#6611,#1054,.T.);
#5783=EDGE_CURVE('',#6545,#6611,#1055,.T.);
#5784=EDGE_CURVE('',#6552,#6610,#1056,.T.);
#5785=EDGE_CURVE('',#6611,#6551,#1057,.T.);
#5786=EDGE_CURVE('',#6612,#6613,#1058,.T.);
#5787=EDGE_CURVE('',#6613,#6614,#1059,.T.);
#5788=EDGE_CURVE('',#6614,#6615,#1060,.T.);
#5789=EDGE_CURVE('',#6615,#6612,#1061,.T.);
#5790=EDGE_CURVE('',#6615,#6496,#1062,.T.);
#5791=EDGE_CURVE('',#6497,#6614,#1063,.T.);
#5792=EDGE_CURVE('',#6613,#6616,#1064,.T.);
#5793=EDGE_CURVE('',#6617,#6612,#1065,.T.);
#5794=EDGE_CURVE('',#6617,#6616,#1066,.T.);
#5795=EDGE_CURVE('',#6616,#6529,#1067,.T.);
#5796=EDGE_CURVE('',#6530,#6617,#1068,.T.);
#5797=EDGE_CURVE('',#6618,#6598,#1069,.T.);
#5798=EDGE_CURVE('',#6618,#6619,#1070,.T.);
#5799=EDGE_CURVE('',#6599,#6619,#1071,.T.);
#5800=EDGE_CURVE('',#6619,#6540,#1072,.T.);
#5801=EDGE_CURVE('',#6533,#6618,#1073,.T.);
#5802=EDGE_CURVE('',#6620,#6621,#1074,.T.);
#5803=EDGE_CURVE('',#6621,#6622,#1075,.T.);
#5804=EDGE_CURVE('',#6622,#6623,#1076,.T.);
#5805=EDGE_CURVE('',#6623,#6620,#1077,.T.);
#5806=EDGE_CURVE('',#6621,#6492,#1078,.T.);
#5807=EDGE_CURVE('',#6493,#6620,#1079,.T.);
#5808=EDGE_CURVE('',#6623,#6624,#1080,.T.);
#5809=EDGE_CURVE('',#6625,#6622,#1081,.T.);
#5810=EDGE_CURVE('',#6625,#6624,#1082,.T.);
#5811=EDGE_CURVE('',#6624,#6531,#1083,.T.);
#5812=EDGE_CURVE('',#6526,#6625,#1084,.T.);
#5813=EDGE_CURVE('',#6096,#6093,#1085,.T.);
#5814=EDGE_CURVE('',#6015,#6012,#1086,.T.);
#5815=EDGE_CURVE('',#6135,#6108,#1087,.T.);
#5816=EDGE_CURVE('',#6172,#6109,#1088,.T.);
#5817=EDGE_CURVE('',#6176,#6110,#1089,.T.);
#5818=EDGE_CURVE('',#6165,#6111,#1090,.T.);
#5819=EDGE_CURVE('',#6595,#6119,#1091,.T.);
#5820=EDGE_CURVE('',#6123,#6368,#1092,.T.);
#5821=EDGE_CURVE('',#6431,#6440,#1093,.T.);
#5822=EDGE_CURVE('',#6626,#6467,#1094,.T.);
#5823=EDGE_CURVE('',#6626,#6586,#1095,.T.);
#5824=EDGE_CURVE('',#6458,#6429,#1096,.T.);
#5825=EDGE_CURVE('',#6583,#6626,#1097,.T.);
#5826=EDGE_CURVE('',#6457,#6418,#1098,.T.);
#5827=EDGE_CURVE('',#6051,#6627,#1099,.T.);
#5828=EDGE_CURVE('',#6627,#6084,#1100,.T.);
#5829=EDGE_CURVE('',#6628,#6058,#1101,.T.);
#5830=EDGE_CURVE('',#6088,#6628,#1102,.T.);
#5831=EDGE_CURVE('',#6629,#6031,#1103,.T.);
#5832=EDGE_CURVE('',#6099,#6253,#1104,.T.);
#5833=EDGE_CURVE('',#6252,#6629,#1105,.T.);
#5834=EDGE_CURVE('',#6255,#6101,#1106,.T.);
#5835=EDGE_CURVE('',#6628,#6593,#1107,.T.);
#5836=EDGE_CURVE('',#6627,#6578,#1108,.T.);
#5837=EDGE_CURVE('',#6630,#6026,#1109,.T.);
#5838=EDGE_CURVE('',#6042,#6630,#1110,.T.);
#5839=EDGE_CURVE('',#6630,#6257,#1111,.T.);
#5840=EDGE_CURVE('',#6629,#6021,#1112,.T.);
#5841=EDGE_CURVE('',#6002,#6631,#1113,.T.);
#5842=EDGE_CURVE('',#6631,#5977,#1114,.T.);
#5843=EDGE_CURVE('',#5967,#6632,#1115,.T.);
#5844=EDGE_CURVE('',#6632,#6006,#1116,.T.);
#5845=EDGE_CURVE('',#5960,#6633,#1117,.T.);
#5846=EDGE_CURVE('',#6633,#6277,#1118,.T.);
#5847=EDGE_CURVE('',#6275,#6017,#1119,.T.);
#5848=EDGE_CURVE('',#6631,#6575,#1120,.T.);
#5849=EDGE_CURVE('',#6632,#6589,#1121,.T.);
#5850=EDGE_CURVE('',#6019,#6261,#1122,.T.);
#5851=EDGE_CURVE('',#6633,#5944,#1123,.T.);
#5852=EDGE_CURVE('',#6634,#5939,#1124,.T.);
#5853=EDGE_CURVE('',#6260,#6634,#1125,.T.);
#5854=EDGE_CURVE('',#6634,#5949,#1126,.T.);
#5855=EDGE_CURVE('',#6635,#6636,#1127,.T.);
#5856=EDGE_CURVE('',#6635,#6637,#1128,.T.);
#5857=EDGE_CURVE('',#6637,#6638,#1129,.T.);
#5858=EDGE_CURVE('',#6639,#6638,#1130,.T.);
#5859=EDGE_CURVE('',#6636,#6639,#1131,.T.);
#5860=EDGE_CURVE('',#6640,#6641,#1132,.T.);
#5861=EDGE_CURVE('',#6637,#6641,#1133,.T.);
#5862=EDGE_CURVE('',#6635,#6642,#1134,.T.);
#5863=EDGE_CURVE('',#6642,#6640,#1135,.T.);
#5864=EDGE_CURVE('',#6641,#6638,#1136,.T.);
#5865=EDGE_CURVE('',#6640,#6639,#1137,.T.);
#5866=EDGE_CURVE('',#6642,#6636,#1138,.T.);
#5867=EDGE_CURVE('',#6643,#6644,#1139,.T.);
#5868=EDGE_CURVE('',#6645,#6643,#1140,.T.);
#5869=EDGE_CURVE('',#6645,#6646,#1141,.T.);
#5870=EDGE_CURVE('',#6646,#6647,#1142,.T.);
#5871=EDGE_CURVE('',#6644,#6647,#1143,.T.);
#5872=EDGE_CURVE('',#6648,#6646,#1144,.T.);
#5873=EDGE_CURVE('',#6648,#6649,#1145,.T.);
#5874=EDGE_CURVE('',#6649,#6650,#1146,.T.);
#5875=EDGE_CURVE('',#6650,#6647,#1147,.T.);
#5876=EDGE_CURVE('',#6645,#6648,#1148,.T.);
#5877=EDGE_CURVE('',#6643,#6649,#1149,.T.);
#5878=EDGE_CURVE('',#6644,#6650,#1150,.T.);
#5879=EDGE_CURVE('',#6651,#6652,#6831,.T.);
#5880=EDGE_CURVE('',#6653,#6651,#1151,.T.);
#5881=EDGE_CURVE('',#6653,#6652,#1152,.T.);
#5882=EDGE_CURVE('',#6654,#6653,#1153,.T.);
#5883=EDGE_CURVE('',#6653,#6655,#1154,.T.);
#5884=EDGE_CURVE('',#6655,#6656,#30,.F.);
#5885=EDGE_CURVE('',#6654,#6656,#6832,.T.);
#5886=EDGE_CURVE('',#6657,#6658,#31,.T.);
#5887=EDGE_CURVE('',#6658,#6651,#1155,.T.);
#5888=EDGE_CURVE('',#6652,#6657,#1156,.T.);
#5889=EDGE_CURVE('',#6659,#6658,#32,.T.);
#5890=EDGE_CURVE('',#6659,#6658,#33,.T.);
#5891=EDGE_CURVE('',#6660,#6657,#6833,.T.);
#5892=EDGE_CURVE('',#6654,#6660,#6834,.T.);
#5893=EDGE_CURVE('',#6661,#6654,#6835,.T.);
#5894=EDGE_CURVE('',#6661,#6659,#1157,.T.);
#5895=EDGE_CURVE('',#6662,#6656,#6836,.T.);
#5896=EDGE_CURVE('',#6662,#6661,#34,.F.);
#5897=EDGE_CURVE('',#6653,#6660,#1158,.T.);
#5898=EDGE_CURVE('',#6655,#6659,#1159,.T.);
#5899=EDGE_CURVE('',#6662,#6655,#1160,.T.);
#5900=EDGE_CURVE('',#6663,#6664,#6837,.T.);
#5901=EDGE_CURVE('',#6665,#6663,#6838,.T.);
#5902=EDGE_CURVE('',#6666,#6665,#6839,.T.);
#5903=EDGE_CURVE('',#6667,#6666,#35,.T.);
#5904=EDGE_CURVE('',#6668,#6667,#1161,.T.);
#5905=EDGE_CURVE('',#6664,#6668,#6840,.T.);
#5906=EDGE_CURVE('',#6669,#6670,#20,.T.);
#5907=EDGE_CURVE('',#6669,#6670,#36,.T.);
#5908=EDGE_CURVE('',#6671,#6672,#1162,.T.);
#5909=EDGE_CURVE('',#6673,#6671,#6841,.T.);
#5910=EDGE_CURVE('',#6673,#6674,#1163,.T.);
#5911=EDGE_CURVE('',#6675,#6674,#6842,.T.);
#5912=EDGE_CURVE('',#6672,#6675,#1164,.T.);
#5913=EDGE_CURVE('',#6669,#6664,#6843,.T.);
#5914=EDGE_CURVE('',#6669,#6673,#1165,.T.);
#5915=EDGE_CURVE('',#6671,#6664,#1166,.T.);
#5916=EDGE_CURVE('',#6670,#6668,#1167,.T.);
#5917=EDGE_CURVE('',#6674,#6666,#1168,.T.);
#5918=EDGE_CURVE('',#6665,#6675,#1169,.T.);
#5919=EDGE_CURVE('',#6667,#6666,#37,.T.);
#5920=EDGE_CURVE('',#6663,#6672,#1170,.T.);
#5921=EDGE_CURVE('',#6669,#6667,#1171,.T.);
#5922=VERTEX_POINT('',#11912);
#5923=VERTEX_POINT('',#11914);
#5924=VERTEX_POINT('',#11915);
#5925=VERTEX_POINT('',#11919);
#5926=VERTEX_POINT('',#11921);
#5927=VERTEX_POINT('',#11922);
#5928=VERTEX_POINT('',#11926);
#5929=VERTEX_POINT('',#11928);
#5930=VERTEX_POINT('',#11929);
#5931=VERTEX_POINT('',#11933);
#5932=VERTEX_POINT('',#11935);
#5933=VERTEX_POINT('',#11936);
#5934=VERTEX_POINT('',#11940);
#5935=VERTEX_POINT('',#11942);
#5936=VERTEX_POINT('',#11943);
#5937=VERTEX_POINT('',#11947);
#5938=VERTEX_POINT('',#11949);
#5939=VERTEX_POINT('',#11952);
#5940=VERTEX_POINT('',#11953);
#5941=VERTEX_POINT('',#11955);
#5942=VERTEX_POINT('',#11957);
#5943=VERTEX_POINT('',#11959);
#5944=VERTEX_POINT('',#11963);
#5945=VERTEX_POINT('',#11964);
#5946=VERTEX_POINT('',#11966);
#5947=VERTEX_POINT('',#11968);
#5948=VERTEX_POINT('',#11970);
#5949=VERTEX_POINT('',#11974);
#5950=VERTEX_POINT('',#11975);
#5951=VERTEX_POINT('',#11977);
#5952=VERTEX_POINT('',#11979);
#5953=VERTEX_POINT('',#11981);
#5954=VERTEX_POINT('',#11983);
#5955=VERTEX_POINT('',#11985);
#5956=VERTEX_POINT('',#11987);
#5957=VERTEX_POINT('',#11989);
#5958=VERTEX_POINT('',#11993);
#5959=VERTEX_POINT('',#11994);
#5960=VERTEX_POINT('',#11996);
#5961=VERTEX_POINT('',#11998);
#5962=VERTEX_POINT('',#12000);
#5963=VERTEX_POINT('',#12002);
#5964=VERTEX_POINT('',#12004);
#5965=VERTEX_POINT('',#12006);
#5966=VERTEX_POINT('',#12008);
#5967=VERTEX_POINT('',#12012);
#5968=VERTEX_POINT('',#12013);
#5969=VERTEX_POINT('',#12015);
#5970=VERTEX_POINT('',#12017);
#5971=VERTEX_POINT('',#12019);
#5972=VERTEX_POINT('',#12021);
#5973=VERTEX_POINT('',#12023);
#5974=VERTEX_POINT('',#12025);
#5975=VERTEX_POINT('',#12027);
#5976=VERTEX_POINT('',#12031);
#5977=VERTEX_POINT('',#12032);
#5978=VERTEX_POINT('',#12034);
#5979=VERTEX_POINT('',#12036);
#5980=VERTEX_POINT('',#12038);
#5981=VERTEX_POINT('',#12040);
#5982=VERTEX_POINT('',#12042);
#5983=VERTEX_POINT('',#12044);
#5984=VERTEX_POINT('',#12046);
#5985=VERTEX_POINT('',#12050);
#5986=VERTEX_POINT('',#12051);
#5987=VERTEX_POINT('',#12053);
#5988=VERTEX_POINT('',#12055);
#5989=VERTEX_POINT('',#12057);
#5990=VERTEX_POINT('',#12059);
#5991=VERTEX_POINT('',#12063);
#5992=VERTEX_POINT('',#12064);
#5993=VERTEX_POINT('',#12066);
#5994=VERTEX_POINT('',#12068);
#5995=VERTEX_POINT('',#12070);
#5996=VERTEX_POINT('',#12072);
#5997=VERTEX_POINT('',#12076);
#5998=VERTEX_POINT('',#12077);
#5999=VERTEX_POINT('',#12079);
#6000=VERTEX_POINT('',#12081);
#6001=VERTEX_POINT('',#12083);
#6002=VERTEX_POINT('',#12087);
#6003=VERTEX_POINT('',#12089);
#6004=VERTEX_POINT('',#12091);
#6005=VERTEX_POINT('',#12093);
#6006=VERTEX_POINT('',#12097);
#6007=VERTEX_POINT('',#12098);
#6008=VERTEX_POINT('',#12101);
#6009=VERTEX_POINT('',#12103);
#6010=VERTEX_POINT('',#12113);
#6011=VERTEX_POINT('',#12115);
#6012=VERTEX_POINT('',#12118);
#6013=VERTEX_POINT('',#12120);
#6014=VERTEX_POINT('',#12122);
#6015=VERTEX_POINT('',#12124);
#6016=VERTEX_POINT('',#12127);
#6017=VERTEX_POINT('',#12131);
#6018=VERTEX_POINT('',#12133);
#6019=VERTEX_POINT('',#12138);
#6020=VERTEX_POINT('',#12141);
#6021=VERTEX_POINT('',#12145);
#6022=VERTEX_POINT('',#12146);
#6023=VERTEX_POINT('',#12148);
#6024=VERTEX_POINT('',#12150);
#6025=VERTEX_POINT('',#12152);
#6026=VERTEX_POINT('',#12156);
#6027=VERTEX_POINT('',#12157);
#6028=VERTEX_POINT('',#12159);
#6029=VERTEX_POINT('',#12161);
#6030=VERTEX_POINT('',#12163);
#6031=VERTEX_POINT('',#12167);
#6032=VERTEX_POINT('',#12168);
#6033=VERTEX_POINT('',#12170);
#6034=VERTEX_POINT('',#12172);
#6035=VERTEX_POINT('',#12174);
#6036=VERTEX_POINT('',#12176);
#6037=VERTEX_POINT('',#12178);
#6038=VERTEX_POINT('',#12180);
#6039=VERTEX_POINT('',#12182);
#6040=VERTEX_POINT('',#12186);
#6041=VERTEX_POINT('',#12187);
#6042=VERTEX_POINT('',#12189);
#6043=VERTEX_POINT('',#12191);
#6044=VERTEX_POINT('',#12193);
#6045=VERTEX_POINT('',#12195);
#6046=VERTEX_POINT('',#12197);
#6047=VERTEX_POINT('',#12199);
#6048=VERTEX_POINT('',#12201);
#6049=VERTEX_POINT('',#12205);
#6050=VERTEX_POINT('',#12206);
#6051=VERTEX_POINT('',#12208);
#6052=VERTEX_POINT('',#12210);
#6053=VERTEX_POINT('',#12212);
#6054=VERTEX_POINT('',#12214);
#6055=VERTEX_POINT('',#12216);
#6056=VERTEX_POINT('',#12218);
#6057=VERTEX_POINT('',#12220);
#6058=VERTEX_POINT('',#12224);
#6059=VERTEX_POINT('',#12225);
#6060=VERTEX_POINT('',#12227);
#6061=VERTEX_POINT('',#12229);
#6062=VERTEX_POINT('',#12231);
#6063=VERTEX_POINT('',#12233);
#6064=VERTEX_POINT('',#12235);
#6065=VERTEX_POINT('',#12237);
#6066=VERTEX_POINT('',#12239);
#6067=VERTEX_POINT('',#12243);
#6068=VERTEX_POINT('',#12244);
#6069=VERTEX_POINT('',#12246);
#6070=VERTEX_POINT('',#12248);
#6071=VERTEX_POINT('',#12250);
#6072=VERTEX_POINT('',#12252);
#6073=VERTEX_POINT('',#12256);
#6074=VERTEX_POINT('',#12257);
#6075=VERTEX_POINT('',#12259);
#6076=VERTEX_POINT('',#12261);
#6077=VERTEX_POINT('',#12263);
#6078=VERTEX_POINT('',#12265);
#6079=VERTEX_POINT('',#12269);
#6080=VERTEX_POINT('',#12270);
#6081=VERTEX_POINT('',#12272);
#6082=VERTEX_POINT('',#12274);
#6083=VERTEX_POINT('',#12276);
#6084=VERTEX_POINT('',#12280);
#6085=VERTEX_POINT('',#12281);
#6086=VERTEX_POINT('',#12284);
#6087=VERTEX_POINT('',#12286);
#6088=VERTEX_POINT('',#12290);
#6089=VERTEX_POINT('',#12292);
#6090=VERTEX_POINT('',#12294);
#6091=VERTEX_POINT('',#12296);
#6092=VERTEX_POINT('',#12303);
#6093=VERTEX_POINT('',#12306);
#6094=VERTEX_POINT('',#12308);
#6095=VERTEX_POINT('',#12310);
#6096=VERTEX_POINT('',#12312);
#6097=VERTEX_POINT('',#12315);
#6098=VERTEX_POINT('',#12317);
#6099=VERTEX_POINT('',#12324);
#6100=VERTEX_POINT('',#12327);
#6101=VERTEX_POINT('',#12331);
#6102=VERTEX_POINT('',#12333);
#6103=VERTEX_POINT('',#12338);
#6104=VERTEX_POINT('',#12339);
#6105=VERTEX_POINT('',#12341);
#6106=VERTEX_POINT('',#12343);
#6107=VERTEX_POINT('',#12345);
#6108=VERTEX_POINT('',#12347);
#6109=VERTEX_POINT('',#12349);
#6110=VERTEX_POINT('',#12351);
#6111=VERTEX_POINT('',#12353);
#6112=VERTEX_POINT('',#12355);
#6113=VERTEX_POINT('',#12357);
#6114=VERTEX_POINT('',#12359);
#6115=VERTEX_POINT('',#12363);
#6116=VERTEX_POINT('',#12365);
#6117=VERTEX_POINT('',#12369);
#6118=VERTEX_POINT('',#12370);
#6119=VERTEX_POINT('',#12372);
#6120=VERTEX_POINT('',#12374);
#6121=VERTEX_POINT('',#12378);
#6122=VERTEX_POINT('',#12379);
#6123=VERTEX_POINT('',#12381);
#6124=VERTEX_POINT('',#12383);
#6125=VERTEX_POINT('',#12385);
#6126=VERTEX_POINT('',#12389);
#6127=VERTEX_POINT('',#12390);
#6128=VERTEX_POINT('',#12393);
#6129=VERTEX_POINT('',#12395);
#6130=VERTEX_POINT('',#12397);
#6131=VERTEX_POINT('',#12399);
#6132=VERTEX_POINT('',#12403);
#6133=VERTEX_POINT('',#12405);
#6134=VERTEX_POINT('',#12407);
#6135=VERTEX_POINT('',#12409);
#6136=VERTEX_POINT('',#12411);
#6137=VERTEX_POINT('',#12413);
#6138=VERTEX_POINT('',#12417);
#6139=VERTEX_POINT('',#12421);
#6140=VERTEX_POINT('',#12425);
#6141=VERTEX_POINT('',#12427);
#6142=VERTEX_POINT('',#12431);
#6143=VERTEX_POINT('',#12433);
#6144=VERTEX_POINT('',#12437);
#6145=VERTEX_POINT('',#12439);
#6146=VERTEX_POINT('',#12444);
#6147=VERTEX_POINT('',#12449);
#6148=VERTEX_POINT('',#12451);
#6149=VERTEX_POINT('',#12457);
#6150=VERTEX_POINT('',#12458);
#6151=VERTEX_POINT('',#12460);
#6152=VERTEX_POINT('',#12462);
#6153=VERTEX_POINT('',#12464);
#6154=VERTEX_POINT('',#12466);
#6155=VERTEX_POINT('',#12468);
#6156=VERTEX_POINT('',#12470);
#6157=VERTEX_POINT('',#12472);
#6158=VERTEX_POINT('',#12474);
#6159=VERTEX_POINT('',#12476);
#6160=VERTEX_POINT('',#12478);
#6161=VERTEX_POINT('',#12482);
#6162=VERTEX_POINT('',#12483);
#6163=VERTEX_POINT('',#12485);
#6164=VERTEX_POINT('',#12488);
#6165=VERTEX_POINT('',#12492);
#6166=VERTEX_POINT('',#12493);
#6167=VERTEX_POINT('',#12495);
#6168=VERTEX_POINT('',#12497);
#6169=VERTEX_POINT('',#12501);
#6170=VERTEX_POINT('',#12503);
#6171=VERTEX_POINT('',#12505);
#6172=VERTEX_POINT('',#12509);
#6173=VERTEX_POINT('',#12511);
#6174=VERTEX_POINT('',#12513);
#6175=VERTEX_POINT('',#12515);
#6176=VERTEX_POINT('',#12518);
#6177=VERTEX_POINT('',#12524);
#6178=VERTEX_POINT('',#12525);
#6179=VERTEX_POINT('',#12527);
#6180=VERTEX_POINT('',#12529);
#6181=VERTEX_POINT('',#12533);
#6182=VERTEX_POINT('',#12534);
#6183=VERTEX_POINT('',#12536);
#6184=VERTEX_POINT('',#12538);
#6185=VERTEX_POINT('',#12542);
#6186=VERTEX_POINT('',#12543);
#6187=VERTEX_POINT('',#12545);
#6188=VERTEX_POINT('',#12547);
#6189=VERTEX_POINT('',#12549);
#6190=VERTEX_POINT('',#12551);
#6191=VERTEX_POINT('',#12553);
#6192=VERTEX_POINT('',#12555);
#6193=VERTEX_POINT('',#12557);
#6194=VERTEX_POINT('',#12559);
#6195=VERTEX_POINT('',#12561);
#6196=VERTEX_POINT('',#12563);
#6197=VERTEX_POINT('',#12565);
#6198=VERTEX_POINT('',#12567);
#6199=VERTEX_POINT('',#12569);
#6200=VERTEX_POINT('',#12571);
#6201=VERTEX_POINT('',#12573);
#6202=VERTEX_POINT('',#12575);
#6203=VERTEX_POINT('',#12577);
#6204=VERTEX_POINT('',#12579);
#6205=VERTEX_POINT('',#12581);
#6206=VERTEX_POINT('',#12583);
#6207=VERTEX_POINT('',#12585);
#6208=VERTEX_POINT('',#12587);
#6209=VERTEX_POINT('',#12589);
#6210=VERTEX_POINT('',#12591);
#6211=VERTEX_POINT('',#12595);
#6212=VERTEX_POINT('',#12597);
#6213=VERTEX_POINT('',#12599);
#6214=VERTEX_POINT('',#12601);
#6215=VERTEX_POINT('',#12603);
#6216=VERTEX_POINT('',#12605);
#6217=VERTEX_POINT('',#12607);
#6218=VERTEX_POINT('',#12611);
#6219=VERTEX_POINT('',#12613);
#6220=VERTEX_POINT('',#12615);
#6221=VERTEX_POINT('',#12617);
#6222=VERTEX_POINT('',#12619);
#6223=VERTEX_POINT('',#12621);
#6224=VERTEX_POINT('',#12623);
#6225=VERTEX_POINT('',#12627);
#6226=VERTEX_POINT('',#12628);
#6227=VERTEX_POINT('',#12630);
#6228=VERTEX_POINT('',#12632);
#6229=VERTEX_POINT('',#12634);
#6230=VERTEX_POINT('',#12638);
#6231=VERTEX_POINT('',#12639);
#6232=VERTEX_POINT('',#12641);
#6233=VERTEX_POINT('',#12643);
#6234=VERTEX_POINT('',#12645);
#6235=VERTEX_POINT('',#12650);
#6236=VERTEX_POINT('',#12652);
#6237=VERTEX_POINT('',#12654);
#6238=VERTEX_POINT('',#12656);
#6239=VERTEX_POINT('',#12660);
#6240=VERTEX_POINT('',#12663);
#6241=VERTEX_POINT('',#12665);
#6242=VERTEX_POINT('',#12667);
#6243=VERTEX_POINT('',#12679);
#6244=VERTEX_POINT('',#12681);
#6245=VERTEX_POINT('',#12686);
#6246=VERTEX_POINT('',#12688);
#6247=VERTEX_POINT('',#12690);
#6248=VERTEX_POINT('',#12694);
#6249=VERTEX_POINT('',#12696);
#6250=VERTEX_POINT('',#12698);
#6251=VERTEX_POINT('',#12702);
#6252=VERTEX_POINT('',#12703);
#6253=VERTEX_POINT('',#12705);
#6254=VERTEX_POINT('',#12707);
#6255=VERTEX_POINT('',#12711);
#6256=VERTEX_POINT('',#12712);
#6257=VERTEX_POINT('',#12714);
#6258=VERTEX_POINT('',#12716);
#6259=VERTEX_POINT('',#12720);
#6260=VERTEX_POINT('',#12721);
#6261=VERTEX_POINT('',#12723);
#6262=VERTEX_POINT('',#12725);
#6263=VERTEX_POINT('',#12729);
#6264=VERTEX_POINT('',#12731);
#6265=VERTEX_POINT('',#12735);
#6266=VERTEX_POINT('',#12737);
#6267=VERTEX_POINT('',#12741);
#6268=VERTEX_POINT('',#12743);
#6269=VERTEX_POINT('',#12745);
#6270=VERTEX_POINT('',#12747);
#6271=VERTEX_POINT('',#12749);
#6272=VERTEX_POINT('',#12751);
#6273=VERTEX_POINT('',#12753);
#6274=VERTEX_POINT('',#12755);
#6275=VERTEX_POINT('',#12759);
#6276=VERTEX_POINT('',#12760);
#6277=VERTEX_POINT('',#12762);
#6278=VERTEX_POINT('',#12764);
#6279=VERTEX_POINT('',#12768);
#6280=VERTEX_POINT('',#12770);
#6281=VERTEX_POINT('',#12772);
#6282=VERTEX_POINT('',#12774);
#6283=VERTEX_POINT('',#12778);
#6284=VERTEX_POINT('',#12780);
#6285=VERTEX_POINT('',#12782);
#6286=VERTEX_POINT('',#12784);
#6287=VERTEX_POINT('',#12788);
#6288=VERTEX_POINT('',#12789);
#6289=VERTEX_POINT('',#12792);
#6290=VERTEX_POINT('',#12794);
#6291=VERTEX_POINT('',#12798);
#6292=VERTEX_POINT('',#12799);
#6293=VERTEX_POINT('',#12801);
#6294=VERTEX_POINT('',#12803);
#6295=VERTEX_POINT('',#12808);
#6296=VERTEX_POINT('',#12809);
#6297=VERTEX_POINT('',#12811);
#6298=VERTEX_POINT('',#12813);
#6299=VERTEX_POINT('',#12818);
#6300=VERTEX_POINT('',#12819);
#6301=VERTEX_POINT('',#12822);
#6302=VERTEX_POINT('',#12824);
#6303=VERTEX_POINT('',#12828);
#6304=VERTEX_POINT('',#12830);
#6305=VERTEX_POINT('',#12834);
#6306=VERTEX_POINT('',#12836);
#6307=VERTEX_POINT('',#12844);
#6308=VERTEX_POINT('',#12848);
#6309=VERTEX_POINT('',#12852);
#6310=VERTEX_POINT('',#12856);
#6311=VERTEX_POINT('',#12860);
#6312=VERTEX_POINT('',#12864);
#6313=VERTEX_POINT('',#12888);
#6314=VERTEX_POINT('',#12890);
#6315=VERTEX_POINT('',#12894);
#6316=VERTEX_POINT('',#12895);
#6317=VERTEX_POINT('',#12897);
#6318=VERTEX_POINT('',#12901);
#6319=VERTEX_POINT('',#12902);
#6320=VERTEX_POINT('',#12904);
#6321=VERTEX_POINT('',#12906);
#6322=VERTEX_POINT('',#12910);
#6323=VERTEX_POINT('',#12911);
#6324=VERTEX_POINT('',#12913);
#6325=VERTEX_POINT('',#12915);
#6326=VERTEX_POINT('',#12919);
#6327=VERTEX_POINT('',#12920);
#6328=VERTEX_POINT('',#12926);
#6329=VERTEX_POINT('',#12928);
#6330=VERTEX_POINT('',#12932);
#6331=VERTEX_POINT('',#12934);
#6332=VERTEX_POINT('',#12938);
#6333=VERTEX_POINT('',#12939);
#6334=VERTEX_POINT('',#12944);
#6335=VERTEX_POINT('',#12945);
#6336=VERTEX_POINT('',#12947);
#6337=VERTEX_POINT('',#12949);
#6338=VERTEX_POINT('',#12956);
#6339=VERTEX_POINT('',#12958);
#6340=VERTEX_POINT('',#12960);
#6341=VERTEX_POINT('',#12962);
#6342=VERTEX_POINT('',#12964);
#6343=VERTEX_POINT('',#12966);
#6344=VERTEX_POINT('',#12970);
#6345=VERTEX_POINT('',#12972);
#6346=VERTEX_POINT('',#12974);
#6347=VERTEX_POINT('',#12976);
#6348=VERTEX_POINT('',#12978);
#6349=VERTEX_POINT('',#12980);
#6350=VERTEX_POINT('',#12985);
#6351=VERTEX_POINT('',#12987);
#6352=VERTEX_POINT('',#12991);
#6353=VERTEX_POINT('',#12993);
#6354=VERTEX_POINT('',#12997);
#6355=VERTEX_POINT('',#12999);
#6356=VERTEX_POINT('',#13003);
#6357=VERTEX_POINT('',#13005);
#6358=VERTEX_POINT('',#13009);
#6359=VERTEX_POINT('',#13011);
#6360=VERTEX_POINT('',#13013);
#6361=VERTEX_POINT('',#13015);
#6362=VERTEX_POINT('',#13017);
#6363=VERTEX_POINT('',#13022);
#6364=VERTEX_POINT('',#13023);
#6365=VERTEX_POINT('',#13025);
#6366=VERTEX_POINT('',#13027);
#6367=VERTEX_POINT('',#13029);
#6368=VERTEX_POINT('',#13031);
#6369=VERTEX_POINT('',#13033);
#6370=VERTEX_POINT('',#13035);
#6371=VERTEX_POINT('',#13037);
#6372=VERTEX_POINT('',#13040);
#6373=VERTEX_POINT('',#13044);
#6374=VERTEX_POINT('',#13045);
#6375=VERTEX_POINT('',#13047);
#6376=VERTEX_POINT('',#13051);
#6377=VERTEX_POINT('',#13053);
#6378=VERTEX_POINT('',#13055);
#6379=VERTEX_POINT('',#13057);
#6380=VERTEX_POINT('',#13059);
#6381=VERTEX_POINT('',#13061);
#6382=VERTEX_POINT('',#13063);
#6383=VERTEX_POINT('',#13068);
#6384=VERTEX_POINT('',#13070);
#6385=VERTEX_POINT('',#13072);
#6386=VERTEX_POINT('',#13075);
#6387=VERTEX_POINT('',#13077);
#6388=VERTEX_POINT('',#13081);
#6389=VERTEX_POINT('',#13083);
#6390=VERTEX_POINT('',#13087);
#6391=VERTEX_POINT('',#13089);
#6392=VERTEX_POINT('',#13093);
#6393=VERTEX_POINT('',#13095);
#6394=VERTEX_POINT('',#13102);
#6395=VERTEX_POINT('',#13105);
#6396=VERTEX_POINT('',#13107);
#6397=VERTEX_POINT('',#13109);
#6398=VERTEX_POINT('',#13111);
#6399=VERTEX_POINT('',#13113);
#6400=VERTEX_POINT('',#13115);
#6401=VERTEX_POINT('',#13125);
#6402=VERTEX_POINT('',#13127);
#6403=VERTEX_POINT('',#13129);
#6404=VERTEX_POINT('',#13131);
#6405=VERTEX_POINT('',#13133);
#6406=VERTEX_POINT('',#13137);
#6407=VERTEX_POINT('',#13139);
#6408=VERTEX_POINT('',#13143);
#6409=VERTEX_POINT('',#13144);
#6410=VERTEX_POINT('',#13149);
#6411=VERTEX_POINT('',#13150);
#6412=VERTEX_POINT('',#13152);
#6413=VERTEX_POINT('',#13154);
#6414=VERTEX_POINT('',#13158);
#6415=VERTEX_POINT('',#13160);
#6416=VERTEX_POINT('',#13167);
#6417=VERTEX_POINT('',#13168);
#6418=VERTEX_POINT('',#13174);
#6419=VERTEX_POINT('',#13175);
#6420=VERTEX_POINT('',#13178);
#6421=VERTEX_POINT('',#13180);
#6422=VERTEX_POINT('',#13182);
#6423=VERTEX_POINT('',#13184);
#6424=VERTEX_POINT('',#13193);
#6425=VERTEX_POINT('',#13195);
#6426=VERTEX_POINT('',#13197);
#6427=VERTEX_POINT('',#13199);
#6428=VERTEX_POINT('',#13202);
#6429=VERTEX_POINT('',#13204);
#6430=VERTEX_POINT('',#13207);
#6431=VERTEX_POINT('',#13212);
#6432=VERTEX_POINT('',#13217);
#6433=VERTEX_POINT('',#13219);
#6434=VERTEX_POINT('',#13221);
#6435=VERTEX_POINT('',#13227);
#6436=VERTEX_POINT('',#13228);
#6437=VERTEX_POINT('',#13230);
#6438=VERTEX_POINT('',#13237);
#6439=VERTEX_POINT('',#13264);
#6440=VERTEX_POINT('',#13272);
#6441=VERTEX_POINT('',#13277);
#6442=VERTEX_POINT('',#13279);
#6443=VERTEX_POINT('',#13286);
#6444=VERTEX_POINT('',#13288);
#6445=VERTEX_POINT('',#13300);
#6446=VERTEX_POINT('',#13304);
#6447=VERTEX_POINT('',#13313);
#6448=VERTEX_POINT('',#13320);
#6449=VERTEX_POINT('',#13336);
#6450=VERTEX_POINT('',#13343);
#6451=VERTEX_POINT('',#13358);
#6452=VERTEX_POINT('',#13362);
#6453=VERTEX_POINT('',#13373);
#6454=VERTEX_POINT('',#13375);
#6455=VERTEX_POINT('',#13379);
#6456=VERTEX_POINT('',#13381);
#6457=VERTEX_POINT('',#13388);
#6458=VERTEX_POINT('',#13392);
#6459=VERTEX_POINT('',#13408);
#6460=VERTEX_POINT('',#13409);
#6461=VERTEX_POINT('',#13414);
#6462=VERTEX_POINT('',#13415);
#6463=VERTEX_POINT('',#13425);
#6464=VERTEX_POINT('',#13427);
#6465=VERTEX_POINT('',#13431);
#6466=VERTEX_POINT('',#13433);
#6467=VERTEX_POINT('',#13440);
#6468=VERTEX_POINT('',#13457);
#6469=VERTEX_POINT('',#13458);
#6470=VERTEX_POINT('',#13470);
#6471=VERTEX_POINT('',#13474);
#6472=VERTEX_POINT('',#13496);
#6473=VERTEX_POINT('',#13501);
#6474=VERTEX_POINT('',#13508);
#6475=VERTEX_POINT('',#13509);
#6476=VERTEX_POINT('',#13511);
#6477=VERTEX_POINT('',#13513);
#6478=VERTEX_POINT('',#13515);
#6479=VERTEX_POINT('',#13517);
#6480=VERTEX_POINT('',#13520);
#6481=VERTEX_POINT('',#13522);
#6482=VERTEX_POINT('',#13526);
#6483=VERTEX_POINT('',#13528);
#6484=VERTEX_POINT('',#13539);
#6485=VERTEX_POINT('',#13540);
#6486=VERTEX_POINT('',#13542);
#6487=VERTEX_POINT('',#13544);
#6488=VERTEX_POINT('',#13546);
#6489=VERTEX_POINT('',#13548);
#6490=VERTEX_POINT('',#13565);
#6491=VERTEX_POINT('',#13566);
#6492=VERTEX_POINT('',#13568);
#6493=VERTEX_POINT('',#13570);
#6494=VERTEX_POINT('',#13572);
#6495=VERTEX_POINT('',#13574);
#6496=VERTEX_POINT('',#13576);
#6497=VERTEX_POINT('',#13578);
#6498=VERTEX_POINT('',#13580);
#6499=VERTEX_POINT('',#13582);
#6500=VERTEX_POINT('',#13584);
#6501=VERTEX_POINT('',#13586);
#6502=VERTEX_POINT('',#13588);
#6503=VERTEX_POINT('',#13590);
#6504=VERTEX_POINT('',#13592);
#6505=VERTEX_POINT('',#13594);
#6506=VERTEX_POINT('',#13596);
#6507=VERTEX_POINT('',#13598);
#6508=VERTEX_POINT('',#13600);
#6509=VERTEX_POINT('',#13602);
#6510=VERTEX_POINT('',#13604);
#6511=VERTEX_POINT('',#13606);
#6512=VERTEX_POINT('',#13608);
#6513=VERTEX_POINT('',#13610);
#6514=VERTEX_POINT('',#13612);
#6515=VERTEX_POINT('',#13614);
#6516=VERTEX_POINT('',#13616);
#6517=VERTEX_POINT('',#13618);
#6518=VERTEX_POINT('',#13620);
#6519=VERTEX_POINT('',#13622);
#6520=VERTEX_POINT('',#13624);
#6521=VERTEX_POINT('',#13626);
#6522=VERTEX_POINT('',#13628);
#6523=VERTEX_POINT('',#13630);
#6524=VERTEX_POINT('',#13632);
#6525=VERTEX_POINT('',#13634);
#6526=VERTEX_POINT('',#13639);
#6527=VERTEX_POINT('',#13643);
#6528=VERTEX_POINT('',#13645);
#6529=VERTEX_POINT('',#13648);
#6530=VERTEX_POINT('',#13650);
#6531=VERTEX_POINT('',#13653);
#6532=VERTEX_POINT('',#13657);
#6533=VERTEX_POINT('',#13658);
#6534=VERTEX_POINT('',#13660);
#6535=VERTEX_POINT('',#13664);
#6536=VERTEX_POINT('',#13666);
#6537=VERTEX_POINT('',#13668);
#6538=VERTEX_POINT('',#13670);
#6539=VERTEX_POINT('',#13672);
#6540=VERTEX_POINT('',#13674);
#6541=VERTEX_POINT('',#13678);
#6542=VERTEX_POINT('',#13679);
#6543=VERTEX_POINT('',#13681);
#6544=VERTEX_POINT('',#13683);
#6545=VERTEX_POINT('',#13685);
#6546=VERTEX_POINT('',#13687);
#6547=VERTEX_POINT('',#13689);
#6548=VERTEX_POINT('',#13691);
#6549=VERTEX_POINT('',#13693);
#6550=VERTEX_POINT('',#13695);
#6551=VERTEX_POINT('',#13699);
#6552=VERTEX_POINT('',#13701);
#6553=VERTEX_POINT('',#13704);
#6554=VERTEX_POINT('',#13707);
#6555=VERTEX_POINT('',#13711);
#6556=VERTEX_POINT('',#13712);
#6557=VERTEX_POINT('',#13714);
#6558=VERTEX_POINT('',#13716);
#6559=VERTEX_POINT('',#13718);
#6560=VERTEX_POINT('',#13720);
#6561=VERTEX_POINT('',#13722);
#6562=VERTEX_POINT('',#13724);
#6563=VERTEX_POINT('',#13726);
#6564=VERTEX_POINT('',#13730);
#6565=VERTEX_POINT('',#13732);
#6566=VERTEX_POINT('',#13734);
#6567=VERTEX_POINT('',#13736);
#6568=VERTEX_POINT('',#13741);
#6569=VERTEX_POINT('',#13745);
#6570=VERTEX_POINT('',#13747);
#6571=VERTEX_POINT('',#13751);
#6572=VERTEX_POINT('',#13753);
#6573=VERTEX_POINT('',#13757);
#6574=VERTEX_POINT('',#13759);
#6575=VERTEX_POINT('',#13761);
#6576=VERTEX_POINT('',#13768);
#6577=VERTEX_POINT('',#13770);
#6578=VERTEX_POINT('',#13772);
#6579=VERTEX_POINT('',#13774);
#6580=VERTEX_POINT('',#13787);
#6581=VERTEX_POINT('',#13788);
#6582=VERTEX_POINT('',#13796);
#6583=VERTEX_POINT('',#13798);
#6584=VERTEX_POINT('',#13802);
#6585=VERTEX_POINT('',#13804);
#6586=VERTEX_POINT('',#13808);
#6587=VERTEX_POINT('',#13812);
#6588=VERTEX_POINT('',#13814);
#6589=VERTEX_POINT('',#13818);
#6590=VERTEX_POINT('',#13819);
#6591=VERTEX_POINT('',#13826);
#6592=VERTEX_POINT('',#13827);
#6593=VERTEX_POINT('',#13829);
#6594=VERTEX_POINT('',#13831);
#6595=VERTEX_POINT('',#13856);
#6596=VERTEX_POINT('',#13872);
#6597=VERTEX_POINT('',#13874);
#6598=VERTEX_POINT('',#13877);
#6599=VERTEX_POINT('',#13879);
#6600=VERTEX_POINT('',#13915);
#6601=VERTEX_POINT('',#13917);
#6602=VERTEX_POINT('',#13925);
#6603=VERTEX_POINT('',#13926);
#6604=VERTEX_POINT('',#13936);
#6605=VERTEX_POINT('',#13937);
#6606=VERTEX_POINT('',#13939);
#6607=VERTEX_POINT('',#13941);
#6608=VERTEX_POINT('',#13948);
#6609=VERTEX_POINT('',#13950);
#6610=VERTEX_POINT('',#13959);
#6611=VERTEX_POINT('',#13961);
#6612=VERTEX_POINT('',#13970);
#6613=VERTEX_POINT('',#13971);
#6614=VERTEX_POINT('',#13973);
#6615=VERTEX_POINT('',#13975);
#6616=VERTEX_POINT('',#13982);
#6617=VERTEX_POINT('',#13984);
#6618=VERTEX_POINT('',#13993);
#6619=VERTEX_POINT('',#13995);
#6620=VERTEX_POINT('',#14004);
#6621=VERTEX_POINT('',#14005);
#6622=VERTEX_POINT('',#14007);
#6623=VERTEX_POINT('',#14009);
#6624=VERTEX_POINT('',#14016);
#6625=VERTEX_POINT('',#14018);
#6626=VERTEX_POINT('',#14050);
#6627=VERTEX_POINT('',#14069);
#6628=VERTEX_POINT('',#14073);
#6629=VERTEX_POINT('',#14077);
#6630=VERTEX_POINT('',#14087);
#6631=VERTEX_POINT('',#14098);
#6632=VERTEX_POINT('',#14102);
#6633=VERTEX_POINT('',#14106);
#6634=VERTEX_POINT('',#14120);
#6635=VERTEX_POINT('',#14127);
#6636=VERTEX_POINT('',#14128);
#6637=VERTEX_POINT('',#14130);
#6638=VERTEX_POINT('',#14132);
#6639=VERTEX_POINT('',#14134);
#6640=VERTEX_POINT('',#14138);
#6641=VERTEX_POINT('',#14139);
#6642=VERTEX_POINT('',#14142);
#6643=VERTEX_POINT('',#14153);
#6644=VERTEX_POINT('',#14154);
#6645=VERTEX_POINT('',#14156);
#6646=VERTEX_POINT('',#14158);
#6647=VERTEX_POINT('',#14160);
#6648=VERTEX_POINT('',#14164);
#6649=VERTEX_POINT('',#14166);
#6650=VERTEX_POINT('',#14168);
#6651=VERTEX_POINT('',#14179);
#6652=VERTEX_POINT('',#14180);
#6653=VERTEX_POINT('',#14182);
#6654=VERTEX_POINT('',#14186);
#6655=VERTEX_POINT('',#14188);
#6656=VERTEX_POINT('',#14193);
#6657=VERTEX_POINT('',#14200);
#6658=VERTEX_POINT('',#14201);
#6659=VERTEX_POINT('',#14207);
#6660=VERTEX_POINT('',#14212);
#6661=VERTEX_POINT('',#14215);
#6662=VERTEX_POINT('',#14219);
#6663=VERTEX_POINT('',#14234);
#6664=VERTEX_POINT('',#14235);
#6665=VERTEX_POINT('',#14237);
#6666=VERTEX_POINT('',#14239);
#6667=VERTEX_POINT('',#14242);
#6668=VERTEX_POINT('',#14244);
#6669=VERTEX_POINT('',#14254);
#6670=VERTEX_POINT('',#14255);
#6671=VERTEX_POINT('',#14264);
#6672=VERTEX_POINT('',#14265);
#6673=VERTEX_POINT('',#14267);
#6674=VERTEX_POINT('',#14269);
#6675=VERTEX_POINT('',#14271);
#6676=CIRCLE('',#9218,0.000249999999999979);
#6677=CIRCLE('',#9219,0.000250000000000074);
#6678=CIRCLE('',#9220,0.000249999999999934);
#6679=CIRCLE('',#9222,0.00015000000000016);
#6680=CIRCLE('',#9223,0.000143875793553037);
#6681=CIRCLE('',#9224,0.000143875793552964);
#6682=CIRCLE('',#9226,0.00015000000000016);
#6683=CIRCLE('',#9227,0.000143875793553037);
#6684=CIRCLE('',#9228,0.000143875793552962);
#6685=CIRCLE('',#9230,0.000200000000000022);
#6686=CIRCLE('',#9231,0.000193875793552972);
#6687=CIRCLE('',#9232,0.00019387579355295);
#6688=CIRCLE('',#9234,0.000200000000000022);
#6689=CIRCLE('',#9235,0.000193875793552973);
#6690=CIRCLE('',#9236,0.00019387579355295);
#6691=CIRCLE('',#9238,0.000249999999999979);
#6692=CIRCLE('',#9239,0.000249999999999979);
#6693=CIRCLE('',#9243,9.9999999999836E-5);
#6694=CIRCLE('',#9244,0.000199999999999948);
#6695=CIRCLE('',#9246,9.99999999998364E-5);
#6696=CIRCLE('',#9247,0.000199999999999948);
#6697=CIRCLE('',#9249,5.00000000001871E-5);
#6698=CIRCLE('',#9250,0.00015);
#6699=CIRCLE('',#9252,0.000149999999999998);
#6700=CIRCLE('',#9253,5.00000000001866E-5);
#6701=CIRCLE('',#9255,9.99999999997087E-5);
#6702=CIRCLE('',#9257,9.99999999997117E-5);
#6703=CIRCLE('',#9259,8.0012854764009E-5);
#6704=CIRCLE('',#9264,0.000100064603880256);
#6705=CIRCLE('',#9265,9.9999999998891E-5);
#6706=CIRCLE('',#9266,9.99999999988948E-5);
#6707=CIRCLE('',#9267,9.99999999963248E-5);
#6708=CIRCLE('',#9269,0.000100000000000925);
#6709=CIRCLE('',#9270,9.99999999988903E-5);
#6710=CIRCLE('',#9272,9.99999999988895E-5);
#6711=CIRCLE('',#9273,0.000100000000000924);
#6712=CIRCLE('',#9277,9.99999999998372E-5);
#6713=CIRCLE('',#9278,0.000199999999999948);
#6714=CIRCLE('',#9280,9.99999999998373E-5);
#6715=CIRCLE('',#9281,0.000199999999999947);
#6716=CIRCLE('',#9283,0.00015);
#6717=CIRCLE('',#9284,5.00000000001871E-5);
#6718=CIRCLE('',#9286,0.00015);
#6719=CIRCLE('',#9287,5.00000000001859E-5);
#6720=CIRCLE('',#9289,9.99999999997106E-5);
#6721=CIRCLE('',#9291,9.99999999997087E-5);
#6722=CIRCLE('',#9293,8.00128547639228E-5);
#6723=CIRCLE('',#9298,9.99999999962164E-5);
#6724=CIRCLE('',#9299,9.99999999988926E-5);
#6725=CIRCLE('',#9300,9.99999999988926E-5);
#6726=CIRCLE('',#9301,0.000100064603880506);
#6727=CIRCLE('',#9303,9.999999999889E-5);
#6728=CIRCLE('',#9304,0.000100000000000925);
#6729=CIRCLE('',#9306,0.000100000000000924);
#6730=CIRCLE('',#9307,9.99999999988896E-5);
#6731=CIRCLE('',#9315,0.000199999999962687);
#6732=CIRCLE('',#9317,0.000199999999962398);
#6733=CIRCLE('',#9321,0.000199999999962398);
#6734=CIRCLE('',#9322,0.000199999999962398);
#6735=CIRCLE('',#9331,0.000200000000001396);
#6736=CIRCLE('',#9337,0.00010000000000082);
#6737=CIRCLE('',#9338,0.000199999999999948);
#6738=CIRCLE('',#9340,0.00010000000000082);
#6739=CIRCLE('',#9341,0.000199999999999948);
#6740=CIRCLE('',#9343,9.99999999999738E-5);
#6741=CIRCLE('',#9344,8.97090929586867E-5);
#6742=CIRCLE('',#9345,9.99999999999813E-5);
#6743=CIRCLE('',#9347,9.99999999999742E-5);
#6744=CIRCLE('',#9348,9.99999999999821E-5);
#6745=CIRCLE('',#9349,8.97090929583374E-5);
#6746=CIRCLE('',#9351,0.000100000000000821);
#6747=CIRCLE('',#9352,0.000200000000000407);
#6748=CIRCLE('',#9354,0.00010000000000082);
#6749=CIRCLE('',#9355,0.000200000000000407);
#6750=CIRCLE('',#9359,0.00017499999998671);
#6751=CIRCLE('',#9360,0.000175000000005902);
#6752=CIRCLE('',#9362,0.000175000000005885);
#6753=CIRCLE('',#9363,0.00017499999998671);
#6754=CIRCLE('',#9396,8.00000000002625E-5);
#6755=CIRCLE('',#9398,8.00000000002624E-5);
#6756=CIRCLE('',#9401,0.000200000000003019);
#6757=CIRCLE('',#9405,7.99999999999785E-5);
#6758=CIRCLE('',#9406,7.99999999999792E-5);
#6759=CIRCLE('',#9409,9.99999999999734E-5);
#6760=CIRCLE('',#9410,9.99999999999734E-5);
#6761=CIRCLE('',#9414,9.99999999999738E-5);
#6762=CIRCLE('',#9415,9.99999999999735E-5);
#6763=CIRCLE('',#9417,8.00000000000353E-5);
#6764=CIRCLE('',#9418,7.99999999997838E-5);
#6765=CIRCLE('',#9420,9.99999999999725E-5);
#6766=CIRCLE('',#9421,9.99999999999725E-5);
#6767=CIRCLE('',#9424,9.99999999999745E-5);
#6768=CIRCLE('',#9425,9.99999999999742E-5);
#6769=CIRCLE('',#9428,0.000199999999999948);
#6770=CIRCLE('',#9429,9.99999999999729E-5);
#6771=CIRCLE('',#9431,0.000100000000000039);
#6772=CIRCLE('',#9433,0.000199999999998209);
#6773=CIRCLE('',#9435,0.000100000000000039);
#6774=CIRCLE('',#9437,0.000100000000000818);
#6775=CIRCLE('',#9438,0.000199999999999949);
#6776=CIRCLE('',#9441,9.99999999999747E-5);
#6777=CIRCLE('',#9442,9.99999999999742E-5);
#6778=CIRCLE('',#9445,9.99999999999721E-5);
#6779=CIRCLE('',#9446,9.99999999999732E-5);
#6780=CIRCLE('',#9448,7.99999999997867E-5);
#6781=CIRCLE('',#9450,9.99999999999738E-5);
#6782=CIRCLE('',#9451,9.99999999999738E-5);
#6783=CIRCLE('',#9455,9.99999999999739E-5);
#6784=CIRCLE('',#9456,9.99999999999735E-5);
#6785=CIRCLE('',#9459,7.99999999999789E-5);
#6786=CIRCLE('',#9460,7.99999999999787E-5);
#6787=CIRCLE('',#9462,9.99999999999736E-5);
#6788=CIRCLE('',#9463,9.99999999999737E-5);
#6789=CIRCLE('',#9464,0.000200000000001388);
#6790=CIRCLE('',#9465,0.000200000000001379);
#6791=CIRCLE('',#9467,0.000100000000000039);
#6792=CIRCLE('',#9476,0.000100000000000244);
#6793=CIRCLE('',#9480,7.99999999999787E-5);
#6794=CIRCLE('',#9481,7.99999999999789E-5);
#6795=CIRCLE('',#9484,7.99999999999792E-5);
#6796=CIRCLE('',#9485,7.99999999999785E-5);
#6797=CIRCLE('',#9492,7.99999999997838E-5);
#6798=CIRCLE('',#9494,8.00000000000353E-5);
#6799=CIRCLE('',#9505,7.99999999997867E-5);
#6800=CIRCLE('',#9511,0.000199999999999673);
#6801=CIRCLE('',#9512,0.000199999999999674);
#6802=CIRCLE('',#9514,0.000199999999999672);
#6803=CIRCLE('',#9515,0.000199999999999672);
#6804=CIRCLE('',#9518,0.000200000000001379);
#6805=CIRCLE('',#9520,0.000200000000001377);
#6806=CIRCLE('',#9522,0.000200000000000541);
#6807=CIRCLE('',#9526,9.99999999999738E-5);
#6808=CIRCLE('',#9528,9.99999999999734E-5);
#6809=CIRCLE('',#9533,0.000150000000000162);
#6810=CIRCLE('',#9534,0.000150000000000161);
#6811=CIRCLE('',#9537,0.000150000000000151);
#6812=CIRCLE('',#9538,0.00015000000000015);
#6813=CIRCLE('',#9541,0.000150000000000149);
#6814=CIRCLE('',#9542,0.00015000000000015);
#6815=CIRCLE('',#9545,0.000150000000000162);
#6816=CIRCLE('',#9546,0.000150000000000162);
#6817=CIRCLE('',#9548,9.99999999986819E-5);
#6818=CIRCLE('',#9550,9.99999999999729E-5);
#6819=CIRCLE('',#9594,9.99999999999734E-5);
#6820=CIRCLE('',#9595,9.99999999999736E-5);
#6821=CIRCLE('',#9596,9.99999999999738E-5);
#6822=CIRCLE('',#9597,9.99999999999732E-5);
#6823=CIRCLE('',#9600,4.99999999999877E-5);
#6824=CIRCLE('',#9602,9.99999999999736E-5);
#6825=CIRCLE('',#9603,9.99999999999738E-5);
#6826=CIRCLE('',#9606,9.99999999999732E-5);
#6827=CIRCLE('',#9608,4.9999999999988E-5);
#6828=CIRCLE('',#9630,5.00074588121416E-5);
#6829=CIRCLE('',#9632,5.0007458812142E-5);
#6830=CIRCLE('',#9645,9.99999999999734E-5);
#6831=CIRCLE('',#9759,0.000130000000016113);
#6832=CIRCLE('',#9761,4.96114015158975E-5);
#6833=CIRCLE('',#9765,0.0024624462587924);
#6834=CIRCLE('',#9766,0.00017500000013922);
#6835=CIRCLE('',#9767,0.000174999999987221);
#6836=CIRCLE('',#9769,0.000163347566873741);
#6837=CIRCLE('',#9776,0.000174999999513831);
#6838=CIRCLE('',#9777,0.00246244625879356);
#6839=CIRCLE('',#9778,0.000106767833467842);
#6840=CIRCLE('',#9779,0.000174999999987258);
#6841=CIRCLE('',#9782,4.99999999450445E-5);
#6842=CIRCLE('',#9783,0.000130000000016162);
#6843=CIRCLE('',#9785,4.96114015435227E-5);
#6844=EDGE_LOOP('',(#2472));
#6845=EDGE_LOOP('',(#2473,#2474));
#6846=EDGE_LOOP('',(#2475));
#6847=EDGE_LOOP('',(#2476,#2477));
#6848=EDGE_LOOP('',(#2478));
#6849=EDGE_LOOP('',(#2479,#2480));
#6850=EDGE_LOOP('',(#2481));
#6851=EDGE_LOOP('',(#2482,#2483));
#6852=EDGE_LOOP('',(#2484));
#6853=EDGE_LOOP('',(#2485,#2486));
#6854=EDGE_LOOP('',(#2487));
#6855=EDGE_LOOP('',(#2488));
#6856=EDGE_LOOP('',(#2489,#2490,#2491,#2492,#2493));
#6857=EDGE_LOOP('',(#2494,#2495,#2496,#2497,#2498));
#6858=EDGE_LOOP('',(#2499,#2500,#2501,#2502,#2503,#2504,#2505,#2506,#2507));
#6859=EDGE_LOOP('',(#2508,#2509,#2510,#2511,#2512,#2513,#2514,#2515,#2516));
#6860=EDGE_LOOP('',(#2517,#2518,#2519,#2520,#2521,#2522,#2523,#2524,#2525));
#6861=EDGE_LOOP('',(#2526,#2527,#2528,#2529,#2530,#2531,#2532,#2533,#2534));
#6862=EDGE_LOOP('',(#2535,#2536,#2537,#2538,#2539,#2540));
#6863=EDGE_LOOP('',(#2541,#2542,#2543,#2544,#2545,#2546));
#6864=EDGE_LOOP('',(#2547,#2548,#2549,#2550,#2551));
#6865=EDGE_LOOP('',(#2552,#2553,#2554,#2555,#2556,#2557));
#6866=EDGE_LOOP('',(#2558,#2559,#2560,#2561,#2562,#2563));
#6867=EDGE_LOOP('',(#2564,#2565,#2566,#2567));
#6868=EDGE_LOOP('',(#2568,#2569,#2570,#2571,#2572,#2573,#2574,#2575,#2576,
#2577,#2578,#2579,#2580));
#6869=EDGE_LOOP('',(#2581,#2582,#2583,#2584,#2585,#2586));
#6870=EDGE_LOOP('',(#2587,#2588,#2589,#2590,#2591,#2592));
#6871=EDGE_LOOP('',(#2593,#2594,#2595,#2596,#2597));
#6872=EDGE_LOOP('',(#2598,#2599,#2600,#2601,#2602));
#6873=EDGE_LOOP('',(#2603,#2604,#2605,#2606,#2607,#2608,#2609,#2610,#2611));
#6874=EDGE_LOOP('',(#2612,#2613,#2614,#2615,#2616,#2617,#2618,#2619,#2620));
#6875=EDGE_LOOP('',(#2621,#2622,#2623,#2624,#2625,#2626,#2627,#2628,#2629));
#6876=EDGE_LOOP('',(#2630,#2631,#2632,#2633,#2634,#2635,#2636,#2637,#2638));
#6877=EDGE_LOOP('',(#2639,#2640,#2641,#2642,#2643,#2644));
#6878=EDGE_LOOP('',(#2645,#2646,#2647,#2648,#2649,#2650));
#6879=EDGE_LOOP('',(#2651,#2652,#2653,#2654,#2655));
#6880=EDGE_LOOP('',(#2656,#2657,#2658,#2659,#2660,#2661));
#6881=EDGE_LOOP('',(#2662,#2663,#2664,#2665,#2666,#2667));
#6882=EDGE_LOOP('',(#2668,#2669,#2670,#2671));
#6883=EDGE_LOOP('',(#2672,#2673,#2674,#2675,#2676,#2677,#2678,#2679,#2680,
#2681,#2682,#2683,#2684));
#6884=EDGE_LOOP('',(#2685,#2686,#2687,#2688,#2689,#2690));
#6885=EDGE_LOOP('',(#2691,#2692,#2693,#2694,#2695,#2696));
#6886=EDGE_LOOP('',(#2697,#2698,#2699,#2700,#2701,#2702,#2703,#2704,#2705,
#2706,#2707,#2708));
#6887=EDGE_LOOP('',(#2709,#2710,#2711,#2712));
#6888=EDGE_LOOP('',(#2713,#2714,#2715,#2716));
#6889=EDGE_LOOP('',(#2717,#2718,#2719,#2720,#2721));
#6890=EDGE_LOOP('',(#2722,#2723,#2724,#2725,#2726,#2727,#2728,#2729));
#6891=EDGE_LOOP('',(#2730,#2731,#2732,#2733,#2734,#2735,#2736,#2737));
#6892=EDGE_LOOP('',(#2738,#2739,#2740));
#6893=EDGE_LOOP('',(#2741,#2742,#2743));
#6894=EDGE_LOOP('',(#2744,#2745,#2746,#2747));
#6895=EDGE_LOOP('',(#2748,#2749,#2750,#2751));
#6896=EDGE_LOOP('',(#2752,#2753,#2754,#2755,#2756,#2757));
#6897=EDGE_LOOP('',(#2758,#2759,#2760,#2761));
#6898=EDGE_LOOP('',(#2762,#2763,#2764,#2765,#2766,#2767,#2768));
#6899=EDGE_LOOP('',(#2769,#2770,#2771,#2772));
#6900=EDGE_LOOP('',(#2773,#2774,#2775,#2776,#2777,#2778,#2779,#2780,#2781,
#2782,#2783,#2784));
#6901=EDGE_LOOP('',(#2785,#2786,#2787,#2788,#2789,#2790));
#6902=EDGE_LOOP('',(#2791,#2792,#2793,#2794));
#6903=EDGE_LOOP('',(#2795,#2796,#2797,#2798,#2799,#2800));
#6904=EDGE_LOOP('',(#2801,#2802,#2803,#2804,#2805,#2806,#2807,#2808,#2809));
#6905=EDGE_LOOP('',(#2810,#2811,#2812,#2813));
#6906=EDGE_LOOP('',(#2814,#2815,#2816,#2817));
#6907=EDGE_LOOP('',(#2818,#2819,#2820,#2821));
#6908=EDGE_LOOP('',(#2822,#2823,#2824,#2825,#2826,#2827,#2828,#2829,#2830,
#2831,#2832,#2833,#2834,#2835,#2836,#2837,#2838,#2839,#2840,#2841,#2842,
#2843,#2844,#2845,#2846,#2847));
#6909=EDGE_LOOP('',(#2848,#2849,#2850,#2851,#2852,#2853,#2854,#2855,#2856));
#6910=EDGE_LOOP('',(#2857,#2858,#2859,#2860,#2861,#2862,#2863,#2864,#2865));
#6911=EDGE_LOOP('',(#2866,#2867,#2868,#2869,#2870));
#6912=EDGE_LOOP('',(#2871,#2872,#2873,#2874,#2875));
#6913=EDGE_LOOP('',(#2876,#2877,#2878,#2879,#2880,#2881,#2882,#2883));
#6914=EDGE_LOOP('',(#2884,#2885,#2886,#2887,#2888,#2889,#2890,#2891));
#6915=EDGE_LOOP('',(#2892,#2893,#2894,#2895));
#6916=EDGE_LOOP('',(#2896,#2897,#2898,#2899));
#6917=EDGE_LOOP('',(#2900,#2901,#2902,#2903));
#6918=EDGE_LOOP('',(#2904,#2905,#2906,#2907,#2908,#2909,#2910,#2911));
#6919=EDGE_LOOP('',(#2912,#2913,#2914,#2915,#2916,#2917));
#6920=EDGE_LOOP('',(#2918,#2919,#2920,#2921,#2922,#2923));
#6921=EDGE_LOOP('',(#2924,#2925,#2926,#2927));
#6922=EDGE_LOOP('',(#2928,#2929,#2930,#2931));
#6923=EDGE_LOOP('',(#2932,#2933,#2934,#2935));
#6924=EDGE_LOOP('',(#2936,#2937,#2938,#2939));
#6925=EDGE_LOOP('',(#2940,#2941,#2942,#2943));
#6926=EDGE_LOOP('',(#2944,#2945,#2946,#2947,#2948,#2949,#2950,#2951,#2952,
#2953,#2954,#2955));
#6927=EDGE_LOOP('',(#2956,#2957,#2958,#2959));
#6928=EDGE_LOOP('',(#2960,#2961,#2962,#2963,#2964,#2965));
#6929=EDGE_LOOP('',(#2966,#2967,#2968,#2969,#2970,#2971));
#6930=EDGE_LOOP('',(#2972,#2973,#2974,#2975,#2976,#2977,#2978));
#6931=EDGE_LOOP('',(#2979,#2980,#2981,#2982,#2983,#2984));
#6932=EDGE_LOOP('',(#2985,#2986,#2987,#2988,#2989,#2990,#2991));
#6933=EDGE_LOOP('',(#2992,#2993,#2994,#2995,#2996,#2997));
#6934=EDGE_LOOP('',(#2998,#2999,#3000,#3001));
#6935=EDGE_LOOP('',(#3002,#3003,#3004,#3005));
#6936=EDGE_LOOP('',(#3006,#3007,#3008,#3009));
#6937=EDGE_LOOP('',(#3010,#3011,#3012,#3013));
#6938=EDGE_LOOP('',(#3014,#3015,#3016));
#6939=EDGE_LOOP('',(#3017,#3018,#3019));
#6940=EDGE_LOOP('',(#3020,#3021,#3022));
#6941=EDGE_LOOP('',(#3023,#3024,#3025,#3026));
#6942=EDGE_LOOP('',(#3027,#3028,#3029,#3030));
#6943=EDGE_LOOP('',(#3031,#3032,#3033));
#6944=EDGE_LOOP('',(#3034,#3035,#3036,#3037,#3038));
#6945=EDGE_LOOP('',(#3039,#3040,#3041,#3042,#3043));
#6946=EDGE_LOOP('',(#3044,#3045,#3046,#3047,#3048));
#6947=EDGE_LOOP('',(#3049,#3050,#3051,#3052,#3053));
#6948=EDGE_LOOP('',(#3054,#3055,#3056,#3057));
#6949=EDGE_LOOP('',(#3058,#3059,#3060,#3061));
#6950=EDGE_LOOP('',(#3062,#3063,#3064,#3065,#3066));
#6951=EDGE_LOOP('',(#3067,#3068,#3069,#3070,#3071));
#6952=EDGE_LOOP('',(#3072,#3073,#3074,#3075));
#6953=EDGE_LOOP('',(#3076,#3077,#3078));
#6954=EDGE_LOOP('',(#3079,#3080,#3081,#3082));
#6955=EDGE_LOOP('',(#3083,#3084,#3085,#3086));
#6956=EDGE_LOOP('',(#3087,#3088,#3089,#3090,#3091,#3092));
#6957=EDGE_LOOP('',(#3093,#3094,#3095,#3096));
#6958=EDGE_LOOP('',(#3097,#3098,#3099,#3100));
#6959=EDGE_LOOP('',(#3101,#3102,#3103,#3104));
#6960=EDGE_LOOP('',(#3105,#3106,#3107,#3108));
#6961=EDGE_LOOP('',(#3109,#3110,#3111,#3112));
#6962=EDGE_LOOP('',(#3113,#3114,#3115,#3116,#3117,#3118,#3119,#3120,#3121,
#3122,#3123,#3124,#3125,#3126,#3127,#3128,#3129,#3130,#3131,#3132,#3133,
#3134));
#6963=EDGE_LOOP('',(#3135,#3136,#3137,#3138));
#6964=EDGE_LOOP('',(#3139,#3140,#3141,#3142));
#6965=EDGE_LOOP('',(#3143,#3144,#3145,#3146));
#6966=EDGE_LOOP('',(#3147,#3148,#3149,#3150));
#6967=EDGE_LOOP('',(#3151,#3152,#3153,#3154,#3155,#3156,#3157,#3158,#3159));
#6968=EDGE_LOOP('',(#3160,#3161,#3162,#3163,#3164,#3165,#3166,#3167,#3168,
#3169,#3170,#3171));
#6969=EDGE_LOOP('',(#3172,#3173,#3174));
#6970=EDGE_LOOP('',(#3175,#3176,#3177,#3178,#3179,#3180,#3181,#3182,#3183,
#3184,#3185));
#6971=EDGE_LOOP('',(#3186,#3187,#3188,#3189,#3190,#3191,#3192,#3193));
#6972=EDGE_LOOP('',(#3194,#3195,#3196,#3197));
#6973=EDGE_LOOP('',(#3198,#3199,#3200,#3201));
#6974=EDGE_LOOP('',(#3202,#3203,#3204,#3205));
#6975=EDGE_LOOP('',(#3206,#3207,#3208,#3209));
#6976=EDGE_LOOP('',(#3210,#3211,#3212,#3213,#3214,#3215,#3216,#3217,#3218,
#3219,#3220,#3221,#3222,#3223,#3224,#3225,#3226,#3227,#3228,#3229,#3230,
#3231));
#6977=EDGE_LOOP('',(#3232,#3233,#3234,#3235));
#6978=EDGE_LOOP('',(#3236,#3237,#3238,#3239));
#6979=EDGE_LOOP('',(#3240,#3241,#3242,#3243));
#6980=EDGE_LOOP('',(#3244,#3245,#3246,#3247));
#6981=EDGE_LOOP('',(#3248,#3249,#3250,#3251));
#6982=EDGE_LOOP('',(#3252,#3253,#3254,#3255,#3256,#3257));
#6983=EDGE_LOOP('',(#3258,#3259,#3260,#3261,#3262,#3263,#3264,#3265,#3266,
#3267,#3268,#3269,#3270,#3271,#3272,#3273,#3274,#3275,#3276,#3277,#3278,
#3279,#3280,#3281,#3282,#3283,#3284,#3285,#3286,#3287,#3288,#3289,#3290,
#3291,#3292,#3293,#3294,#3295,#3296,#3297,#3298,#3299,#3300,#3301,#3302,
#3303,#3304,#3305,#3306,#3307,#3308,#3309,#3310,#3311,#3312,#3313,#3314,
#3315,#3316,#3317,#3318,#3319));
#6984=EDGE_LOOP('',(#3320,#3321,#3322));
#6985=EDGE_LOOP('',(#3323,#3324,#3325,#3326,#3327,#3328,#3329,#3330,#3331,
#3332,#3333));
#6986=EDGE_LOOP('',(#3334,#3335,#3336,#3337,#3338));
#6987=EDGE_LOOP('',(#3339,#3340,#3341,#3342,#3343,#3344,#3345,#3346,#3347));
#6988=EDGE_LOOP('',(#3348,#3349,#3350,#3351,#3352,#3353));
#6989=EDGE_LOOP('',(#3354,#3355,#3356,#3357));
#6990=EDGE_LOOP('',(#3358,#3359,#3360,#3361));
#6991=EDGE_LOOP('',(#3362,#3363,#3364,#3365));
#6992=EDGE_LOOP('',(#3366,#3367,#3368,#3369));
#6993=EDGE_LOOP('',(#3370,#3371,#3372,#3373,#3374));
#6994=EDGE_LOOP('',(#3375,#3376,#3377,#3378));
#6995=EDGE_LOOP('',(#3379,#3380,#3381,#3382));
#6996=EDGE_LOOP('',(#3383,#3384,#3385,#3386,#3387,#3388));
#6997=EDGE_LOOP('',(#3389,#3390,#3391,#3392));
#6998=EDGE_LOOP('',(#3393,#3394,#3395,#3396,#3397,#3398));
#6999=EDGE_LOOP('',(#3399,#3400,#3401,#3402));
#7000=EDGE_LOOP('',(#3403,#3404,#3405,#3406,#3407));
#7001=EDGE_LOOP('',(#3408,#3409,#3410,#3411));
#7002=EDGE_LOOP('',(#3412,#3413,#3414,#3415,#3416));
#7003=EDGE_LOOP('',(#3417,#3418,#3419,#3420));
#7004=EDGE_LOOP('',(#3421,#3422,#3423,#3424));
#7005=EDGE_LOOP('',(#3425,#3426,#3427,#3428));
#7006=EDGE_LOOP('',(#3429,#3430,#3431,#3432));
#7007=EDGE_LOOP('',(#3433,#3434,#3435,#3436,#3437));
#7008=EDGE_LOOP('',(#3438,#3439,#3440,#3441));
#7009=EDGE_LOOP('',(#3442,#3443,#3444,#3445,#3446));
#7010=EDGE_LOOP('',(#3447,#3448,#3449,#3450,#3451));
#7011=EDGE_LOOP('',(#3452,#3453,#3454,#3455));
#7012=EDGE_LOOP('',(#3456,#3457,#3458,#3459,#3460));
#7013=EDGE_LOOP('',(#3461,#3462,#3463,#3464));
#7014=EDGE_LOOP('',(#3465,#3466,#3467,#3468));
#7015=EDGE_LOOP('',(#3469,#3470,#3471,#3472));
#7016=EDGE_LOOP('',(#3473,#3474,#3475,#3476));
#7017=EDGE_LOOP('',(#3477,#3478,#3479,#3480,#3481));
#7018=EDGE_LOOP('',(#3482,#3483,#3484,#3485));
#7019=EDGE_LOOP('',(#3486,#3487,#3488,#3489,#3490));
#7020=EDGE_LOOP('',(#3491,#3492,#3493,#3494,#3495,#3496,#3497,#3498));
#7021=EDGE_LOOP('',(#3499,#3500,#3501,#3502,#3503,#3504,#3505,#3506));
#7022=EDGE_LOOP('',(#3507,#3508,#3509,#3510));
#7023=EDGE_LOOP('',(#3511,#3512,#3513,#3514));
#7024=EDGE_LOOP('',(#3515,#3516,#3517,#3518,#3519,#3520,#3521));
#7025=EDGE_LOOP('',(#3522,#3523,#3524,#3525,#3526,#3527,#3528));
#7026=EDGE_LOOP('',(#3529,#3530,#3531,#3532,#3533));
#7027=EDGE_LOOP('',(#3534,#3535,#3536,#3537,#3538));
#7028=EDGE_LOOP('',(#3539,#3540,#3541,#3542));
#7029=EDGE_LOOP('',(#3543,#3544,#3545,#3546));
#7030=EDGE_LOOP('',(#3547,#3548,#3549,#3550));
#7031=EDGE_LOOP('',(#3551,#3552,#3553,#3554));
#7032=EDGE_LOOP('',(#3555,#3556,#3557,#3558));
#7033=EDGE_LOOP('',(#3559,#3560,#3561,#3562,#3563,#3564));
#7034=EDGE_LOOP('',(#3565,#3566,#3567,#3568));
#7035=EDGE_LOOP('',(#3569,#3570,#3571,#3572,#3573,#3574));
#7036=EDGE_LOOP('',(#3575,#3576,#3577,#3578));
#7037=EDGE_LOOP('',(#3579,#3580,#3581,#3582,#3583,#3584));
#7038=EDGE_LOOP('',(#3585,#3586,#3587,#3588));
#7039=EDGE_LOOP('',(#3589,#3590,#3591,#3592,#3593,#3594));
#7040=EDGE_LOOP('',(#3595,#3596,#3597,#3598,#3599,#3600));
#7041=EDGE_LOOP('',(#3601,#3602,#3603,#3604));
#7042=EDGE_LOOP('',(#3605,#3606,#3607,#3608));
#7043=EDGE_LOOP('',(#3609,#3610,#3611,#3612));
#7044=EDGE_LOOP('',(#3613,#3614,#3615,#3616));
#7045=EDGE_LOOP('',(#3617,#3618,#3619,#3620));
#7046=EDGE_LOOP('',(#3621,#3622,#3623,#3624));
#7047=EDGE_LOOP('',(#3625,#3626,#3627,#3628));
#7048=EDGE_LOOP('',(#3629,#3630,#3631,#3632));
#7049=EDGE_LOOP('',(#3633,#3634,#3635,#3636));
#7050=EDGE_LOOP('',(#3637,#3638,#3639,#3640));
#7051=EDGE_LOOP('',(#3641,#3642,#3643,#3644));
#7052=EDGE_LOOP('',(#3645,#3646,#3647,#3648,#3649,#3650));
#7053=EDGE_LOOP('',(#3651,#3652,#3653,#3654,#3655,#3656));
#7054=EDGE_LOOP('',(#3657,#3658,#3659,#3660));
#7055=EDGE_LOOP('',(#3661,#3662,#3663,#3664,#3665,#3666));
#7056=EDGE_LOOP('',(#3667,#3668,#3669,#3670));
#7057=EDGE_LOOP('',(#3671,#3672,#3673,#3674,#3675,#3676));
#7058=EDGE_LOOP('',(#3677,#3678,#3679,#3680));
#7059=EDGE_LOOP('',(#3681,#3682,#3683,#3684));
#7060=EDGE_LOOP('',(#3685,#3686,#3687,#3688));
#7061=EDGE_LOOP('',(#3689,#3690,#3691,#3692));
#7062=EDGE_LOOP('',(#3693,#3694,#3695,#3696));
#7063=EDGE_LOOP('',(#3697,#3698,#3699,#3700));
#7064=EDGE_LOOP('',(#3701,#3702,#3703,#3704));
#7065=EDGE_LOOP('',(#3705,#3706,#3707,#3708));
#7066=EDGE_LOOP('',(#3709,#3710,#3711,#3712,#3713,#3714,#3715,#3716));
#7067=EDGE_LOOP('',(#3717,#3718,#3719,#3720,#3721,#3722,#3723,#3724,#3725,
#3726,#3727,#3728,#3729,#3730,#3731));
#7068=EDGE_LOOP('',(#3732,#3733,#3734,#3735,#3736,#3737,#3738,#3739,#3740,
#3741,#3742,#3743,#3744,#3745,#3746));
#7069=EDGE_LOOP('',(#3747,#3748,#3749,#3750,#3751,#3752,#3753,#3754));
#7070=EDGE_LOOP('',(#3755,#3756,#3757,#3758,#3759,#3760));
#7071=EDGE_LOOP('',(#3761,#3762,#3763,#3764,#3765,#3766,#3767,#3768,#3769,
#3770,#3771,#3772));
#7072=EDGE_LOOP('',(#3773,#3774,#3775,#3776));
#7073=EDGE_LOOP('',(#3777));
#7074=EDGE_LOOP('',(#3778,#3779,#3780,#3781,#3782,#3783));
#7075=EDGE_LOOP('',(#3784,#3785,#3786,#3787));
#7076=EDGE_LOOP('',(#3788,#3789,#3790,#3791));
#7077=EDGE_LOOP('',(#3792,#3793,#3794,#3795));
#7078=EDGE_LOOP('',(#3796,#3797,#3798,#3799,#3800,#3801));
#7079=EDGE_LOOP('',(#3802,#3803,#3804,#3805));
#7080=EDGE_LOOP('',(#3806,#3807,#3808,#3809));
#7081=EDGE_LOOP('',(#3810,#3811,#3812,#3813));
#7082=EDGE_LOOP('',(#3814,#3815,#3816,#3817));
#7083=EDGE_LOOP('',(#3818,#3819,#3820,#3821));
#7084=EDGE_LOOP('',(#3822,#3823,#3824,#3825));
#7085=EDGE_LOOP('',(#3826));
#7086=EDGE_LOOP('',(#3827,#3828,#3829,#3830,#3831,#3832,#3833,#3834,#3835,
#3836,#3837,#3838,#3839,#3840,#3841,#3842,#3843,#3844,#3845,#3846,#3847,
#3848,#3849,#3850,#3851,#3852,#3853,#3854,#3855,#3856,#3857,#3858,#3859,
#3860,#3861,#3862,#3863,#3864));
#7087=EDGE_LOOP('',(#3865));
#7088=EDGE_LOOP('',(#3866));
#7089=EDGE_LOOP('',(#3867));
#7090=EDGE_LOOP('',(#3868));
#7091=EDGE_LOOP('',(#3869));
#7092=EDGE_LOOP('',(#3870,#3871,#3872,#3873,#3874,#3875,#3876,#3877,#3878,
#3879,#3880,#3881,#3882,#3883,#3884,#3885));
#7093=EDGE_LOOP('',(#3886,#3887,#3888,#3889,#3890,#3891,#3892,#3893,#3894,
#3895,#3896,#3897,#3898,#3899,#3900));
#7094=EDGE_LOOP('',(#3901,#3902,#3903,#3904,#3905,#3906,#3907,#3908,#3909,
#3910));
#7095=EDGE_LOOP('',(#3911,#3912,#3913,#3914,#3915,#3916,#3917,#3918,#3919,
#3920));
#7096=EDGE_LOOP('',(#3921,#3922,#3923,#3924,#3925,#3926,#3927,#3928,#3929));
#7097=EDGE_LOOP('',(#3930,#3931,#3932,#3933,#3934,#3935,#3936,#3937,#3938,
#3939,#3940,#3941,#3942,#3943,#3944));
#7098=EDGE_LOOP('',(#3945,#3946,#3947,#3948));
#7099=EDGE_LOOP('',(#3949,#3950,#3951,#3952));
#7100=EDGE_LOOP('',(#3953,#3954,#3955,#3956,#3957,#3958));
#7101=EDGE_LOOP('',(#3959,#3960,#3961,#3962));
#7102=EDGE_LOOP('',(#3963,#3964,#3965,#3966,#3967,#3968));
#7103=EDGE_LOOP('',(#3969,#3970,#3971,#3972));
#7104=EDGE_LOOP('',(#3973,#3974,#3975,#3976));
#7105=EDGE_LOOP('',(#3977,#3978,#3979,#3980));
#7106=EDGE_LOOP('',(#3981,#3982,#3983,#3984));
#7107=EDGE_LOOP('',(#3985,#3986,#3987,#3988));
#7108=EDGE_LOOP('',(#3989,#3990,#3991,#3992,#3993,#3994,#3995,#3996,#3997,
#3998));
#7109=EDGE_LOOP('',(#3999,#4000,#4001,#4002,#4003,#4004));
#7110=EDGE_LOOP('',(#4005,#4006,#4007,#4008));
#7111=EDGE_LOOP('',(#4009,#4010,#4011,#4012));
#7112=EDGE_LOOP('',(#4013,#4014,#4015,#4016,#4017,#4018));
#7113=EDGE_LOOP('',(#4019,#4020,#4021,#4022));
#7114=EDGE_LOOP('',(#4023,#4024,#4025,#4026));
#7115=EDGE_LOOP('',(#4027,#4028,#4029,#4030,#4031,#4032));
#7116=EDGE_LOOP('',(#4033,#4034,#4035,#4036,#4037));
#7117=EDGE_LOOP('',(#4038,#4039,#4040,#4041,#4042));
#7118=EDGE_LOOP('',(#4043,#4044,#4045,#4046,#4047));
#7119=EDGE_LOOP('',(#4048,#4049,#4050,#4051,#4052));
#7120=EDGE_LOOP('',(#4053,#4054,#4055,#4056,#4057,#4058));
#7121=EDGE_LOOP('',(#4059,#4060,#4061,#4062,#4063,#4064,#4065,#4066));
#7122=EDGE_LOOP('',(#4067,#4068,#4069,#4070,#4071,#4072,#4073,#4074));
#7123=EDGE_LOOP('',(#4075,#4076,#4077,#4078,#4079,#4080));
#7124=EDGE_LOOP('',(#4081,#4082,#4083,#4084,#4085,#4086,#4087));
#7125=EDGE_LOOP('',(#4088,#4089,#4090,#4091));
#7126=EDGE_LOOP('',(#4092,#4093,#4094,#4095));
#7127=EDGE_LOOP('',(#4096,#4097,#4098,#4099));
#7128=EDGE_LOOP('',(#4100,#4101,#4102,#4103));
#7129=EDGE_LOOP('',(#4104,#4105,#4106,#4107));
#7130=EDGE_LOOP('',(#4108,#4109,#4110,#4111));
#7131=EDGE_LOOP('',(#4112,#4113,#4114,#4115,#4116,#4117,#4118,#4119,#4120));
#7132=EDGE_LOOP('',(#4121,#4122,#4123,#4124,#4125));
#7133=EDGE_LOOP('',(#4126,#4127,#4128,#4129,#4130,#4131));
#7134=EDGE_LOOP('',(#4132,#4133,#4134,#4135,#4136,#4137));
#7135=EDGE_LOOP('',(#4138,#4139,#4140,#4141));
#7136=EDGE_LOOP('',(#4142,#4143,#4144,#4145,#4146,#4147));
#7137=EDGE_LOOP('',(#4148,#4149,#4150,#4151,#4152));
#7138=EDGE_LOOP('',(#4153,#4154,#4155,#4156,#4157,#4158));
#7139=EDGE_LOOP('',(#4159,#4160,#4161));
#7140=EDGE_LOOP('',(#4162,#4163,#4164));
#7141=EDGE_LOOP('',(#4165,#4166,#4167,#4168));
#7142=EDGE_LOOP('',(#4169,#4170,#4171,#4172));
#7143=EDGE_LOOP('',(#4173,#4174,#4175,#4176));
#7144=EDGE_LOOP('',(#4177,#4178,#4179,#4180));
#7145=EDGE_LOOP('',(#4181,#4182,#4183,#4184));
#7146=EDGE_LOOP('',(#4185,#4186,#4187,#4188));
#7147=EDGE_LOOP('',(#4189,#4190,#4191,#4192));
#7148=EDGE_LOOP('',(#4193,#4194,#4195,#4196));
#7149=EDGE_LOOP('',(#4197,#4198));
#7150=EDGE_LOOP('',(#4199,#4200,#4201,#4202));
#7151=EDGE_LOOP('',(#4203,#4204,#4205,#4206));
#7152=EDGE_LOOP('',(#4207,#4208,#4209,#4210));
#7153=EDGE_LOOP('',(#4211,#4212,#4213,#4214));
#7154=EDGE_LOOP('',(#4215,#4216,#4217,#4218));
#7155=EDGE_LOOP('',(#4219,#4220,#4221,#4222));
#7156=EDGE_LOOP('',(#4223,#4224,#4225,#4226));
#7157=EDGE_LOOP('',(#4227,#4228,#4229,#4230));
#7158=EDGE_LOOP('',(#4231,#4232,#4233,#4234));
#7159=EDGE_LOOP('',(#4235,#4236,#4237,#4238));
#7160=EDGE_LOOP('',(#4239,#4240,#4241,#4242,#4243,#4244));
#7161=EDGE_LOOP('',(#4245,#4246,#4247,#4248,#4249,#4250));
#7162=EDGE_LOOP('',(#4251,#4252,#4253,#4254));
#7163=EDGE_LOOP('',(#4255,#4256,#4257,#4258));
#7164=EDGE_LOOP('',(#4259,#4260,#4261,#4262));
#7165=EDGE_LOOP('',(#4263,#4264,#4265,#4266));
#7166=EDGE_LOOP('',(#4267,#4268,#4269,#4270));
#7167=EDGE_LOOP('',(#4271,#4272,#4273,#4274));
#7168=EDGE_LOOP('',(#4275,#4276,#4277,#4278));
#7169=EDGE_LOOP('',(#4279,#4280,#4281,#4282));
#7170=EDGE_LOOP('',(#4283,#4284,#4285,#4286,#4287,#4288));
#7171=EDGE_LOOP('',(#4289,#4290,#4291,#4292,#4293,#4294));
#7172=EDGE_LOOP('',(#4295,#4296,#4297,#4298));
#7173=EDGE_LOOP('',(#4299,#4300,#4301,#4302));
#7174=EDGE_LOOP('',(#4303,#4304,#4305,#4306));
#7175=EDGE_LOOP('',(#4307,#4308,#4309,#4310));
#7176=EDGE_LOOP('',(#4311,#4312,#4313,#4314));
#7177=EDGE_LOOP('',(#4315,#4316,#4317,#4318));
#7178=EDGE_LOOP('',(#4319,#4320,#4321,#4322));
#7179=EDGE_LOOP('',(#4323,#4324,#4325,#4326));
#7180=EDGE_LOOP('',(#4327,#4328,#4329,#4330,#4331,#4332));
#7181=EDGE_LOOP('',(#4333,#4334,#4335,#4336,#4337,#4338));
#7182=EDGE_LOOP('',(#4339,#4340,#4341,#4342));
#7183=EDGE_LOOP('',(#4343,#4344,#4345,#4346,#4347,#4348,#4349,#4350,#4351,
#4352,#4353,#4354,#4355,#4356,#4357,#4358));
#7184=EDGE_LOOP('',(#4359,#4360,#4361,#4362));
#7185=EDGE_LOOP('',(#4363,#4364,#4365,#4366,#4367,#4368,#4369,#4370,#4371,
#4372,#4373,#4374,#4375,#4376,#4377,#4378));
#7186=EDGE_LOOP('',(#4379,#4380,#4381,#4382));
#7187=EDGE_LOOP('',(#4383,#4384,#4385,#4386));
#7188=EDGE_LOOP('',(#4387,#4388,#4389,#4390));
#7189=EDGE_LOOP('',(#4391,#4392,#4393,#4394,#4395,#4396));
#7190=EDGE_LOOP('',(#4397,#4398,#4399,#4400));
#7191=EDGE_LOOP('',(#4401,#4402,#4403,#4404));
#7192=EDGE_LOOP('',(#4405,#4406,#4407,#4408,#4409,#4410,#4411,#4412));
#7193=EDGE_LOOP('',(#4413,#4414,#4415,#4416,#4417,#4418,#4419,#4420));
#7194=EDGE_LOOP('',(#4421,#4422,#4423,#4424,#4425,#4426,#4427,#4428,#4429));
#7195=EDGE_LOOP('',(#4430,#4431,#4432,#4433));
#7196=EDGE_LOOP('',(#4434,#4435,#4436,#4437));
#7197=EDGE_LOOP('',(#4438,#4439,#4440,#4441,#4442,#4443,#4444,#4445,#4446,
#4447,#4448));
#7198=EDGE_LOOP('',(#4449,#4450,#4451,#4452));
#7199=EDGE_LOOP('',(#4453,#4454,#4455,#4456,#4457));
#7200=EDGE_LOOP('',(#4458,#4459,#4460));
#7201=EDGE_LOOP('',(#4461,#4462,#4463,#4464,#4465,#4466,#4467));
#7202=EDGE_LOOP('',(#4468,#4469,#4470,#4471,#4472,#4473,#4474));
#7203=EDGE_LOOP('',(#4475,#4476,#4477,#4478,#4479,#4480,#4481,#4482));
#7204=EDGE_LOOP('',(#4483,#4484,#4485));
#7205=EDGE_LOOP('',(#4486,#4487,#4488,#4489));
#7206=EDGE_LOOP('',(#4490,#4491));
#7207=EDGE_LOOP('',(#4492,#4493));
#7208=EDGE_LOOP('',(#4494,#4495));
#7209=EDGE_LOOP('',(#4496,#4497));
#7210=EDGE_LOOP('',(#4498,#4499,#4500,#4501,#4502,#4503,#4504));
#7211=EDGE_LOOP('',(#4505,#4506,#4507,#4508,#4509,#4510,#4511));
#7212=EDGE_LOOP('',(#4512,#4513,#4514,#4515,#4516,#4517));
#7213=EDGE_LOOP('',(#4518,#4519,#4520,#4521,#4522,#4523,#4524,#4525));
#7214=EDGE_LOOP('',(#4526,#4527,#4528,#4529,#4530,#4531,#4532,#4533));
#7215=EDGE_LOOP('',(#4534,#4535,#4536,#4537,#4538,#4539,#4540));
#7216=EDGE_LOOP('',(#4541,#4542,#4543));
#7217=EDGE_LOOP('',(#4544,#4545,#4546,#4547,#4548,#4549,#4550,#4551));
#7218=EDGE_LOOP('',(#4552,#4553,#4554));
#7219=EDGE_LOOP('',(#4555,#4556,#4557,#4558,#4559,#4560,#4561));
#7220=EDGE_LOOP('',(#4562,#4563,#4564,#4565,#4566,#4567));
#7221=EDGE_LOOP('',(#4568,#4569,#4570,#4571,#4572,#4573,#4574));
#7222=EDGE_LOOP('',(#4575,#4576,#4577,#4578,#4579,#4580,#4581));
#7223=EDGE_LOOP('',(#4582,#4583,#4584,#4585,#4586,#4587));
#7224=EDGE_LOOP('',(#4588,#4589,#4590,#4591,#4592,#4593,#4594,#4595));
#7225=EDGE_LOOP('',(#4596,#4597,#4598,#4599,#4600,#4601,#4602,#4603));
#7226=EDGE_LOOP('',(#4604,#4605,#4606,#4607,#4608,#4609,#4610,#4611));
#7227=EDGE_LOOP('',(#4612,#4613,#4614,#4615,#4616,#4617,#4618));
#7228=EDGE_LOOP('',(#4619,#4620,#4621));
#7229=EDGE_LOOP('',(#4622,#4623,#4624));
#7230=EDGE_LOOP('',(#4625,#4626,#4627,#4628,#4629,#4630,#4631));
#7231=EDGE_LOOP('',(#4632,#4633,#4634,#4635,#4636,#4637));
#7232=EDGE_LOOP('',(#4638,#4639,#4640,#4641,#4642));
#7233=EDGE_LOOP('',(#4643,#4644,#4645,#4646,#4647));
#7234=EDGE_LOOP('',(#4648,#4649,#4650,#4651));
#7235=EDGE_LOOP('',(#4652,#4653,#4654,#4655));
#7236=EDGE_LOOP('',(#4656,#4657,#4658));
#7237=EDGE_LOOP('',(#4659,#4660,#4661));
#7238=EDGE_LOOP('',(#4662,#4663,#4664,#4665,#4666));
#7239=EDGE_LOOP('',(#4667,#4668,#4669,#4670,#4671));
#7240=EDGE_LOOP('',(#4672,#4673,#4674,#4675));
#7241=EDGE_LOOP('',(#4676,#4677,#4678,#4679));
#7242=EDGE_LOOP('',(#4680,#4681,#4682));
#7243=EDGE_LOOP('',(#4683,#4684,#4685));
#7244=EDGE_LOOP('',(#4686,#4687,#4688));
#7245=EDGE_LOOP('',(#4689,#4690,#4691,#4692));
#7246=EDGE_LOOP('',(#4693,#4694,#4695,#4696));
#7247=EDGE_LOOP('',(#4697,#4698));
#7248=EDGE_LOOP('',(#4699,#4700,#4701,#4702,#4703,#4704));
#7249=EDGE_LOOP('',(#4705,#4706,#4707,#4708));
#7250=EDGE_LOOP('',(#4709,#4710,#4711,#4712));
#7251=EDGE_LOOP('',(#4713,#4714,#4715));
#7252=EDGE_LOOP('',(#4716,#4717,#4718,#4719,#4720));
#7253=EDGE_LOOP('',(#4721,#4722,#4723,#4724));
#7254=EDGE_LOOP('',(#4725,#4726,#4727));
#7255=EDGE_LOOP('',(#4728,#4729,#4730,#4731,#4732,#4733));
#7256=EDGE_LOOP('',(#4734,#4735));
#7257=EDGE_LOOP('',(#4736,#4737,#4738,#4739,#4740));
#7258=EDGE_LOOP('',(#4741,#4742,#4743,#4744));
#7259=EDGE_LOOP('',(#4745,#4746,#4747,#4748));
#7260=EDGE_LOOP('',(#4749,#4750,#4751,#4752));
#7261=EDGE_LOOP('',(#4753,#4754));
#7262=EDGE_LOOP('',(#4755,#4756,#4757,#4758));
#7263=EDGE_LOOP('',(#4759,#4760,#4761,#4762));
#7264=EDGE_LOOP('',(#4763,#4764,#4765,#4766,#4767));
#7265=EDGE_LOOP('',(#4768,#4769,#4770,#4771));
#7266=FACE_BOUND('',#6844,.T.);
#7267=FACE_BOUND('',#6845,.T.);
#7268=FACE_BOUND('',#6846,.T.);
#7269=FACE_BOUND('',#6847,.T.);
#7270=FACE_BOUND('',#6848,.T.);
#7271=FACE_BOUND('',#6849,.T.);
#7272=FACE_BOUND('',#6850,.T.);
#7273=FACE_BOUND('',#6851,.T.);
#7274=FACE_BOUND('',#6852,.T.);
#7275=FACE_BOUND('',#6853,.T.);
#7276=FACE_BOUND('',#6854,.T.);
#7277=FACE_BOUND('',#6855,.T.);
#7278=FACE_BOUND('',#6856,.T.);
#7279=FACE_BOUND('',#6857,.T.);
#7280=FACE_BOUND('',#6858,.T.);
#7281=FACE_BOUND('',#6859,.T.);
#7282=FACE_BOUND('',#6860,.T.);
#7283=FACE_BOUND('',#6861,.T.);
#7284=FACE_BOUND('',#6862,.T.);
#7285=FACE_BOUND('',#6863,.T.);
#7286=FACE_BOUND('',#6864,.T.);
#7287=FACE_BOUND('',#6865,.T.);
#7288=FACE_BOUND('',#6866,.T.);
#7289=FACE_BOUND('',#6867,.T.);
#7290=FACE_BOUND('',#6868,.T.);
#7291=FACE_BOUND('',#6869,.T.);
#7292=FACE_BOUND('',#6870,.T.);
#7293=FACE_BOUND('',#6871,.T.);
#7294=FACE_BOUND('',#6872,.T.);
#7295=FACE_BOUND('',#6873,.T.);
#7296=FACE_BOUND('',#6874,.T.);
#7297=FACE_BOUND('',#6875,.T.);
#7298=FACE_BOUND('',#6876,.T.);
#7299=FACE_BOUND('',#6877,.T.);
#7300=FACE_BOUND('',#6878,.T.);
#7301=FACE_BOUND('',#6879,.T.);
#7302=FACE_BOUND('',#6880,.T.);
#7303=FACE_BOUND('',#6881,.T.);
#7304=FACE_BOUND('',#6882,.T.);
#7305=FACE_BOUND('',#6883,.T.);
#7306=FACE_BOUND('',#6884,.T.);
#7307=FACE_BOUND('',#6885,.T.);
#7308=FACE_BOUND('',#6886,.T.);
#7309=FACE_BOUND('',#6887,.T.);
#7310=FACE_BOUND('',#6888,.T.);
#7311=FACE_BOUND('',#6889,.T.);
#7312=FACE_BOUND('',#6890,.T.);
#7313=FACE_BOUND('',#6891,.T.);
#7314=FACE_BOUND('',#6892,.T.);
#7315=FACE_BOUND('',#6893,.T.);
#7316=FACE_BOUND('',#6894,.T.);
#7317=FACE_BOUND('',#6895,.T.);
#7318=FACE_BOUND('',#6896,.T.);
#7319=FACE_BOUND('',#6897,.T.);
#7320=FACE_BOUND('',#6898,.T.);
#7321=FACE_BOUND('',#6899,.T.);
#7322=FACE_BOUND('',#6900,.T.);
#7323=FACE_BOUND('',#6901,.T.);
#7324=FACE_BOUND('',#6902,.T.);
#7325=FACE_BOUND('',#6903,.T.);
#7326=FACE_BOUND('',#6904,.T.);
#7327=FACE_BOUND('',#6905,.T.);
#7328=FACE_BOUND('',#6906,.T.);
#7329=FACE_BOUND('',#6907,.T.);
#7330=FACE_BOUND('',#6908,.T.);
#7331=FACE_BOUND('',#6909,.T.);
#7332=FACE_BOUND('',#6910,.T.);
#7333=FACE_BOUND('',#6911,.T.);
#7334=FACE_BOUND('',#6912,.T.);
#7335=FACE_BOUND('',#6913,.T.);
#7336=FACE_BOUND('',#6914,.T.);
#7337=FACE_BOUND('',#6915,.T.);
#7338=FACE_BOUND('',#6916,.T.);
#7339=FACE_BOUND('',#6917,.T.);
#7340=FACE_BOUND('',#6918,.T.);
#7341=FACE_BOUND('',#6919,.T.);
#7342=FACE_BOUND('',#6920,.T.);
#7343=FACE_BOUND('',#6921,.T.);
#7344=FACE_BOUND('',#6922,.T.);
#7345=FACE_BOUND('',#6923,.T.);
#7346=FACE_BOUND('',#6924,.T.);
#7347=FACE_BOUND('',#6925,.T.);
#7348=FACE_BOUND('',#6926,.T.);
#7349=FACE_BOUND('',#6927,.T.);
#7350=FACE_BOUND('',#6928,.T.);
#7351=FACE_BOUND('',#6929,.T.);
#7352=FACE_BOUND('',#6930,.T.);
#7353=FACE_BOUND('',#6931,.T.);
#7354=FACE_BOUND('',#6932,.T.);
#7355=FACE_BOUND('',#6933,.T.);
#7356=FACE_BOUND('',#6934,.T.);
#7357=FACE_BOUND('',#6935,.T.);
#7358=FACE_BOUND('',#6936,.T.);
#7359=FACE_BOUND('',#6937,.T.);
#7360=FACE_BOUND('',#6938,.T.);
#7361=FACE_BOUND('',#6939,.T.);
#7362=FACE_BOUND('',#6940,.T.);
#7363=FACE_BOUND('',#6941,.T.);
#7364=FACE_BOUND('',#6942,.T.);
#7365=FACE_BOUND('',#6943,.T.);
#7366=FACE_BOUND('',#6944,.T.);
#7367=FACE_BOUND('',#6945,.T.);
#7368=FACE_BOUND('',#6946,.T.);
#7369=FACE_BOUND('',#6947,.T.);
#7370=FACE_BOUND('',#6948,.T.);
#7371=FACE_BOUND('',#6949,.T.);
#7372=FACE_BOUND('',#6950,.T.);
#7373=FACE_BOUND('',#6951,.T.);
#7374=FACE_BOUND('',#6952,.T.);
#7375=FACE_BOUND('',#6953,.T.);
#7376=FACE_BOUND('',#6954,.T.);
#7377=FACE_BOUND('',#6955,.T.);
#7378=FACE_BOUND('',#6956,.T.);
#7379=FACE_BOUND('',#6957,.T.);
#7380=FACE_BOUND('',#6958,.T.);
#7381=FACE_BOUND('',#6959,.T.);
#7382=FACE_BOUND('',#6960,.T.);
#7383=FACE_BOUND('',#6961,.T.);
#7384=FACE_BOUND('',#6962,.T.);
#7385=FACE_BOUND('',#6963,.T.);
#7386=FACE_BOUND('',#6964,.T.);
#7387=FACE_BOUND('',#6965,.T.);
#7388=FACE_BOUND('',#6966,.T.);
#7389=FACE_BOUND('',#6967,.T.);
#7390=FACE_BOUND('',#6968,.T.);
#7391=FACE_BOUND('',#6969,.T.);
#7392=FACE_BOUND('',#6970,.T.);
#7393=FACE_BOUND('',#6971,.T.);
#7394=FACE_BOUND('',#6972,.T.);
#7395=FACE_BOUND('',#6973,.T.);
#7396=FACE_BOUND('',#6974,.T.);
#7397=FACE_BOUND('',#6975,.T.);
#7398=FACE_BOUND('',#6976,.T.);
#7399=FACE_BOUND('',#6977,.T.);
#7400=FACE_BOUND('',#6978,.T.);
#7401=FACE_BOUND('',#6979,.T.);
#7402=FACE_BOUND('',#6980,.T.);
#7403=FACE_BOUND('',#6981,.T.);
#7404=FACE_BOUND('',#6982,.T.);
#7405=FACE_BOUND('',#6983,.T.);
#7406=FACE_BOUND('',#6984,.T.);
#7407=FACE_BOUND('',#6985,.T.);
#7408=FACE_BOUND('',#6986,.T.);
#7409=FACE_BOUND('',#6987,.T.);
#7410=FACE_BOUND('',#6988,.T.);
#7411=FACE_BOUND('',#6989,.T.);
#7412=FACE_BOUND('',#6990,.T.);
#7413=FACE_BOUND('',#6991,.T.);
#7414=FACE_BOUND('',#6992,.T.);
#7415=FACE_BOUND('',#6993,.T.);
#7416=FACE_BOUND('',#6994,.T.);
#7417=FACE_BOUND('',#6995,.T.);
#7418=FACE_BOUND('',#6996,.T.);
#7419=FACE_BOUND('',#6997,.T.);
#7420=FACE_BOUND('',#6998,.T.);
#7421=FACE_BOUND('',#6999,.T.);
#7422=FACE_BOUND('',#7000,.T.);
#7423=FACE_BOUND('',#7001,.T.);
#7424=FACE_BOUND('',#7002,.T.);
#7425=FACE_BOUND('',#7003,.T.);
#7426=FACE_BOUND('',#7004,.T.);
#7427=FACE_BOUND('',#7005,.T.);
#7428=FACE_BOUND('',#7006,.T.);
#7429=FACE_BOUND('',#7007,.T.);
#7430=FACE_BOUND('',#7008,.T.);
#7431=FACE_BOUND('',#7009,.T.);
#7432=FACE_BOUND('',#7010,.T.);
#7433=FACE_BOUND('',#7011,.T.);
#7434=FACE_BOUND('',#7012,.T.);
#7435=FACE_BOUND('',#7013,.T.);
#7436=FACE_BOUND('',#7014,.T.);
#7437=FACE_BOUND('',#7015,.T.);
#7438=FACE_BOUND('',#7016,.T.);
#7439=FACE_BOUND('',#7017,.T.);
#7440=FACE_BOUND('',#7018,.T.);
#7441=FACE_BOUND('',#7019,.T.);
#7442=FACE_BOUND('',#7020,.T.);
#7443=FACE_BOUND('',#7021,.T.);
#7444=FACE_BOUND('',#7022,.T.);
#7445=FACE_BOUND('',#7023,.T.);
#7446=FACE_BOUND('',#7024,.T.);
#7447=FACE_BOUND('',#7025,.T.);
#7448=FACE_BOUND('',#7026,.T.);
#7449=FACE_BOUND('',#7027,.T.);
#7450=FACE_BOUND('',#7028,.T.);
#7451=FACE_BOUND('',#7029,.T.);
#7452=FACE_BOUND('',#7030,.T.);
#7453=FACE_BOUND('',#7031,.T.);
#7454=FACE_BOUND('',#7032,.T.);
#7455=FACE_BOUND('',#7033,.T.);
#7456=FACE_BOUND('',#7034,.T.);
#7457=FACE_BOUND('',#7035,.T.);
#7458=FACE_BOUND('',#7036,.T.);
#7459=FACE_BOUND('',#7037,.T.);
#7460=FACE_BOUND('',#7038,.T.);
#7461=FACE_BOUND('',#7039,.T.);
#7462=FACE_BOUND('',#7040,.T.);
#7463=FACE_BOUND('',#7041,.T.);
#7464=FACE_BOUND('',#7042,.T.);
#7465=FACE_BOUND('',#7043,.T.);
#7466=FACE_BOUND('',#7044,.T.);
#7467=FACE_BOUND('',#7045,.T.);
#7468=FACE_BOUND('',#7046,.T.);
#7469=FACE_BOUND('',#7047,.T.);
#7470=FACE_BOUND('',#7048,.T.);
#7471=FACE_BOUND('',#7049,.T.);
#7472=FACE_BOUND('',#7050,.T.);
#7473=FACE_BOUND('',#7051,.T.);
#7474=FACE_BOUND('',#7052,.T.);
#7475=FACE_BOUND('',#7053,.T.);
#7476=FACE_BOUND('',#7054,.T.);
#7477=FACE_BOUND('',#7055,.T.);
#7478=FACE_BOUND('',#7056,.T.);
#7479=FACE_BOUND('',#7057,.T.);
#7480=FACE_BOUND('',#7058,.T.);
#7481=FACE_BOUND('',#7059,.T.);
#7482=FACE_BOUND('',#7060,.T.);
#7483=FACE_BOUND('',#7061,.T.);
#7484=FACE_BOUND('',#7062,.T.);
#7485=FACE_BOUND('',#7063,.T.);
#7486=FACE_BOUND('',#7064,.T.);
#7487=FACE_BOUND('',#7065,.T.);
#7488=FACE_BOUND('',#7066,.T.);
#7489=FACE_BOUND('',#7067,.T.);
#7490=FACE_BOUND('',#7068,.T.);
#7491=FACE_BOUND('',#7069,.T.);
#7492=FACE_BOUND('',#7070,.T.);
#7493=FACE_BOUND('',#7071,.T.);
#7494=FACE_BOUND('',#7072,.T.);
#7495=FACE_BOUND('',#7073,.T.);
#7496=FACE_BOUND('',#7074,.T.);
#7497=FACE_BOUND('',#7075,.T.);
#7498=FACE_BOUND('',#7076,.T.);
#7499=FACE_BOUND('',#7077,.T.);
#7500=FACE_BOUND('',#7078,.T.);
#7501=FACE_BOUND('',#7079,.T.);
#7502=FACE_BOUND('',#7080,.T.);
#7503=FACE_BOUND('',#7081,.T.);
#7504=FACE_BOUND('',#7082,.T.);
#7505=FACE_BOUND('',#7083,.T.);
#7506=FACE_BOUND('',#7084,.T.);
#7507=FACE_BOUND('',#7085,.T.);
#7508=FACE_BOUND('',#7086,.T.);
#7509=FACE_BOUND('',#7087,.T.);
#7510=FACE_BOUND('',#7088,.T.);
#7511=FACE_BOUND('',#7089,.T.);
#7512=FACE_BOUND('',#7090,.T.);
#7513=FACE_BOUND('',#7091,.T.);
#7514=FACE_BOUND('',#7092,.T.);
#7515=FACE_BOUND('',#7093,.T.);
#7516=FACE_BOUND('',#7094,.T.);
#7517=FACE_BOUND('',#7095,.T.);
#7518=FACE_BOUND('',#7096,.T.);
#7519=FACE_BOUND('',#7097,.T.);
#7520=FACE_BOUND('',#7098,.T.);
#7521=FACE_BOUND('',#7099,.T.);
#7522=FACE_BOUND('',#7100,.T.);
#7523=FACE_BOUND('',#7101,.T.);
#7524=FACE_BOUND('',#7102,.T.);
#7525=FACE_BOUND('',#7103,.T.);
#7526=FACE_BOUND('',#7104,.T.);
#7527=FACE_BOUND('',#7105,.T.);
#7528=FACE_BOUND('',#7106,.T.);
#7529=FACE_BOUND('',#7107,.T.);
#7530=FACE_BOUND('',#7108,.T.);
#7531=FACE_BOUND('',#7109,.T.);
#7532=FACE_BOUND('',#7110,.T.);
#7533=FACE_BOUND('',#7111,.T.);
#7534=FACE_BOUND('',#7112,.T.);
#7535=FACE_BOUND('',#7113,.T.);
#7536=FACE_BOUND('',#7114,.T.);
#7537=FACE_BOUND('',#7115,.T.);
#7538=FACE_BOUND('',#7116,.T.);
#7539=FACE_BOUND('',#7117,.T.);
#7540=FACE_BOUND('',#7118,.T.);
#7541=FACE_BOUND('',#7119,.T.);
#7542=FACE_BOUND('',#7120,.T.);
#7543=FACE_BOUND('',#7121,.T.);
#7544=FACE_BOUND('',#7122,.T.);
#7545=FACE_BOUND('',#7123,.T.);
#7546=FACE_BOUND('',#7124,.T.);
#7547=FACE_BOUND('',#7125,.T.);
#7548=FACE_BOUND('',#7126,.T.);
#7549=FACE_BOUND('',#7127,.T.);
#7550=FACE_BOUND('',#7128,.T.);
#7551=FACE_BOUND('',#7129,.T.);
#7552=FACE_BOUND('',#7130,.T.);
#7553=FACE_BOUND('',#7131,.T.);
#7554=FACE_BOUND('',#7132,.T.);
#7555=FACE_BOUND('',#7133,.T.);
#7556=FACE_BOUND('',#7134,.T.);
#7557=FACE_BOUND('',#7135,.T.);
#7558=FACE_BOUND('',#7136,.T.);
#7559=FACE_BOUND('',#7137,.T.);
#7560=FACE_BOUND('',#7138,.T.);
#7561=FACE_BOUND('',#7139,.T.);
#7562=FACE_BOUND('',#7140,.T.);
#7563=FACE_BOUND('',#7141,.T.);
#7564=FACE_BOUND('',#7142,.T.);
#7565=FACE_BOUND('',#7143,.T.);
#7566=FACE_BOUND('',#7144,.T.);
#7567=FACE_BOUND('',#7145,.T.);
#7568=FACE_BOUND('',#7146,.T.);
#7569=FACE_BOUND('',#7147,.T.);
#7570=FACE_BOUND('',#7148,.T.);
#7571=FACE_BOUND('',#7149,.T.);
#7572=FACE_BOUND('',#7150,.T.);
#7573=FACE_BOUND('',#7151,.T.);
#7574=FACE_BOUND('',#7152,.T.);
#7575=FACE_BOUND('',#7153,.T.);
#7576=FACE_BOUND('',#7154,.T.);
#7577=FACE_BOUND('',#7155,.T.);
#7578=FACE_BOUND('',#7156,.T.);
#7579=FACE_BOUND('',#7157,.T.);
#7580=FACE_BOUND('',#7158,.T.);
#7581=FACE_BOUND('',#7159,.T.);
#7582=FACE_BOUND('',#7160,.T.);
#7583=FACE_BOUND('',#7161,.T.);
#7584=FACE_BOUND('',#7162,.T.);
#7585=FACE_BOUND('',#7163,.T.);
#7586=FACE_BOUND('',#7164,.T.);
#7587=FACE_BOUND('',#7165,.T.);
#7588=FACE_BOUND('',#7166,.T.);
#7589=FACE_BOUND('',#7167,.T.);
#7590=FACE_BOUND('',#7168,.T.);
#7591=FACE_BOUND('',#7169,.T.);
#7592=FACE_BOUND('',#7170,.T.);
#7593=FACE_BOUND('',#7171,.T.);
#7594=FACE_BOUND('',#7172,.T.);
#7595=FACE_BOUND('',#7173,.T.);
#7596=FACE_BOUND('',#7174,.T.);
#7597=FACE_BOUND('',#7175,.T.);
#7598=FACE_BOUND('',#7176,.T.);
#7599=FACE_BOUND('',#7177,.T.);
#7600=FACE_BOUND('',#7178,.T.);
#7601=FACE_BOUND('',#7179,.T.);
#7602=FACE_BOUND('',#7180,.T.);
#7603=FACE_BOUND('',#7181,.T.);
#7604=FACE_BOUND('',#7182,.T.);
#7605=FACE_BOUND('',#7183,.T.);
#7606=FACE_BOUND('',#7184,.T.);
#7607=FACE_BOUND('',#7185,.T.);
#7608=FACE_BOUND('',#7186,.T.);
#7609=FACE_BOUND('',#7187,.T.);
#7610=FACE_BOUND('',#7188,.T.);
#7611=FACE_BOUND('',#7189,.T.);
#7612=FACE_BOUND('',#7190,.T.);
#7613=FACE_BOUND('',#7191,.T.);
#7614=FACE_BOUND('',#7192,.T.);
#7615=FACE_BOUND('',#7193,.T.);
#7616=FACE_BOUND('',#7194,.T.);
#7617=FACE_BOUND('',#7195,.T.);
#7618=FACE_BOUND('',#7196,.T.);
#7619=FACE_BOUND('',#7197,.T.);
#7620=FACE_BOUND('',#7198,.T.);
#7621=FACE_BOUND('',#7199,.T.);
#7622=FACE_BOUND('',#7200,.T.);
#7623=FACE_BOUND('',#7201,.T.);
#7624=FACE_BOUND('',#7202,.T.);
#7625=FACE_BOUND('',#7203,.T.);
#7626=FACE_BOUND('',#7204,.T.);
#7627=FACE_BOUND('',#7205,.T.);
#7628=FACE_BOUND('',#7206,.T.);
#7629=FACE_BOUND('',#7207,.T.);
#7630=FACE_BOUND('',#7208,.T.);
#7631=FACE_BOUND('',#7209,.T.);
#7632=FACE_BOUND('',#7210,.T.);
#7633=FACE_BOUND('',#7211,.T.);
#7634=FACE_BOUND('',#7212,.T.);
#7635=FACE_BOUND('',#7213,.T.);
#7636=FACE_BOUND('',#7214,.T.);
#7637=FACE_BOUND('',#7215,.T.);
#7638=FACE_BOUND('',#7216,.T.);
#7639=FACE_BOUND('',#7217,.T.);
#7640=FACE_BOUND('',#7218,.T.);
#7641=FACE_BOUND('',#7219,.T.);
#7642=FACE_BOUND('',#7220,.T.);
#7643=FACE_BOUND('',#7221,.T.);
#7644=FACE_BOUND('',#7222,.T.);
#7645=FACE_BOUND('',#7223,.T.);
#7646=FACE_BOUND('',#7224,.T.);
#7647=FACE_BOUND('',#7225,.T.);
#7648=FACE_BOUND('',#7226,.T.);
#7649=FACE_BOUND('',#7227,.T.);
#7650=FACE_BOUND('',#7228,.T.);
#7651=FACE_BOUND('',#7229,.T.);
#7652=FACE_BOUND('',#7230,.T.);
#7653=FACE_BOUND('',#7231,.T.);
#7654=FACE_BOUND('',#7232,.T.);
#7655=FACE_BOUND('',#7233,.T.);
#7656=FACE_BOUND('',#7234,.T.);
#7657=FACE_BOUND('',#7235,.T.);
#7658=FACE_BOUND('',#7236,.T.);
#7659=FACE_BOUND('',#7237,.T.);
#7660=FACE_BOUND('',#7238,.T.);
#7661=FACE_BOUND('',#7239,.T.);
#7662=FACE_BOUND('',#7240,.T.);
#7663=FACE_BOUND('',#7241,.T.);
#7664=FACE_BOUND('',#7242,.T.);
#7665=FACE_BOUND('',#7243,.T.);
#7666=FACE_BOUND('',#7244,.T.);
#7667=FACE_BOUND('',#7245,.T.);
#7668=FACE_BOUND('',#7246,.T.);
#7669=FACE_BOUND('',#7247,.T.);
#7670=FACE_BOUND('',#7248,.T.);
#7671=FACE_BOUND('',#7249,.T.);
#7672=FACE_BOUND('',#7250,.T.);
#7673=FACE_BOUND('',#7251,.T.);
#7674=FACE_BOUND('',#7252,.T.);
#7675=FACE_BOUND('',#7253,.T.);
#7676=FACE_BOUND('',#7254,.T.);
#7677=FACE_BOUND('',#7255,.T.);
#7678=FACE_BOUND('',#7256,.T.);
#7679=FACE_BOUND('',#7257,.T.);
#7680=FACE_BOUND('',#7258,.T.);
#7681=FACE_BOUND('',#7259,.T.);
#7682=FACE_BOUND('',#7260,.T.);
#7683=FACE_BOUND('',#7261,.T.);
#7684=FACE_BOUND('',#7262,.T.);
#7685=FACE_BOUND('',#7263,.T.);
#7686=FACE_BOUND('',#7264,.T.);
#7687=FACE_BOUND('',#7265,.T.);
#7688=CYLINDRICAL_SURFACE('',#9217,0.000249999999999979);
#7689=CYLINDRICAL_SURFACE('',#9237,0.000249999999999979);
#7690=CYLINDRICAL_SURFACE('',#9262,0.000150000000000006);
#7691=CYLINDRICAL_SURFACE('',#9263,9.99999999993165E-5);
#7692=CYLINDRICAL_SURFACE('',#9268,0.000100000000000753);
#7693=CYLINDRICAL_SURFACE('',#9271,0.000100000000000753);
#7694=CYLINDRICAL_SURFACE('',#9296,0.000150000000000006);
#7695=CYLINDRICAL_SURFACE('',#9297,0.000100000000000158);
#7696=CYLINDRICAL_SURFACE('',#9302,0.000100000000000753);
#7697=CYLINDRICAL_SURFACE('',#9305,0.000100000000000753);
#7698=CYLINDRICAL_SURFACE('',#9325,0.000199999999963085);
#7699=CYLINDRICAL_SURFACE('',#9332,0.000199999999963085);
#7700=CYLINDRICAL_SURFACE('',#9342,0.000100000000000004);
#7701=CYLINDRICAL_SURFACE('',#9346,0.000100000000000004);
#7702=CYLINDRICAL_SURFACE('',#9356,0.000100000000000899);
#7703=CYLINDRICAL_SURFACE('',#9357,0.000100000000000899);
#7704=CYLINDRICAL_SURFACE('',#9395,8.00000000001429E-5);
#7705=CYLINDRICAL_SURFACE('',#9397,8.00000000001429E-5);
#7706=CYLINDRICAL_SURFACE('',#9408,0.000100000000000004);
#7707=CYLINDRICAL_SURFACE('',#9413,0.000100000000000004);
#7708=CYLINDRICAL_SURFACE('',#9419,0.000100000000000003);
#7709=CYLINDRICAL_SURFACE('',#9423,0.000100000000000004);
#7710=CYLINDRICAL_SURFACE('',#9440,0.000100000000000004);
#7711=CYLINDRICAL_SURFACE('',#9444,0.000100000000000003);
#7712=CYLINDRICAL_SURFACE('',#9449,0.000100000000000004);
#7713=CYLINDRICAL_SURFACE('',#9454,0.000100000000000004);
#7714=CYLINDRICAL_SURFACE('',#9470,0.00010000000000024);
#7715=CYLINDRICAL_SURFACE('',#9475,0.00010000000000024);
#7716=CYLINDRICAL_SURFACE('',#9491,7.99999999989765E-5);
#7717=CYLINDRICAL_SURFACE('',#9493,7.99999999997166E-5);
#7718=CYLINDRICAL_SURFACE('',#9503,7.99999999997166E-5);
#7719=CYLINDRICAL_SURFACE('',#9504,7.99999999995286E-5);
#7720=CYLINDRICAL_SURFACE('',#9510,0.000200000000000007);
#7721=CYLINDRICAL_SURFACE('',#9513,0.000200000000000007);
#7722=CYLINDRICAL_SURFACE('',#9516,0.000200000000001399);
#7723=CYLINDRICAL_SURFACE('',#9517,0.000200000000001399);
#7724=CYLINDRICAL_SURFACE('',#9519,0.000200000000000008);
#7725=CYLINDRICAL_SURFACE('',#9521,0.000200000000000008);
#7726=CYLINDRICAL_SURFACE('',#9523,0.000200000000000008);
#7727=CYLINDRICAL_SURFACE('',#9524,0.000200000000000008);
#7728=CYLINDRICAL_SURFACE('',#9525,0.000100000000000004);
#7729=CYLINDRICAL_SURFACE('',#9527,0.000100000000000003);
#7730=CYLINDRICAL_SURFACE('',#9531,5.00000000002106E-5);
#7731=CYLINDRICAL_SURFACE('',#9539,5.0000000000205E-5);
#7732=CYLINDRICAL_SURFACE('',#9547,0.000100000000000714);
#7733=CYLINDRICAL_SURFACE('',#9549,0.000100000000000003);
#7734=CYLINDRICAL_SURFACE('',#9551,8.0000000000003E-5);
#7735=CYLINDRICAL_SURFACE('',#9552,8.0000000000003E-5);
#7736=CYLINDRICAL_SURFACE('',#9553,8.0000000000003E-5);
#7737=CYLINDRICAL_SURFACE('',#9554,8.0000000000003E-5);
#7738=CYLINDRICAL_SURFACE('',#9555,0.000150000000000236);
#7739=CYLINDRICAL_SURFACE('',#9556,0.000150000000000223);
#7740=CYLINDRICAL_SURFACE('',#9557,0.000150000000000223);
#7741=CYLINDRICAL_SURFACE('',#9558,0.000150000000000236);
#7742=CYLINDRICAL_SURFACE('',#9655,0.000100000000000003);
#7743=CYLINDRICAL_SURFACE('',#9656,0.000100000000000004);
#7744=CYLINDRICAL_SURFACE('',#9657,0.000100000000000004);
#7745=CYLINDRICAL_SURFACE('',#9658,0.000100000000000003);
#7746=CYLINDRICAL_SURFACE('',#9661,5.00000000000028E-5);
#7747=CYLINDRICAL_SURFACE('',#9662,5.00000000000028E-5);
#7748=CYLINDRICAL_SURFACE('',#9701,0.000174999999987169);
#7749=CYLINDRICAL_SURFACE('',#9702,0.000175000000005842);
#7750=CYLINDRICAL_SURFACE('',#9760,4.99999999848979E-5);
#7751=CYLINDRICAL_SURFACE('',#9762,0.000130000000016259);
#7752=CYLINDRICAL_SURFACE('',#9764,0.000174999999994321);
#7753=CYLINDRICAL_SURFACE('',#9768,0.00016359146997972);
#7754=CYLINDRICAL_SURFACE('',#9775,0.000174999999994327);
#7755=CYLINDRICAL_SURFACE('',#9784,4.9999999981467E-5);
#7756=CYLINDRICAL_SURFACE('',#9786,0.000163359190760694);
#7757=CYLINDRICAL_SURFACE('',#9787,0.000130000000016259);
#7758=ADVANCED_FACE('',(#7266,#7267),#7688,.F.);
#7759=ADVANCED_FACE('',(#7268,#7269),#2468,.F.);
#7760=ADVANCED_FACE('',(#7270,#7271),#2469,.F.);
#7761=ADVANCED_FACE('',(#7272,#7273),#2470,.F.);
#7762=ADVANCED_FACE('',(#7274,#7275),#2471,.F.);
#7763=ADVANCED_FACE('',(#7276,#7277),#7689,.F.);
#7764=ADVANCED_FACE('',(#7278),#2134,.F.);
#7765=ADVANCED_FACE('',(#7279),#2135,.F.);
#7766=ADVANCED_FACE('',(#7280),#2136,.T.);
#7767=ADVANCED_FACE('',(#7281),#2137,.T.);
#7768=ADVANCED_FACE('',(#7282),#2138,.F.);
#7769=ADVANCED_FACE('',(#7283),#2139,.F.);
#7770=ADVANCED_FACE('',(#7284),#2140,.T.);
#7771=ADVANCED_FACE('',(#7285),#2141,.T.);
#7772=ADVANCED_FACE('',(#7286),#2142,.T.);
#7773=ADVANCED_FACE('',(#7287),#2143,.T.);
#7774=ADVANCED_FACE('',(#7288),#2144,.T.);
#7775=ADVANCED_FACE('',(#7289),#7690,.T.);
#7776=ADVANCED_FACE('',(#7290),#7691,.F.);
#7777=ADVANCED_FACE('',(#7291),#7692,.F.);
#7778=ADVANCED_FACE('',(#7292),#7693,.F.);
#7779=ADVANCED_FACE('',(#7293),#2145,.F.);
#7780=ADVANCED_FACE('',(#7294),#2146,.F.);
#7781=ADVANCED_FACE('',(#7295),#2147,.T.);
#7782=ADVANCED_FACE('',(#7296),#2148,.T.);
#7783=ADVANCED_FACE('',(#7297),#2149,.F.);
#7784=ADVANCED_FACE('',(#7298),#2150,.F.);
#7785=ADVANCED_FACE('',(#7299),#2151,.T.);
#7786=ADVANCED_FACE('',(#7300),#2152,.T.);
#7787=ADVANCED_FACE('',(#7301),#2153,.T.);
#7788=ADVANCED_FACE('',(#7302),#2154,.F.);
#7789=ADVANCED_FACE('',(#7303),#2155,.F.);
#7790=ADVANCED_FACE('',(#7304),#7694,.T.);
#7791=ADVANCED_FACE('',(#7305),#7695,.F.);
#7792=ADVANCED_FACE('',(#7306),#7696,.F.);
#7793=ADVANCED_FACE('',(#7307),#7697,.F.);
#7794=ADVANCED_FACE('',(#7308),#2156,.F.);
#7795=ADVANCED_FACE('',(#7309),#2157,.F.);
#7796=ADVANCED_FACE('',(#7310),#2158,.F.);
#7797=ADVANCED_FACE('',(#7311),#2159,.T.);
#7798=ADVANCED_FACE('',(#7312),#2160,.F.);
#7799=ADVANCED_FACE('',(#7313),#2161,.T.);
#7800=ADVANCED_FACE('',(#7314),#2162,.T.);
#7801=ADVANCED_FACE('',(#7315),#2163,.T.);
#7802=ADVANCED_FACE('',(#7316),#2164,.T.);
#7803=ADVANCED_FACE('',(#7317),#2165,.F.);
#7804=ADVANCED_FACE('',(#7318),#2166,.F.);
#7805=ADVANCED_FACE('',(#7319),#2167,.F.);
#7806=ADVANCED_FACE('',(#7320),#2168,.F.);
#7807=ADVANCED_FACE('',(#7321),#7698,.T.);
#7808=ADVANCED_FACE('',(#7322),#2169,.F.);
#7809=ADVANCED_FACE('',(#7323),#2170,.F.);
#7810=ADVANCED_FACE('',(#7324),#2171,.F.);
#7811=ADVANCED_FACE('',(#7325),#2172,.F.);
#7812=ADVANCED_FACE('',(#7326),#2173,.F.);
#7813=ADVANCED_FACE('',(#7327),#7699,.T.);
#7814=ADVANCED_FACE('',(#7328),#2174,.F.);
#7815=ADVANCED_FACE('',(#7329),#2175,.F.);
#7816=ADVANCED_FACE('',(#7330),#2176,.F.);
#7817=ADVANCED_FACE('',(#7331),#2177,.T.);
#7818=ADVANCED_FACE('',(#7332),#2178,.T.);
#7819=ADVANCED_FACE('',(#7333),#7700,.F.);
#7820=ADVANCED_FACE('',(#7334),#7701,.F.);
#7821=ADVANCED_FACE('',(#7335),#2179,.T.);
#7822=ADVANCED_FACE('',(#7336),#2180,.T.);
#7823=ADVANCED_FACE('',(#7337),#7702,.F.);
#7824=ADVANCED_FACE('',(#7338),#7703,.F.);
#7825=ADVANCED_FACE('',(#7339),#2181,.T.);
#7826=ADVANCED_FACE('',(#7340),#2182,.F.);
#7827=ADVANCED_FACE('',(#7341),#2183,.T.);
#7828=ADVANCED_FACE('',(#7342),#2184,.T.);
#7829=ADVANCED_FACE('',(#7343),#2185,.F.);
#7830=ADVANCED_FACE('',(#7344),#2186,.F.);
#7831=ADVANCED_FACE('',(#7345),#2187,.F.);
#7832=ADVANCED_FACE('',(#7346),#2188,.F.);
#7833=ADVANCED_FACE('',(#7347),#2189,.F.);
#7834=ADVANCED_FACE('',(#7348),#2190,.T.);
#7835=ADVANCED_FACE('',(#7349),#2191,.F.);
#7836=ADVANCED_FACE('',(#7350),#2192,.F.);
#7837=ADVANCED_FACE('',(#7351),#2193,.F.);
#7838=ADVANCED_FACE('',(#7352),#2194,.F.);
#7839=ADVANCED_FACE('',(#7353),#2195,.T.);
#7840=ADVANCED_FACE('',(#7354),#2196,.F.);
#7841=ADVANCED_FACE('',(#7355),#2197,.T.);
#7842=ADVANCED_FACE('',(#7356),#2198,.T.);
#7843=ADVANCED_FACE('',(#7357),#2199,.T.);
#7844=ADVANCED_FACE('',(#7358),#2200,.F.);
#7845=ADVANCED_FACE('',(#7359),#2201,.F.);
#7846=ADVANCED_FACE('',(#7360),#2202,.F.);
#7847=ADVANCED_FACE('',(#7361),#2203,.F.);
#7848=ADVANCED_FACE('',(#7362),#2204,.T.);
#7849=ADVANCED_FACE('',(#7363),#2205,.F.);
#7850=ADVANCED_FACE('',(#7364),#2206,.F.);
#7851=ADVANCED_FACE('',(#7365),#2207,.T.);
#7852=ADVANCED_FACE('',(#7366),#2208,.F.);
#7853=ADVANCED_FACE('',(#7367),#2209,.F.);
#7854=ADVANCED_FACE('',(#7368),#2210,.F.);
#7855=ADVANCED_FACE('',(#7369),#2211,.F.);
#7856=ADVANCED_FACE('',(#7370),#2212,.T.);
#7857=ADVANCED_FACE('',(#7371),#2213,.T.);
#7858=ADVANCED_FACE('',(#7372),#7704,.F.);
#7859=ADVANCED_FACE('',(#7373),#7705,.F.);
#7860=ADVANCED_FACE('',(#7374),#2214,.T.);
#7861=ADVANCED_FACE('',(#7375),#2215,.T.);
#7862=ADVANCED_FACE('',(#7376),#2216,.F.);
#7863=ADVANCED_FACE('',(#7377),#2217,.T.);
#7864=ADVANCED_FACE('',(#7378),#2218,.T.);
#7865=ADVANCED_FACE('',(#7379),#2219,.T.);
#7866=ADVANCED_FACE('',(#7380),#7706,.F.);
#7867=ADVANCED_FACE('',(#7381),#2220,.T.);
#7868=ADVANCED_FACE('',(#7382),#2221,.T.);
#7869=ADVANCED_FACE('',(#7383),#7707,.F.);
#7870=ADVANCED_FACE('',(#7384),#2222,.T.);
#7871=ADVANCED_FACE('',(#7385),#7708,.F.);
#7872=ADVANCED_FACE('',(#7386),#2223,.T.);
#7873=ADVANCED_FACE('',(#7387),#7709,.F.);
#7874=ADVANCED_FACE('',(#7388),#2224,.T.);
#7875=ADVANCED_FACE('',(#7389),#2225,.T.);
#7876=ADVANCED_FACE('',(#7390),#2226,.T.);
#7877=ADVANCED_FACE('',(#7391),#2227,.T.);
#7878=ADVANCED_FACE('',(#7392),#2228,.T.);
#7879=ADVANCED_FACE('',(#7393),#2229,.T.);
#7880=ADVANCED_FACE('',(#7394),#2230,.T.);
#7881=ADVANCED_FACE('',(#7395),#7710,.F.);
#7882=ADVANCED_FACE('',(#7396),#2231,.T.);
#7883=ADVANCED_FACE('',(#7397),#7711,.F.);
#7884=ADVANCED_FACE('',(#7398),#2232,.T.);
#7885=ADVANCED_FACE('',(#7399),#7712,.F.);
#7886=ADVANCED_FACE('',(#7400),#2233,.T.);
#7887=ADVANCED_FACE('',(#7401),#2234,.T.);
#7888=ADVANCED_FACE('',(#7402),#7713,.F.);
#7889=ADVANCED_FACE('',(#7403),#2235,.T.);
#7890=ADVANCED_FACE('',(#7404),#2236,.T.);
#7891=ADVANCED_FACE('',(#7405,#7406),#2237,.F.);
#7892=ADVANCED_FACE('',(#7407),#2238,.F.);
#7893=ADVANCED_FACE('',(#7408),#2239,.F.);
#7894=ADVANCED_FACE('',(#7409),#2240,.F.);
#7895=ADVANCED_FACE('',(#7410),#7714,.F.);
#7896=ADVANCED_FACE('',(#7411),#2241,.F.);
#7897=ADVANCED_FACE('',(#7412),#2242,.F.);
#7898=ADVANCED_FACE('',(#7413),#2243,.F.);
#7899=ADVANCED_FACE('',(#7414),#2244,.F.);
#7900=ADVANCED_FACE('',(#7415),#7715,.F.);
#7901=ADVANCED_FACE('',(#7416),#2245,.F.);
#7902=ADVANCED_FACE('',(#7417),#2246,.F.);
#7903=ADVANCED_FACE('',(#7418),#2247,.F.);
#7904=ADVANCED_FACE('',(#7419),#2248,.T.);
#7905=ADVANCED_FACE('',(#7420),#2249,.F.);
#7906=ADVANCED_FACE('',(#7421),#2250,.T.);
#7907=ADVANCED_FACE('',(#7422),#2251,.T.);
#7908=ADVANCED_FACE('',(#7423),#2252,.F.);
#7909=ADVANCED_FACE('',(#7424),#2253,.T.);
#7910=ADVANCED_FACE('',(#7425),#2254,.T.);
#7911=ADVANCED_FACE('',(#7426),#7716,.F.);
#7912=ADVANCED_FACE('',(#7427),#7717,.F.);
#7913=ADVANCED_FACE('',(#7428),#2255,.T.);
#7914=ADVANCED_FACE('',(#7429),#2256,.T.);
#7915=ADVANCED_FACE('',(#7430),#2257,.F.);
#7916=ADVANCED_FACE('',(#7431),#2258,.T.);
#7917=ADVANCED_FACE('',(#7432),#2259,.T.);
#7918=ADVANCED_FACE('',(#7433),#2260,.F.);
#7919=ADVANCED_FACE('',(#7434),#2261,.T.);
#7920=ADVANCED_FACE('',(#7435),#2262,.T.);
#7921=ADVANCED_FACE('',(#7436),#7718,.F.);
#7922=ADVANCED_FACE('',(#7437),#7719,.F.);
#7923=ADVANCED_FACE('',(#7438),#2263,.T.);
#7924=ADVANCED_FACE('',(#7439),#2264,.T.);
#7925=ADVANCED_FACE('',(#7440),#2265,.F.);
#7926=ADVANCED_FACE('',(#7441),#2266,.T.);
#7927=ADVANCED_FACE('',(#7442),#7720,.T.);
#7928=ADVANCED_FACE('',(#7443),#7721,.T.);
#7929=ADVANCED_FACE('',(#7444),#7722,.T.);
#7930=ADVANCED_FACE('',(#7445),#7723,.T.);
#7931=ADVANCED_FACE('',(#7446),#7724,.T.);
#7932=ADVANCED_FACE('',(#7447),#7725,.T.);
#7933=ADVANCED_FACE('',(#7448),#7726,.T.);
#7934=ADVANCED_FACE('',(#7449),#7727,.T.);
#7935=ADVANCED_FACE('',(#7450),#7728,.F.);
#7936=ADVANCED_FACE('',(#7451),#7729,.F.);
#7937=ADVANCED_FACE('',(#7452),#2267,.F.);
#7938=ADVANCED_FACE('',(#7453),#2268,.F.);
#7939=ADVANCED_FACE('',(#7454),#7730,.F.);
#7940=ADVANCED_FACE('',(#7455),#2269,.T.);
#7941=ADVANCED_FACE('',(#7456),#2270,.T.);
#7942=ADVANCED_FACE('',(#7457),#2271,.T.);
#7943=ADVANCED_FACE('',(#7458),#7731,.F.);
#7944=ADVANCED_FACE('',(#7459),#2272,.T.);
#7945=ADVANCED_FACE('',(#7460),#2273,.T.);
#7946=ADVANCED_FACE('',(#7461),#2274,.T.);
#7947=ADVANCED_FACE('',(#7462),#7732,.F.);
#7948=ADVANCED_FACE('',(#7463),#7733,.F.);
#7949=ADVANCED_FACE('',(#7464),#7734,.T.);
#7950=ADVANCED_FACE('',(#7465),#7735,.T.);
#7951=ADVANCED_FACE('',(#7466),#7736,.T.);
#7952=ADVANCED_FACE('',(#7467),#7737,.T.);
#7953=ADVANCED_FACE('',(#7468),#7738,.T.);
#7954=ADVANCED_FACE('',(#7469),#7739,.T.);
#7955=ADVANCED_FACE('',(#7470),#7740,.T.);
#7956=ADVANCED_FACE('',(#7471),#7741,.T.);
#7957=ADVANCED_FACE('',(#7472),#2275,.T.);
#7958=ADVANCED_FACE('',(#7473),#2276,.F.);
#7959=ADVANCED_FACE('',(#7474),#2277,.T.);
#7960=ADVANCED_FACE('',(#7475),#2278,.T.);
#7961=ADVANCED_FACE('',(#7476),#2279,.T.);
#7962=ADVANCED_FACE('',(#7477),#2280,.T.);
#7963=ADVANCED_FACE('',(#7478),#2281,.F.);
#7964=ADVANCED_FACE('',(#7479),#2282,.T.);
#7965=ADVANCED_FACE('',(#7480),#2283,.F.);
#7966=ADVANCED_FACE('',(#7481),#2284,.F.);
#7967=ADVANCED_FACE('',(#7482),#2285,.F.);
#7968=ADVANCED_FACE('',(#7483),#2286,.F.);
#7969=ADVANCED_FACE('',(#7484),#2287,.T.);
#7970=ADVANCED_FACE('',(#7485),#2288,.T.);
#7971=ADVANCED_FACE('',(#7486),#2289,.T.);
#7972=ADVANCED_FACE('',(#7487),#2290,.T.);
#7973=ADVANCED_FACE('',(#7488),#2291,.F.);
#7974=ADVANCED_FACE('',(#7489),#2292,.F.);
#7975=ADVANCED_FACE('',(#7490),#2293,.F.);
#7976=ADVANCED_FACE('',(#7491),#2294,.F.);
#7977=ADVANCED_FACE('',(#7492,#7493),#2295,.F.);
#7978=ADVANCED_FACE('',(#7494),#2296,.T.);
#7979=ADVANCED_FACE('',(#7495,#7496),#2297,.F.);
#7980=ADVANCED_FACE('',(#7497),#2298,.F.);
#7981=ADVANCED_FACE('',(#7498),#2299,.F.);
#7982=ADVANCED_FACE('',(#7499),#2300,.F.);
#7983=ADVANCED_FACE('',(#7500),#2301,.F.);
#7984=ADVANCED_FACE('',(#7501),#2302,.F.);
#7985=ADVANCED_FACE('',(#7502),#2303,.F.);
#7986=ADVANCED_FACE('',(#7503),#2304,.F.);
#7987=ADVANCED_FACE('',(#7504),#2305,.F.);
#7988=ADVANCED_FACE('',(#7505),#2306,.F.);
#7989=ADVANCED_FACE('',(#7506),#2307,.F.);
#7990=ADVANCED_FACE('',(#7507),#2308,.T.);
#7991=ADVANCED_FACE('',(#7508,#7509,#7510,#7511,#7512,#7513),#2309,.T.);
#7992=ADVANCED_FACE('',(#7514),#2310,.T.);
#7993=ADVANCED_FACE('',(#7515),#2311,.F.);
#7994=ADVANCED_FACE('',(#7516),#2312,.T.);
#7995=ADVANCED_FACE('',(#7517),#2313,.F.);
#7996=ADVANCED_FACE('',(#7518),#2314,.T.);
#7997=ADVANCED_FACE('',(#7519),#2315,.F.);
#7998=ADVANCED_FACE('',(#7520),#2316,.F.);
#7999=ADVANCED_FACE('',(#7521),#2317,.F.);
#8000=ADVANCED_FACE('',(#7522),#2318,.F.);
#8001=ADVANCED_FACE('',(#7523),#2319,.T.);
#8002=ADVANCED_FACE('',(#7524),#2320,.F.);
#8003=ADVANCED_FACE('',(#7525),#2321,.T.);
#8004=ADVANCED_FACE('',(#7526),#2322,.T.);
#8005=ADVANCED_FACE('',(#7527),#2323,.T.);
#8006=ADVANCED_FACE('',(#7528),#2324,.T.);
#8007=ADVANCED_FACE('',(#7529),#2325,.T.);
#8008=ADVANCED_FACE('',(#7530),#2326,.F.);
#8009=ADVANCED_FACE('',(#7531),#2327,.F.);
#8010=ADVANCED_FACE('',(#7532),#2328,.F.);
#8011=ADVANCED_FACE('',(#7533),#2329,.F.);
#8012=ADVANCED_FACE('',(#7534),#2330,.T.);
#8013=ADVANCED_FACE('',(#7535),#2331,.F.);
#8014=ADVANCED_FACE('',(#7536),#2332,.F.);
#8015=ADVANCED_FACE('',(#7537),#2333,.T.);
#8016=ADVANCED_FACE('',(#7538),#2334,.T.);
#8017=ADVANCED_FACE('',(#7539),#2335,.T.);
#8018=ADVANCED_FACE('',(#7540),#2336,.T.);
#8019=ADVANCED_FACE('',(#7541),#2337,.T.);
#8020=ADVANCED_FACE('',(#7542),#2338,.F.);
#8021=ADVANCED_FACE('',(#7543),#2339,.F.);
#8022=ADVANCED_FACE('',(#7544),#2340,.F.);
#8023=ADVANCED_FACE('',(#7545),#2341,.F.);
#8024=ADVANCED_FACE('',(#7546),#2342,.F.);
#8025=ADVANCED_FACE('',(#7547),#2343,.T.);
#8026=ADVANCED_FACE('',(#7548),#2344,.T.);
#8027=ADVANCED_FACE('',(#7549),#2345,.T.);
#8028=ADVANCED_FACE('',(#7550),#2346,.T.);
#8029=ADVANCED_FACE('',(#7551),#2347,.T.);
#8030=ADVANCED_FACE('',(#7552),#2348,.T.);
#8031=ADVANCED_FACE('',(#7553),#2349,.T.);
#8032=ADVANCED_FACE('',(#7554),#2350,.T.);
#8033=ADVANCED_FACE('',(#7555),#2351,.T.);
#8034=ADVANCED_FACE('',(#7556),#2352,.T.);
#8035=ADVANCED_FACE('',(#7557),#2353,.T.);
#8036=ADVANCED_FACE('',(#7558),#2354,.T.);
#8037=ADVANCED_FACE('',(#7559),#2355,.T.);
#8038=ADVANCED_FACE('',(#7560),#2356,.T.);
#8039=ADVANCED_FACE('',(#7561),#2357,.F.);
#8040=ADVANCED_FACE('',(#7562),#2358,.F.);
#8041=ADVANCED_FACE('',(#7563),#7742,.F.);
#8042=ADVANCED_FACE('',(#7564),#7743,.F.);
#8043=ADVANCED_FACE('',(#7565),#7744,.F.);
#8044=ADVANCED_FACE('',(#7566),#7745,.F.);
#8045=ADVANCED_FACE('',(#7567),#2359,.T.);
#8046=ADVANCED_FACE('',(#7568),#2360,.T.);
#8047=ADVANCED_FACE('',(#7569),#7746,.F.);
#8048=ADVANCED_FACE('',(#7570),#7747,.F.);
#8049=ADVANCED_FACE('',(#7571),#2361,.F.);
#8050=ADVANCED_FACE('',(#7572),#2362,.F.);
#8051=ADVANCED_FACE('',(#7573),#2363,.F.);
#8052=ADVANCED_FACE('',(#7574),#2364,.F.);
#8053=ADVANCED_FACE('',(#7575),#2365,.F.);
#8054=ADVANCED_FACE('',(#7576),#2366,.F.);
#8055=ADVANCED_FACE('',(#7577),#2367,.F.);
#8056=ADVANCED_FACE('',(#7578),#2368,.F.);
#8057=ADVANCED_FACE('',(#7579),#2369,.T.);
#8058=ADVANCED_FACE('',(#7580),#2370,.T.);
#8059=ADVANCED_FACE('',(#7581),#2371,.T.);
#8060=ADVANCED_FACE('',(#7582),#2372,.F.);
#8061=ADVANCED_FACE('',(#7583),#2373,.F.);
#8062=ADVANCED_FACE('',(#7584),#2374,.T.);
#8063=ADVANCED_FACE('',(#7585),#2375,.F.);
#8064=ADVANCED_FACE('',(#7586),#2376,.F.);
#8065=ADVANCED_FACE('',(#7587),#2377,.F.);
#8066=ADVANCED_FACE('',(#7588),#2378,.F.);
#8067=ADVANCED_FACE('',(#7589),#2379,.T.);
#8068=ADVANCED_FACE('',(#7590),#2380,.T.);
#8069=ADVANCED_FACE('',(#7591),#2381,.T.);
#8070=ADVANCED_FACE('',(#7592),#2382,.F.);
#8071=ADVANCED_FACE('',(#7593),#2383,.F.);
#8072=ADVANCED_FACE('',(#7594),#2384,.T.);
#8073=ADVANCED_FACE('',(#7595),#2385,.F.);
#8074=ADVANCED_FACE('',(#7596),#2386,.T.);
#8075=ADVANCED_FACE('',(#7597),#2387,.F.);
#8076=ADVANCED_FACE('',(#7598),#2388,.F.);
#8077=ADVANCED_FACE('',(#7599),#2389,.T.);
#8078=ADVANCED_FACE('',(#7600),#2390,.T.);
#8079=ADVANCED_FACE('',(#7601),#2391,.T.);
#8080=ADVANCED_FACE('',(#7602),#2392,.F.);
#8081=ADVANCED_FACE('',(#7603),#2393,.F.);
#8082=ADVANCED_FACE('',(#7604),#2394,.T.);
#8083=ADVANCED_FACE('',(#7605),#2395,.F.);
#8084=ADVANCED_FACE('',(#7606),#2396,.F.);
#8085=ADVANCED_FACE('',(#7607),#2397,.F.);
#8086=ADVANCED_FACE('',(#7608),#2398,.F.);
#8087=ADVANCED_FACE('',(#7609),#7748,.F.);
#8088=ADVANCED_FACE('',(#7610),#7749,.F.);
#8089=ADVANCED_FACE('',(#7611),#2399,.F.);
#8090=ADVANCED_FACE('',(#7612),#2400,.F.);
#8091=ADVANCED_FACE('',(#7613),#2401,.F.);
#8092=ADVANCED_FACE('',(#7614),#2402,.F.);
#8093=ADVANCED_FACE('',(#7615),#2403,.F.);
#8094=ADVANCED_FACE('',(#7616),#2404,.T.);
#8095=ADVANCED_FACE('',(#7617),#2405,.F.);
#8096=ADVANCED_FACE('',(#7618),#2406,.F.);
#8097=ADVANCED_FACE('',(#7619),#2407,.T.);
#8098=ADVANCED_FACE('',(#7620),#2408,.F.);
#8099=ADVANCED_FACE('',(#7621),#2409,.T.);
#8100=ADVANCED_FACE('',(#7622),#2410,.T.);
#8101=ADVANCED_FACE('',(#7623),#2411,.T.);
#8102=ADVANCED_FACE('',(#7624),#2412,.T.);
#8103=ADVANCED_FACE('',(#7625),#2413,.T.);
#8104=ADVANCED_FACE('',(#7626),#2414,.T.);
#8105=ADVANCED_FACE('',(#7627),#2415,.T.);
#8106=ADVANCED_FACE('',(#7628),#2416,.F.);
#8107=ADVANCED_FACE('',(#7629),#2417,.F.);
#8108=ADVANCED_FACE('',(#7630),#2418,.F.);
#8109=ADVANCED_FACE('',(#7631),#2419,.F.);
#8110=ADVANCED_FACE('',(#7632),#2420,.T.);
#8111=ADVANCED_FACE('',(#7633),#2421,.T.);
#8112=ADVANCED_FACE('',(#7634),#2422,.T.);
#8113=ADVANCED_FACE('',(#7635),#2423,.T.);
#8114=ADVANCED_FACE('',(#7636),#2424,.T.);
#8115=ADVANCED_FACE('',(#7637),#2425,.F.);
#8116=ADVANCED_FACE('',(#7638),#2426,.T.);
#8117=ADVANCED_FACE('',(#7639),#2427,.F.);
#8118=ADVANCED_FACE('',(#7640),#2428,.T.);
#8119=ADVANCED_FACE('',(#7641),#2429,.F.);
#8120=ADVANCED_FACE('',(#7642),#2430,.T.);
#8121=ADVANCED_FACE('',(#7643),#2431,.T.);
#8122=ADVANCED_FACE('',(#7644),#2432,.T.);
#8123=ADVANCED_FACE('',(#7645),#2433,.T.);
#8124=ADVANCED_FACE('',(#7646),#2434,.T.);
#8125=ADVANCED_FACE('',(#7647),#2435,.T.);
#8126=ADVANCED_FACE('',(#7648),#2436,.F.);
#8127=ADVANCED_FACE('',(#7649),#2437,.F.);
#8128=ADVANCED_FACE('',(#7650),#2438,.T.);
#8129=ADVANCED_FACE('',(#7651),#2439,.T.);
#8130=ADVANCED_FACE('',(#7652),#2440,.F.);
#8131=ADVANCED_FACE('',(#7653),#2441,.T.);
#8132=ADVANCED_FACE('',(#7654),#2442,.F.);
#8133=ADVANCED_FACE('',(#7655),#2443,.T.);
#8134=ADVANCED_FACE('',(#7656),#2444,.T.);
#8135=ADVANCED_FACE('',(#7657),#2445,.T.);
#8136=ADVANCED_FACE('',(#7658),#2446,.F.);
#8137=ADVANCED_FACE('',(#7659),#2447,.T.);
#8138=ADVANCED_FACE('',(#7660),#2448,.F.);
#8139=ADVANCED_FACE('',(#7661),#2449,.T.);
#8140=ADVANCED_FACE('',(#7662),#2450,.T.);
#8141=ADVANCED_FACE('',(#7663),#2451,.T.);
#8142=ADVANCED_FACE('',(#7664),#2452,.F.);
#8143=ADVANCED_FACE('',(#7665),#2453,.T.);
#8144=ADVANCED_FACE('',(#7666),#2454,.F.);
#8145=ADVANCED_FACE('',(#7667),#7750,.T.);
#8146=ADVANCED_FACE('',(#7668),#7751,.F.);
#8147=ADVANCED_FACE('',(#7669),#2455,.T.);
#8148=ADVANCED_FACE('',(#7670),#7752,.T.);
#8149=ADVANCED_FACE('',(#7671),#7753,.T.);
#8150=ADVANCED_FACE('',(#7672),#2456,.T.);
#8151=ADVANCED_FACE('',(#7673),#2457,.T.);
#8152=ADVANCED_FACE('',(#7674),#2458,.F.);
#8153=ADVANCED_FACE('',(#7675),#2459,.F.);
#8154=ADVANCED_FACE('',(#7676),#2460,.F.);
#8155=ADVANCED_FACE('',(#7677),#7754,.T.);
#8156=ADVANCED_FACE('',(#7678),#2461,.F.);
#8157=ADVANCED_FACE('',(#7679),#2462,.T.);
#8158=ADVANCED_FACE('',(#7680),#7755,.T.);
#8159=ADVANCED_FACE('',(#7681),#7756,.T.);
#8160=ADVANCED_FACE('',(#7682),#7757,.F.);
#8161=ADVANCED_FACE('',(#7683),#2463,.T.);
#8162=ADVANCED_FACE('',(#7684),#2464,.T.);
#8163=ADVANCED_FACE('',(#7685),#2465,.T.);
#8164=ADVANCED_FACE('',(#7686),#2466,.F.);
#8165=ADVANCED_FACE('',(#7687),#2467,.F.);
#8166=CLOSED_SHELL('',(#7758,#7759,#7760,#7761,#7762,#7763,#7764,#7765,
#7766,#7767,#7768,#7769,#7770,#7771,#7772,#7773,#7774,#7775,#7776,#7777,
#7778,#7779,#7780,#7781,#7782,#7783,#7784,#7785,#7786,#7787,#7788,#7789,
#7790,#7791,#7792,#7793,#7794,#7795,#7796,#7797,#7798,#7799,#7800,#7801,
#7802,#7803,#7804,#7805,#7806,#7807,#7808,#7809,#7810,#7811,#7812,#7813,
#7814,#7815,#7816,#7817,#7818,#7819,#7820,#7821,#7822,#7823,#7824,#7825,
#7826,#7827,#7828,#7829,#7830,#7831,#7832,#7833,#7834,#7835,#7836,#7837,
#7838,#7839,#7840,#7841,#7842,#7843,#7844,#7845,#7846,#7847,#7848,#7849,
#7850,#7851,#7852,#7853,#7854,#7855,#7856,#7857,#7858,#7859,#7860,#7861,
#7862,#7863,#7864,#7865,#7866,#7867,#7868,#7869,#7870,#7871,#7872,#7873,
#7874,#7875,#7876,#7877,#7878,#7879,#7880,#7881,#7882,#7883,#7884,#7885,
#7886,#7887,#7888,#7889,#7890,#7891,#7892,#7893,#7894,#7895,#7896,#7897,
#7898,#7899,#7900,#7901,#7902,#7903,#7904,#7905,#7906,#7907,#7908,#7909,
#7910,#7911,#7912,#7913,#7914,#7915,#7916,#7917,#7918,#7919,#7920,#7921,
#7922,#7923,#7924,#7925,#7926,#7927,#7928,#7929,#7930,#7931,#7932,#7933,
#7934,#7935,#7936,#7937,#7938,#7939,#7940,#7941,#7942,#7943,#7944,#7945,
#7946,#7947,#7948,#7949,#7950,#7951,#7952,#7953,#7954,#7955,#7956,#7957,
#7958,#7959,#7960,#7961,#7962,#7963,#7964,#7965,#7966,#7967,#7968,#7969,
#7970,#7971,#7972,#7973,#7974,#7975,#7976,#7977,#7978,#7979,#7980,#7981,
#7982,#7983,#7984,#7985,#7986,#7987,#7988,#7989,#7990,#7991,#7992,#7993,
#7994,#7995,#7996,#7997,#7998,#7999,#8000,#8001,#8002,#8003,#8004,#8005,
#8006,#8007,#8008,#8009,#8010,#8011,#8012,#8013,#8014,#8015,#8016,#8017,
#8018,#8019,#8020,#8021,#8022,#8023,#8024,#8025,#8026,#8027,#8028,#8029,
#8030,#8031,#8032,#8033,#8034,#8035,#8036,#8037,#8038,#8039,#8040,#8041,
#8042,#8043,#8044,#8045,#8046,#8047,#8048,#8049,#8050,#8051,#8052,#8053,
#8054,#8055,#8056,#8057,#8058,#8059,#8060,#8061,#8062,#8063,#8064,#8065,
#8066,#8067,#8068,#8069,#8070,#8071,#8072,#8073,#8074,#8075,#8076,#8077,
#8078,#8079,#8080,#8081,#8082,#8083,#8084,#8085,#8086,#8087,#8088,#8089,
#8090,#8091,#8092,#8093,#8094,#8095,#8096,#8097,#8098,#8099,#8100,#8101,
#8102,#8103,#8104,#8105,#8106,#8107,#8108,#8109,#8110,#8111,#8112,#8113,
#8114,#8115,#8116,#8117,#8118,#8119,#8120,#8121,#8122,#8123,#8124,#8125,
#8126,#8127,#8128,#8129,#8130,#8131));
#8167=CLOSED_SHELL('',(#8132,#8133,#8134,#8135,#8136,#8137));
#8168=CLOSED_SHELL('',(#8138,#8139,#8140,#8141,#8142,#8143));
#8169=CLOSED_SHELL('',(#8144,#8145,#8146,#8147,#8148,#8149,#8150,#8151,
#8152,#8153,#8154));
#8170=CLOSED_SHELL('',(#8155,#8156,#8157,#8158,#8159,#8160,#8161,#8162,
#8163,#8164,#8165));
#8171=STYLED_ITEM('',(#8172),#9213);
#8172=PRESENTATION_STYLE_ASSIGNMENT((#8345));
#8173=PRESENTATION_STYLE_ASSIGNMENT((#8346));
#8174=PRESENTATION_STYLE_ASSIGNMENT((#8347));
#8175=PRESENTATION_STYLE_ASSIGNMENT((#8348));
#8176=PRESENTATION_STYLE_ASSIGNMENT((#8349));
#8177=PRESENTATION_STYLE_ASSIGNMENT((#8350));
#8178=PRESENTATION_STYLE_ASSIGNMENT((#8351));
#8179=PRESENTATION_STYLE_ASSIGNMENT((#8352));
#8180=PRESENTATION_STYLE_ASSIGNMENT((#8353));
#8181=PRESENTATION_STYLE_ASSIGNMENT((#8354));
#8182=PRESENTATION_STYLE_ASSIGNMENT((#8355));
#8183=PRESENTATION_STYLE_ASSIGNMENT((#8356));
#8184=PRESENTATION_STYLE_ASSIGNMENT((#8357));
#8185=PRESENTATION_STYLE_ASSIGNMENT((#8358));
#8186=PRESENTATION_STYLE_ASSIGNMENT((#8359));
#8187=PRESENTATION_STYLE_ASSIGNMENT((#8360));
#8188=PRESENTATION_STYLE_ASSIGNMENT((#8361));
#8189=PRESENTATION_STYLE_ASSIGNMENT((#8362));
#8190=PRESENTATION_STYLE_ASSIGNMENT((#8363));
#8191=PRESENTATION_STYLE_ASSIGNMENT((#8364));
#8192=PRESENTATION_STYLE_ASSIGNMENT((#8365));
#8193=PRESENTATION_STYLE_ASSIGNMENT((#8366));
#8194=PRESENTATION_STYLE_ASSIGNMENT((#8367));
#8195=PRESENTATION_STYLE_ASSIGNMENT((#8368));
#8196=PRESENTATION_STYLE_ASSIGNMENT((#8369));
#8197=PRESENTATION_STYLE_ASSIGNMENT((#8370));
#8198=PRESENTATION_STYLE_ASSIGNMENT((#8371));
#8199=PRESENTATION_STYLE_ASSIGNMENT((#8372));
#8200=PRESENTATION_STYLE_ASSIGNMENT((#8373));
#8201=PRESENTATION_STYLE_ASSIGNMENT((#8374));
#8202=PRESENTATION_STYLE_ASSIGNMENT((#8375));
#8203=PRESENTATION_STYLE_ASSIGNMENT((#8376));
#8204=PRESENTATION_STYLE_ASSIGNMENT((#8377));
#8205=PRESENTATION_STYLE_ASSIGNMENT((#8378));
#8206=PRESENTATION_STYLE_ASSIGNMENT((#8379));
#8207=PRESENTATION_STYLE_ASSIGNMENT((#8380));
#8208=PRESENTATION_STYLE_ASSIGNMENT((#8381));
#8209=PRESENTATION_STYLE_ASSIGNMENT((#8382));
#8210=PRESENTATION_STYLE_ASSIGNMENT((#8383));
#8211=PRESENTATION_STYLE_ASSIGNMENT((#8384));
#8212=PRESENTATION_STYLE_ASSIGNMENT((#8385));
#8213=PRESENTATION_STYLE_ASSIGNMENT((#8386));
#8214=PRESENTATION_STYLE_ASSIGNMENT((#8387));
#8215=PRESENTATION_STYLE_ASSIGNMENT((#8388));
#8216=PRESENTATION_STYLE_ASSIGNMENT((#8389));
#8217=PRESENTATION_STYLE_ASSIGNMENT((#8390));
#8218=PRESENTATION_STYLE_ASSIGNMENT((#8391));
#8219=PRESENTATION_STYLE_ASSIGNMENT((#8392));
#8220=PRESENTATION_STYLE_ASSIGNMENT((#8393));
#8221=PRESENTATION_STYLE_ASSIGNMENT((#8394));
#8222=PRESENTATION_STYLE_ASSIGNMENT((#8395));
#8223=PRESENTATION_STYLE_ASSIGNMENT((#8396));
#8224=PRESENTATION_STYLE_ASSIGNMENT((#8397));
#8225=PRESENTATION_STYLE_ASSIGNMENT((#8398));
#8226=PRESENTATION_STYLE_ASSIGNMENT((#8399));
#8227=PRESENTATION_STYLE_ASSIGNMENT((#8400));
#8228=PRESENTATION_STYLE_ASSIGNMENT((#8401));
#8229=PRESENTATION_STYLE_ASSIGNMENT((#8402));
#8230=PRESENTATION_STYLE_ASSIGNMENT((#8403));
#8231=PRESENTATION_STYLE_ASSIGNMENT((#8404));
#8232=PRESENTATION_STYLE_ASSIGNMENT((#8405));
#8233=PRESENTATION_STYLE_ASSIGNMENT((#8406));
#8234=PRESENTATION_STYLE_ASSIGNMENT((#8407));
#8235=PRESENTATION_STYLE_ASSIGNMENT((#8408));
#8236=PRESENTATION_STYLE_ASSIGNMENT((#8409));
#8237=PRESENTATION_STYLE_ASSIGNMENT((#8410));
#8238=PRESENTATION_STYLE_ASSIGNMENT((#8411));
#8239=PRESENTATION_STYLE_ASSIGNMENT((#8412));
#8240=PRESENTATION_STYLE_ASSIGNMENT((#8413));
#8241=PRESENTATION_STYLE_ASSIGNMENT((#8414));
#8242=PRESENTATION_STYLE_ASSIGNMENT((#8415));
#8243=PRESENTATION_STYLE_ASSIGNMENT((#8416));
#8244=PRESENTATION_STYLE_ASSIGNMENT((#8417));
#8245=PRESENTATION_STYLE_ASSIGNMENT((#8418));
#8246=PRESENTATION_STYLE_ASSIGNMENT((#8419));
#8247=PRESENTATION_STYLE_ASSIGNMENT((#8420));
#8248=PRESENTATION_STYLE_ASSIGNMENT((#8421));
#8249=PRESENTATION_STYLE_ASSIGNMENT((#8422));
#8250=PRESENTATION_STYLE_ASSIGNMENT((#8423));
#8251=PRESENTATION_STYLE_ASSIGNMENT((#8424));
#8252=PRESENTATION_STYLE_ASSIGNMENT((#8425));
#8253=PRESENTATION_STYLE_ASSIGNMENT((#8426));
#8254=PRESENTATION_STYLE_ASSIGNMENT((#8427));
#8255=PRESENTATION_STYLE_ASSIGNMENT((#8428));
#8256=PRESENTATION_STYLE_ASSIGNMENT((#8429));
#8257=PRESENTATION_STYLE_ASSIGNMENT((#8430));
#8258=PRESENTATION_STYLE_ASSIGNMENT((#8431));
#8259=PRESENTATION_STYLE_ASSIGNMENT((#8432));
#8260=PRESENTATION_STYLE_ASSIGNMENT((#8433));
#8261=PRESENTATION_STYLE_ASSIGNMENT((#8434));
#8262=PRESENTATION_STYLE_ASSIGNMENT((#8435));
#8263=PRESENTATION_STYLE_ASSIGNMENT((#8436));
#8264=PRESENTATION_STYLE_ASSIGNMENT((#8437));
#8265=PRESENTATION_STYLE_ASSIGNMENT((#8438));
#8266=PRESENTATION_STYLE_ASSIGNMENT((#8439));
#8267=PRESENTATION_STYLE_ASSIGNMENT((#8440));
#8268=PRESENTATION_STYLE_ASSIGNMENT((#8441));
#8269=PRESENTATION_STYLE_ASSIGNMENT((#8442));
#8270=PRESENTATION_STYLE_ASSIGNMENT((#8443));
#8271=PRESENTATION_STYLE_ASSIGNMENT((#8444));
#8272=PRESENTATION_STYLE_ASSIGNMENT((#8445));
#8273=PRESENTATION_STYLE_ASSIGNMENT((#8446));
#8274=PRESENTATION_STYLE_ASSIGNMENT((#8447));
#8275=PRESENTATION_STYLE_ASSIGNMENT((#8448));
#8276=PRESENTATION_STYLE_ASSIGNMENT((#8449));
#8277=PRESENTATION_STYLE_ASSIGNMENT((#8450));
#8278=PRESENTATION_STYLE_ASSIGNMENT((#8451));
#8279=PRESENTATION_STYLE_ASSIGNMENT((#8452));
#8280=PRESENTATION_STYLE_ASSIGNMENT((#8453));
#8281=PRESENTATION_STYLE_ASSIGNMENT((#8454));
#8282=PRESENTATION_STYLE_ASSIGNMENT((#8455));
#8283=PRESENTATION_STYLE_ASSIGNMENT((#8456));
#8284=PRESENTATION_STYLE_ASSIGNMENT((#8457));
#8285=PRESENTATION_STYLE_ASSIGNMENT((#8458));
#8286=PRESENTATION_STYLE_ASSIGNMENT((#8459));
#8287=PRESENTATION_STYLE_ASSIGNMENT((#8460));
#8288=PRESENTATION_STYLE_ASSIGNMENT((#8461));
#8289=PRESENTATION_STYLE_ASSIGNMENT((#8462));
#8290=PRESENTATION_STYLE_ASSIGNMENT((#8463));
#8291=PRESENTATION_STYLE_ASSIGNMENT((#8464));
#8292=PRESENTATION_STYLE_ASSIGNMENT((#8465));
#8293=PRESENTATION_STYLE_ASSIGNMENT((#8466));
#8294=PRESENTATION_STYLE_ASSIGNMENT((#8467));
#8295=PRESENTATION_STYLE_ASSIGNMENT((#8468));
#8296=PRESENTATION_STYLE_ASSIGNMENT((#8469));
#8297=PRESENTATION_STYLE_ASSIGNMENT((#8470));
#8298=PRESENTATION_STYLE_ASSIGNMENT((#8471));
#8299=PRESENTATION_STYLE_ASSIGNMENT((#8472));
#8300=PRESENTATION_STYLE_ASSIGNMENT((#8473));
#8301=PRESENTATION_STYLE_ASSIGNMENT((#8474));
#8302=PRESENTATION_STYLE_ASSIGNMENT((#8475));
#8303=PRESENTATION_STYLE_ASSIGNMENT((#8476));
#8304=PRESENTATION_STYLE_ASSIGNMENT((#8477));
#8305=PRESENTATION_STYLE_ASSIGNMENT((#8478));
#8306=PRESENTATION_STYLE_ASSIGNMENT((#8479));
#8307=PRESENTATION_STYLE_ASSIGNMENT((#8480));
#8308=PRESENTATION_STYLE_ASSIGNMENT((#8481));
#8309=PRESENTATION_STYLE_ASSIGNMENT((#8482));
#8310=PRESENTATION_STYLE_ASSIGNMENT((#8483));
#8311=PRESENTATION_STYLE_ASSIGNMENT((#8484));
#8312=PRESENTATION_STYLE_ASSIGNMENT((#8485));
#8313=PRESENTATION_STYLE_ASSIGNMENT((#8486));
#8314=PRESENTATION_STYLE_ASSIGNMENT((#8487));
#8315=PRESENTATION_STYLE_ASSIGNMENT((#8488));
#8316=PRESENTATION_STYLE_ASSIGNMENT((#8489));
#8317=PRESENTATION_STYLE_ASSIGNMENT((#8490));
#8318=PRESENTATION_STYLE_ASSIGNMENT((#8491));
#8319=PRESENTATION_STYLE_ASSIGNMENT((#8492));
#8320=PRESENTATION_STYLE_ASSIGNMENT((#8493));
#8321=PRESENTATION_STYLE_ASSIGNMENT((#8494));
#8322=PRESENTATION_STYLE_ASSIGNMENT((#8495));
#8323=PRESENTATION_STYLE_ASSIGNMENT((#8496));
#8324=PRESENTATION_STYLE_ASSIGNMENT((#8497));
#8325=PRESENTATION_STYLE_ASSIGNMENT((#8498));
#8326=PRESENTATION_STYLE_ASSIGNMENT((#8499));
#8327=PRESENTATION_STYLE_ASSIGNMENT((#8500));
#8328=PRESENTATION_STYLE_ASSIGNMENT((#8501));
#8329=PRESENTATION_STYLE_ASSIGNMENT((#8502));
#8330=PRESENTATION_STYLE_ASSIGNMENT((#8503));
#8331=PRESENTATION_STYLE_ASSIGNMENT((#8504));
#8332=PRESENTATION_STYLE_ASSIGNMENT((#8505));
#8333=PRESENTATION_STYLE_ASSIGNMENT((#8506));
#8334=PRESENTATION_STYLE_ASSIGNMENT((#8507));
#8335=PRESENTATION_STYLE_ASSIGNMENT((#8508));
#8336=PRESENTATION_STYLE_ASSIGNMENT((#8509));
#8337=PRESENTATION_STYLE_ASSIGNMENT((#8510));
#8338=PRESENTATION_STYLE_ASSIGNMENT((#8511));
#8339=PRESENTATION_STYLE_ASSIGNMENT((#8512));
#8340=PRESENTATION_STYLE_ASSIGNMENT((#8513));
#8341=PRESENTATION_STYLE_ASSIGNMENT((#8514));
#8342=PRESENTATION_STYLE_ASSIGNMENT((#8515));
#8343=PRESENTATION_STYLE_ASSIGNMENT((#8516));
#8344=PRESENTATION_STYLE_ASSIGNMENT((#8517));
#8345=SURFACE_STYLE_USAGE(.BOTH.,#8518);
#8346=SURFACE_STYLE_USAGE(.BOTH.,#8519);
#8347=SURFACE_STYLE_USAGE(.BOTH.,#8520);
#8348=SURFACE_STYLE_USAGE(.BOTH.,#8521);
#8349=SURFACE_STYLE_USAGE(.BOTH.,#8522);
#8350=SURFACE_STYLE_USAGE(.BOTH.,#8523);
#8351=SURFACE_STYLE_USAGE(.BOTH.,#8524);
#8352=SURFACE_STYLE_USAGE(.BOTH.,#8525);
#8353=SURFACE_STYLE_USAGE(.BOTH.,#8526);
#8354=SURFACE_STYLE_USAGE(.BOTH.,#8527);
#8355=SURFACE_STYLE_USAGE(.BOTH.,#8528);
#8356=SURFACE_STYLE_USAGE(.BOTH.,#8529);
#8357=SURFACE_STYLE_USAGE(.BOTH.,#8530);
#8358=SURFACE_STYLE_USAGE(.BOTH.,#8531);
#8359=SURFACE_STYLE_USAGE(.BOTH.,#8532);
#8360=SURFACE_STYLE_USAGE(.BOTH.,#8533);
#8361=SURFACE_STYLE_USAGE(.BOTH.,#8534);
#8362=SURFACE_STYLE_USAGE(.BOTH.,#8535);
#8363=SURFACE_STYLE_USAGE(.BOTH.,#8536);
#8364=SURFACE_STYLE_USAGE(.BOTH.,#8537);
#8365=SURFACE_STYLE_USAGE(.BOTH.,#8538);
#8366=SURFACE_STYLE_USAGE(.BOTH.,#8539);
#8367=SURFACE_STYLE_USAGE(.BOTH.,#8540);
#8368=SURFACE_STYLE_USAGE(.BOTH.,#8541);
#8369=SURFACE_STYLE_USAGE(.BOTH.,#8542);
#8370=SURFACE_STYLE_USAGE(.BOTH.,#8543);
#8371=SURFACE_STYLE_USAGE(.BOTH.,#8544);
#8372=SURFACE_STYLE_USAGE(.BOTH.,#8545);
#8373=SURFACE_STYLE_USAGE(.BOTH.,#8546);
#8374=SURFACE_STYLE_USAGE(.BOTH.,#8547);
#8375=SURFACE_STYLE_USAGE(.BOTH.,#8548);
#8376=SURFACE_STYLE_USAGE(.BOTH.,#8549);
#8377=SURFACE_STYLE_USAGE(.BOTH.,#8550);
#8378=SURFACE_STYLE_USAGE(.BOTH.,#8551);
#8379=SURFACE_STYLE_USAGE(.BOTH.,#8552);
#8380=SURFACE_STYLE_USAGE(.BOTH.,#8553);
#8381=SURFACE_STYLE_USAGE(.BOTH.,#8554);
#8382=SURFACE_STYLE_USAGE(.BOTH.,#8555);
#8383=SURFACE_STYLE_USAGE(.BOTH.,#8556);
#8384=SURFACE_STYLE_USAGE(.BOTH.,#8557);
#8385=SURFACE_STYLE_USAGE(.BOTH.,#8558);
#8386=SURFACE_STYLE_USAGE(.BOTH.,#8559);
#8387=SURFACE_STYLE_USAGE(.BOTH.,#8560);
#8388=SURFACE_STYLE_USAGE(.BOTH.,#8561);
#8389=SURFACE_STYLE_USAGE(.BOTH.,#8562);
#8390=SURFACE_STYLE_USAGE(.BOTH.,#8563);
#8391=SURFACE_STYLE_USAGE(.BOTH.,#8564);
#8392=SURFACE_STYLE_USAGE(.BOTH.,#8565);
#8393=SURFACE_STYLE_USAGE(.BOTH.,#8566);
#8394=SURFACE_STYLE_USAGE(.BOTH.,#8567);
#8395=SURFACE_STYLE_USAGE(.BOTH.,#8568);
#8396=SURFACE_STYLE_USAGE(.BOTH.,#8569);
#8397=SURFACE_STYLE_USAGE(.BOTH.,#8570);
#8398=SURFACE_STYLE_USAGE(.BOTH.,#8571);
#8399=SURFACE_STYLE_USAGE(.BOTH.,#8572);
#8400=SURFACE_STYLE_USAGE(.BOTH.,#8573);
#8401=SURFACE_STYLE_USAGE(.BOTH.,#8574);
#8402=SURFACE_STYLE_USAGE(.BOTH.,#8575);
#8403=SURFACE_STYLE_USAGE(.BOTH.,#8576);
#8404=SURFACE_STYLE_USAGE(.BOTH.,#8577);
#8405=SURFACE_STYLE_USAGE(.BOTH.,#8578);
#8406=SURFACE_STYLE_USAGE(.BOTH.,#8579);
#8407=SURFACE_STYLE_USAGE(.BOTH.,#8580);
#8408=SURFACE_STYLE_USAGE(.BOTH.,#8581);
#8409=SURFACE_STYLE_USAGE(.BOTH.,#8582);
#8410=SURFACE_STYLE_USAGE(.BOTH.,#8583);
#8411=SURFACE_STYLE_USAGE(.BOTH.,#8584);
#8412=SURFACE_STYLE_USAGE(.BOTH.,#8585);
#8413=SURFACE_STYLE_USAGE(.BOTH.,#8586);
#8414=SURFACE_STYLE_USAGE(.BOTH.,#8587);
#8415=SURFACE_STYLE_USAGE(.BOTH.,#8588);
#8416=SURFACE_STYLE_USAGE(.BOTH.,#8589);
#8417=SURFACE_STYLE_USAGE(.BOTH.,#8590);
#8418=SURFACE_STYLE_USAGE(.BOTH.,#8591);
#8419=SURFACE_STYLE_USAGE(.BOTH.,#8592);
#8420=SURFACE_STYLE_USAGE(.BOTH.,#8593);
#8421=SURFACE_STYLE_USAGE(.BOTH.,#8594);
#8422=SURFACE_STYLE_USAGE(.BOTH.,#8595);
#8423=SURFACE_STYLE_USAGE(.BOTH.,#8596);
#8424=SURFACE_STYLE_USAGE(.BOTH.,#8597);
#8425=SURFACE_STYLE_USAGE(.BOTH.,#8598);
#8426=SURFACE_STYLE_USAGE(.BOTH.,#8599);
#8427=SURFACE_STYLE_USAGE(.BOTH.,#8600);
#8428=SURFACE_STYLE_USAGE(.BOTH.,#8601);
#8429=SURFACE_STYLE_USAGE(.BOTH.,#8602);
#8430=SURFACE_STYLE_USAGE(.BOTH.,#8603);
#8431=SURFACE_STYLE_USAGE(.BOTH.,#8604);
#8432=SURFACE_STYLE_USAGE(.BOTH.,#8605);
#8433=SURFACE_STYLE_USAGE(.BOTH.,#8606);
#8434=SURFACE_STYLE_USAGE(.BOTH.,#8607);
#8435=SURFACE_STYLE_USAGE(.BOTH.,#8608);
#8436=SURFACE_STYLE_USAGE(.BOTH.,#8609);
#8437=SURFACE_STYLE_USAGE(.BOTH.,#8610);
#8438=SURFACE_STYLE_USAGE(.BOTH.,#8611);
#8439=SURFACE_STYLE_USAGE(.BOTH.,#8612);
#8440=SURFACE_STYLE_USAGE(.BOTH.,#8613);
#8441=SURFACE_STYLE_USAGE(.BOTH.,#8614);
#8442=SURFACE_STYLE_USAGE(.BOTH.,#8615);
#8443=SURFACE_STYLE_USAGE(.BOTH.,#8616);
#8444=SURFACE_STYLE_USAGE(.BOTH.,#8617);
#8445=SURFACE_STYLE_USAGE(.BOTH.,#8618);
#8446=SURFACE_STYLE_USAGE(.BOTH.,#8619);
#8447=SURFACE_STYLE_USAGE(.BOTH.,#8620);
#8448=SURFACE_STYLE_USAGE(.BOTH.,#8621);
#8449=SURFACE_STYLE_USAGE(.BOTH.,#8622);
#8450=SURFACE_STYLE_USAGE(.BOTH.,#8623);
#8451=SURFACE_STYLE_USAGE(.BOTH.,#8624);
#8452=SURFACE_STYLE_USAGE(.BOTH.,#8625);
#8453=SURFACE_STYLE_USAGE(.BOTH.,#8626);
#8454=SURFACE_STYLE_USAGE(.BOTH.,#8627);
#8455=SURFACE_STYLE_USAGE(.BOTH.,#8628);
#8456=SURFACE_STYLE_USAGE(.BOTH.,#8629);
#8457=SURFACE_STYLE_USAGE(.BOTH.,#8630);
#8458=SURFACE_STYLE_USAGE(.BOTH.,#8631);
#8459=SURFACE_STYLE_USAGE(.BOTH.,#8632);
#8460=SURFACE_STYLE_USAGE(.BOTH.,#8633);
#8461=SURFACE_STYLE_USAGE(.BOTH.,#8634);
#8462=SURFACE_STYLE_USAGE(.BOTH.,#8635);
#8463=SURFACE_STYLE_USAGE(.BOTH.,#8636);
#8464=SURFACE_STYLE_USAGE(.BOTH.,#8637);
#8465=SURFACE_STYLE_USAGE(.BOTH.,#8638);
#8466=SURFACE_STYLE_USAGE(.BOTH.,#8639);
#8467=SURFACE_STYLE_USAGE(.BOTH.,#8640);
#8468=SURFACE_STYLE_USAGE(.BOTH.,#8641);
#8469=SURFACE_STYLE_USAGE(.BOTH.,#8642);
#8470=SURFACE_STYLE_USAGE(.BOTH.,#8643);
#8471=SURFACE_STYLE_USAGE(.BOTH.,#8644);
#8472=SURFACE_STYLE_USAGE(.BOTH.,#8645);
#8473=SURFACE_STYLE_USAGE(.BOTH.,#8646);
#8474=SURFACE_STYLE_USAGE(.BOTH.,#8647);
#8475=SURFACE_STYLE_USAGE(.BOTH.,#8648);
#8476=SURFACE_STYLE_USAGE(.BOTH.,#8649);
#8477=SURFACE_STYLE_USAGE(.BOTH.,#8650);
#8478=SURFACE_STYLE_USAGE(.BOTH.,#8651);
#8479=SURFACE_STYLE_USAGE(.BOTH.,#8652);
#8480=SURFACE_STYLE_USAGE(.BOTH.,#8653);
#8481=SURFACE_STYLE_USAGE(.BOTH.,#8654);
#8482=SURFACE_STYLE_USAGE(.BOTH.,#8655);
#8483=SURFACE_STYLE_USAGE(.BOTH.,#8656);
#8484=SURFACE_STYLE_USAGE(.BOTH.,#8657);
#8485=SURFACE_STYLE_USAGE(.BOTH.,#8658);
#8486=SURFACE_STYLE_USAGE(.BOTH.,#8659);
#8487=SURFACE_STYLE_USAGE(.BOTH.,#8660);
#8488=SURFACE_STYLE_USAGE(.BOTH.,#8661);
#8489=SURFACE_STYLE_USAGE(.BOTH.,#8662);
#8490=SURFACE_STYLE_USAGE(.BOTH.,#8663);
#8491=SURFACE_STYLE_USAGE(.BOTH.,#8664);
#8492=SURFACE_STYLE_USAGE(.BOTH.,#8665);
#8493=SURFACE_STYLE_USAGE(.BOTH.,#8666);
#8494=SURFACE_STYLE_USAGE(.BOTH.,#8667);
#8495=SURFACE_STYLE_USAGE(.BOTH.,#8668);
#8496=SURFACE_STYLE_USAGE(.BOTH.,#8669);
#8497=SURFACE_STYLE_USAGE(.BOTH.,#8670);
#8498=SURFACE_STYLE_USAGE(.BOTH.,#8671);
#8499=SURFACE_STYLE_USAGE(.BOTH.,#8672);
#8500=SURFACE_STYLE_USAGE(.BOTH.,#8673);
#8501=SURFACE_STYLE_USAGE(.BOTH.,#8674);
#8502=SURFACE_STYLE_USAGE(.BOTH.,#8675);
#8503=SURFACE_STYLE_USAGE(.BOTH.,#8676);
#8504=SURFACE_STYLE_USAGE(.BOTH.,#8677);
#8505=SURFACE_STYLE_USAGE(.BOTH.,#8678);
#8506=SURFACE_STYLE_USAGE(.BOTH.,#8679);
#8507=SURFACE_STYLE_USAGE(.BOTH.,#8680);
#8508=SURFACE_STYLE_USAGE(.BOTH.,#8681);
#8509=SURFACE_STYLE_USAGE(.BOTH.,#8682);
#8510=SURFACE_STYLE_USAGE(.BOTH.,#8683);
#8511=SURFACE_STYLE_USAGE(.BOTH.,#8684);
#8512=SURFACE_STYLE_USAGE(.BOTH.,#8685);
#8513=SURFACE_STYLE_USAGE(.BOTH.,#8686);
#8514=SURFACE_STYLE_USAGE(.BOTH.,#8687);
#8515=SURFACE_STYLE_USAGE(.BOTH.,#8688);
#8516=SURFACE_STYLE_USAGE(.BOTH.,#8689);
#8517=SURFACE_STYLE_USAGE(.BOTH.,#8690);
#8518=SURFACE_SIDE_STYLE('',(#8691));
#8519=SURFACE_SIDE_STYLE('',(#8692));
#8520=SURFACE_SIDE_STYLE('',(#8693));
#8521=SURFACE_SIDE_STYLE('',(#8694));
#8522=SURFACE_SIDE_STYLE('',(#8695));
#8523=SURFACE_SIDE_STYLE('',(#8696));
#8524=SURFACE_SIDE_STYLE('',(#8697));
#8525=SURFACE_SIDE_STYLE('',(#8698));
#8526=SURFACE_SIDE_STYLE('',(#8699));
#8527=SURFACE_SIDE_STYLE('',(#8700));
#8528=SURFACE_SIDE_STYLE('',(#8701));
#8529=SURFACE_SIDE_STYLE('',(#8702));
#8530=SURFACE_SIDE_STYLE('',(#8703));
#8531=SURFACE_SIDE_STYLE('',(#8704));
#8532=SURFACE_SIDE_STYLE('',(#8705));
#8533=SURFACE_SIDE_STYLE('',(#8706));
#8534=SURFACE_SIDE_STYLE('',(#8707));
#8535=SURFACE_SIDE_STYLE('',(#8708));
#8536=SURFACE_SIDE_STYLE('',(#8709));
#8537=SURFACE_SIDE_STYLE('',(#8710));
#8538=SURFACE_SIDE_STYLE('',(#8711));
#8539=SURFACE_SIDE_STYLE('',(#8712));
#8540=SURFACE_SIDE_STYLE('',(#8713));
#8541=SURFACE_SIDE_STYLE('',(#8714));
#8542=SURFACE_SIDE_STYLE('',(#8715));
#8543=SURFACE_SIDE_STYLE('',(#8716));
#8544=SURFACE_SIDE_STYLE('',(#8717));
#8545=SURFACE_SIDE_STYLE('',(#8718));
#8546=SURFACE_SIDE_STYLE('',(#8719));
#8547=SURFACE_SIDE_STYLE('',(#8720));
#8548=SURFACE_SIDE_STYLE('',(#8721));
#8549=SURFACE_SIDE_STYLE('',(#8722));
#8550=SURFACE_SIDE_STYLE('',(#8723));
#8551=SURFACE_SIDE_STYLE('',(#8724));
#8552=SURFACE_SIDE_STYLE('',(#8725));
#8553=SURFACE_SIDE_STYLE('',(#8726));
#8554=SURFACE_SIDE_STYLE('',(#8727));
#8555=SURFACE_SIDE_STYLE('',(#8728));
#8556=SURFACE_SIDE_STYLE('',(#8729));
#8557=SURFACE_SIDE_STYLE('',(#8730));
#8558=SURFACE_SIDE_STYLE('',(#8731));
#8559=SURFACE_SIDE_STYLE('',(#8732));
#8560=SURFACE_SIDE_STYLE('',(#8733));
#8561=SURFACE_SIDE_STYLE('',(#8734));
#8562=SURFACE_SIDE_STYLE('',(#8735));
#8563=SURFACE_SIDE_STYLE('',(#8736));
#8564=SURFACE_SIDE_STYLE('',(#8737));
#8565=SURFACE_SIDE_STYLE('',(#8738));
#8566=SURFACE_SIDE_STYLE('',(#8739));
#8567=SURFACE_SIDE_STYLE('',(#8740));
#8568=SURFACE_SIDE_STYLE('',(#8741));
#8569=SURFACE_SIDE_STYLE('',(#8742));
#8570=SURFACE_SIDE_STYLE('',(#8743));
#8571=SURFACE_SIDE_STYLE('',(#8744));
#8572=SURFACE_SIDE_STYLE('',(#8745));
#8573=SURFACE_SIDE_STYLE('',(#8746));
#8574=SURFACE_SIDE_STYLE('',(#8747));
#8575=SURFACE_SIDE_STYLE('',(#8748));
#8576=SURFACE_SIDE_STYLE('',(#8749));
#8577=SURFACE_SIDE_STYLE('',(#8750));
#8578=SURFACE_SIDE_STYLE('',(#8751));
#8579=SURFACE_SIDE_STYLE('',(#8752));
#8580=SURFACE_SIDE_STYLE('',(#8753));
#8581=SURFACE_SIDE_STYLE('',(#8754));
#8582=SURFACE_SIDE_STYLE('',(#8755));
#8583=SURFACE_SIDE_STYLE('',(#8756));
#8584=SURFACE_SIDE_STYLE('',(#8757));
#8585=SURFACE_SIDE_STYLE('',(#8758));
#8586=SURFACE_SIDE_STYLE('',(#8759));
#8587=SURFACE_SIDE_STYLE('',(#8760));
#8588=SURFACE_SIDE_STYLE('',(#8761));
#8589=SURFACE_SIDE_STYLE('',(#8762));
#8590=SURFACE_SIDE_STYLE('',(#8763));
#8591=SURFACE_SIDE_STYLE('',(#8764));
#8592=SURFACE_SIDE_STYLE('',(#8765));
#8593=SURFACE_SIDE_STYLE('',(#8766));
#8594=SURFACE_SIDE_STYLE('',(#8767));
#8595=SURFACE_SIDE_STYLE('',(#8768));
#8596=SURFACE_SIDE_STYLE('',(#8769));
#8597=SURFACE_SIDE_STYLE('',(#8770));
#8598=SURFACE_SIDE_STYLE('',(#8771));
#8599=SURFACE_SIDE_STYLE('',(#8772));
#8600=SURFACE_SIDE_STYLE('',(#8773));
#8601=SURFACE_SIDE_STYLE('',(#8774));
#8602=SURFACE_SIDE_STYLE('',(#8775));
#8603=SURFACE_SIDE_STYLE('',(#8776));
#8604=SURFACE_SIDE_STYLE('',(#8777));
#8605=SURFACE_SIDE_STYLE('',(#8778));
#8606=SURFACE_SIDE_STYLE('',(#8779));
#8607=SURFACE_SIDE_STYLE('',(#8780));
#8608=SURFACE_SIDE_STYLE('',(#8781));
#8609=SURFACE_SIDE_STYLE('',(#8782));
#8610=SURFACE_SIDE_STYLE('',(#8783));
#8611=SURFACE_SIDE_STYLE('',(#8784));
#8612=SURFACE_SIDE_STYLE('',(#8785));
#8613=SURFACE_SIDE_STYLE('',(#8786));
#8614=SURFACE_SIDE_STYLE('',(#8787));
#8615=SURFACE_SIDE_STYLE('',(#8788));
#8616=SURFACE_SIDE_STYLE('',(#8789));
#8617=SURFACE_SIDE_STYLE('',(#8790));
#8618=SURFACE_SIDE_STYLE('',(#8791));
#8619=SURFACE_SIDE_STYLE('',(#8792));
#8620=SURFACE_SIDE_STYLE('',(#8793));
#8621=SURFACE_SIDE_STYLE('',(#8794));
#8622=SURFACE_SIDE_STYLE('',(#8795));
#8623=SURFACE_SIDE_STYLE('',(#8796));
#8624=SURFACE_SIDE_STYLE('',(#8797));
#8625=SURFACE_SIDE_STYLE('',(#8798));
#8626=SURFACE_SIDE_STYLE('',(#8799));
#8627=SURFACE_SIDE_STYLE('',(#8800));
#8628=SURFACE_SIDE_STYLE('',(#8801));
#8629=SURFACE_SIDE_STYLE('',(#8802));
#8630=SURFACE_SIDE_STYLE('',(#8803));
#8631=SURFACE_SIDE_STYLE('',(#8804));
#8632=SURFACE_SIDE_STYLE('',(#8805));
#8633=SURFACE_SIDE_STYLE('',(#8806));
#8634=SURFACE_SIDE_STYLE('',(#8807));
#8635=SURFACE_SIDE_STYLE('',(#8808));
#8636=SURFACE_SIDE_STYLE('',(#8809));
#8637=SURFACE_SIDE_STYLE('',(#8810));
#8638=SURFACE_SIDE_STYLE('',(#8811));
#8639=SURFACE_SIDE_STYLE('',(#8812));
#8640=SURFACE_SIDE_STYLE('',(#8813));
#8641=SURFACE_SIDE_STYLE('',(#8814));
#8642=SURFACE_SIDE_STYLE('',(#8815));
#8643=SURFACE_SIDE_STYLE('',(#8816));
#8644=SURFACE_SIDE_STYLE('',(#8817));
#8645=SURFACE_SIDE_STYLE('',(#8818));
#8646=SURFACE_SIDE_STYLE('',(#8819));
#8647=SURFACE_SIDE_STYLE('',(#8820));
#8648=SURFACE_SIDE_STYLE('',(#8821));
#8649=SURFACE_SIDE_STYLE('',(#8822));
#8650=SURFACE_SIDE_STYLE('',(#8823));
#8651=SURFACE_SIDE_STYLE('',(#8824));
#8652=SURFACE_SIDE_STYLE('',(#8825));
#8653=SURFACE_SIDE_STYLE('',(#8826));
#8654=SURFACE_SIDE_STYLE('',(#8827));
#8655=SURFACE_SIDE_STYLE('',(#8828));
#8656=SURFACE_SIDE_STYLE('',(#8829));
#8657=SURFACE_SIDE_STYLE('',(#8830));
#8658=SURFACE_SIDE_STYLE('',(#8831));
#8659=SURFACE_SIDE_STYLE('',(#8832));
#8660=SURFACE_SIDE_STYLE('',(#8833));
#8661=SURFACE_SIDE_STYLE('',(#8834));
#8662=SURFACE_SIDE_STYLE('',(#8835));
#8663=SURFACE_SIDE_STYLE('',(#8836));
#8664=SURFACE_SIDE_STYLE('',(#8837));
#8665=SURFACE_SIDE_STYLE('',(#8838));
#8666=SURFACE_SIDE_STYLE('',(#8839));
#8667=SURFACE_SIDE_STYLE('',(#8840));
#8668=SURFACE_SIDE_STYLE('',(#8841));
#8669=SURFACE_SIDE_STYLE('',(#8842));
#8670=SURFACE_SIDE_STYLE('',(#8843));
#8671=SURFACE_SIDE_STYLE('',(#8844));
#8672=SURFACE_SIDE_STYLE('',(#8845));
#8673=SURFACE_SIDE_STYLE('',(#8846));
#8674=SURFACE_SIDE_STYLE('',(#8847));
#8675=SURFACE_SIDE_STYLE('',(#8848));
#8676=SURFACE_SIDE_STYLE('',(#8849));
#8677=SURFACE_SIDE_STYLE('',(#8850));
#8678=SURFACE_SIDE_STYLE('',(#8851));
#8679=SURFACE_SIDE_STYLE('',(#8852));
#8680=SURFACE_SIDE_STYLE('',(#8853));
#8681=SURFACE_SIDE_STYLE('',(#8854));
#8682=SURFACE_SIDE_STYLE('',(#8855));
#8683=SURFACE_SIDE_STYLE('',(#8856));
#8684=SURFACE_SIDE_STYLE('',(#8857));
#8685=SURFACE_SIDE_STYLE('',(#8858));
#8686=SURFACE_SIDE_STYLE('',(#8859));
#8687=SURFACE_SIDE_STYLE('',(#8860));
#8688=SURFACE_SIDE_STYLE('',(#8861));
#8689=SURFACE_SIDE_STYLE('',(#8862));
#8690=SURFACE_SIDE_STYLE('',(#8863));
#8691=SURFACE_STYLE_FILL_AREA(#8864);
#8692=SURFACE_STYLE_FILL_AREA(#8865);
#8693=SURFACE_STYLE_FILL_AREA(#8866);
#8694=SURFACE_STYLE_FILL_AREA(#8867);
#8695=SURFACE_STYLE_FILL_AREA(#8868);
#8696=SURFACE_STYLE_FILL_AREA(#8869);
#8697=SURFACE_STYLE_FILL_AREA(#8870);
#8698=SURFACE_STYLE_FILL_AREA(#8871);
#8699=SURFACE_STYLE_FILL_AREA(#8872);
#8700=SURFACE_STYLE_FILL_AREA(#8873);
#8701=SURFACE_STYLE_FILL_AREA(#8874);
#8702=SURFACE_STYLE_FILL_AREA(#8875);
#8703=SURFACE_STYLE_FILL_AREA(#8876);
#8704=SURFACE_STYLE_FILL_AREA(#8877);
#8705=SURFACE_STYLE_FILL_AREA(#8878);
#8706=SURFACE_STYLE_FILL_AREA(#8879);
#8707=SURFACE_STYLE_FILL_AREA(#8880);
#8708=SURFACE_STYLE_FILL_AREA(#8881);
#8709=SURFACE_STYLE_FILL_AREA(#8882);
#8710=SURFACE_STYLE_FILL_AREA(#8883);
#8711=SURFACE_STYLE_FILL_AREA(#8884);
#8712=SURFACE_STYLE_FILL_AREA(#8885);
#8713=SURFACE_STYLE_FILL_AREA(#8886);
#8714=SURFACE_STYLE_FILL_AREA(#8887);
#8715=SURFACE_STYLE_FILL_AREA(#8888);
#8716=SURFACE_STYLE_FILL_AREA(#8889);
#8717=SURFACE_STYLE_FILL_AREA(#8890);
#8718=SURFACE_STYLE_FILL_AREA(#8891);
#8719=SURFACE_STYLE_FILL_AREA(#8892);
#8720=SURFACE_STYLE_FILL_AREA(#8893);
#8721=SURFACE_STYLE_FILL_AREA(#8894);
#8722=SURFACE_STYLE_FILL_AREA(#8895);
#8723=SURFACE_STYLE_FILL_AREA(#8896);
#8724=SURFACE_STYLE_FILL_AREA(#8897);
#8725=SURFACE_STYLE_FILL_AREA(#8898);
#8726=SURFACE_STYLE_FILL_AREA(#8899);
#8727=SURFACE_STYLE_FILL_AREA(#8900);
#8728=SURFACE_STYLE_FILL_AREA(#8901);
#8729=SURFACE_STYLE_FILL_AREA(#8902);
#8730=SURFACE_STYLE_FILL_AREA(#8903);
#8731=SURFACE_STYLE_FILL_AREA(#8904);
#8732=SURFACE_STYLE_FILL_AREA(#8905);
#8733=SURFACE_STYLE_FILL_AREA(#8906);
#8734=SURFACE_STYLE_FILL_AREA(#8907);
#8735=SURFACE_STYLE_FILL_AREA(#8908);
#8736=SURFACE_STYLE_FILL_AREA(#8909);
#8737=SURFACE_STYLE_FILL_AREA(#8910);
#8738=SURFACE_STYLE_FILL_AREA(#8911);
#8739=SURFACE_STYLE_FILL_AREA(#8912);
#8740=SURFACE_STYLE_FILL_AREA(#8913);
#8741=SURFACE_STYLE_FILL_AREA(#8914);
#8742=SURFACE_STYLE_FILL_AREA(#8915);
#8743=SURFACE_STYLE_FILL_AREA(#8916);
#8744=SURFACE_STYLE_FILL_AREA(#8917);
#8745=SURFACE_STYLE_FILL_AREA(#8918);
#8746=SURFACE_STYLE_FILL_AREA(#8919);
#8747=SURFACE_STYLE_FILL_AREA(#8920);
#8748=SURFACE_STYLE_FILL_AREA(#8921);
#8749=SURFACE_STYLE_FILL_AREA(#8922);
#8750=SURFACE_STYLE_FILL_AREA(#8923);
#8751=SURFACE_STYLE_FILL_AREA(#8924);
#8752=SURFACE_STYLE_FILL_AREA(#8925);
#8753=SURFACE_STYLE_FILL_AREA(#8926);
#8754=SURFACE_STYLE_FILL_AREA(#8927);
#8755=SURFACE_STYLE_FILL_AREA(#8928);
#8756=SURFACE_STYLE_FILL_AREA(#8929);
#8757=SURFACE_STYLE_FILL_AREA(#8930);
#8758=SURFACE_STYLE_FILL_AREA(#8931);
#8759=SURFACE_STYLE_FILL_AREA(#8932);
#8760=SURFACE_STYLE_FILL_AREA(#8933);
#8761=SURFACE_STYLE_FILL_AREA(#8934);
#8762=SURFACE_STYLE_FILL_AREA(#8935);
#8763=SURFACE_STYLE_FILL_AREA(#8936);
#8764=SURFACE_STYLE_FILL_AREA(#8937);
#8765=SURFACE_STYLE_FILL_AREA(#8938);
#8766=SURFACE_STYLE_FILL_AREA(#8939);
#8767=SURFACE_STYLE_FILL_AREA(#8940);
#8768=SURFACE_STYLE_FILL_AREA(#8941);
#8769=SURFACE_STYLE_FILL_AREA(#8942);
#8770=SURFACE_STYLE_FILL_AREA(#8943);
#8771=SURFACE_STYLE_FILL_AREA(#8944);
#8772=SURFACE_STYLE_FILL_AREA(#8945);
#8773=SURFACE_STYLE_FILL_AREA(#8946);
#8774=SURFACE_STYLE_FILL_AREA(#8947);
#8775=SURFACE_STYLE_FILL_AREA(#8948);
#8776=SURFACE_STYLE_FILL_AREA(#8949);
#8777=SURFACE_STYLE_FILL_AREA(#8950);
#8778=SURFACE_STYLE_FILL_AREA(#8951);
#8779=SURFACE_STYLE_FILL_AREA(#8952);
#8780=SURFACE_STYLE_FILL_AREA(#8953);
#8781=SURFACE_STYLE_FILL_AREA(#8954);
#8782=SURFACE_STYLE_FILL_AREA(#8955);
#8783=SURFACE_STYLE_FILL_AREA(#8956);
#8784=SURFACE_STYLE_FILL_AREA(#8957);
#8785=SURFACE_STYLE_FILL_AREA(#8958);
#8786=SURFACE_STYLE_FILL_AREA(#8959);
#8787=SURFACE_STYLE_FILL_AREA(#8960);
#8788=SURFACE_STYLE_FILL_AREA(#8961);
#8789=SURFACE_STYLE_FILL_AREA(#8962);
#8790=SURFACE_STYLE_FILL_AREA(#8963);
#8791=SURFACE_STYLE_FILL_AREA(#8964);
#8792=SURFACE_STYLE_FILL_AREA(#8965);
#8793=SURFACE_STYLE_FILL_AREA(#8966);
#8794=SURFACE_STYLE_FILL_AREA(#8967);
#8795=SURFACE_STYLE_FILL_AREA(#8968);
#8796=SURFACE_STYLE_FILL_AREA(#8969);
#8797=SURFACE_STYLE_FILL_AREA(#8970);
#8798=SURFACE_STYLE_FILL_AREA(#8971);
#8799=SURFACE_STYLE_FILL_AREA(#8972);
#8800=SURFACE_STYLE_FILL_AREA(#8973);
#8801=SURFACE_STYLE_FILL_AREA(#8974);
#8802=SURFACE_STYLE_FILL_AREA(#8975);
#8803=SURFACE_STYLE_FILL_AREA(#8976);
#8804=SURFACE_STYLE_FILL_AREA(#8977);
#8805=SURFACE_STYLE_FILL_AREA(#8978);
#8806=SURFACE_STYLE_FILL_AREA(#8979);
#8807=SURFACE_STYLE_FILL_AREA(#8980);
#8808=SURFACE_STYLE_FILL_AREA(#8981);
#8809=SURFACE_STYLE_FILL_AREA(#8982);
#8810=SURFACE_STYLE_FILL_AREA(#8983);
#8811=SURFACE_STYLE_FILL_AREA(#8984);
#8812=SURFACE_STYLE_FILL_AREA(#8985);
#8813=SURFACE_STYLE_FILL_AREA(#8986);
#8814=SURFACE_STYLE_FILL_AREA(#8987);
#8815=SURFACE_STYLE_FILL_AREA(#8988);
#8816=SURFACE_STYLE_FILL_AREA(#8989);
#8817=SURFACE_STYLE_FILL_AREA(#8990);
#8818=SURFACE_STYLE_FILL_AREA(#8991);
#8819=SURFACE_STYLE_FILL_AREA(#8992);
#8820=SURFACE_STYLE_FILL_AREA(#8993);
#8821=SURFACE_STYLE_FILL_AREA(#8994);
#8822=SURFACE_STYLE_FILL_AREA(#8995);
#8823=SURFACE_STYLE_FILL_AREA(#8996);
#8824=SURFACE_STYLE_FILL_AREA(#8997);
#8825=SURFACE_STYLE_FILL_AREA(#8998);
#8826=SURFACE_STYLE_FILL_AREA(#8999);
#8827=SURFACE_STYLE_FILL_AREA(#9000);
#8828=SURFACE_STYLE_FILL_AREA(#9001);
#8829=SURFACE_STYLE_FILL_AREA(#9002);
#8830=SURFACE_STYLE_FILL_AREA(#9003);
#8831=SURFACE_STYLE_FILL_AREA(#9004);
#8832=SURFACE_STYLE_FILL_AREA(#9005);
#8833=SURFACE_STYLE_FILL_AREA(#9006);
#8834=SURFACE_STYLE_FILL_AREA(#9007);
#8835=SURFACE_STYLE_FILL_AREA(#9008);
#8836=SURFACE_STYLE_FILL_AREA(#9009);
#8837=SURFACE_STYLE_FILL_AREA(#9010);
#8838=SURFACE_STYLE_FILL_AREA(#9011);
#8839=SURFACE_STYLE_FILL_AREA(#9012);
#8840=SURFACE_STYLE_FILL_AREA(#9013);
#8841=SURFACE_STYLE_FILL_AREA(#9014);
#8842=SURFACE_STYLE_FILL_AREA(#9015);
#8843=SURFACE_STYLE_FILL_AREA(#9016);
#8844=SURFACE_STYLE_FILL_AREA(#9017);
#8845=SURFACE_STYLE_FILL_AREA(#9018);
#8846=SURFACE_STYLE_FILL_AREA(#9019);
#8847=SURFACE_STYLE_FILL_AREA(#9020);
#8848=SURFACE_STYLE_FILL_AREA(#9021);
#8849=SURFACE_STYLE_FILL_AREA(#9022);
#8850=SURFACE_STYLE_FILL_AREA(#9023);
#8851=SURFACE_STYLE_FILL_AREA(#9024);
#8852=SURFACE_STYLE_FILL_AREA(#9025);
#8853=SURFACE_STYLE_FILL_AREA(#9026);
#8854=SURFACE_STYLE_FILL_AREA(#9027);
#8855=SURFACE_STYLE_FILL_AREA(#9028);
#8856=SURFACE_STYLE_FILL_AREA(#9029);
#8857=SURFACE_STYLE_FILL_AREA(#9030);
#8858=SURFACE_STYLE_FILL_AREA(#9031);
#8859=SURFACE_STYLE_FILL_AREA(#9032);
#8860=SURFACE_STYLE_FILL_AREA(#9033);
#8861=SURFACE_STYLE_FILL_AREA(#9034);
#8862=SURFACE_STYLE_FILL_AREA(#9035);
#8863=SURFACE_STYLE_FILL_AREA(#9036);
#8864=FILL_AREA_STYLE('',(#9037));
#8865=FILL_AREA_STYLE('',(#9038));
#8866=FILL_AREA_STYLE('',(#9039));
#8867=FILL_AREA_STYLE('',(#9040));
#8868=FILL_AREA_STYLE('',(#9041));
#8869=FILL_AREA_STYLE('',(#9042));
#8870=FILL_AREA_STYLE('',(#9043));
#8871=FILL_AREA_STYLE('',(#9044));
#8872=FILL_AREA_STYLE('',(#9045));
#8873=FILL_AREA_STYLE('',(#9046));
#8874=FILL_AREA_STYLE('',(#9047));
#8875=FILL_AREA_STYLE('',(#9048));
#8876=FILL_AREA_STYLE('',(#9049));
#8877=FILL_AREA_STYLE('',(#9050));
#8878=FILL_AREA_STYLE('',(#9051));
#8879=FILL_AREA_STYLE('',(#9052));
#8880=FILL_AREA_STYLE('',(#9053));
#8881=FILL_AREA_STYLE('',(#9054));
#8882=FILL_AREA_STYLE('',(#9055));
#8883=FILL_AREA_STYLE('',(#9056));
#8884=FILL_AREA_STYLE('',(#9057));
#8885=FILL_AREA_STYLE('',(#9058));
#8886=FILL_AREA_STYLE('',(#9059));
#8887=FILL_AREA_STYLE('',(#9060));
#8888=FILL_AREA_STYLE('',(#9061));
#8889=FILL_AREA_STYLE('',(#9062));
#8890=FILL_AREA_STYLE('',(#9063));
#8891=FILL_AREA_STYLE('',(#9064));
#8892=FILL_AREA_STYLE('',(#9065));
#8893=FILL_AREA_STYLE('',(#9066));
#8894=FILL_AREA_STYLE('',(#9067));
#8895=FILL_AREA_STYLE('',(#9068));
#8896=FILL_AREA_STYLE('',(#9069));
#8897=FILL_AREA_STYLE('',(#9070));
#8898=FILL_AREA_STYLE('',(#9071));
#8899=FILL_AREA_STYLE('',(#9072));
#8900=FILL_AREA_STYLE('',(#9073));
#8901=FILL_AREA_STYLE('',(#9074));
#8902=FILL_AREA_STYLE('',(#9075));
#8903=FILL_AREA_STYLE('',(#9076));
#8904=FILL_AREA_STYLE('',(#9077));
#8905=FILL_AREA_STYLE('',(#9078));
#8906=FILL_AREA_STYLE('',(#9079));
#8907=FILL_AREA_STYLE('',(#9080));
#8908=FILL_AREA_STYLE('',(#9081));
#8909=FILL_AREA_STYLE('',(#9082));
#8910=FILL_AREA_STYLE('',(#9083));
#8911=FILL_AREA_STYLE('',(#9084));
#8912=FILL_AREA_STYLE('',(#9085));
#8913=FILL_AREA_STYLE('',(#9086));
#8914=FILL_AREA_STYLE('',(#9087));
#8915=FILL_AREA_STYLE('',(#9088));
#8916=FILL_AREA_STYLE('',(#9089));
#8917=FILL_AREA_STYLE('',(#9090));
#8918=FILL_AREA_STYLE('',(#9091));
#8919=FILL_AREA_STYLE('',(#9092));
#8920=FILL_AREA_STYLE('',(#9093));
#8921=FILL_AREA_STYLE('',(#9094));
#8922=FILL_AREA_STYLE('',(#9095));
#8923=FILL_AREA_STYLE('',(#9096));
#8924=FILL_AREA_STYLE('',(#9097));
#8925=FILL_AREA_STYLE('',(#9098));
#8926=FILL_AREA_STYLE('',(#9099));
#8927=FILL_AREA_STYLE('',(#9100));
#8928=FILL_AREA_STYLE('',(#9101));
#8929=FILL_AREA_STYLE('',(#9102));
#8930=FILL_AREA_STYLE('',(#9103));
#8931=FILL_AREA_STYLE('',(#9104));
#8932=FILL_AREA_STYLE('',(#9105));
#8933=FILL_AREA_STYLE('',(#9106));
#8934=FILL_AREA_STYLE('',(#9107));
#8935=FILL_AREA_STYLE('',(#9108));
#8936=FILL_AREA_STYLE('',(#9109));
#8937=FILL_AREA_STYLE('',(#9110));
#8938=FILL_AREA_STYLE('',(#9111));
#8939=FILL_AREA_STYLE('',(#9112));
#8940=FILL_AREA_STYLE('',(#9113));
#8941=FILL_AREA_STYLE('',(#9114));
#8942=FILL_AREA_STYLE('',(#9115));
#8943=FILL_AREA_STYLE('',(#9116));
#8944=FILL_AREA_STYLE('',(#9117));
#8945=FILL_AREA_STYLE('',(#9118));
#8946=FILL_AREA_STYLE('',(#9119));
#8947=FILL_AREA_STYLE('',(#9120));
#8948=FILL_AREA_STYLE('',(#9121));
#8949=FILL_AREA_STYLE('',(#9122));
#8950=FILL_AREA_STYLE('',(#9123));
#8951=FILL_AREA_STYLE('',(#9124));
#8952=FILL_AREA_STYLE('',(#9125));
#8953=FILL_AREA_STYLE('',(#9126));
#8954=FILL_AREA_STYLE('',(#9127));
#8955=FILL_AREA_STYLE('',(#9128));
#8956=FILL_AREA_STYLE('',(#9129));
#8957=FILL_AREA_STYLE('',(#9130));
#8958=FILL_AREA_STYLE('',(#9131));
#8959=FILL_AREA_STYLE('',(#9132));
#8960=FILL_AREA_STYLE('',(#9133));
#8961=FILL_AREA_STYLE('',(#9134));
#8962=FILL_AREA_STYLE('',(#9135));
#8963=FILL_AREA_STYLE('',(#9136));
#8964=FILL_AREA_STYLE('',(#9137));
#8965=FILL_AREA_STYLE('',(#9138));
#8966=FILL_AREA_STYLE('',(#9139));
#8967=FILL_AREA_STYLE('',(#9140));
#8968=FILL_AREA_STYLE('',(#9141));
#8969=FILL_AREA_STYLE('',(#9142));
#8970=FILL_AREA_STYLE('',(#9143));
#8971=FILL_AREA_STYLE('',(#9144));
#8972=FILL_AREA_STYLE('',(#9145));
#8973=FILL_AREA_STYLE('',(#9146));
#8974=FILL_AREA_STYLE('',(#9147));
#8975=FILL_AREA_STYLE('',(#9148));
#8976=FILL_AREA_STYLE('',(#9149));
#8977=FILL_AREA_STYLE('',(#9150));
#8978=FILL_AREA_STYLE('',(#9151));
#8979=FILL_AREA_STYLE('',(#9152));
#8980=FILL_AREA_STYLE('',(#9153));
#8981=FILL_AREA_STYLE('',(#9154));
#8982=FILL_AREA_STYLE('',(#9155));
#8983=FILL_AREA_STYLE('',(#9156));
#8984=FILL_AREA_STYLE('',(#9157));
#8985=FILL_AREA_STYLE('',(#9158));
#8986=FILL_AREA_STYLE('',(#9159));
#8987=FILL_AREA_STYLE('',(#9160));
#8988=FILL_AREA_STYLE('',(#9161));
#8989=FILL_AREA_STYLE('',(#9162));
#8990=FILL_AREA_STYLE('',(#9163));
#8991=FILL_AREA_STYLE('',(#9164));
#8992=FILL_AREA_STYLE('',(#9165));
#8993=FILL_AREA_STYLE('',(#9166));
#8994=FILL_AREA_STYLE('',(#9167));
#8995=FILL_AREA_STYLE('',(#9168));
#8996=FILL_AREA_STYLE('',(#9169));
#8997=FILL_AREA_STYLE('',(#9170));
#8998=FILL_AREA_STYLE('',(#9171));
#8999=FILL_AREA_STYLE('',(#9172));
#9000=FILL_AREA_STYLE('',(#9173));
#9001=FILL_AREA_STYLE('',(#9174));
#9002=FILL_AREA_STYLE('',(#9175));
#9003=FILL_AREA_STYLE('',(#9176));
#9004=FILL_AREA_STYLE('',(#9177));
#9005=FILL_AREA_STYLE('',(#9178));
#9006=FILL_AREA_STYLE('',(#9179));
#9007=FILL_AREA_STYLE('',(#9180));
#9008=FILL_AREA_STYLE('',(#9181));
#9009=FILL_AREA_STYLE('',(#9182));
#9010=FILL_AREA_STYLE('',(#9183));
#9011=FILL_AREA_STYLE('',(#9184));
#9012=FILL_AREA_STYLE('',(#9185));
#9013=FILL_AREA_STYLE('',(#9186));
#9014=FILL_AREA_STYLE('',(#9187));
#9015=FILL_AREA_STYLE('',(#9188));
#9016=FILL_AREA_STYLE('',(#9189));
#9017=FILL_AREA_STYLE('',(#9190));
#9018=FILL_AREA_STYLE('',(#9191));
#9019=FILL_AREA_STYLE('',(#9192));
#9020=FILL_AREA_STYLE('',(#9193));
#9021=FILL_AREA_STYLE('',(#9194));
#9022=FILL_AREA_STYLE('',(#9195));
#9023=FILL_AREA_STYLE('',(#9196));
#9024=FILL_AREA_STYLE('',(#9197));
#9025=FILL_AREA_STYLE('',(#9198));
#9026=FILL_AREA_STYLE('',(#9199));
#9027=FILL_AREA_STYLE('',(#9200));
#9028=FILL_AREA_STYLE('',(#9201));
#9029=FILL_AREA_STYLE('',(#9202));
#9030=FILL_AREA_STYLE('',(#9203));
#9031=FILL_AREA_STYLE('',(#9204));
#9032=FILL_AREA_STYLE('',(#9205));
#9033=FILL_AREA_STYLE('',(#9206));
#9034=FILL_AREA_STYLE('',(#9207));
#9035=FILL_AREA_STYLE('',(#9208));
#9036=FILL_AREA_STYLE('',(#9209));
#9037=FILL_AREA_STYLE_COLOUR('',#9210);
#9038=FILL_AREA_STYLE_COLOUR('',#9211);
#9039=FILL_AREA_STYLE_COLOUR('',#9211);
#9040=FILL_AREA_STYLE_COLOUR('',#9211);
#9041=FILL_AREA_STYLE_COLOUR('',#9211);
#9042=FILL_AREA_STYLE_COLOUR('',#9211);
#9043=FILL_AREA_STYLE_COLOUR('',#9211);
#9044=FILL_AREA_STYLE_COLOUR('',#9211);
#9045=FILL_AREA_STYLE_COLOUR('',#9211);
#9046=FILL_AREA_STYLE_COLOUR('',#9211);
#9047=FILL_AREA_STYLE_COLOUR('',#9211);
#9048=FILL_AREA_STYLE_COLOUR('',#9211);
#9049=FILL_AREA_STYLE_COLOUR('',#9211);
#9050=FILL_AREA_STYLE_COLOUR('',#9211);
#9051=FILL_AREA_STYLE_COLOUR('',#9211);
#9052=FILL_AREA_STYLE_COLOUR('',#9212);
#9053=FILL_AREA_STYLE_COLOUR('',#9211);
#9054=FILL_AREA_STYLE_COLOUR('',#9211);
#9055=FILL_AREA_STYLE_COLOUR('',#9211);
#9056=FILL_AREA_STYLE_COLOUR('',#9211);
#9057=FILL_AREA_STYLE_COLOUR('',#9211);
#9058=FILL_AREA_STYLE_COLOUR('',#9211);
#9059=FILL_AREA_STYLE_COLOUR('',#9211);
#9060=FILL_AREA_STYLE_COLOUR('',#9211);
#9061=FILL_AREA_STYLE_COLOUR('',#9211);
#9062=FILL_AREA_STYLE_COLOUR('',#9211);
#9063=FILL_AREA_STYLE_COLOUR('',#9211);
#9064=FILL_AREA_STYLE_COLOUR('',#9211);
#9065=FILL_AREA_STYLE_COLOUR('',#9211);
#9066=FILL_AREA_STYLE_COLOUR('',#9211);
#9067=FILL_AREA_STYLE_COLOUR('',#9211);
#9068=FILL_AREA_STYLE_COLOUR('',#9211);
#9069=FILL_AREA_STYLE_COLOUR('',#9211);
#9070=FILL_AREA_STYLE_COLOUR('',#9211);
#9071=FILL_AREA_STYLE_COLOUR('',#9211);
#9072=FILL_AREA_STYLE_COLOUR('',#9211);
#9073=FILL_AREA_STYLE_COLOUR('',#9211);
#9074=FILL_AREA_STYLE_COLOUR('',#9211);
#9075=FILL_AREA_STYLE_COLOUR('',#9211);
#9076=FILL_AREA_STYLE_COLOUR('',#9211);
#9077=FILL_AREA_STYLE_COLOUR('',#9211);
#9078=FILL_AREA_STYLE_COLOUR('',#9211);
#9079=FILL_AREA_STYLE_COLOUR('',#9211);
#9080=FILL_AREA_STYLE_COLOUR('',#9211);
#9081=FILL_AREA_STYLE_COLOUR('',#9211);
#9082=FILL_AREA_STYLE_COLOUR('',#9211);
#9083=FILL_AREA_STYLE_COLOUR('',#9211);
#9084=FILL_AREA_STYLE_COLOUR('',#9211);
#9085=FILL_AREA_STYLE_COLOUR('',#9211);
#9086=FILL_AREA_STYLE_COLOUR('',#9211);
#9087=FILL_AREA_STYLE_COLOUR('',#9211);
#9088=FILL_AREA_STYLE_COLOUR('',#9211);
#9089=FILL_AREA_STYLE_COLOUR('',#9211);
#9090=FILL_AREA_STYLE_COLOUR('',#9211);
#9091=FILL_AREA_STYLE_COLOUR('',#9211);
#9092=FILL_AREA_STYLE_COLOUR('',#9211);
#9093=FILL_AREA_STYLE_COLOUR('',#9211);
#9094=FILL_AREA_STYLE_COLOUR('',#9211);
#9095=FILL_AREA_STYLE_COLOUR('',#9211);
#9096=FILL_AREA_STYLE_COLOUR('',#9211);
#9097=FILL_AREA_STYLE_COLOUR('',#9211);
#9098=FILL_AREA_STYLE_COLOUR('',#9211);
#9099=FILL_AREA_STYLE_COLOUR('',#9211);
#9100=FILL_AREA_STYLE_COLOUR('',#9211);
#9101=FILL_AREA_STYLE_COLOUR('',#9211);
#9102=FILL_AREA_STYLE_COLOUR('',#9211);
#9103=FILL_AREA_STYLE_COLOUR('',#9211);
#9104=FILL_AREA_STYLE_COLOUR('',#9211);
#9105=FILL_AREA_STYLE_COLOUR('',#9211);
#9106=FILL_AREA_STYLE_COLOUR('',#9211);
#9107=FILL_AREA_STYLE_COLOUR('',#9211);
#9108=FILL_AREA_STYLE_COLOUR('',#9211);
#9109=FILL_AREA_STYLE_COLOUR('',#9211);
#9110=FILL_AREA_STYLE_COLOUR('',#9211);
#9111=FILL_AREA_STYLE_COLOUR('',#9211);
#9112=FILL_AREA_STYLE_COLOUR('',#9212);
#9113=FILL_AREA_STYLE_COLOUR('',#9211);
#9114=FILL_AREA_STYLE_COLOUR('',#9211);
#9115=FILL_AREA_STYLE_COLOUR('',#9211);
#9116=FILL_AREA_STYLE_COLOUR('',#9212);
#9117=FILL_AREA_STYLE_COLOUR('',#9211);
#9118=FILL_AREA_STYLE_COLOUR('',#9211);
#9119=FILL_AREA_STYLE_COLOUR('',#9211);
#9120=FILL_AREA_STYLE_COLOUR('',#9211);
#9121=FILL_AREA_STYLE_COLOUR('',#9211);
#9122=FILL_AREA_STYLE_COLOUR('',#9211);
#9123=FILL_AREA_STYLE_COLOUR('',#9211);
#9124=FILL_AREA_STYLE_COLOUR('',#9211);
#9125=FILL_AREA_STYLE_COLOUR('',#9211);
#9126=FILL_AREA_STYLE_COLOUR('',#9211);
#9127=FILL_AREA_STYLE_COLOUR('',#9211);
#9128=FILL_AREA_STYLE_COLOUR('',#9211);
#9129=FILL_AREA_STYLE_COLOUR('',#9211);
#9130=FILL_AREA_STYLE_COLOUR('',#9211);
#9131=FILL_AREA_STYLE_COLOUR('',#9211);
#9132=FILL_AREA_STYLE_COLOUR('',#9211);
#9133=FILL_AREA_STYLE_COLOUR('',#9211);
#9134=FILL_AREA_STYLE_COLOUR('',#9211);
#9135=FILL_AREA_STYLE_COLOUR('',#9211);
#9136=FILL_AREA_STYLE_COLOUR('',#9211);
#9137=FILL_AREA_STYLE_COLOUR('',#9211);
#9138=FILL_AREA_STYLE_COLOUR('',#9211);
#9139=FILL_AREA_STYLE_COLOUR('',#9211);
#9140=FILL_AREA_STYLE_COLOUR('',#9211);
#9141=FILL_AREA_STYLE_COLOUR('',#9211);
#9142=FILL_AREA_STYLE_COLOUR('',#9211);
#9143=FILL_AREA_STYLE_COLOUR('',#9211);
#9144=FILL_AREA_STYLE_COLOUR('',#9211);
#9145=FILL_AREA_STYLE_COLOUR('',#9211);
#9146=FILL_AREA_STYLE_COLOUR('',#9211);
#9147=FILL_AREA_STYLE_COLOUR('',#9211);
#9148=FILL_AREA_STYLE_COLOUR('',#9211);
#9149=FILL_AREA_STYLE_COLOUR('',#9211);
#9150=FILL_AREA_STYLE_COLOUR('',#9211);
#9151=FILL_AREA_STYLE_COLOUR('',#9211);
#9152=FILL_AREA_STYLE_COLOUR('',#9211);
#9153=FILL_AREA_STYLE_COLOUR('',#9212);
#9154=FILL_AREA_STYLE_COLOUR('',#9211);
#9155=FILL_AREA_STYLE_COLOUR('',#9211);
#9156=FILL_AREA_STYLE_COLOUR('',#9211);
#9157=FILL_AREA_STYLE_COLOUR('',#9211);
#9158=FILL_AREA_STYLE_COLOUR('',#9211);
#9159=FILL_AREA_STYLE_COLOUR('',#9211);
#9160=FILL_AREA_STYLE_COLOUR('',#9211);
#9161=FILL_AREA_STYLE_COLOUR('',#9211);
#9162=FILL_AREA_STYLE_COLOUR('',#9211);
#9163=FILL_AREA_STYLE_COLOUR('',#9211);
#9164=FILL_AREA_STYLE_COLOUR('',#9211);
#9165=FILL_AREA_STYLE_COLOUR('',#9211);
#9166=FILL_AREA_STYLE_COLOUR('',#9211);
#9167=FILL_AREA_STYLE_COLOUR('',#9211);
#9168=FILL_AREA_STYLE_COLOUR('',#9211);
#9169=FILL_AREA_STYLE_COLOUR('',#9211);
#9170=FILL_AREA_STYLE_COLOUR('',#9211);
#9171=FILL_AREA_STYLE_COLOUR('',#9211);
#9172=FILL_AREA_STYLE_COLOUR('',#16);
#9173=FILL_AREA_STYLE_COLOUR('',#9211);
#9174=FILL_AREA_STYLE_COLOUR('',#9211);
#9175=FILL_AREA_STYLE_COLOUR('',#9211);
#9176=FILL_AREA_STYLE_COLOUR('',#9211);
#9177=FILL_AREA_STYLE_COLOUR('',#9211);
#9178=FILL_AREA_STYLE_COLOUR('',#9211);
#9179=FILL_AREA_STYLE_COLOUR('',#9211);
#9180=FILL_AREA_STYLE_COLOUR('',#17);
#9181=FILL_AREA_STYLE_COLOUR('',#17);
#9182=FILL_AREA_STYLE_COLOUR('',#17);
#9183=FILL_AREA_STYLE_COLOUR('',#17);
#9184=FILL_AREA_STYLE_COLOUR('',#17);
#9185=FILL_AREA_STYLE_COLOUR('',#17);
#9186=FILL_AREA_STYLE_COLOUR('',#9211);
#9187=FILL_AREA_STYLE_COLOUR('',#9211);
#9188=FILL_AREA_STYLE_COLOUR('',#9211);
#9189=FILL_AREA_STYLE_COLOUR('',#9211);
#9190=FILL_AREA_STYLE_COLOUR('',#17);
#9191=FILL_AREA_STYLE_COLOUR('',#17);
#9192=FILL_AREA_STYLE_COLOUR('',#17);
#9193=FILL_AREA_STYLE_COLOUR('',#17);
#9194=FILL_AREA_STYLE_COLOUR('',#17);
#9195=FILL_AREA_STYLE_COLOUR('',#17);
#9196=FILL_AREA_STYLE_COLOUR('',#9211);
#9197=FILL_AREA_STYLE_COLOUR('',#9211);
#9198=FILL_AREA_STYLE_COLOUR('',#9211);
#9199=FILL_AREA_STYLE_COLOUR('',#9211);
#9200=FILL_AREA_STYLE_COLOUR('',#17);
#9201=FILL_AREA_STYLE_COLOUR('',#17);
#9202=FILL_AREA_STYLE_COLOUR('',#17);
#9203=FILL_AREA_STYLE_COLOUR('',#17);
#9204=FILL_AREA_STYLE_COLOUR('',#17);
#9205=FILL_AREA_STYLE_COLOUR('',#17);
#9206=FILL_AREA_STYLE_COLOUR('',#9211);
#9207=FILL_AREA_STYLE_COLOUR('',#9211);
#9208=FILL_AREA_STYLE_COLOUR('',#9211);
#9209=FILL_AREA_STYLE_COLOUR('',#9211);
#9210=COLOUR_RGB('',0.301960784313725,0.301960784313725,0.301960784313725);
#9211=COLOUR_RGB('',0.6,0.6,0.6);
#9212=COLOUR_RGB('',1.,0.501960784313726,0.);
#9213=BREP_WITH_VOIDS('SOLID',#8166,(#12,#13,#14,#15));
#9214=SHAPE_DEFINITION_REPRESENTATION(#14297,#9215);
#9215=SHAPE_REPRESENTATION('SOLID',(#9216),#14292);
#9216=AXIS2_PLACEMENT_3D('',#11909,#9793,#9794);
#9217=AXIS2_PLACEMENT_3D('',#11910,#9795,#9796);
#9218=AXIS2_PLACEMENT_3D('',#11911,#9797,#9798);
#9219=AXIS2_PLACEMENT_3D('',#11913,#9799,#9800);
#9220=AXIS2_PLACEMENT_3D('',#11916,#9801,#9802);
#9221=AXIS2_PLACEMENT_3D('',#11917,#9803,#9804);
#9222=AXIS2_PLACEMENT_3D('',#11918,#9805,#9806);
#9223=AXIS2_PLACEMENT_3D('',#11920,#9807,#9808);
#9224=AXIS2_PLACEMENT_3D('',#11923,#9809,#9810);
#9225=AXIS2_PLACEMENT_3D('',#11924,#9811,#9812);
#9226=AXIS2_PLACEMENT_3D('',#11925,#9813,#9814);
#9227=AXIS2_PLACEMENT_3D('',#11927,#9815,#9816);
#9228=AXIS2_PLACEMENT_3D('',#11930,#9817,#9818);
#9229=AXIS2_PLACEMENT_3D('',#11931,#9819,#9820);
#9230=AXIS2_PLACEMENT_3D('',#11932,#9821,#9822);
#9231=AXIS2_PLACEMENT_3D('',#11934,#9823,#9824);
#9232=AXIS2_PLACEMENT_3D('',#11937,#9825,#9826);
#9233=AXIS2_PLACEMENT_3D('',#11938,#9827,#9828);
#9234=AXIS2_PLACEMENT_3D('',#11939,#9829,#9830);
#9235=AXIS2_PLACEMENT_3D('',#11941,#9831,#9832);
#9236=AXIS2_PLACEMENT_3D('',#11944,#9833,#9834);
#9237=AXIS2_PLACEMENT_3D('',#11945,#9835,#9836);
#9238=AXIS2_PLACEMENT_3D('',#11946,#9837,#9838);
#9239=AXIS2_PLACEMENT_3D('',#11948,#9839,#9840);
#9240=AXIS2_PLACEMENT_3D('',#11950,#9841,#9842);
#9241=AXIS2_PLACEMENT_3D('',#11961,#9848,#9849);
#9242=AXIS2_PLACEMENT_3D('',#11972,#9855,#9856);
#9243=AXIS2_PLACEMENT_3D('',#11978,#9859,#9860);
#9244=AXIS2_PLACEMENT_3D('',#11986,#9864,#9865);
#9245=AXIS2_PLACEMENT_3D('',#11991,#9868,#9869);
#9246=AXIS2_PLACEMENT_3D('',#11992,#9870,#9871);
#9247=AXIS2_PLACEMENT_3D('',#12003,#9876,#9877);
#9248=AXIS2_PLACEMENT_3D('',#12010,#9881,#9882);
#9249=AXIS2_PLACEMENT_3D('',#12020,#9887,#9888);
#9250=AXIS2_PLACEMENT_3D('',#12028,#9892,#9893);
#9251=AXIS2_PLACEMENT_3D('',#12029,#9894,#9895);
#9252=AXIS2_PLACEMENT_3D('',#12033,#9897,#9898);
#9253=AXIS2_PLACEMENT_3D('',#12041,#9902,#9903);
#9254=AXIS2_PLACEMENT_3D('',#12048,#9907,#9908);
#9255=AXIS2_PLACEMENT_3D('',#12049,#9909,#9910);
#9256=AXIS2_PLACEMENT_3D('',#12061,#9916,#9917);
#9257=AXIS2_PLACEMENT_3D('',#12067,#9920,#9921);
#9258=AXIS2_PLACEMENT_3D('',#12074,#9925,#9926);
#9259=AXIS2_PLACEMENT_3D('',#12080,#9929,#9930);
#9260=AXIS2_PLACEMENT_3D('',#12085,#9933,#9934);
#9261=AXIS2_PLACEMENT_3D('',#12095,#9940,#9941);
#9262=AXIS2_PLACEMENT_3D('',#12105,#9947,#9948);
#9263=AXIS2_PLACEMENT_3D('',#12108,#9951,#9952);
#9264=AXIS2_PLACEMENT_3D('',#12114,#9953,#9954);
#9265=AXIS2_PLACEMENT_3D('',#12119,#9957,#9958);
#9266=AXIS2_PLACEMENT_3D('',#12123,#9960,#9961);
#9267=AXIS2_PLACEMENT_3D('',#12128,#9964,#9965);
#9268=AXIS2_PLACEMENT_3D('',#12129,#9966,#9967);
#9269=AXIS2_PLACEMENT_3D('',#12134,#9970,#9971);
#9270=AXIS2_PLACEMENT_3D('',#12135,#9972,#9973);
#9271=AXIS2_PLACEMENT_3D('',#12136,#9974,#9975);
#9272=AXIS2_PLACEMENT_3D('',#12139,#9977,#9978);
#9273=AXIS2_PLACEMENT_3D('',#12140,#9979,#9980);
#9274=AXIS2_PLACEMENT_3D('',#12143,#9982,#9983);
#9275=AXIS2_PLACEMENT_3D('',#12154,#9989,#9990);
#9276=AXIS2_PLACEMENT_3D('',#12165,#9996,#9997);
#9277=AXIS2_PLACEMENT_3D('',#12171,#10000,#10001);
#9278=AXIS2_PLACEMENT_3D('',#12179,#10005,#10006);
#9279=AXIS2_PLACEMENT_3D('',#12184,#10009,#10010);
#9280=AXIS2_PLACEMENT_3D('',#12185,#10011,#10012);
#9281=AXIS2_PLACEMENT_3D('',#12196,#10017,#10018);
#9282=AXIS2_PLACEMENT_3D('',#12203,#10022,#10023);
#9283=AXIS2_PLACEMENT_3D('',#12204,#10024,#10025);
#9284=AXIS2_PLACEMENT_3D('',#12215,#10030,#10031);
#9285=AXIS2_PLACEMENT_3D('',#12222,#10035,#10036);
#9286=AXIS2_PLACEMENT_3D('',#12228,#10039,#10040);
#9287=AXIS2_PLACEMENT_3D('',#12236,#10044,#10045);
#9288=AXIS2_PLACEMENT_3D('',#12241,#10048,#10049);
#9289=AXIS2_PLACEMENT_3D('',#12242,#10050,#10051);
#9290=AXIS2_PLACEMENT_3D('',#12254,#10057,#10058);
#9291=AXIS2_PLACEMENT_3D('',#12260,#10061,#10062);
#9292=AXIS2_PLACEMENT_3D('',#12267,#10066,#10067);
#9293=AXIS2_PLACEMENT_3D('',#12268,#10068,#10069);
#9294=AXIS2_PLACEMENT_3D('',#12278,#10074,#10075);
#9295=AXIS2_PLACEMENT_3D('',#12288,#10081,#10082);
#9296=AXIS2_PLACEMENT_3D('',#12298,#10088,#10089);
#9297=AXIS2_PLACEMENT_3D('',#12301,#10092,#10093);
#9298=AXIS2_PLACEMENT_3D('',#12302,#10094,#10095);
#9299=AXIS2_PLACEMENT_3D('',#12307,#10098,#10099);
#9300=AXIS2_PLACEMENT_3D('',#12311,#10101,#10102);
#9301=AXIS2_PLACEMENT_3D('',#12316,#10105,#10106);
#9302=AXIS2_PLACEMENT_3D('',#12322,#10107,#10108);
#9303=AXIS2_PLACEMENT_3D('',#12325,#10110,#10111);
#9304=AXIS2_PLACEMENT_3D('',#12326,#10112,#10113);
#9305=AXIS2_PLACEMENT_3D('',#12329,#10115,#10116);
#9306=AXIS2_PLACEMENT_3D('',#12334,#10119,#10120);
#9307=AXIS2_PLACEMENT_3D('',#12335,#10121,#10122);
#9308=AXIS2_PLACEMENT_3D('',#12336,#10123,#10124);
#9309=AXIS2_PLACEMENT_3D('',#12361,#10137,#10138);
#9310=AXIS2_PLACEMENT_3D('',#12367,#10142,#10143);
#9311=AXIS2_PLACEMENT_3D('',#12376,#10148,#10149);
#9312=AXIS2_PLACEMENT_3D('',#12387,#10155,#10156);
#9313=AXIS2_PLACEMENT_3D('',#12401,#10164,#10165);
#9314=AXIS2_PLACEMENT_3D('',#12415,#10173,#10174);
#9315=AXIS2_PLACEMENT_3D('',#12416,#10175,#10176);
#9316=AXIS2_PLACEMENT_3D('',#12419,#10178,#10179);
#9317=AXIS2_PLACEMENT_3D('',#12422,#10181,#10182);
#9318=AXIS2_PLACEMENT_3D('',#12423,#10183,#10184);
#9319=AXIS2_PLACEMENT_3D('',#12429,#10188,#10189);
#9320=AXIS2_PLACEMENT_3D('',#12435,#10193,#10194);
#9321=AXIS2_PLACEMENT_3D('',#12440,#10197,#10198);
#9322=AXIS2_PLACEMENT_3D('',#12441,#10199,#10200);
#9323=AXIS2_PLACEMENT_3D('',#12442,#10201,#10202);
#9324=AXIS2_PLACEMENT_3D('',#12447,#10206,#10207);
#9325=AXIS2_PLACEMENT_3D('',#12453,#10211,#10212);
#9326=AXIS2_PLACEMENT_3D('',#12455,#10214,#10215);
#9327=AXIS2_PLACEMENT_3D('',#12480,#10228,#10229);
#9328=AXIS2_PLACEMENT_3D('',#12490,#10235,#10236);
#9329=AXIS2_PLACEMENT_3D('',#12499,#10241,#10242);
#9330=AXIS2_PLACEMENT_3D('',#12507,#10247,#10248);
#9331=AXIS2_PLACEMENT_3D('',#12510,#10250,#10251);
#9332=AXIS2_PLACEMENT_3D('',#12520,#10257,#10258);
#9333=AXIS2_PLACEMENT_3D('',#12522,#10260,#10261);
#9334=AXIS2_PLACEMENT_3D('',#12531,#10266,#10267);
#9335=AXIS2_PLACEMENT_3D('',#12540,#10272,#10273);
#9336=AXIS2_PLACEMENT_3D('',#12593,#10300,#10301);
#9337=AXIS2_PLACEMENT_3D('',#12596,#10303,#10304);
#9338=AXIS2_PLACEMENT_3D('',#12604,#10308,#10309);
#9339=AXIS2_PLACEMENT_3D('',#12609,#10312,#10313);
#9340=AXIS2_PLACEMENT_3D('',#12610,#10314,#10315);
#9341=AXIS2_PLACEMENT_3D('',#12618,#10319,#10320);
#9342=AXIS2_PLACEMENT_3D('',#12625,#10324,#10325);
#9343=AXIS2_PLACEMENT_3D('',#12626,#10326,#10327);
#9344=AXIS2_PLACEMENT_3D('',#12631,#10329,#10330);
#9345=AXIS2_PLACEMENT_3D('',#12633,#10331,#10332);
#9346=AXIS2_PLACEMENT_3D('',#12636,#10334,#10335);
#9347=AXIS2_PLACEMENT_3D('',#12640,#10337,#10338);
#9348=AXIS2_PLACEMENT_3D('',#12644,#10340,#10341);
#9349=AXIS2_PLACEMENT_3D('',#12646,#10342,#10343);
#9350=AXIS2_PLACEMENT_3D('',#12647,#10344,#10345);
#9351=AXIS2_PLACEMENT_3D('',#12649,#10347,#10348);
#9352=AXIS2_PLACEMENT_3D('',#12657,#10352,#10353);
#9353=AXIS2_PLACEMENT_3D('',#12658,#10354,#10355);
#9354=AXIS2_PLACEMENT_3D('',#12659,#10356,#10357);
#9355=AXIS2_PLACEMENT_3D('',#12662,#10359,#10360);
#9356=AXIS2_PLACEMENT_3D('',#12669,#10364,#10365);
#9357=AXIS2_PLACEMENT_3D('',#12671,#10367,#10368);
#9358=AXIS2_PLACEMENT_3D('',#12673,#10370,#10371);
#9359=AXIS2_PLACEMENT_3D('',#12674,#10372,#10373);
#9360=AXIS2_PLACEMENT_3D('',#12675,#10374,#10375);
#9361=AXIS2_PLACEMENT_3D('',#12676,#10376,#10377);
#9362=AXIS2_PLACEMENT_3D('',#12677,#10378,#10379);
#9363=AXIS2_PLACEMENT_3D('',#12683,#10383,#10384);
#9364=AXIS2_PLACEMENT_3D('',#12684,#10385,#10386);
#9365=AXIS2_PLACEMENT_3D('',#12692,#10391,#10392);
#9366=AXIS2_PLACEMENT_3D('',#12700,#10397,#10398);
#9367=AXIS2_PLACEMENT_3D('',#12709,#10403,#10404);
#9368=AXIS2_PLACEMENT_3D('',#12718,#10409,#10410);
#9369=AXIS2_PLACEMENT_3D('',#12727,#10415,#10416);
#9370=AXIS2_PLACEMENT_3D('',#12733,#10420,#10421);
#9371=AXIS2_PLACEMENT_3D('',#12739,#10425,#10426);
#9372=AXIS2_PLACEMENT_3D('',#12757,#10436,#10437);
#9373=AXIS2_PLACEMENT_3D('',#12766,#10442,#10443);
#9374=AXIS2_PLACEMENT_3D('',#12776,#10449,#10450);
#9375=AXIS2_PLACEMENT_3D('',#12786,#10456,#10457);
#9376=AXIS2_PLACEMENT_3D('',#12796,#10463,#10464);
#9377=AXIS2_PLACEMENT_3D('',#12806,#10470,#10471);
#9378=AXIS2_PLACEMENT_3D('',#12816,#10477,#10478);
#9379=AXIS2_PLACEMENT_3D('',#12826,#10484,#10485);
#9380=AXIS2_PLACEMENT_3D('',#12832,#10489,#10490);
#9381=AXIS2_PLACEMENT_3D('',#12838,#10494,#10495);
#9382=AXIS2_PLACEMENT_3D('',#12840,#10497,#10498);
#9383=AXIS2_PLACEMENT_3D('',#12842,#10500,#10501);
#9384=AXIS2_PLACEMENT_3D('',#12846,#10504,#10505);
#9385=AXIS2_PLACEMENT_3D('',#12850,#10508,#10509);
#9386=AXIS2_PLACEMENT_3D('',#12854,#10512,#10513);
#9387=AXIS2_PLACEMENT_3D('',#12858,#10516,#10517);
#9388=AXIS2_PLACEMENT_3D('',#12862,#10520,#10521);
#9389=AXIS2_PLACEMENT_3D('',#12866,#10524,#10525);
#9390=AXIS2_PLACEMENT_3D('',#12869,#10528,#10529);
#9391=AXIS2_PLACEMENT_3D('',#12872,#10532,#10533);
#9392=AXIS2_PLACEMENT_3D('',#12875,#10536,#10537);
#9393=AXIS2_PLACEMENT_3D('',#12878,#10540,#10541);
#9394=AXIS2_PLACEMENT_3D('',#12880,#10543,#10544);
#9395=AXIS2_PLACEMENT_3D('',#12882,#10546,#10547);
#9396=AXIS2_PLACEMENT_3D('',#12883,#10548,#10549);
#9397=AXIS2_PLACEMENT_3D('',#12884,#10550,#10551);
#9398=AXIS2_PLACEMENT_3D('',#12885,#10552,#10553);
#9399=AXIS2_PLACEMENT_3D('',#12886,#10554,#10555);
#9400=AXIS2_PLACEMENT_3D('',#12892,#10559,#10560);
#9401=AXIS2_PLACEMENT_3D('',#12896,#10562,#10563);
#9402=AXIS2_PLACEMENT_3D('',#12899,#10565,#10566);
#9403=AXIS2_PLACEMENT_3D('',#12908,#10571,#10572);
#9404=AXIS2_PLACEMENT_3D('',#12917,#10577,#10578);
#9405=AXIS2_PLACEMENT_3D('',#12921,#10580,#10581);
#9406=AXIS2_PLACEMENT_3D('',#12923,#10583,#10584);
#9407=AXIS2_PLACEMENT_3D('',#12924,#10585,#10586);
#9408=AXIS2_PLACEMENT_3D('',#12930,#10590,#10591);
#9409=AXIS2_PLACEMENT_3D('',#12931,#10592,#10593);
#9410=AXIS2_PLACEMENT_3D('',#12935,#10595,#10596);
#9411=AXIS2_PLACEMENT_3D('',#12936,#10597,#10598);
#9412=AXIS2_PLACEMENT_3D('',#12942,#10602,#10603);
#9413=AXIS2_PLACEMENT_3D('',#12951,#10608,#10609);
#9414=AXIS2_PLACEMENT_3D('',#12952,#10610,#10611);
#9415=AXIS2_PLACEMENT_3D('',#12953,#10612,#10613);
#9416=AXIS2_PLACEMENT_3D('',#12954,#10614,#10615);
#9417=AXIS2_PLACEMENT_3D('',#12967,#10622,#10623);
#9418=AXIS2_PLACEMENT_3D('',#12969,#10625,#10626);
#9419=AXIS2_PLACEMENT_3D('',#12983,#10634,#10635);
#9420=AXIS2_PLACEMENT_3D('',#12984,#10636,#10637);
#9421=AXIS2_PLACEMENT_3D('',#12988,#10639,#10640);
#9422=AXIS2_PLACEMENT_3D('',#12989,#10641,#10642);
#9423=AXIS2_PLACEMENT_3D('',#12995,#10646,#10647);
#9424=AXIS2_PLACEMENT_3D('',#12996,#10648,#10649);
#9425=AXIS2_PLACEMENT_3D('',#13000,#10651,#10652);
#9426=AXIS2_PLACEMENT_3D('',#13001,#10653,#10654);
#9427=AXIS2_PLACEMENT_3D('',#13007,#10658,#10659);
#9428=AXIS2_PLACEMENT_3D('',#13010,#10661,#10662);
#9429=AXIS2_PLACEMENT_3D('',#13018,#10666,#10667);
#9430=AXIS2_PLACEMENT_3D('',#13020,#10669,#10670);
#9431=AXIS2_PLACEMENT_3D('',#13041,#10681,#10682);
#9432=AXIS2_PLACEMENT_3D('',#13042,#10683,#10684);
#9433=AXIS2_PLACEMENT_3D('',#13048,#10687,#10688);
#9434=AXIS2_PLACEMENT_3D('',#13049,#10689,#10690);
#9435=AXIS2_PLACEMENT_3D('',#13058,#10695,#10696);
#9436=AXIS2_PLACEMENT_3D('',#13066,#10701,#10702);
#9437=AXIS2_PLACEMENT_3D('',#13069,#10704,#10705);
#9438=AXIS2_PLACEMENT_3D('',#13074,#10708,#10709);
#9439=AXIS2_PLACEMENT_3D('',#13079,#10712,#10713);
#9440=AXIS2_PLACEMENT_3D('',#13085,#10717,#10718);
#9441=AXIS2_PLACEMENT_3D('',#13086,#10719,#10720);
#9442=AXIS2_PLACEMENT_3D('',#13090,#10722,#10723);
#9443=AXIS2_PLACEMENT_3D('',#13091,#10724,#10725);
#9444=AXIS2_PLACEMENT_3D('',#13097,#10729,#10730);
#9445=AXIS2_PLACEMENT_3D('',#13098,#10731,#10732);
#9446=AXIS2_PLACEMENT_3D('',#13099,#10733,#10734);
#9447=AXIS2_PLACEMENT_3D('',#13100,#10735,#10736);
#9448=AXIS2_PLACEMENT_3D('',#13116,#10745,#10746);
#9449=AXIS2_PLACEMENT_3D('',#13135,#10753,#10754);
#9450=AXIS2_PLACEMENT_3D('',#13136,#10755,#10756);
#9451=AXIS2_PLACEMENT_3D('',#13140,#10758,#10759);
#9452=AXIS2_PLACEMENT_3D('',#13141,#10760,#10761);
#9453=AXIS2_PLACEMENT_3D('',#13147,#10765,#10766);
#9454=AXIS2_PLACEMENT_3D('',#13156,#10771,#10772);
#9455=AXIS2_PLACEMENT_3D('',#13157,#10773,#10774);
#9456=AXIS2_PLACEMENT_3D('',#13161,#10776,#10777);
#9457=AXIS2_PLACEMENT_3D('',#13162,#10778,#10779);
#9458=AXIS2_PLACEMENT_3D('',#13165,#10782,#10783);
#9459=AXIS2_PLACEMENT_3D('',#13169,#10785,#10786);
#9460=AXIS2_PLACEMENT_3D('',#13171,#10788,#10789);
#9461=AXIS2_PLACEMENT_3D('',#13172,#10790,#10791);
#9462=AXIS2_PLACEMENT_3D('',#13188,#10801,#10802);
#9463=AXIS2_PLACEMENT_3D('',#13189,#10803,#10804);
#9464=AXIS2_PLACEMENT_3D('',#13209,#10817,#10818);
#9465=AXIS2_PLACEMENT_3D('',#13210,#10819,#10820);
#9466=AXIS2_PLACEMENT_3D('',#13215,#10824,#10825);
#9467=AXIS2_PLACEMENT_3D('',#13218,#10827,#10828);
#9468=AXIS2_PLACEMENT_3D('',#13225,#10833,#10834);
#9469=AXIS2_PLACEMENT_3D('',#13233,#10839,#10840);
#9470=AXIS2_PLACEMENT_3D('',#13240,#10846,#10847);
#9471=AXIS2_PLACEMENT_3D('',#13256,#10849,#10850);
#9472=AXIS2_PLACEMENT_3D('',#13258,#10852,#10853);
#9473=AXIS2_PLACEMENT_3D('',#13259,#10854,#10855);
#9474=AXIS2_PLACEMENT_3D('',#13261,#10857,#10858);
#9475=AXIS2_PLACEMENT_3D('',#13262,#10859,#10860);
#9476=AXIS2_PLACEMENT_3D('',#13263,#10861,#10862);
#9477=AXIS2_PLACEMENT_3D('',#13270,#10864,#10865);
#9478=AXIS2_PLACEMENT_3D('',#13274,#10868,#10869);
#9479=AXIS2_PLACEMENT_3D('',#13275,#10870,#10871);
#9480=AXIS2_PLACEMENT_3D('',#13276,#10872,#10873);
#9481=AXIS2_PLACEMENT_3D('',#13280,#10875,#10876);
#9482=AXIS2_PLACEMENT_3D('',#13281,#10877,#10878);
#9483=AXIS2_PLACEMENT_3D('',#13284,#10881,#10882);
#9484=AXIS2_PLACEMENT_3D('',#13285,#10883,#10884);
#9485=AXIS2_PLACEMENT_3D('',#13289,#10886,#10887);
#9486=AXIS2_PLACEMENT_3D('',#13290,#10888,#10889);
#9487=AXIS2_PLACEMENT_3D('',#13293,#10892,#10893);
#9488=AXIS2_PLACEMENT_3D('',#13296,#10896,#10897);
#9489=AXIS2_PLACEMENT_3D('',#13298,#10899,#10900);
#9490=AXIS2_PLACEMENT_3D('',#13302,#10903,#10904);
#9491=AXIS2_PLACEMENT_3D('',#13309,#10906,#10907);
#9492=AXIS2_PLACEMENT_3D('',#13310,#10908,#10909);
#9493=AXIS2_PLACEMENT_3D('',#13311,#10910,#10911);
#9494=AXIS2_PLACEMENT_3D('',#13312,#10912,#10913);
#9495=AXIS2_PLACEMENT_3D('',#13318,#10914,#10915);
#9496=AXIS2_PLACEMENT_3D('',#13322,#10918,#10919);
#9497=AXIS2_PLACEMENT_3D('',#13325,#10922,#10923);
#9498=AXIS2_PLACEMENT_3D('',#13327,#10925,#10926);
#9499=AXIS2_PLACEMENT_3D('',#13329,#10928,#10929);
#9500=AXIS2_PLACEMENT_3D('',#13332,#10932,#10933);
#9501=AXIS2_PLACEMENT_3D('',#13334,#10935,#10936);
#9502=AXIS2_PLACEMENT_3D('',#13338,#10939,#10940);
#9503=AXIS2_PLACEMENT_3D('',#13345,#10942,#10943);
#9504=AXIS2_PLACEMENT_3D('',#13353,#10944,#10945);
#9505=AXIS2_PLACEMENT_3D('',#13359,#10946,#10947);
#9506=AXIS2_PLACEMENT_3D('',#13360,#10948,#10949);
#9507=AXIS2_PLACEMENT_3D('',#13364,#10952,#10953);
#9508=AXIS2_PLACEMENT_3D('',#13367,#10956,#10957);
#9509=AXIS2_PLACEMENT_3D('',#13369,#10959,#10960);
#9510=AXIS2_PLACEMENT_3D('',#13371,#10962,#10963);
#9511=AXIS2_PLACEMENT_3D('',#13372,#10964,#10965);
#9512=AXIS2_PLACEMENT_3D('',#13374,#10966,#10967);
#9513=AXIS2_PLACEMENT_3D('',#13377,#10969,#10970);
#9514=AXIS2_PLACEMENT_3D('',#13378,#10971,#10972);
#9515=AXIS2_PLACEMENT_3D('',#13382,#10974,#10975);
#9516=AXIS2_PLACEMENT_3D('',#13383,#10976,#10977);
#9517=AXIS2_PLACEMENT_3D('',#13384,#10978,#10979);
#9518=AXIS2_PLACEMENT_3D('',#13385,#10980,#10981);
#9519=AXIS2_PLACEMENT_3D('',#13386,#10982,#10983);
#9520=AXIS2_PLACEMENT_3D('',#13389,#10985,#10986);
#9521=AXIS2_PLACEMENT_3D('',#13390,#10987,#10988);
#9522=AXIS2_PLACEMENT_3D('',#13391,#10989,#10990);
#9523=AXIS2_PLACEMENT_3D('',#13394,#10992,#10993);
#9524=AXIS2_PLACEMENT_3D('',#13395,#10994,#10995);
#9525=AXIS2_PLACEMENT_3D('',#13396,#10996,#10997);
#9526=AXIS2_PLACEMENT_3D('',#13397,#10998,#10999);
#9527=AXIS2_PLACEMENT_3D('',#13398,#11000,#11001);
#9528=AXIS2_PLACEMENT_3D('',#13399,#11002,#11003);
#9529=AXIS2_PLACEMENT_3D('',#13400,#11004,#11005);
#9530=AXIS2_PLACEMENT_3D('',#13402,#11007,#11008);
#9531=AXIS2_PLACEMENT_3D('',#13404,#11010,#11011);
#9532=AXIS2_PLACEMENT_3D('',#13406,#11013,#11014);
#9533=AXIS2_PLACEMENT_3D('',#13410,#11016,#11017);
#9534=AXIS2_PLACEMENT_3D('',#13411,#11018,#11019);
#9535=AXIS2_PLACEMENT_3D('',#13412,#11020,#11021);
#9536=AXIS2_PLACEMENT_3D('',#13418,#11025,#11026);
#9537=AXIS2_PLACEMENT_3D('',#13419,#11027,#11028);
#9538=AXIS2_PLACEMENT_3D('',#13420,#11029,#11030);
#9539=AXIS2_PLACEMENT_3D('',#13421,#11031,#11032);
#9540=AXIS2_PLACEMENT_3D('',#13423,#11034,#11035);
#9541=AXIS2_PLACEMENT_3D('',#13424,#11036,#11037);
#9542=AXIS2_PLACEMENT_3D('',#13428,#11039,#11040);
#9543=AXIS2_PLACEMENT_3D('',#13429,#11041,#11042);
#9544=AXIS2_PLACEMENT_3D('',#13435,#11046,#11047);
#9545=AXIS2_PLACEMENT_3D('',#13436,#11048,#11049);
#9546=AXIS2_PLACEMENT_3D('',#13437,#11050,#11051);
#9547=AXIS2_PLACEMENT_3D('',#13438,#11052,#11053);
#9548=AXIS2_PLACEMENT_3D('',#13439,#11054,#11055);
#9549=AXIS2_PLACEMENT_3D('',#13442,#11057,#11058);
#9550=AXIS2_PLACEMENT_3D('',#13443,#11059,#11060);
#9551=AXIS2_PLACEMENT_3D('',#13444,#11061,#11062);
#9552=AXIS2_PLACEMENT_3D('',#13445,#11063,#11064);
#9553=AXIS2_PLACEMENT_3D('',#13446,#11065,#11066);
#9554=AXIS2_PLACEMENT_3D('',#13447,#11067,#11068);
#9555=AXIS2_PLACEMENT_3D('',#13448,#11069,#11070);
#9556=AXIS2_PLACEMENT_3D('',#13449,#11071,#11072);
#9557=AXIS2_PLACEMENT_3D('',#13450,#11073,#11074);
#9558=AXIS2_PLACEMENT_3D('',#13451,#11075,#11076);
#9559=AXIS2_PLACEMENT_3D('',#13452,#11077,#11078);
#9560=AXIS2_PLACEMENT_3D('',#13455,#11081,#11082);
#9561=AXIS2_PLACEMENT_3D('',#13461,#11086,#11087);
#9562=AXIS2_PLACEMENT_3D('',#13463,#11089,#11090);
#9563=AXIS2_PLACEMENT_3D('',#13465,#11092,#11093);
#9564=AXIS2_PLACEMENT_3D('',#13468,#11096,#11097);
#9565=AXIS2_PLACEMENT_3D('',#13472,#11100,#11101);
#9566=AXIS2_PLACEMENT_3D('',#13476,#11104,#11105);
#9567=AXIS2_PLACEMENT_3D('',#13478,#11107,#11108);
#9568=AXIS2_PLACEMENT_3D('',#13480,#11110,#11111);
#9569=AXIS2_PLACEMENT_3D('',#13482,#11113,#11114);
#9570=AXIS2_PLACEMENT_3D('',#13484,#11116,#11117);
#9571=AXIS2_PLACEMENT_3D('',#13486,#11119,#11120);
#9572=AXIS2_PLACEMENT_3D('',#13487,#11121,#11122);
#9573=AXIS2_PLACEMENT_3D('',#13488,#11123,#11124);
#9574=AXIS2_PLACEMENT_3D('',#13489,#11125,#11126);
#9575=AXIS2_PLACEMENT_3D('',#13490,#11127,#11128);
#9576=AXIS2_PLACEMENT_3D('',#13493,#11131,#11132);
#9577=AXIS2_PLACEMENT_3D('',#13498,#11136,#11137);
#9578=AXIS2_PLACEMENT_3D('',#13503,#11141,#11142);
#9579=AXIS2_PLACEMENT_3D('',#13506,#11145,#11146);
#9580=AXIS2_PLACEMENT_3D('',#13524,#11156,#11157);
#9581=AXIS2_PLACEMENT_3D('',#13530,#11161,#11162);
#9582=AXIS2_PLACEMENT_3D('',#13534,#11166,#11167);
#9583=AXIS2_PLACEMENT_3D('',#13535,#11168,#11169);
#9584=AXIS2_PLACEMENT_3D('',#13536,#11170,#11171);
#9585=AXIS2_PLACEMENT_3D('',#13537,#11172,#11173);
#9586=AXIS2_PLACEMENT_3D('',#13550,#11180,#11181);
#9587=AXIS2_PLACEMENT_3D('',#13553,#11184,#11185);
#9588=AXIS2_PLACEMENT_3D('',#13555,#11187,#11188);
#9589=AXIS2_PLACEMENT_3D('',#13557,#11190,#11191);
#9590=AXIS2_PLACEMENT_3D('',#13559,#11193,#11194);
#9591=AXIS2_PLACEMENT_3D('',#13561,#11196,#11197);
#9592=AXIS2_PLACEMENT_3D('',#13562,#11198,#11199);
#9593=AXIS2_PLACEMENT_3D('',#13563,#11200,#11201);
#9594=AXIS2_PLACEMENT_3D('',#13605,#11222,#11223);
#9595=AXIS2_PLACEMENT_3D('',#13613,#11227,#11228);
#9596=AXIS2_PLACEMENT_3D('',#13617,#11230,#11231);
#9597=AXIS2_PLACEMENT_3D('',#13625,#11235,#11236);
#9598=AXIS2_PLACEMENT_3D('',#13637,#11243,#11244);
#9599=AXIS2_PLACEMENT_3D('',#13655,#11256,#11257);
#9600=AXIS2_PLACEMENT_3D('',#13662,#11261,#11262);
#9601=AXIS2_PLACEMENT_3D('',#13676,#11270,#11271);
#9602=AXIS2_PLACEMENT_3D('',#13692,#11279,#11280);
#9603=AXIS2_PLACEMENT_3D('',#13696,#11282,#11283);
#9604=AXIS2_PLACEMENT_3D('',#13697,#11284,#11285);
#9605=AXIS2_PLACEMENT_3D('',#13709,#11293,#11294);
#9606=AXIS2_PLACEMENT_3D('',#13727,#11303,#11304);
#9607=AXIS2_PLACEMENT_3D('',#13728,#11305,#11306);
#9608=AXIS2_PLACEMENT_3D('',#13738,#11312,#11313);
#9609=AXIS2_PLACEMENT_3D('',#13743,#11317,#11318);
#9610=AXIS2_PLACEMENT_3D('',#13749,#11322,#11323);
#9611=AXIS2_PLACEMENT_3D('',#13755,#11327,#11328);
#9612=AXIS2_PLACEMENT_3D('',#13763,#11333,#11334);
#9613=AXIS2_PLACEMENT_3D('',#13766,#11337,#11338);
#9614=AXIS2_PLACEMENT_3D('',#13776,#11344,#11345);
#9615=AXIS2_PLACEMENT_3D('',#13779,#11348,#11349);
#9616=AXIS2_PLACEMENT_3D('',#13782,#11352,#11353);
#9617=AXIS2_PLACEMENT_3D('',#13785,#11356,#11357);
#9618=AXIS2_PLACEMENT_3D('',#13791,#11361,#11362);
#9619=AXIS2_PLACEMENT_3D('',#13794,#11365,#11366);
#9620=AXIS2_PLACEMENT_3D('',#13806,#11374,#11375);
#9621=AXIS2_PLACEMENT_3D('',#13810,#11378,#11379);
#9622=AXIS2_PLACEMENT_3D('',#13816,#11383,#11384);
#9623=AXIS2_PLACEMENT_3D('',#13822,#11388,#11389);
#9624=AXIS2_PLACEMENT_3D('',#13824,#11391,#11392);
#9625=AXIS2_PLACEMENT_3D('',#13833,#11397,#11398);
#9626=AXIS2_PLACEMENT_3D('',#13836,#11401,#11402);
#9627=AXIS2_PLACEMENT_3D('',#13838,#11404,#11405);
#9628=AXIS2_PLACEMENT_3D('',#13840,#11407,#11408);
#9629=AXIS2_PLACEMENT_3D('',#13842,#11410,#11411);
#9630=AXIS2_PLACEMENT_3D('',#13843,#11412,#11413);
#9631=AXIS2_PLACEMENT_3D('',#13844,#11414,#11415);
#9632=AXIS2_PLACEMENT_3D('',#13845,#11416,#11417);
#9633=AXIS2_PLACEMENT_3D('',#13846,#11418,#11419);
#9634=AXIS2_PLACEMENT_3D('',#13848,#11421,#11422);
#9635=AXIS2_PLACEMENT_3D('',#13850,#11424,#11425);
#9636=AXIS2_PLACEMENT_3D('',#13852,#11427,#11428);
#9637=AXIS2_PLACEMENT_3D('',#13854,#11430,#11431);
#9638=AXIS2_PLACEMENT_3D('',#13858,#11434,#11435);
#9639=AXIS2_PLACEMENT_3D('',#13860,#11437,#11438);
#9640=AXIS2_PLACEMENT_3D('',#13862,#11440,#11441);
#9641=AXIS2_PLACEMENT_3D('',#13864,#11443,#11444);
#9642=AXIS2_PLACEMENT_3D('',#13866,#11446,#11447);
#9643=AXIS2_PLACEMENT_3D('',#13868,#11449,#11450);
#9644=AXIS2_PLACEMENT_3D('',#13870,#11452,#11453);
#9645=AXIS2_PLACEMENT_3D('',#13873,#11455,#11456);
#9646=AXIS2_PLACEMENT_3D('',#13881,#11461,#11462);
#9647=AXIS2_PLACEMENT_3D('',#13883,#11464,#11465);
#9648=AXIS2_PLACEMENT_3D('',#13886,#11468,#11469);
#9649=AXIS2_PLACEMENT_3D('',#13889,#11472,#11473);
#9650=AXIS2_PLACEMENT_3D('',#13892,#11476,#11477);
#9651=AXIS2_PLACEMENT_3D('',#13895,#11480,#11481);
#9652=AXIS2_PLACEMENT_3D('',#13897,#11483,#11484);
#9653=AXIS2_PLACEMENT_3D('',#13900,#11487,#11488);
#9654=AXIS2_PLACEMENT_3D('',#13902,#11490,#11491);
#9655=AXIS2_PLACEMENT_3D('',#13904,#11493,#11494);
#9656=AXIS2_PLACEMENT_3D('',#13905,#11495,#11496);
#9657=AXIS2_PLACEMENT_3D('',#13906,#11497,#11498);
#9658=AXIS2_PLACEMENT_3D('',#13907,#11499,#11500);
#9659=AXIS2_PLACEMENT_3D('',#13908,#11501,#11502);
#9660=AXIS2_PLACEMENT_3D('',#13909,#11503,#11504);
#9661=AXIS2_PLACEMENT_3D('',#13910,#11505,#11506);
#9662=AXIS2_PLACEMENT_3D('',#13911,#11507,#11508);
#9663=AXIS2_PLACEMENT_3D('',#13912,#11509,#11510);
#9664=AXIS2_PLACEMENT_3D('',#13913,#11511,#11512);
#9665=AXIS2_PLACEMENT_3D('',#13919,#11516,#11517);
#9666=AXIS2_PLACEMENT_3D('',#13921,#11519,#11520);
#9667=AXIS2_PLACEMENT_3D('',#13923,#11522,#11523);
#9668=AXIS2_PLACEMENT_3D('',#13929,#11527,#11528);
#9669=AXIS2_PLACEMENT_3D('',#13931,#11530,#11531);
#9670=AXIS2_PLACEMENT_3D('',#13933,#11533,#11534);
#9671=AXIS2_PLACEMENT_3D('',#13934,#11535,#11536);
#9672=AXIS2_PLACEMENT_3D('',#13943,#11541,#11542);
#9673=AXIS2_PLACEMENT_3D('',#13946,#11545,#11546);
#9674=AXIS2_PLACEMENT_3D('',#13952,#11550,#11551);
#9675=AXIS2_PLACEMENT_3D('',#13954,#11553,#11554);
#9676=AXIS2_PLACEMENT_3D('',#13956,#11556,#11557);
#9677=AXIS2_PLACEMENT_3D('',#13957,#11558,#11559);
#9678=AXIS2_PLACEMENT_3D('',#13963,#11563,#11564);
#9679=AXIS2_PLACEMENT_3D('',#13965,#11566,#11567);
#9680=AXIS2_PLACEMENT_3D('',#13967,#11569,#11570);
#9681=AXIS2_PLACEMENT_3D('',#13968,#11571,#11572);
#9682=AXIS2_PLACEMENT_3D('',#13977,#11577,#11578);
#9683=AXIS2_PLACEMENT_3D('',#13980,#11581,#11582);
#9684=AXIS2_PLACEMENT_3D('',#13986,#11586,#11587);
#9685=AXIS2_PLACEMENT_3D('',#13988,#11589,#11590);
#9686=AXIS2_PLACEMENT_3D('',#13990,#11592,#11593);
#9687=AXIS2_PLACEMENT_3D('',#13991,#11594,#11595);
#9688=AXIS2_PLACEMENT_3D('',#13997,#11599,#11600);
#9689=AXIS2_PLACEMENT_3D('',#13999,#11602,#11603);
#9690=AXIS2_PLACEMENT_3D('',#14001,#11605,#11606);
#9691=AXIS2_PLACEMENT_3D('',#14002,#11607,#11608);
#9692=AXIS2_PLACEMENT_3D('',#14011,#11613,#11614);
#9693=AXIS2_PLACEMENT_3D('',#14014,#11617,#11618);
#9694=AXIS2_PLACEMENT_3D('',#14020,#11622,#11623);
#9695=AXIS2_PLACEMENT_3D('',#14022,#11625,#11626);
#9696=AXIS2_PLACEMENT_3D('',#14024,#11628,#11629);
#9697=AXIS2_PLACEMENT_3D('',#14025,#11630,#11631);
#9698=AXIS2_PLACEMENT_3D('',#14027,#11633,#11634);
#9699=AXIS2_PLACEMENT_3D('',#14028,#11635,#11636);
#9700=AXIS2_PLACEMENT_3D('',#14030,#11638,#11639);
#9701=AXIS2_PLACEMENT_3D('',#14031,#11640,#11641);
#9702=AXIS2_PLACEMENT_3D('',#14032,#11642,#11643);
#9703=AXIS2_PLACEMENT_3D('',#14033,#11644,#11645);
#9704=AXIS2_PLACEMENT_3D('',#14036,#11648,#11649);
#9705=AXIS2_PLACEMENT_3D('',#14038,#11651,#11652);
#9706=AXIS2_PLACEMENT_3D('',#14040,#11654,#11655);
#9707=AXIS2_PLACEMENT_3D('',#14041,#11656,#11657);
#9708=AXIS2_PLACEMENT_3D('',#14042,#11658,#11659);
#9709=AXIS2_PLACEMENT_3D('',#14045,#11662,#11663);
#9710=AXIS2_PLACEMENT_3D('',#14046,#11664,#11665);
#9711=AXIS2_PLACEMENT_3D('',#14048,#11667,#11668);
#9712=AXIS2_PLACEMENT_3D('',#14053,#11672,#11673);
#9713=AXIS2_PLACEMENT_3D('',#14055,#11675,#11676);
#9714=AXIS2_PLACEMENT_3D('',#14056,#11677,#11678);
#9715=AXIS2_PLACEMENT_3D('',#14057,#11679,#11680);
#9716=AXIS2_PLACEMENT_3D('',#14059,#11682,#11683);
#9717=AXIS2_PLACEMENT_3D('',#14060,#11684,#11685);
#9718=AXIS2_PLACEMENT_3D('',#14061,#11686,#11687);
#9719=AXIS2_PLACEMENT_3D('',#14062,#11688,#11689);
#9720=AXIS2_PLACEMENT_3D('',#14063,#11690,#11691);
#9721=AXIS2_PLACEMENT_3D('',#14064,#11692,#11693);
#9722=AXIS2_PLACEMENT_3D('',#14065,#11694,#11695);
#9723=AXIS2_PLACEMENT_3D('',#14066,#11696,#11697);
#9724=AXIS2_PLACEMENT_3D('',#14067,#11698,#11699);
#9725=AXIS2_PLACEMENT_3D('',#14071,#11702,#11703);
#9726=AXIS2_PLACEMENT_3D('',#14075,#11706,#11707);
#9727=AXIS2_PLACEMENT_3D('',#14080,#11711,#11712);
#9728=AXIS2_PLACEMENT_3D('',#14083,#11715,#11716);
#9729=AXIS2_PLACEMENT_3D('',#14085,#11718,#11719);
#9730=AXIS2_PLACEMENT_3D('',#14089,#11722,#11723);
#9731=AXIS2_PLACEMENT_3D('',#14091,#11725,#11726);
#9732=AXIS2_PLACEMENT_3D('',#14092,#11727,#11728);
#9733=AXIS2_PLACEMENT_3D('',#14094,#11730,#11731);
#9734=AXIS2_PLACEMENT_3D('',#14095,#11732,#11733);
#9735=AXIS2_PLACEMENT_3D('',#14096,#11734,#11735);
#9736=AXIS2_PLACEMENT_3D('',#14100,#11738,#11739);
#9737=AXIS2_PLACEMENT_3D('',#14104,#11742,#11743);
#9738=AXIS2_PLACEMENT_3D('',#14109,#11747,#11748);
#9739=AXIS2_PLACEMENT_3D('',#14111,#11750,#11751);
#9740=AXIS2_PLACEMENT_3D('',#14114,#11754,#11755);
#9741=AXIS2_PLACEMENT_3D('',#14115,#11756,#11757);
#9742=AXIS2_PLACEMENT_3D('',#14117,#11759,#11760);
#9743=AXIS2_PLACEMENT_3D('',#14118,#11761,#11762);
#9744=AXIS2_PLACEMENT_3D('',#14122,#11765,#11766);
#9745=AXIS2_PLACEMENT_3D('',#14124,#11768,#11769);
#9746=AXIS2_PLACEMENT_3D('',#14125,#11770,#11771);
#9747=AXIS2_PLACEMENT_3D('',#14136,#11777,#11778);
#9748=AXIS2_PLACEMENT_3D('',#14144,#11783,#11784);
#9749=AXIS2_PLACEMENT_3D('',#14147,#11787,#11788);
#9750=AXIS2_PLACEMENT_3D('',#14149,#11790,#11791);
#9751=AXIS2_PLACEMENT_3D('',#14150,#11792,#11793);
#9752=AXIS2_PLACEMENT_3D('',#14151,#11794,#11795);
#9753=AXIS2_PLACEMENT_3D('',#14162,#11801,#11802);
#9754=AXIS2_PLACEMENT_3D('',#14170,#11807,#11808);
#9755=AXIS2_PLACEMENT_3D('',#14173,#11811,#11812);
#9756=AXIS2_PLACEMENT_3D('',#14175,#11814,#11815);
#9757=AXIS2_PLACEMENT_3D('',#14176,#11816,#11817);
#9758=AXIS2_PLACEMENT_3D('',#14177,#11818,#11819);
#9759=AXIS2_PLACEMENT_3D('',#14178,#11820,#11821);
#9760=AXIS2_PLACEMENT_3D('',#14184,#11824,#11825);
#9761=AXIS2_PLACEMENT_3D('',#14194,#11828,#11829);
#9762=AXIS2_PLACEMENT_3D('',#14195,#11830,#11831);
#9763=AXIS2_PLACEMENT_3D('',#14204,#11834,#11835);
#9764=AXIS2_PLACEMENT_3D('',#14210,#11836,#11837);
#9765=AXIS2_PLACEMENT_3D('',#14211,#11838,#11839);
#9766=AXIS2_PLACEMENT_3D('',#14213,#11840,#11841);
#9767=AXIS2_PLACEMENT_3D('',#14214,#11842,#11843);
#9768=AXIS2_PLACEMENT_3D('',#14217,#11845,#11846);
#9769=AXIS2_PLACEMENT_3D('',#14218,#11847,#11848);
#9770=AXIS2_PLACEMENT_3D('',#14224,#11849,#11850);
#9771=AXIS2_PLACEMENT_3D('',#14226,#11852,#11853);
#9772=AXIS2_PLACEMENT_3D('',#14227,#11854,#11855);
#9773=AXIS2_PLACEMENT_3D('',#14229,#11857,#11858);
#9774=AXIS2_PLACEMENT_3D('',#14231,#11860,#11861);
#9775=AXIS2_PLACEMENT_3D('',#14232,#11862,#11863);
#9776=AXIS2_PLACEMENT_3D('',#14233,#11864,#11865);
#9777=AXIS2_PLACEMENT_3D('',#14236,#11866,#11867);
#9778=AXIS2_PLACEMENT_3D('',#14238,#11868,#11869);
#9779=AXIS2_PLACEMENT_3D('',#14245,#11871,#11872);
#9780=AXIS2_PLACEMENT_3D('',#14246,#11873,#11874);
#9781=AXIS2_PLACEMENT_3D('',#14262,#11875,#11876);
#9782=AXIS2_PLACEMENT_3D('',#14266,#11878,#11879);
#9783=AXIS2_PLACEMENT_3D('',#14270,#11881,#11882);
#9784=AXIS2_PLACEMENT_3D('',#14273,#11884,#11885);
#9785=AXIS2_PLACEMENT_3D('',#14274,#11886,#11887);
#9786=AXIS2_PLACEMENT_3D('',#14277,#11890,#11891);
#9787=AXIS2_PLACEMENT_3D('',#14279,#11893,#11894);
#9788=AXIS2_PLACEMENT_3D('',#14282,#11897,#11898);
#9789=AXIS2_PLACEMENT_3D('',#14285,#11899,#11900);
#9790=AXIS2_PLACEMENT_3D('',#14287,#11902,#11903);
#9791=AXIS2_PLACEMENT_3D('',#14288,#11904,#11905);
#9792=AXIS2_PLACEMENT_3D('',#14290,#11907,#11908);
#9793=DIRECTION('',(0.,0.,1.));
#9794=DIRECTION('',(1.,0.,0.));
#9795=DIRECTION('',(0.,1.,0.));
#9796=DIRECTION('',(0.,0.,1.));
#9797=DIRECTION('',(-1.09106972721723E-16,1.,7.84692441917999E-17));
#9798=DIRECTION('',(0.,7.84692441918E-17,-1.));
#9799=DIRECTION('',(0.,1.,0.));
#9800=DIRECTION('',(2.93168267439995E-13,0.,-1.));
#9801=DIRECTION('',(-6.63956981146239E-17,1.,6.63956981146238E-17));
#9802=DIRECTION('',(1.,5.42101086242896E-17,2.62810606610556E-13));
#9803=DIRECTION('',(0.,1.,0.));
#9804=DIRECTION('',(0.,0.,1.));
#9805=DIRECTION('',(-1.0910697272183E-16,1.,7.84692441915354E-17));
#9806=DIRECTION('',(0.,7.84692441915355E-17,-1.));
#9807=DIRECTION('',(4.60718971001306E-17,-1.,-4.60718971001305E-17));
#9808=DIRECTION('',(1.,0.,-2.53198902302382E-13));
#9809=DIRECTION('',(-2.30739641724954E-16,-1.,2.30739641724953E-16));
#9810=DIRECTION('',(-2.50184629656051E-13,-2.8258806060548E-16,-1.));
#9811=DIRECTION('',(0.,1.,0.));
#9812=DIRECTION('',(0.,0.,1.));
#9813=DIRECTION('',(-1.0910697272183E-16,1.,7.84692441915353E-17));
#9814=DIRECTION('',(0.,7.84692441915352E-17,-1.));
#9815=DIRECTION('',(4.60718971001305E-17,-1.,-4.60718971001305E-17));
#9816=DIRECTION('',(1.,0.,-2.56213174948839E-13));
#9817=DIRECTION('',(-2.30739641724948E-16,-1.,2.30739641724948E-16));
#9818=DIRECTION('',(-2.65255992888347E-13,-2.82588060605484E-16,-1.));
#9819=DIRECTION('',(0.,1.,0.));
#9820=DIRECTION('',(0.,0.,1.));
#9821=DIRECTION('',(-1.09106972721678E-16,1.,7.84692441918666E-17));
#9822=DIRECTION('',(0.,7.84692441918666E-17,-1.));
#9823=DIRECTION('',(3.41900896151198E-17,-1.,-3.41900896151198E-17));
#9824=DIRECTION('',(1.,0.,1.44280085396443E-13));
#9825=DIRECTION('',(-1.71232563121588E-16,-1.,1.71232563121588E-16));
#9826=DIRECTION('',(-2.58921238521554E-13,-2.09709426448343E-16,-1.));
#9827=DIRECTION('',(0.,1.,0.));
#9828=DIRECTION('',(0.,0.,1.));
#9829=DIRECTION('',(-1.09106972721909E-16,1.,7.84692441918334E-17));
#9830=DIRECTION('',(5.42101086243104E-16,7.84692441918335E-17,-1.));
#9831=DIRECTION('',(3.41900896151198E-17,-1.,-3.41900896151198E-17));
#9832=DIRECTION('',(1.,0.,1.43720860259248E-13));
#9833=DIRECTION('',(0.,-1.,0.));
#9834=DIRECTION('',(-2.60039688795945E-13,0.,-1.));
#9835=DIRECTION('',(0.,1.,0.));
#9836=DIRECTION('',(0.,0.,1.));
#9837=DIRECTION('',(0.,1.,0.));
#9838=DIRECTION('',(-4.33680868993982E-16,0.,1.));
#9839=DIRECTION('',(0.,1.,0.));
#9840=DIRECTION('',(-4.33680868993982E-16,0.,1.));
#9841=DIRECTION('',(0.,0.,1.));
#9842=DIRECTION('',(-1.,0.,0.));
#9843=DIRECTION('',(-1.,0.,0.));
#9844=DIRECTION('',(-0.6,-0.8,0.));
#9845=DIRECTION('',(1.,0.,0.));
#9846=DIRECTION('',(0.,-1.,0.));
#9847=DIRECTION('',(0.707106781186545,0.70710678118655,0.));
#9848=DIRECTION('',(0.,0.,-1.));
#9849=DIRECTION('',(1.,0.,0.));
#9850=DIRECTION('',(-1.,0.,0.));
#9851=DIRECTION('',(-0.707106781186545,-0.70710678118655,0.));
#9852=DIRECTION('',(0.,1.,0.));
#9853=DIRECTION('',(-1.,0.,0.));
#9854=DIRECTION('',(0.6,0.8,0.));
#9855=DIRECTION('',(0.,0.,1.));
#9856=DIRECTION('',(-1.,0.,0.));
#9857=DIRECTION('',(0.,1.,0.));
#9858=DIRECTION('',(-1.,0.,0.));
#9859=DIRECTION('',(6.42891217614705E-15,-8.29968993079997E-15,-1.));
#9860=DIRECTION('',(0.968245836552172,-0.249999999998768,6.5052130349237E-15));
#9861=DIRECTION('',(-1.,0.,0.));
#9862=DIRECTION('',(0.,-1.,0.));
#9863=DIRECTION('',(-1.,0.,0.));
#9864=DIRECTION('',(5.31165584916992E-15,-5.31165584916991E-15,1.));
#9865=DIRECTION('',(-2.60208521396589E-13,-1.,-5.42101086242894E-15));
#9866=DIRECTION('',(0.,-1.,0.));
#9867=DIRECTION('',(1.,0.,0.));
#9868=DIRECTION('',(0.,0.,-1.));
#9869=DIRECTION('',(1.,0.,0.));
#9870=DIRECTION('',(-3.21445608807355E-15,4.14984496540002E-15,1.));
#9871=DIRECTION('',(5.89805981833079E-13,-1.,4.33680868994911E-15));
#9872=DIRECTION('',(1.,0.,0.));
#9873=DIRECTION('',(0.,-1.,0.));
#9874=DIRECTION('',(1.,0.,0.));
#9875=DIRECTION('',(0.,-1.,0.));
#9876=DIRECTION('',(0.,0.,-1.));
#9877=DIRECTION('',(1.,2.61292723569075E-13,0.));
#9878=DIRECTION('',(1.,0.,0.));
#9879=DIRECTION('',(0.,-1.,0.));
#9880=DIRECTION('',(1.,0.,0.));
#9881=DIRECTION('',(0.,0.,-1.));
#9882=DIRECTION('',(0.,-1.,0.));
#9883=DIRECTION('',(-1.,0.,0.));
#9884=DIRECTION('',(0.,-1.,0.));
#9885=DIRECTION('',(-1.,0.,0.));
#9886=DIRECTION('',(0.,1.,0.));
#9887=DIRECTION('',(-7.83366542792167E-15,9.40039851356651E-15,-1.));
#9888=DIRECTION('',(-1.,3.1547572713779E-12,8.67361737985159E-15));
#9889=DIRECTION('',(0.98360655737688,-0.180327868853381,0.));
#9890=DIRECTION('',(0.180327868849789,0.983606557377539,0.));
#9891=DIRECTION('',(-0.983606557376982,0.180327868852828,0.));
#9892=DIRECTION('',(-2.96890270650786E-15,4.73787437005697E-15,1.));
#9893=DIRECTION('',(0.180327868853229,0.983606557376908,-4.33680868994203E-15));
#9894=DIRECTION('',(0.,0.,1.));
#9895=DIRECTION('',(0.,1.,0.));
#9896=DIRECTION('',(1.,0.,0.));
#9897=DIRECTION('',(-1.48445135325392E-15,2.36893718502847E-15,-1.));
#9898=DIRECTION('',(-0.963788819653443,0.266666666666501,2.16840434497103E-15));
#9899=DIRECTION('',(0.983606557376982,-0.180327868852828,0.));
#9900=DIRECTION('',(-0.180327868849789,-0.983606557377539,0.));
#9901=DIRECTION('',(-0.98360655737688,0.180327868853381,0.));
#9902=DIRECTION('',(0.,0.,1.));
#9903=DIRECTION('',(0.180327868855591,0.983606557376475,0.));
#9904=DIRECTION('',(0.,-1.,0.));
#9905=DIRECTION('',(-1.,0.,0.));
#9906=DIRECTION('',(0.,1.,0.));
#9907=DIRECTION('',(-1.,0.,0.));
#9908=DIRECTION('',(0.,0.,1.));
#9909=DIRECTION('',(-1.,-8.84428358324048E-14,-1.8912448425746E-14));
#9910=DIRECTION('',(-8.23993651091384E-14,0.866025403775848,0.50000000001488));
#9911=DIRECTION('',(0.,1.,0.));
#9912=DIRECTION('',(0.,0.,-1.));
#9913=DIRECTION('',(0.,-1.,0.));
#9914=DIRECTION('',(0.,0.132163720091018,-0.991227900682635));
#9915=DIRECTION('',(0.,-0.102089930548539,-0.994775173635025));
#9916=DIRECTION('',(-1.,0.,0.));
#9917=DIRECTION('',(0.,0.,1.));
#9918=DIRECTION('',(0.,0.,-1.));
#9919=DIRECTION('',(0.,-1.,0.));
#9920=DIRECTION('',(-1.,0.,0.));
#9921=DIRECTION('',(0.,0.994775173636223,0.102089930536866));
#9922=DIRECTION('',(0.,0.102089930548539,-0.994775173635025));
#9923=DIRECTION('',(0.,-0.132163720091018,-0.991227900682635));
#9924=DIRECTION('',(0.,1.,0.));
#9925=DIRECTION('',(-1.,0.,0.));
#9926=DIRECTION('',(0.,0.,1.));
#9927=DIRECTION('',(0.,0.371390676352505,-0.928476690885899));
#9928=DIRECTION('',(0.,0.,-1.));
#9929=DIRECTION('',(-1.,2.05053089992399E-14,-1.59863658848832E-14));
#9930=DIRECTION('',(1.62604197890441E-14,0.999999998822981,-4.85184275622841E-5));
#9931=DIRECTION('',(0.,0.,1.));
#9932=DIRECTION('',(0.,1.,0.));
#9933=DIRECTION('',(-0.707106781186547,0.707106781186549,0.));
#9934=DIRECTION('',(-0.707106781186549,-0.707106781186547,0.));
#9935=DIRECTION('',(0.707106781186549,0.707106781186547,0.));
#9936=DIRECTION('',(0.,0.,-1.));
#9937=DIRECTION('',(-0.447213595500302,-0.447213595500301,0.774596669241087));
#9938=DIRECTION('',(0.,0.,1.));
#9939=DIRECTION('',(0.707106781186549,0.707106781186547,0.));
#9940=DIRECTION('',(-0.707106781186547,0.707106781186549,0.));
#9941=DIRECTION('',(-0.707106781186549,-0.707106781186547,0.));
#9942=DIRECTION('',(0.,0.,-1.));
#9943=DIRECTION('',(-0.707106781186549,-0.707106781186547,0.));
#9944=DIRECTION('',(-0.707106781186549,-0.707106781186547,0.));
#9945=DIRECTION('',(0.,0.,1.));
#9946=DIRECTION('',(0.447213595500331,0.447213595500181,0.774596669241139));
#9947=DIRECTION('',(0.,0.,-1.));
#9948=DIRECTION('',(-1.,0.,0.));
#9949=DIRECTION('',(0.,0.,1.));
#9950=DIRECTION('',(0.,0.,-1.));
#9951=DIRECTION('',(-1.51018690841654E-14,1.50252979711261E-14,-1.));
#9952=DIRECTION('',(-1.,0.,1.51018690841654E-14));
#9953=DIRECTION('',(-1.67603667507469E-9,-0.0261769479460568,0.999657324985032));
#9954=DIRECTION('',(0.968266677308872,-0.249833629144697,-0.00654212210423501));
#9955=DIRECTION('',(0.,0.,1.));
#9956=DIRECTION('',(0.,0.,-1.));
#9957=DIRECTION('',(0.,0.,1.));
#9958=DIRECTION('',(-1.96457433656552E-12,-1.,0.));
#9959=DIRECTION('',(0.,0.,-1.));
#9960=DIRECTION('',(-8.20101540403084E-15,1.42045753533636E-14,-1.));
#9961=DIRECTION('',(0.866025403787629,-0.499999999994474,-1.51788304149648E-14));
#9962=DIRECTION('',(0.,0.,-1.));
#9963=DIRECTION('',(0.,0.,1.));
#9964=DIRECTION('',(0.,0.,-1.));
#9965=DIRECTION('',(1.,-2.51101223156872E-12,0.));
#9966=DIRECTION('',(1.,0.,0.));
#9967=DIRECTION('',(0.,0.,-1.));
#9968=DIRECTION('',(1.,0.,0.));
#9969=DIRECTION('',(1.,0.,0.));
#9970=DIRECTION('',(1.,-9.90277634063679E-15,-8.9385047269771E-15));
#9971=DIRECTION('',(1.30104260697058E-14,0.994775173635921,-0.102089930539809));
#9972=DIRECTION('',(-1.,-1.6402030808061E-14,-2.84091507067259E-14));
#9973=DIRECTION('',(-3.0357660829931E-14,-1.96782694308303E-12,1.));
#9974=DIRECTION('',(1.,0.,0.));
#9975=DIRECTION('',(0.,0.,-1.));
#9976=DIRECTION('',(-1.,0.,0.));
#9977=DIRECTION('',(-1.,-1.64020308080608E-14,2.84091507067258E-14));
#9978=DIRECTION('',(-3.03576608299313E-14,0.866025403787645,-0.499999999994447));
#9979=DIRECTION('',(1.,0.,0.));
#9980=DIRECTION('',(0.,5.1071343334458E-12,-1.));
#9981=DIRECTION('',(1.,0.,0.));
#9982=DIRECTION('',(0.,0.,-1.));
#9983=DIRECTION('',(1.,0.,0.));
#9984=DIRECTION('',(1.,0.,0.));
#9985=DIRECTION('',(0.6,-0.8,0.));
#9986=DIRECTION('',(-1.,0.,0.));
#9987=DIRECTION('',(0.,-1.,0.));
#9988=DIRECTION('',(-0.707106781186545,0.70710678118655,0.));
#9989=DIRECTION('',(0.,0.,1.));
#9990=DIRECTION('',(-1.,0.,0.));
#9991=DIRECTION('',(1.,0.,0.));
#9992=DIRECTION('',(0.707106781186545,-0.70710678118655,0.));
#9993=DIRECTION('',(0.,1.,0.));
#9994=DIRECTION('',(1.,0.,0.));
#9995=DIRECTION('',(-0.6,0.8,0.));
#9996=DIRECTION('',(0.,0.,-1.));
#9997=DIRECTION('',(1.,0.,0.));
#9998=DIRECTION('',(0.,1.,0.));
#9999=DIRECTION('',(1.,0.,0.));
#10000=DIRECTION('',(0.,0.,1.));
#10001=DIRECTION('',(-0.968245836552169,-0.24999999999878,0.));
#10002=DIRECTION('',(1.,0.,0.));
#10003=DIRECTION('',(0.,-1.,0.));
#10004=DIRECTION('',(1.,0.,0.));
#10005=DIRECTION('',(-1.32791396229248E-15,-1.32791396229247E-15,-1.));
#10006=DIRECTION('',(2.62376925741561E-13,-1.,1.62630325872869E-15));
#10007=DIRECTION('',(0.,-1.,0.));
#10008=DIRECTION('',(1.,0.,0.));
#10009=DIRECTION('',(0.,0.,1.));
#10010=DIRECTION('',(-1.,0.,0.));
#10011=DIRECTION('',(-6.42891217614719E-15,-8.29968993080015E-15,-1.));
#10012=DIRECTION('',(-5.94142790523023E-13,-1.,6.50521303492361E-15));
#10013=DIRECTION('',(-1.,0.,0.));
#10014=DIRECTION('',(0.,-1.,0.));
#10015=DIRECTION('',(1.,0.,0.));
#10016=DIRECTION('',(0.,-1.,0.));
#10017=DIRECTION('',(-7.96748377375484E-15,-7.96748377375483E-15,1.));
#10018=DIRECTION('',(-1.,2.6562953225902E-13,-8.67361737988635E-15));
#10019=DIRECTION('',(-1.,0.,0.));
#10020=DIRECTION('',(0.,-1.,0.));
#10021=DIRECTION('',(-1.,0.,0.));
#10022=DIRECTION('',(0.,0.,1.));
#10023=DIRECTION('',(0.,1.,0.));
#10024=DIRECTION('',(-1.48445135325393E-15,-2.36893718502849E-15,-1.));
#10025=DIRECTION('',(-0.180327868853229,0.983606557376908,-2.16840434497102E-15));
#10026=DIRECTION('',(-1.,0.,0.));
#10027=DIRECTION('',(0.,1.,0.));
#10028=DIRECTION('',(-1.,0.,0.));
#10029=DIRECTION('',(0.,-1.,0.));
#10030=DIRECTION('',(0.,0.,1.));
#10031=DIRECTION('',(1.,3.1547572713779E-12,0.));
#10032=DIRECTION('',(-0.98360655737688,-0.180327868853381,0.));
#10033=DIRECTION('',(-0.180327868849789,0.983606557377539,0.));
#10034=DIRECTION('',(0.983606557376982,0.180327868852828,0.));
#10035=DIRECTION('',(0.,0.,-1.));
#10036=DIRECTION('',(0.,-1.,0.));
#10037=DIRECTION('',(0.,-1.,0.));
#10038=DIRECTION('',(1.,0.,0.));
#10039=DIRECTION('',(0.,0.,1.));
#10040=DIRECTION('',(0.963788819653442,0.266666666666507,0.));
#10041=DIRECTION('',(-0.983606557376982,-0.180327868852828,0.));
#10042=DIRECTION('',(0.180327868849789,-0.983606557377539,0.));
#10043=DIRECTION('',(0.98360655737688,0.180327868853381,0.));
#10044=DIRECTION('',(-7.83366542792143E-15,-9.40039851356621E-15,-1.));
#10045=DIRECTION('',(-0.180327868855611,0.983606557376471,-8.67361737985179E-15));
#10046=DIRECTION('',(0.,1.,0.));
#10047=DIRECTION('',(-1.,0.,0.));
#10048=DIRECTION('',(1.,0.,0.));
#10049=DIRECTION('',(0.,0.,1.));
#10050=DIRECTION('',(1.,-8.84428358324065E-14,1.89124484257463E-14));
#10051=DIRECTION('',(8.23993651091368E-14,0.866025403775851,-0.500000000014875));
#10052=DIRECTION('',(0.,1.,0.));
#10053=DIRECTION('',(0.,0.,1.));
#10054=DIRECTION('',(0.,1.,0.));
#10055=DIRECTION('',(0.,0.132163720091018,0.991227900682635));
#10056=DIRECTION('',(0.,-0.102089930548539,0.994775173635025));
#10057=DIRECTION('',(1.,0.,0.));
#10058=DIRECTION('',(0.,0.,1.));
#10059=DIRECTION('',(0.,0.,1.));
#10060=DIRECTION('',(0.,-1.,0.));
#10061=DIRECTION('',(1.,0.,0.));
#10062=DIRECTION('',(0.,0.994775173636222,-0.102089930536874));
#10063=DIRECTION('',(0.,0.102089930548539,0.994775173635025));
#10064=DIRECTION('',(0.,-0.132163720091018,0.991227900682635));
#10065=DIRECTION('',(0.,-1.,0.));
#10066=DIRECTION('',(1.,0.,0.));
#10067=DIRECTION('',(0.,0.,1.));
#10068=DIRECTION('',(1.,-2.05053089992098E-14,1.59863658848603E-14));
#10069=DIRECTION('',(1.62604197890617E-14,0.243976189966168,-0.969781222095784));
#10070=DIRECTION('',(0.,0.,-1.));
#10071=DIRECTION('',(0.,-0.371390676352505,0.928476690885899));
#10072=DIRECTION('',(0.,-1.,0.));
#10073=DIRECTION('',(0.,0.,-1.));
#10074=DIRECTION('',(-0.707106781186547,-0.707106781186549,0.));
#10075=DIRECTION('',(0.707106781186549,-0.707106781186547,0.));
#10076=DIRECTION('',(0.,0.,1.));
#10077=DIRECTION('',(0.707106781186549,-0.707106781186547,0.));
#10078=DIRECTION('',(0.707106781186549,-0.707106781186547,0.));
#10079=DIRECTION('',(0.,0.,-1.));
#10080=DIRECTION('',(-0.447213595500302,0.447213595500301,-0.774596669241087));
#10081=DIRECTION('',(-0.707106781186547,-0.707106781186549,0.));
#10082=DIRECTION('',(0.707106781186549,-0.707106781186547,0.));
#10083=DIRECTION('',(-0.707106781186549,0.707106781186547,0.));
#10084=DIRECTION('',(0.,0.,1.));
#10085=DIRECTION('',(0.447213595500302,-0.4472135955003,-0.774596669241088));
#10086=DIRECTION('',(0.,0.,-1.));
#10087=DIRECTION('',(-0.707106781186549,0.707106781186547,0.));
#10088=DIRECTION('',(0.,0.,-1.));
#10089=DIRECTION('',(-1.,0.,0.));
#10090=DIRECTION('',(0.,0.,-1.));
#10091=DIRECTION('',(0.,0.,-1.));
#10092=DIRECTION('',(0.,0.,1.));
#10093=DIRECTION('',(1.,0.,0.));
#10094=DIRECTION('',(0.,0.,-1.));
#10095=DIRECTION('',(-0.968245836548799,-0.250000000011832,0.));
#10096=DIRECTION('',(0.,0.,-1.));
#10097=DIRECTION('',(0.,0.,1.));
#10098=DIRECTION('',(-8.20101540403071E-15,-1.42045753533634E-14,-1.));
#10099=DIRECTION('',(1.95590071918551E-12,-1.,1.51788304149652E-14));
#10100=DIRECTION('',(0.,0.,1.));
#10101=DIRECTION('',(8.20101540403071E-15,1.42045753533634E-14,1.));
#10102=DIRECTION('',(-0.866025403787635,-0.499999999994464,1.40946282424676E-14));
#10103=DIRECTION('',(0.,0.,1.));
#10104=DIRECTION('',(0.,0.,-1.));
#10105=DIRECTION('',(1.67666466279895E-9,-0.0261769479459335,0.999657324985035));
#10106=DIRECTION('',(-0.990834637780689,-0.135034133973252,-0.00353599153059537));
#10107=DIRECTION('',(1.,0.,0.));
#10108=DIRECTION('',(0.,0.,-1.));
#10109=DIRECTION('',(1.,0.,0.));
#10110=DIRECTION('',(1.,-1.64020308080609E-14,-2.84091507067259E-14));
#10111=DIRECTION('',(3.03576608299311E-14,0.866025403787643,0.49999999999445));
#10112=DIRECTION('',(-1.,0.,0.));
#10113=DIRECTION('',(0.,5.12068686060168E-12,1.));
#10114=DIRECTION('',(1.,0.,0.));
#10115=DIRECTION('',(1.,0.,0.));
#10116=DIRECTION('',(0.,0.,-1.));
#10117=DIRECTION('',(-1.,0.,0.));
#10118=DIRECTION('',(1.,0.,0.));
#10119=DIRECTION('',(-1.,0.,0.));
#10120=DIRECTION('',(0.,0.99477517363592,0.102089930539817));
#10121=DIRECTION('',(1.,-1.64020308080609E-14,2.84091507067259E-14));
#10122=DIRECTION('',(3.03576608299312E-14,-1.97216375177303E-12,-1.));
#10123=DIRECTION('',(0.,1.,0.));
#10124=DIRECTION('',(0.,0.,-1.));
#10125=DIRECTION('',(0.86602540378374,0.,-0.50000000000121));
#10126=DIRECTION('',(-1.,0.,0.));
#10127=DIRECTION('',(0.,0.,1.));
#10128=DIRECTION('',(-1.,0.,0.));
#10129=DIRECTION('',(0.,0.,-1.));
#10130=DIRECTION('',(-1.,0.,0.));
#10131=DIRECTION('',(-0.891935865164655,0.,-0.452161931649468));
#10132=DIRECTION('',(-0.766051674653211,0.,0.642778991381183));
#10133=DIRECTION('',(1.,0.,0.));
#10134=DIRECTION('',(-0.721387321028724,0.,0.692531828192034));
#10135=DIRECTION('',(-1.,0.,0.));
#10136=DIRECTION('',(-0.640184399669651,0.,-0.768221279593067));
#10137=DIRECTION('',(0.,0.,-1.));
#10138=DIRECTION('',(0.,1.,0.));
#10139=DIRECTION('',(0.,-1.,0.));
#10140=DIRECTION('',(-1.,0.,0.));
#10141=DIRECTION('',(0.,1.,0.));
#10142=DIRECTION('',(0.642778991372619,0.,-0.766051674660397));
#10143=DIRECTION('',(-0.766051674660397,0.,-0.642778991372619));
#10144=DIRECTION('',(0.,1.,0.));
#10145=DIRECTION('',(-0.766051674660397,0.,-0.642778991372619));
#10146=DIRECTION('',(0.,-1.,0.));
#10147=DIRECTION('',(0.766051674660397,0.,0.642778991372619));
#10148=DIRECTION('',(0.,0.,1.));
#10149=DIRECTION('',(0.,-1.,0.));
#10150=DIRECTION('',(0.707106781186548,-0.707106781186548,0.));
#10151=DIRECTION('',(0.,-1.,0.));
#10152=DIRECTION('',(-1.,0.,0.));
#10153=DIRECTION('',(0.,-1.,0.));
#10154=DIRECTION('',(-1.,0.,0.));
#10155=DIRECTION('',(0.,0.,-1.));
#10156=DIRECTION('',(0.,1.,0.));
#10157=DIRECTION('',(1.,0.,0.));
#10158=DIRECTION('',(0.,-1.,0.));
#10159=DIRECTION('',(0.,1.,0.));
#10160=DIRECTION('',(1.,0.,0.));
#10161=DIRECTION('',(0.,1.,0.));
#10162=DIRECTION('',(1.,0.,0.));
#10163=DIRECTION('',(0.,-1.,0.));
#10164=DIRECTION('',(0.,1.,0.));
#10165=DIRECTION('',(0.,0.,-1.));
#10166=DIRECTION('',(-0.866025403743614,0.,0.50000000007071));
#10167=DIRECTION('',(-1.,0.,0.));
#10168=DIRECTION('',(-0.866025403743614,0.,-0.50000000007071));
#10169=DIRECTION('',(-1.,0.,0.));
#10170=DIRECTION('',(0.,0.,-1.));
#10171=DIRECTION('',(-1.,0.,0.));
#10172=DIRECTION('',(0.,0.,1.));
#10173=DIRECTION('',(0.,1.,0.));
#10174=DIRECTION('',(0.,0.,-1.));
#10175=DIRECTION('',(-1.94165560730587E-14,-1.,3.4315285657674E-13));
#10176=DIRECTION('',(-2.08275237373322E-12,-3.43149987655682E-13,-1.));
#10177=DIRECTION('',(0.,0.,-1.));
#10178=DIRECTION('',(0.,1.,0.));
#10179=DIRECTION('',(0.,0.,-1.));
#10180=DIRECTION('',(0.,0.,1.));
#10181=DIRECTION('',(0.,-1.,0.));
#10182=DIRECTION('',(-0.112804482014042,0.,-0.993617204378801));
#10183=DIRECTION('',(0.,0.,1.));
#10184=DIRECTION('',(-1.,0.,0.));
#10185=DIRECTION('',(0.,-1.,0.));
#10186=DIRECTION('',(-1.,0.,0.));
#10187=DIRECTION('',(0.,1.,0.));
#10188=DIRECTION('',(0.,0.,-1.));
#10189=DIRECTION('',(1.,0.,0.));
#10190=DIRECTION('',(0.,1.,0.));
#10191=DIRECTION('',(0.,-1.,0.));
#10192=DIRECTION('',(-1.,0.,0.));
#10193=DIRECTION('',(0.,-1.,0.));
#10194=DIRECTION('',(0.,0.,1.));
#10195=DIRECTION('',(0.,0.,-1.));
#10196=DIRECTION('',(0.,0.,1.));
#10197=DIRECTION('',(9.70827803651565E-15,1.,-1.71576428288127E-13));
#10198=DIRECTION('',(0.112804482014042,-1.71574993828088E-13,-0.993617204378801));
#10199=DIRECTION('',(-9.70827803651565E-15,1.,-1.71576428288127E-13));
#10200=DIRECTION('',(2.16515173886061E-12,-1.71574993828088E-13,-1.));
#10201=DIRECTION('',(0.50000000003962,0.,0.866025403761564));
#10202=DIRECTION('',(-0.866025403761564,0.,0.50000000003962));
#10203=DIRECTION('',(-0.866025403761564,0.,0.50000000003962));
#10204=DIRECTION('',(0.,-1.,0.));
#10205=DIRECTION('',(-0.866025403761564,0.,0.50000000003962));
#10206=DIRECTION('',(-0.500000000001813,0.,-0.866025403783392));
#10207=DIRECTION('',(0.866025403783392,0.,-0.500000000001813));
#10208=DIRECTION('',(0.86602540375848,0.,-0.500000000044961));
#10209=DIRECTION('',(0.,-1.,0.));
#10210=DIRECTION('',(0.866025403784298,0.,-0.500000000000244));
#10211=DIRECTION('',(-2.39516647054921E-15,-1.,-4.23302779984871E-14));
#10212=DIRECTION('',(0.,4.23302779984871E-14,-1.));
#10213=DIRECTION('',(0.,1.,0.));
#10214=DIRECTION('',(0.,0.,-1.));
#10215=DIRECTION('',(1.,1.05996354087149E-16,0.));
#10216=DIRECTION('',(0.,1.,0.));
#10217=DIRECTION('',(1.,0.,0.));
#10218=DIRECTION('',(0.,-1.,0.));
#10219=DIRECTION('',(1.,1.05996354087182E-16,0.));
#10220=DIRECTION('',(-0.707106781186552,-0.707106781186543,0.));
#10221=DIRECTION('',(0.,1.,0.));
#10222=DIRECTION('',(-1.,0.,0.));
#10223=DIRECTION('',(0.,-1.,0.));
#10224=DIRECTION('',(0.6,-0.8,0.));
#10225=DIRECTION('',(1.,0.,0.));
#10226=DIRECTION('',(0.,-1.,0.));
#10227=DIRECTION('',(-1.,0.,0.));
#10228=DIRECTION('',(0.,0.707106781186548,-0.707106781186548));
#10229=DIRECTION('',(0.,-0.707106781186548,-0.707106781186548));
#10230=DIRECTION('',(0.,-0.707106781186548,-0.707106781186548));
#10231=DIRECTION('',(1.,0.,0.));
#10232=DIRECTION('',(0.,-0.707106781186548,-0.707106781186548));
#10233=DIRECTION('',(-0.46852128566582,0.624695047554424,0.624695047554424));
#10234=DIRECTION('',(-1.,0.,0.));
#10235=DIRECTION('',(-0.50000000003962,0.,0.866025403761564));
#10236=DIRECTION('',(-0.866025403761564,0.,-0.50000000003962));
#10237=DIRECTION('',(0.,-1.,0.));
#10238=DIRECTION('',(0.866025403761564,0.,0.50000000003962));
#10239=DIRECTION('',(0.,-1.,0.));
#10240=DIRECTION('',(-0.866025403761564,0.,-0.50000000003962));
#10241=DIRECTION('',(0.500000000001813,0.,-0.866025403783392));
#10242=DIRECTION('',(0.866025403783392,0.,0.500000000001813));
#10243=DIRECTION('',(0.,1.,0.));
#10244=DIRECTION('',(0.866025403784298,0.,0.500000000000244));
#10245=DIRECTION('',(0.,1.,0.));
#10246=DIRECTION('',(-0.866025403783392,0.,-0.500000000001813));
#10247=DIRECTION('',(0.,-1.,0.));
#10248=DIRECTION('',(0.,0.,1.));
#10249=DIRECTION('',(1.,0.,0.));
#10250=DIRECTION('',(0.,1.,0.));
#10251=DIRECTION('',(-0.499999999997409,0.,0.866025403785935));
#10252=DIRECTION('',(1.,0.,0.));
#10253=DIRECTION('',(0.,0.,1.));
#10254=DIRECTION('',(1.,0.,0.));
#10255=DIRECTION('',(0.766051674653211,0.,-0.642778991381183));
#10256=DIRECTION('',(0.891935865164655,0.,0.452161931649468));
#10257=DIRECTION('',(2.39516647054921E-15,-1.,-4.23302779984871E-14));
#10258=DIRECTION('',(0.,4.23302779984871E-14,-1.));
#10259=DIRECTION('',(0.,-1.,0.));
#10260=DIRECTION('',(0.,0.707106781186549,-0.707106781186547));
#10261=DIRECTION('',(0.,-0.707106781186547,-0.707106781186549));
#10262=DIRECTION('',(0.,0.707106781186548,0.707106781186547));
#10263=DIRECTION('',(-1.,0.,0.));
#10264=DIRECTION('',(-0.468521285667445,-0.624695047553813,-0.624695047553815));
#10265=DIRECTION('',(1.,0.,0.));
#10266=DIRECTION('',(0.,0.,-1.));
#10267=DIRECTION('',(-1.,0.,0.));
#10268=DIRECTION('',(0.,-1.,0.));
#10269=DIRECTION('',(-1.,0.,0.));
#10270=DIRECTION('',(0.,1.,0.));
#10271=DIRECTION('',(-1.,0.,0.));
#10272=DIRECTION('',(0.,0.,1.));
#10273=DIRECTION('',(0.,-1.,0.));
#10274=DIRECTION('',(0.,-1.,0.));
#10275=DIRECTION('',(1.,0.,0.));
#10276=DIRECTION('',(0.,-1.,0.));
#10277=DIRECTION('',(-1.,0.,0.));
#10278=DIRECTION('',(0.,1.,0.));
#10279=DIRECTION('',(-1.,0.,0.));
#10280=DIRECTION('',(0.,-1.,0.));
#10281=DIRECTION('',(-1.,0.,0.));
#10282=DIRECTION('',(0.,1.,0.));
#10283=DIRECTION('',(-1.,0.,0.));
#10284=DIRECTION('',(-0.707106781186549,-0.707106781186546,0.));
#10285=DIRECTION('',(0.,1.,0.));
#10286=DIRECTION('',(-1.,0.,0.));
#10287=DIRECTION('',(0.,1.,0.));
#10288=DIRECTION('',(-1.,0.,0.));
#10289=DIRECTION('',(0.,-1.,0.));
#10290=DIRECTION('',(-1.,0.,0.));
#10291=DIRECTION('',(0.,-1.,0.));
#10292=DIRECTION('',(-0.707106781186549,0.707106781186546,0.));
#10293=DIRECTION('',(-1.,0.,0.));
#10294=DIRECTION('',(0.,-1.,0.));
#10295=DIRECTION('',(-1.,0.,0.));
#10296=DIRECTION('',(0.,1.,0.));
#10297=DIRECTION('',(-1.,0.,0.));
#10298=DIRECTION('',(0.,-1.,0.));
#10299=DIRECTION('',(-1.,0.,0.));
#10300=DIRECTION('',(-1.,0.,0.));
#10301=DIRECTION('',(0.,0.,-1.));
#10302=DIRECTION('',(0.,0.,-1.));
#10303=DIRECTION('',(1.,0.,0.));
#10304=DIRECTION('',(0.,-0.599999999997812,-0.800000000001641));
#10305=DIRECTION('',(0.,-1.,0.));
#10306=DIRECTION('',(0.,0.,-1.));
#10307=DIRECTION('',(0.,-1.,0.));
#10308=DIRECTION('',(-1.,-2.65582792458496E-15,-2.65582792458496E-15));
#10309=DIRECTION('',(3.25260651745737E-15,2.62376925741561E-13,-1.));
#10310=DIRECTION('',(0.,0.,-1.));
#10311=DIRECTION('',(0.,1.,0.));
#10312=DIRECTION('',(1.,0.,0.));
#10313=DIRECTION('',(0.,0.,1.));
#10314=DIRECTION('',(-1.,0.,0.));
#10315=DIRECTION('',(0.,-2.73327367681355E-12,-1.));
#10316=DIRECTION('',(0.,0.,1.));
#10317=DIRECTION('',(0.,-1.,0.));
#10318=DIRECTION('',(0.,0.,1.));
#10319=DIRECTION('',(1.,2.65582792458496E-15,2.65582792458496E-15));
#10320=DIRECTION('',(3.25260651745736E-15,-1.,2.60750622482831E-13));
#10321=DIRECTION('',(0.,-1.,0.));
#10322=DIRECTION('',(0.,0.,1.));
#10323=DIRECTION('',(0.,-1.,0.));
#10324=DIRECTION('',(0.,-1.,0.));
#10325=DIRECTION('',(0.,0.,-1.));
#10326=DIRECTION('',(0.,1.,0.));
#10327=DIRECTION('',(-2.62376925741561E-13,0.,1.));
#10328=DIRECTION('',(0.,-1.,0.));
#10329=DIRECTION('',(-0.430803048367144,-0.892522354200582,-0.133463780741547));
#10330=DIRECTION('',(0.90244422703315,-0.425774076863027,-0.0656570831363777));
#10331=DIRECTION('',(0.,1.,0.));
#10332=DIRECTION('',(-3.18972279145295E-12,0.,1.));
#10333=DIRECTION('',(0.,-1.,0.));
#10334=DIRECTION('',(0.,-1.,0.));
#10335=DIRECTION('',(0.,0.,-1.));
#10336=DIRECTION('',(0.,-1.,0.));
#10337=DIRECTION('',(-2.65582792458497E-15,1.,2.65582792458497E-15));
#10338=DIRECTION('',(-1.,-2.16840434497157E-15,-2.58040117051616E-13));
#10339=DIRECTION('',(0.,-1.,0.));
#10340=DIRECTION('',(-3.35597056862031E-15,1.,4.57341697745526E-15));
#10341=DIRECTION('',(-0.953939201416985,-4.3368086899428E-15,0.299999999999876));
#10342=DIRECTION('',(0.43080304836714,-0.892522354200584,-0.133463780741547));
#10343=DIRECTION('',(-0.851099600684747,-0.450997837268693,0.26875717756597));
#10344=DIRECTION('',(-1.,0.,0.));
#10345=DIRECTION('',(0.,0.,-1.));
#10346=DIRECTION('',(0.,0.,-1.));
#10347=DIRECTION('',(1.,0.,0.));
#10348=DIRECTION('',(0.,-0.599999999997812,-0.800000000001641));
#10349=DIRECTION('',(0.,-1.,0.));
#10350=DIRECTION('',(0.,0.,-1.));
#10351=DIRECTION('',(0.,-1.,0.));
#10352=DIRECTION('',(-1.,0.,0.));
#10353=DIRECTION('',(0.,-1.00668171715074E-12,-1.));
#10354=DIRECTION('',(1.,0.,0.));
#10355=DIRECTION('',(0.,0.,1.));
#10356=DIRECTION('',(-1.,0.,0.));
#10357=DIRECTION('',(0.,-2.73544208115849E-12,-1.));
#10358=DIRECTION('',(0.,0.,1.));
#10359=DIRECTION('',(1.,0.,0.));
#10360=DIRECTION('',(0.,-0.988685996663997,-0.150000000001728));
#10361=DIRECTION('',(0.,-1.,0.));
#10362=DIRECTION('',(0.,0.,1.));
#10363=DIRECTION('',(0.,-1.,0.));
#10364=DIRECTION('',(1.,0.,0.));
#10365=DIRECTION('',(0.,0.,-1.));
#10366=DIRECTION('',(1.,0.,0.));
#10367=DIRECTION('',(1.,-6.50521303497805E-15,-1.95156391049341E-14));
#10368=DIRECTION('',(-1.95156391049341E-14,0.,-1.));
#10369=DIRECTION('',(1.,0.,0.));
#10370=DIRECTION('',(0.,1.,0.));
#10371=DIRECTION('',(0.,0.,1.));
#10372=DIRECTION('',(6.15663479700324E-14,1.,-5.52602429751885E-14));
#10373=DIRECTION('',(-0.820651806643797,8.23993651151559E-14,0.571428571435023));
#10374=DIRECTION('',(-6.15663479795908E-14,1.,-5.52602429818449E-14));
#10375=DIRECTION('',(0.656445800198931,8.23993651061194E-14,0.754373191067382));
#10376=DIRECTION('',(0.,-1.,0.));
#10377=DIRECTION('',(1.,0.,0.));
#10378=DIRECTION('',(0.,1.,0.));
#10379=DIRECTION('',(0.656445800198922,0.,0.75437319106739));
#10380=DIRECTION('',(0.,0.,1.));
#10381=DIRECTION('',(1.,0.,0.));
#10382=DIRECTION('',(0.,0.,-1.));
#10383=DIRECTION('',(0.,1.,0.));
#10384=DIRECTION('',(-0.820651806643797,0.,0.571428571435023));
#10385=DIRECTION('',(-1.,0.,0.));
#10386=DIRECTION('',(0.,0.,1.));
#10387=DIRECTION('',(0.,0.,-1.));
#10388=DIRECTION('',(0.,0.966837822168999,-0.255391122836146));
#10389=DIRECTION('',(0.,0.,1.));
#10390=DIRECTION('',(0.,-1.,0.));
#10391=DIRECTION('',(1.,0.,0.));
#10392=DIRECTION('',(0.,0.,-1.));
#10393=DIRECTION('',(0.,0.,1.));
#10394=DIRECTION('',(0.,1.,0.));
#10395=DIRECTION('',(0.,0.,-1.));
#10396=DIRECTION('',(0.,-0.966837822168999,0.255391122836146));
#10397=DIRECTION('',(0.,0.,-1.));
#10398=DIRECTION('',(1.,0.,0.));
#10399=DIRECTION('',(0.6,-0.8,0.));
#10400=DIRECTION('',(0.,-1.,0.));
#10401=DIRECTION('',(1.,0.,0.));
#10402=DIRECTION('',(0.,-1.,0.));
#10403=DIRECTION('',(0.,0.,1.));
#10404=DIRECTION('',(-1.,0.,0.));
#10405=DIRECTION('',(-1.,0.,0.));
#10406=DIRECTION('',(0.,1.,0.));
#10407=DIRECTION('',(-0.6,0.8,0.));
#10408=DIRECTION('',(0.,-1.,0.));
#10409=DIRECTION('',(0.,0.,1.));
#10410=DIRECTION('',(-1.,0.,0.));
#10411=DIRECTION('',(-0.6,-0.8,0.));
#10412=DIRECTION('',(0.,-1.,0.));
#10413=DIRECTION('',(-1.,0.,0.));
#10414=DIRECTION('',(0.,-1.,0.));
#10415=DIRECTION('',(1.,0.,0.));
#10416=DIRECTION('',(0.,0.,1.));
#10417=DIRECTION('',(0.,0.,1.));
#10418=DIRECTION('',(0.,-0.999657324975573,0.0261769483072696));
#10419=DIRECTION('',(0.,-0.707106781186548,0.707106781186547));
#10420=DIRECTION('',(-1.,0.,0.));
#10421=DIRECTION('',(0.,0.,-1.));
#10422=DIRECTION('',(0.,0.707106781186548,-0.707106781186547));
#10423=DIRECTION('',(0.,-0.999657324975573,0.0261769483072696));
#10424=DIRECTION('',(0.,0.,-1.));
#10425=DIRECTION('',(0.,-1.,0.));
#10426=DIRECTION('',(0.,0.,1.));
#10427=DIRECTION('',(1.,0.,0.));
#10428=DIRECTION('',(0.,0.,-1.));
#10429=DIRECTION('',(-1.,0.,0.));
#10430=DIRECTION('',(1.,0.,0.));
#10431=DIRECTION('',(-1.,0.,0.));
#10432=DIRECTION('',(1.,0.,0.));
#10433=DIRECTION('',(-1.,0.,0.));
#10434=DIRECTION('',(0.,0.,1.));
#10435=DIRECTION('',(1.,0.,0.));
#10436=DIRECTION('',(0.,0.,-1.));
#10437=DIRECTION('',(1.,0.,0.));
#10438=DIRECTION('',(1.,0.,0.));
#10439=DIRECTION('',(0.,1.,0.));
#10440=DIRECTION('',(0.6,0.8,0.));
#10441=DIRECTION('',(0.,-1.,0.));
#10442=DIRECTION('',(1.,0.,0.));
#10443=DIRECTION('',(0.,0.,1.));
#10444=DIRECTION('',(0.,0.707106781186548,-0.707106781186547));
#10445=DIRECTION('',(0.,-0.999657324975485,0.0261769483106193));
#10446=DIRECTION('',(0.,0.,-1.));
#10447=DIRECTION('',(0.,-1.,0.));
#10448=DIRECTION('',(0.,0.,1.));
#10449=DIRECTION('',(-1.,0.,0.));
#10450=DIRECTION('',(0.,0.,-1.));
#10451=DIRECTION('',(0.,0.,-1.));
#10452=DIRECTION('',(0.,1.,0.));
#10453=DIRECTION('',(0.,0.,1.));
#10454=DIRECTION('',(0.,-0.999657324975485,0.0261769483106193));
#10455=DIRECTION('',(0.,-0.707106781186548,0.707106781186547));
#10456=DIRECTION('',(0.,0.,1.));
#10457=DIRECTION('',(-1.,0.,0.));
#10458=DIRECTION('',(0.,-1.,0.));
#10459=DIRECTION('',(-1.,0.,0.));
#10460=DIRECTION('',(-1.,0.,0.));
#10461=DIRECTION('',(-0.707106781186545,-0.707106781186551,0.));
#10462=DIRECTION('',(-1.,0.,0.));
#10463=DIRECTION('',(0.,-0.0261769483029098,0.999657324975687));
#10464=DIRECTION('',(0.,0.999657324975687,0.0261769483029098));
#10465=DIRECTION('',(0.,0.999657324975731,0.0261769483012373));
#10466=DIRECTION('',(1.,0.,0.));
#10467=DIRECTION('',(0.706985596127072,0.706985596127075,0.0185130693752632));
#10468=DIRECTION('',(-1.,0.,0.));
#10469=DIRECTION('',(-1.,0.,0.));
#10470=DIRECTION('',(0.,0.,1.));
#10471=DIRECTION('',(-1.,0.,0.));
#10472=DIRECTION('',(0.,1.,0.));
#10473=DIRECTION('',(-1.,0.,0.));
#10474=DIRECTION('',(-0.707106781186545,0.707106781186551,0.));
#10475=DIRECTION('',(1.,0.,0.));
#10476=DIRECTION('',(-1.,0.,0.));
#10477=DIRECTION('',(0.,-0.0261769483029098,0.999657324975687));
#10478=DIRECTION('',(0.,0.999657324975687,0.0261769483029098));
#10479=DIRECTION('',(0.,-0.999657324975731,-0.0261769483012373));
#10480=DIRECTION('',(-1.,0.,0.));
#10481=DIRECTION('',(1.,0.,0.));
#10482=DIRECTION('',(0.706985596127072,-0.706985596127075,-0.0185130693752632));
#10483=DIRECTION('',(1.,0.,0.));
#10484=DIRECTION('',(0.,-1.,0.));
#10485=DIRECTION('',(0.,0.,1.));
#10486=DIRECTION('',(-1.,0.,0.));
#10487=DIRECTION('',(-1.,0.,0.));
#10488=DIRECTION('',(0.,0.,-1.));
#10489=DIRECTION('',(0.,-1.,0.));
#10490=DIRECTION('',(0.,0.,1.));
#10491=DIRECTION('',(-1.,0.,0.));
#10492=DIRECTION('',(0.,0.,1.));
#10493=DIRECTION('',(1.,0.,0.));
#10494=DIRECTION('',(0.,0.928476690885899,0.371390676352505));
#10495=DIRECTION('',(0.,0.371390676352505,-0.928476690885899));
#10496=DIRECTION('',(0.,0.371390676352505,-0.928476690885899));
#10497=DIRECTION('',(0.,0.928476690885899,0.371390676352505));
#10498=DIRECTION('',(0.,0.371390676352505,-0.928476690885899));
#10499=DIRECTION('',(0.,-0.371390676352505,0.928476690885899));
#10500=DIRECTION('',(0.,0.707106781186549,0.707106781186546));
#10501=DIRECTION('',(0.,0.707106781186546,-0.707106781186549));
#10502=DIRECTION('',(0.,-0.707106781186546,0.707106781186549));
#10503=DIRECTION('',(-0.577350269189623,0.577350269189626,-0.577350269189628));
#10504=DIRECTION('',(0.,0.707106781186549,0.707106781186546));
#10505=DIRECTION('',(0.,0.707106781186546,-0.707106781186549));
#10506=DIRECTION('',(-0.577350269189623,-0.577350269189626,0.577350269189628));
#10507=DIRECTION('',(0.,0.707106781186546,-0.707106781186549));
#10508=DIRECTION('',(0.,-0.725374370997523,0.688354575709313));
#10509=DIRECTION('',(0.,0.688354575709313,0.725374370997523));
#10510=DIRECTION('',(0.567006724569581,-0.567006724569586,-0.597500417226419));
#10511=DIRECTION('',(0.,0.688354575709313,0.725374370997523));
#10512=DIRECTION('',(-0.707106781186546,0.707106781186549,0.));
#10513=DIRECTION('',(-0.707106781186549,-0.707106781186546,0.));
#10514=DIRECTION('',(0.,0.,1.));
#10515=DIRECTION('',(-0.707106781186549,-0.707106781186546,0.));
#10516=DIRECTION('',(0.707106781186546,0.707106781186549,0.));
#10517=DIRECTION('',(-0.707106781186549,0.707106781186546,0.));
#10518=DIRECTION('',(0.,0.,-1.));
#10519=DIRECTION('',(-0.707106781186549,0.707106781186546,0.));
#10520=DIRECTION('',(0.,-0.725374370997523,0.688354575709313));
#10521=DIRECTION('',(0.,0.688354575709313,0.725374370997523));
#10522=DIRECTION('',(0.,-0.688354575709313,-0.725374370997523));
#10523=DIRECTION('',(0.567006724569581,0.567006724569586,0.597500417226419));
#10524=DIRECTION('',(-0.70710678118655,0.707106781186545,0.));
#10525=DIRECTION('',(-0.707106781186545,-0.70710678118655,0.));
#10526=DIRECTION('',(0.,0.,-1.));
#10527=DIRECTION('',(0.,0.,-1.));
#10528=DIRECTION('',(-0.70710678118655,0.707106781186545,0.));
#10529=DIRECTION('',(-0.707106781186545,-0.70710678118655,0.));
#10530=DIRECTION('',(0.,0.,-1.));
#10531=DIRECTION('',(0.,0.,-1.));
#10532=DIRECTION('',(0.70710678118655,0.707106781186545,0.));
#10533=DIRECTION('',(-0.707106781186545,0.70710678118655,0.));
#10534=DIRECTION('',(0.,0.,1.));
#10535=DIRECTION('',(0.,0.,1.));
#10536=DIRECTION('',(0.70710678118655,0.707106781186545,0.));
#10537=DIRECTION('',(-0.707106781186545,0.70710678118655,0.));
#10538=DIRECTION('',(0.,0.,1.));
#10539=DIRECTION('',(0.,0.,1.));
#10540=DIRECTION('',(0.,-0.707106781186547,-0.707106781186548));
#10541=DIRECTION('',(0.,-0.707106781186548,0.707106781186547));
#10542=DIRECTION('',(-1.,0.,0.));
#10543=DIRECTION('',(0.,-0.707106781186547,-0.707106781186548));
#10544=DIRECTION('',(0.,-0.707106781186548,0.707106781186547));
#10545=DIRECTION('',(-1.,0.,0.));
#10546=DIRECTION('',(-1.,2.85622545798194E-14,-2.78241165478286E-14));
#10547=DIRECTION('',(-2.85622545798194E-14,-1.,0.));
#10548=DIRECTION('',(-1.,-1.38867442326426E-14,1.35278673089041E-14));
#10549=DIRECTION('',(-1.62630325872292E-14,1.,-3.63207727781452E-12));
#10550=DIRECTION('',(-1.,5.71245091596387E-15,-5.56482330956572E-15));
#10551=DIRECTION('',(-5.71245091596387E-15,-1.,0.));
#10552=DIRECTION('',(1.,-1.38867442326426E-14,1.35278673089041E-14));
#10553=DIRECTION('',(1.62630325872293E-14,0.026176948315696,-0.999657324975352));
#10554=DIRECTION('',(0.,1.,0.));
#10555=DIRECTION('',(0.,0.,-1.));
#10556=DIRECTION('',(0.,0.,1.));
#10557=DIRECTION('',(0.,0.,-1.));
#10558=DIRECTION('',(1.,0.,0.));
#10559=DIRECTION('',(-1.,0.,0.));
#10560=DIRECTION('',(0.,0.,-1.));
#10561=DIRECTION('',(0.,1.,0.));
#10562=DIRECTION('',(-1.,-1.40643975372688E-14,1.87745377619916E-14));
#10563=DIRECTION('',(1.95156391044446E-14,-0.88156534508633,0.472062011120171));
#10564=DIRECTION('',(0.,0.,1.));
#10565=DIRECTION('',(0.,-1.,0.));
#10566=DIRECTION('',(0.,0.,1.));
#10567=DIRECTION('',(0.,0.,1.));
#10568=DIRECTION('',(-1.,0.,0.));
#10569=DIRECTION('',(0.,0.,-1.));
#10570=DIRECTION('',(1.,0.,0.));
#10571=DIRECTION('',(0.,0.,-1.));
#10572=DIRECTION('',(1.,0.,0.));
#10573=DIRECTION('',(1.,0.,0.));
#10574=DIRECTION('',(0.,-1.,0.));
#10575=DIRECTION('',(1.,0.,0.));
#10576=DIRECTION('',(0.,1.,0.));
#10577=DIRECTION('',(0.,0.,-1.));
#10578=DIRECTION('',(1.,0.,0.));
#10579=DIRECTION('',(-1.,0.,0.));
#10580=DIRECTION('',(4.14973113216395E-16,4.14973113216395E-16,-1.));
#10581=DIRECTION('',(-2.68340037690234E-13,1.,3.38813178901811E-16));
#10582=DIRECTION('',(-1.,0.,0.));
#10583=DIRECTION('',(4.14973113216401E-16,-4.14973113216401E-16,-1.));
#10584=DIRECTION('',(-1.,-2.58853268680981E-13,-3.38813178901808E-16));
#10585=DIRECTION('',(0.,0.,-1.));
#10586=DIRECTION('',(1.,0.,0.));
#10587=DIRECTION('',(1.,0.,0.));
#10588=DIRECTION('',(0.,-1.,0.));
#10589=DIRECTION('',(1.,0.,0.));
#10590=DIRECTION('',(0.,-1.,0.));
#10591=DIRECTION('',(0.,0.,-1.));
#10592=DIRECTION('',(-2.65582792458493E-15,1.,2.65582792458494E-15));
#10593=DIRECTION('',(-1.,-2.16840434497159E-15,-2.67797936603991E-13));
#10594=DIRECTION('',(0.,-1.,0.));
#10595=DIRECTION('',(-2.65582792458493E-15,1.,2.65582792458494E-15));
#10596=DIRECTION('',(-1.,-2.16840434497159E-15,-2.66171633345262E-13));
#10597=DIRECTION('',(1.,0.,0.));
#10598=DIRECTION('',(0.,0.,1.));
#10599=DIRECTION('',(0.,-1.,0.));
#10600=DIRECTION('',(0.,0.,1.));
#10601=DIRECTION('',(0.,0.,1.));
#10602=DIRECTION('',(-1.,0.,0.));
#10603=DIRECTION('',(0.,0.,-1.));
#10604=DIRECTION('',(0.,-1.,0.));
#10605=DIRECTION('',(0.,0.,-1.));
#10606=DIRECTION('',(0.,-1.,0.));
#10607=DIRECTION('',(0.,0.,-1.));
#10608=DIRECTION('',(0.,-1.,0.));
#10609=DIRECTION('',(0.,0.,-1.));
#10610=DIRECTION('',(2.65582792458496E-15,1.,2.65582792458496E-15));
#10611=DIRECTION('',(-2.64545330086533E-13,-2.16840434497158E-15,1.));
#10612=DIRECTION('',(0.,1.,0.));
#10613=DIRECTION('',(-2.68882138776477E-13,0.,1.));
#10614=DIRECTION('',(-1.,0.,0.));
#10615=DIRECTION('',(0.,0.,-1.));
#10616=DIRECTION('',(0.,0.102089930548539,-0.994775173635025));
#10617=DIRECTION('',(0.,0.132163720091018,0.991227900682635));
#10618=DIRECTION('',(0.,1.,0.));
#10619=DIRECTION('',(0.,0.,-1.));
#10620=DIRECTION('',(0.,-0.500000000000243,-0.866025403784298));
#10621=DIRECTION('',(0.,-1.,0.));
#10622=DIRECTION('',(-1.,-5.67547921981793E-15,-1.8570149964065E-16));
#10623=DIRECTION('',(5.42101086242513E-15,-9.87572653862298E-12,-1.));
#10624=DIRECTION('',(0.,0.,-1.));
#10625=DIRECTION('',(-1.,-5.67547922115924E-15,1.85701501072903E-16));
#10626=DIRECTION('',(5.42101086244217E-15,-0.0653699520739727,-0.997861097230394));
#10627=DIRECTION('',(0.,1.,0.));
#10628=DIRECTION('',(0.,0.500000000000243,-0.866025403784298));
#10629=DIRECTION('',(0.,0.,-1.));
#10630=DIRECTION('',(0.,-1.,0.));
#10631=DIRECTION('',(0.,-0.132163720091018,0.991227900682635));
#10632=DIRECTION('',(0.,-0.102089930548539,-0.994775173635025));
#10633=DIRECTION('',(0.,0.,1.));
#10634=DIRECTION('',(0.,-1.,0.));
#10635=DIRECTION('',(0.,0.,-1.));
#10636=DIRECTION('',(0.,1.,0.));
#10637=DIRECTION('',(1.,0.,2.75387351811394E-13));
#10638=DIRECTION('',(0.,-1.,0.));
#10639=DIRECTION('',(0.,1.,0.));
#10640=DIRECTION('',(1.,0.,2.7105054312145E-13));
#10641=DIRECTION('',(-1.,0.,0.));
#10642=DIRECTION('',(0.,0.,-1.));
#10643=DIRECTION('',(0.,0.,-1.));
#10644=DIRECTION('',(0.,-1.,0.));
#10645=DIRECTION('',(0.,0.,-1.));
#10646=DIRECTION('',(0.,-1.,0.));
#10647=DIRECTION('',(0.,0.,-1.));
#10648=DIRECTION('',(2.65582792458498E-15,1.,2.65582792458498E-15));
#10649=DIRECTION('',(-2.60208521396588E-13,-2.16840434497157E-15,1.));
#10650=DIRECTION('',(0.,-1.,0.));
#10651=DIRECTION('',(0.,1.,0.));
#10652=DIRECTION('',(-2.60208521396588E-13,0.,1.));
#10653=DIRECTION('',(0.,0.,-1.));
#10654=DIRECTION('',(1.,0.,0.));
#10655=DIRECTION('',(1.,0.,0.));
#10656=DIRECTION('',(0.,-1.,0.));
#10657=DIRECTION('',(1.,0.,0.));
#10658=DIRECTION('',(-1.,0.,0.));
#10659=DIRECTION('',(0.,0.,-1.));
#10660=DIRECTION('',(0.,0.,-1.));
#10661=DIRECTION('',(-1.,5.3116558491699E-15,-5.3116558491699E-15));
#10662=DIRECTION('',(-6.50521303491473E-15,-1.,-2.62376925741561E-13));
#10663=DIRECTION('',(0.,-1.,0.));
#10664=DIRECTION('',(0.,0.,1.));
#10665=DIRECTION('',(0.,-1.,0.));
#10666=DIRECTION('',(1.,0.,0.));
#10667=DIRECTION('',(0.,2.68882138776478E-13,1.));
#10668=DIRECTION('',(0.,0.,-1.));
#10669=DIRECTION('',(0.,0.,1.));
#10670=DIRECTION('',(-1.,0.,0.));
#10671=DIRECTION('',(-0.707106781186547,0.707106781186548,0.));
#10672=DIRECTION('',(0.,1.,0.));
#10673=DIRECTION('',(1.,0.,0.));
#10674=DIRECTION('',(0.,1.,0.));
#10675=DIRECTION('',(1.,0.,0.));
#10676=DIRECTION('',(0.,-1.,0.));
#10677=DIRECTION('',(0.707106781186548,-0.707106781186548,0.));
#10678=DIRECTION('',(1.,0.,0.));
#10679=DIRECTION('',(0.832050294337844,0.554700196225229,0.));
#10680=DIRECTION('',(1.,0.,0.));
#10681=DIRECTION('',(0.,0.,1.));
#10682=DIRECTION('',(0.70710678118927,0.707106781183825,0.));
#10683=DIRECTION('',(1.,0.,0.));
#10684=DIRECTION('',(0.,0.,1.));
#10685=DIRECTION('',(0.,-1.,0.));
#10686=DIRECTION('',(0.,0.,1.));
#10687=DIRECTION('',(1.,0.,0.));
#10688=DIRECTION('',(0.,-0.20523953341617,0.978711772649697));
#10689=DIRECTION('',(0.,0.,1.));
#10690=DIRECTION('',(-1.,0.,0.));
#10691=DIRECTION('',(0.,-1.,0.));
#10692=DIRECTION('',(1.,0.,0.));
#10693=DIRECTION('',(0.,1.,0.));
#10694=DIRECTION('',(-0.707106781186547,-0.707106781186548,0.));
#10695=DIRECTION('',(0.,0.,1.));
#10696=DIRECTION('',(0.911870021270102,0.410479066833942,0.));
#10697=DIRECTION('',(1.,0.,0.));
#10698=DIRECTION('',(0.,-1.,0.));
#10699=DIRECTION('',(0.832050294337844,-0.554700196225229,0.));
#10700=DIRECTION('',(0.707106781186548,0.707106781186548,0.));
#10701=DIRECTION('',(1.,0.,0.));
#10702=DIRECTION('',(0.,0.,1.));
#10703=DIRECTION('',(0.,0.,1.));
#10704=DIRECTION('',(-1.,0.,0.));
#10705=DIRECTION('',(0.,-0.998717621146979,0.0506271983277704));
#10706=DIRECTION('',(0.,-1.,0.));
#10707=DIRECTION('',(0.,0.,1.));
#10708=DIRECTION('',(1.,-5.31165584916993E-15,5.31165584916993E-15));
#10709=DIRECTION('',(-6.5052130349147E-15,2.58040117051616E-13,1.));
#10710=DIRECTION('',(0.,0.,1.));
#10711=DIRECTION('',(0.,-1.,0.));
#10712=DIRECTION('',(0.,0.,-1.));
#10713=DIRECTION('',(1.,0.,0.));
#10714=DIRECTION('',(1.,0.,0.));
#10715=DIRECTION('',(0.,-1.,0.));
#10716=DIRECTION('',(1.,0.,0.));
#10717=DIRECTION('',(0.,-1.,0.));
#10718=DIRECTION('',(0.,0.,-1.));
#10719=DIRECTION('',(-2.65582792458499E-15,1.,2.655827924585E-15));
#10720=DIRECTION('',(-1.,-2.16840434497156E-15,-2.51534904016701E-13));
#10721=DIRECTION('',(0.,-1.,0.));
#10722=DIRECTION('',(-2.65582792458498E-15,1.,2.65582792458498E-15));
#10723=DIRECTION('',(-1.,-2.16840434497157E-15,-2.55871712706645E-13));
#10724=DIRECTION('',(1.,0.,0.));
#10725=DIRECTION('',(0.,0.,1.));
#10726=DIRECTION('',(0.,0.,1.));
#10727=DIRECTION('',(0.,-1.,0.));
#10728=DIRECTION('',(0.,0.,1.));
#10729=DIRECTION('',(0.,-1.,0.));
#10730=DIRECTION('',(0.,0.,-1.));
#10731=DIRECTION('',(2.65582792458488E-15,1.,2.65582792458488E-15));
#10732=DIRECTION('',(2.8189256484631E-13,2.16840434497162E-15,-1.));
#10733=DIRECTION('',(2.65582792458492E-15,1.,2.65582792458493E-15));
#10734=DIRECTION('',(2.73218947466421E-13,2.16840434497159E-15,-1.));
#10735=DIRECTION('',(1.,0.,0.));
#10736=DIRECTION('',(0.,0.,1.));
#10737=DIRECTION('',(0.,-0.102089930548539,0.994775173635025));
#10738=DIRECTION('',(0.,0.,-1.));
#10739=DIRECTION('',(0.,0.102089930548539,0.994775173635025));
#10740=DIRECTION('',(0.,0.132163720091018,-0.991227900682635));
#10741=DIRECTION('',(0.,-1.,0.));
#10742=DIRECTION('',(0.,0.,-1.));
#10743=DIRECTION('',(0.,0.500000000000243,-0.866025403784298));
#10744=DIRECTION('',(0.,1.,0.));
#10745=DIRECTION('',(1.,0.,0.));
#10746=DIRECTION('',(0.,-1.23680362826614E-11,1.));
#10747=DIRECTION('',(0.,0.,-1.));
#10748=DIRECTION('',(0.,-1.,0.));
#10749=DIRECTION('',(0.,-0.500000000000243,-0.866025403784298));
#10750=DIRECTION('',(0.,0.,-1.));
#10751=DIRECTION('',(0.,1.,0.));
#10752=DIRECTION('',(0.,-0.132163720091018,-0.991227900682635));
#10753=DIRECTION('',(0.,-1.,0.));
#10754=DIRECTION('',(0.,0.,-1.));
#10755=DIRECTION('',(-2.65582792458495E-15,1.,2.65582792458496E-15));
#10756=DIRECTION('',(-1.,-2.16840434497158E-15,-2.62376925741561E-13));
#10757=DIRECTION('',(0.,-1.,0.));
#10758=DIRECTION('',(-2.65582792458495E-15,1.,2.65582792458496E-15));
#10759=DIRECTION('',(-1.,-2.16840434497158E-15,-2.62376925741561E-13));
#10760=DIRECTION('',(1.,0.,0.));
#10761=DIRECTION('',(0.,0.,1.));
#10762=DIRECTION('',(0.,-1.,0.));
#10763=DIRECTION('',(0.,0.,1.));
#10764=DIRECTION('',(0.,0.,1.));
#10765=DIRECTION('',(-1.,0.,0.));
#10766=DIRECTION('',(0.,0.,-1.));
#10767=DIRECTION('',(0.,-1.,0.));
#10768=DIRECTION('',(0.,0.,-1.));
#10769=DIRECTION('',(0.,-1.,0.));
#10770=DIRECTION('',(0.,0.,-1.));
#10771=DIRECTION('',(0.,-1.,0.));
#10772=DIRECTION('',(0.,0.,-1.));
#10773=DIRECTION('',(2.65582792458496E-15,1.,2.65582792458496E-15));
#10774=DIRECTION('',(-2.6237692574156E-13,-2.16840434497158E-15,1.));
#10775=DIRECTION('',(0.,-1.,0.));
#10776=DIRECTION('',(0.,1.,0.));
#10777=DIRECTION('',(-2.64545330086533E-13,0.,1.));
#10778=DIRECTION('',(0.,0.,-1.));
#10779=DIRECTION('',(1.,0.,0.));
#10780=DIRECTION('',(1.,0.,0.));
#10781=DIRECTION('',(1.,0.,0.));
#10782=DIRECTION('',(0.,0.,-1.));
#10783=DIRECTION('',(1.,0.,0.));
#10784=DIRECTION('',(-1.,0.,0.));
#10785=DIRECTION('',(4.14973113216397E-16,4.14973113216397E-16,-1.));
#10786=DIRECTION('',(-2.62919026827804E-13,1.,3.3881317890181E-16));
#10787=DIRECTION('',(-1.,0.,0.));
#10788=DIRECTION('',(4.14973113216398E-16,-4.14973113216398E-16,-1.));
#10789=DIRECTION('',(-1.,-2.64274279543412E-13,-3.3881317890181E-16));
#10790=DIRECTION('',(0.,1.,0.));
#10791=DIRECTION('',(0.,0.,-1.));
#10792=DIRECTION('',(0.,0.,-1.));
#10793=DIRECTION('',(-1.,0.,0.));
#10794=DIRECTION('',(0.,0.,-1.));
#10795=DIRECTION('',(-1.,0.,0.));
#10796=DIRECTION('',(0.,0.,1.));
#10797=DIRECTION('',(1.,0.,0.));
#10798=DIRECTION('',(0.,0.,-1.));
#10799=DIRECTION('',(-1.,0.,0.));
#10800=DIRECTION('',(1.,0.,0.));
#10801=DIRECTION('',(-2.65582792458495E-15,1.,2.65582792458495E-15));
#10802=DIRECTION('',(-1.,-2.16840434497158E-15,-2.64545330086533E-13));
#10803=DIRECTION('',(2.65582792458495E-15,1.,2.65582792458496E-15));
#10804=DIRECTION('',(-2.64545330086533E-13,-2.16840434497158E-15,1.));
#10805=DIRECTION('',(1.,0.,0.));
#10806=DIRECTION('',(-1.,0.,0.));
#10807=DIRECTION('',(0.,0.,1.));
#10808=DIRECTION('',(1.,0.,0.));
#10809=DIRECTION('',(0.,0.,-1.));
#10810=DIRECTION('',(-1.,0.,0.));
#10811=DIRECTION('',(0.,0.,1.));
#10812=DIRECTION('',(-1.,0.,0.));
#10813=DIRECTION('',(0.,0.,1.));
#10814=DIRECTION('',(-1.,0.,0.));
#10815=DIRECTION('',(-1.,0.,0.));
#10816=DIRECTION('',(0.,0.,-1.));
#10817=DIRECTION('',(0.,1.,0.));
#10818=DIRECTION('',(-0.499999999997418,0.,0.86602540378593));
#10819=DIRECTION('',(4.17002949932476E-15,1.,1.55627619606062E-14));
#10820=DIRECTION('',(8.73866951017294E-13,-1.51788304146925E-14,1.));
#10821=DIRECTION('',(0.,0.,1.));
#10822=DIRECTION('',(-1.,0.,0.));
#10823=DIRECTION('',(0.,0.,1.));
#10824=DIRECTION('',(0.,0.,1.));
#10825=DIRECTION('',(0.,-1.,0.));
#10826=DIRECTION('',(-1.,0.,0.));
#10827=DIRECTION('',(0.,0.,1.));
#10828=DIRECTION('',(0.911870021270102,0.410479066833942,0.));
#10829=DIRECTION('',(-0.707106781186547,-0.707106781186548,0.));
#10830=DIRECTION('',(0.,1.,0.));
#10831=DIRECTION('',(0.707106781186548,0.707106781186548,0.));
#10832=DIRECTION('',(0.832050294337844,-0.554700196225229,0.));
#10833=DIRECTION('',(0.,0.,1.));
#10834=DIRECTION('',(0.,-1.,0.));
#10835=DIRECTION('',(-1.,0.,0.));
#10836=DIRECTION('',(0.,-1.,0.));
#10837=DIRECTION('',(-1.,0.,0.));
#10838=DIRECTION('',(0.832050294337844,0.554700196225229,0.));
#10839=DIRECTION('',(0.,-1.,0.));
#10840=DIRECTION('',(0.,0.,1.));
#10841=DIRECTION('',(0.,0.,-1.));
#10842=DIRECTION('',(0.,0.,1.));
#10843=DIRECTION('',(0.,0.,1.));
#10844=DIRECTION('',(0.640184399669905,0.,0.768221279592855));
#10845=DIRECTION('',(0.,0.,-1.));
#10846=DIRECTION('',(7.4407873635906E-16,1.79636497678634E-15,1.));
#10847=DIRECTION('',(0.,-1.,1.79636497678634E-15));
#10848=DIRECTION('',(0.,0.,1.));
#10849=DIRECTION('',(-0.707106781186548,0.707106781186547,0.));
#10850=DIRECTION('',(-0.707106781186547,-0.707106781186548,0.));
#10851=DIRECTION('',(0.,0.,1.));
#10852=DIRECTION('',(0.707106781186548,-0.707106781186547,0.));
#10853=DIRECTION('',(0.707106781186547,0.707106781186548,0.));
#10854=DIRECTION('',(-0.707106781186548,-0.707106781186547,0.));
#10855=DIRECTION('',(0.707106781186547,-0.707106781186548,0.));
#10856=DIRECTION('',(0.,0.,1.));
#10857=DIRECTION('',(-0.554700196225229,-0.832050294337844,0.));
#10858=DIRECTION('',(0.832050294337844,-0.554700196225229,0.));
#10859=DIRECTION('',(7.4407873635906E-16,-1.79636497678634E-15,1.));
#10860=DIRECTION('',(0.,-1.,-1.79636497678634E-15));
#10861=DIRECTION('',(0.,0.,1.));
#10862=DIRECTION('',(0.707106781185839,0.707106781187256,0.));
#10863=DIRECTION('',(0.,0.,1.));
#10864=DIRECTION('',(0.707106781186548,0.707106781186547,0.));
#10865=DIRECTION('',(-0.707106781186547,0.707106781186548,0.));
#10866=DIRECTION('',(0.,0.,-1.));
#10867=DIRECTION('',(-0.707106781186547,0.707106781186548,0.));
#10868=DIRECTION('',(0.554700196225229,-0.832050294337844,0.));
#10869=DIRECTION('',(0.832050294337844,0.554700196225229,0.));
#10870=DIRECTION('',(0.,0.,-1.));
#10871=DIRECTION('',(1.,0.,0.));
#10872=DIRECTION('',(8.29946226432795E-16,8.29946226432795E-16,1.));
#10873=DIRECTION('',(1.,-2.64274279543412E-13,-6.7762635780362E-16));
#10874=DIRECTION('',(1.,0.,0.));
#10875=DIRECTION('',(8.29946226432794E-16,-8.29946226432794E-16,1.));
#10876=DIRECTION('',(2.62919026827804E-13,1.,6.77626357803619E-16));
#10877=DIRECTION('',(0.,1.,0.));
#10878=DIRECTION('',(0.,0.,-1.));
#10879=DIRECTION('',(0.,0.,-1.));
#10880=DIRECTION('',(0.,0.,1.));
#10881=DIRECTION('',(0.,0.,-1.));
#10882=DIRECTION('',(1.,0.,0.));
#10883=DIRECTION('',(8.29946226432801E-16,8.29946226432801E-16,1.));
#10884=DIRECTION('',(1.,-2.58853268680981E-13,-6.77626357803617E-16));
#10885=DIRECTION('',(1.,0.,0.));
#10886=DIRECTION('',(-8.29946226432791E-16,8.29946226432791E-16,1.));
#10887=DIRECTION('',(2.68340037690234E-13,1.,-6.77626357803622E-16));
#10888=DIRECTION('',(0.,1.,0.));
#10889=DIRECTION('',(0.,0.,-1.));
#10890=DIRECTION('',(0.,0.,-1.));
#10891=DIRECTION('',(0.,0.,1.));
#10892=DIRECTION('',(0.,0.,-1.));
#10893=DIRECTION('',(1.,0.,0.));
#10894=DIRECTION('',(-1.,0.,0.));
#10895=DIRECTION('',(-1.,0.,0.));
#10896=DIRECTION('',(0.,-1.,0.));
#10897=DIRECTION('',(0.,0.,1.));
#10898=DIRECTION('',(-1.,0.,0.));
#10899=DIRECTION('',(0.,0.866025403784298,0.500000000000243));
#10900=DIRECTION('',(0.,0.500000000000243,-0.866025403784298));
#10901=DIRECTION('',(0.,-0.50000000000016,0.866025403784346));
#10902=DIRECTION('',(-1.,0.,0.));
#10903=DIRECTION('',(0.,0.,1.));
#10904=DIRECTION('',(0.,1.,0.));
#10905=DIRECTION('',(0.,-1.,0.));
#10906=DIRECTION('',(-1.,-5.96763907676405E-15,-5.40902384210106E-15));
#10907=DIRECTION('',(5.96763907676405E-15,-1.,0.));
#10908=DIRECTION('',(-1.,-5.67547922115924E-15,1.85701501072903E-16));
#10909=DIRECTION('',(5.42101086244217E-15,-0.0653699520739727,-0.997861097230394));
#10910=DIRECTION('',(-1.,0.,0.));
#10911=DIRECTION('',(0.,0.,1.));
#10912=DIRECTION('',(-1.,0.,0.));
#10913=DIRECTION('',(0.,-9.87572653862298E-12,-1.));
#10914=DIRECTION('',(0.,0.,-1.));
#10915=DIRECTION('',(0.,-1.,0.));
#10916=DIRECTION('',(0.,1.,0.));
#10917=DIRECTION('',(-1.,0.,0.));
#10918=DIRECTION('',(0.,0.866025403784298,-0.500000000000243));
#10919=DIRECTION('',(0.,-0.500000000000243,-0.866025403784298));
#10920=DIRECTION('',(0.,0.500000000000161,0.866025403784346));
#10921=DIRECTION('',(-1.,0.,0.));
#10922=DIRECTION('',(0.,-1.,0.));
#10923=DIRECTION('',(0.,0.,1.));
#10924=DIRECTION('',(-1.,0.,0.));
#10925=DIRECTION('',(0.,0.,1.));
#10926=DIRECTION('',(-1.,0.,0.));
#10927=DIRECTION('',(-1.,0.,0.));
#10928=DIRECTION('',(0.,0.,1.));
#10929=DIRECTION('',(-1.,0.,0.));
#10930=DIRECTION('',(1.,0.,0.));
#10931=DIRECTION('',(1.,0.,0.));
#10932=DIRECTION('',(0.,-1.,0.));
#10933=DIRECTION('',(0.,0.,1.));
#10934=DIRECTION('',(1.,0.,0.));
#10935=DIRECTION('',(0.,0.866025403784298,-0.500000000000243));
#10936=DIRECTION('',(0.,-0.500000000000243,-0.866025403784298));
#10937=DIRECTION('',(1.,0.,0.));
#10938=DIRECTION('',(0.,0.500000000000161,0.866025403784346));
#10939=DIRECTION('',(0.,0.,-1.));
#10940=DIRECTION('',(0.,-1.,0.));
#10941=DIRECTION('',(0.,1.,0.));
#10942=DIRECTION('',(-1.,0.,0.));
#10943=DIRECTION('',(0.,0.,1.));
#10944=DIRECTION('',(-1.,-5.96763907684626E-15,-5.40902384217557E-15));
#10945=DIRECTION('',(5.96763907684626E-15,-1.,0.));
#10946=DIRECTION('',(1.,0.,0.));
#10947=DIRECTION('',(0.,-1.23680362826614E-11,1.));
#10948=DIRECTION('',(0.,0.,1.));
#10949=DIRECTION('',(0.,1.,0.));
#10950=DIRECTION('',(1.,0.,0.));
#10951=DIRECTION('',(0.,-1.,0.));
#10952=DIRECTION('',(0.,0.866025403784298,0.500000000000243));
#10953=DIRECTION('',(0.,0.500000000000243,-0.866025403784298));
#10954=DIRECTION('',(0.,-0.50000000000016,0.866025403784346));
#10955=DIRECTION('',(1.,0.,0.));
#10956=DIRECTION('',(0.,-1.,0.));
#10957=DIRECTION('',(0.,0.,1.));
#10958=DIRECTION('',(1.,0.,0.));
#10959=DIRECTION('',(0.,0.,-1.));
#10960=DIRECTION('',(1.,0.,0.));
#10961=DIRECTION('',(1.,0.,0.));
#10962=DIRECTION('',(-7.58941520739854E-15,7.58941520739853E-15,-1.));
#10963=DIRECTION('',(-1.,0.,7.58941520739854E-15));
#10964=DIRECTION('',(1.60722804403678E-15,-2.07492248270002E-15,1.));
#10965=DIRECTION('',(5.89805981833078E-13,-1.,-2.16840434497455E-15));
#10966=DIRECTION('',(0.,0.,-1.));
#10967=DIRECTION('',(0.96824583655217,-0.249999999998776,0.));
#10968=DIRECTION('',(0.,0.,-1.));
#10969=DIRECTION('',(0.,0.,1.));
#10970=DIRECTION('',(1.,0.,0.));
#10971=DIRECTION('',(3.21445608807354E-15,4.14984496540001E-15,1.));
#10972=DIRECTION('',(-0.968245836552171,-0.249999999998772,4.33680868994912E-15));
#10973=DIRECTION('',(0.,0.,1.));
#10974=DIRECTION('',(-3.21445608807354E-15,-4.14984496540001E-15,-1.));
#10975=DIRECTION('',(-5.87637577488107E-13,-1.,4.33680868994913E-15));
#10976=DIRECTION('',(-2.02314879670467E-15,1.,7.55049410060533E-15));
#10977=DIRECTION('',(0.,-7.55049410060533E-15,1.));
#10978=DIRECTION('',(2.02314879670467E-15,1.,7.55049410060533E-15));
#10979=DIRECTION('',(0.,-7.55049410060533E-15,1.));
#10980=DIRECTION('',(1.04250737483119E-15,1.,3.89069049015156E-15));
#10981=DIRECTION('',(8.73866951017294E-13,-3.79470760367311E-15,1.));
#10982=DIRECTION('',(1.,0.,0.));
#10983=DIRECTION('',(0.,0.,-1.));
#10984=DIRECTION('',(-1.,0.,0.));
#10985=DIRECTION('',(1.,1.2450209568485E-13,-3.33602359945981E-14));
#10986=DIRECTION('',(1.23599047662496E-13,-0.866025403785922,0.49999999999743));
#10987=DIRECTION('',(1.,-8.67361737988406E-15,8.67361737988405E-15));
#10988=DIRECTION('',(8.67361737988406E-15,1.,0.));
#10989=DIRECTION('',(-1.,1.41708483361044E-13,-3.55529462856862E-14));
#10990=DIRECTION('',(-1.40946282422735E-13,-1.,-1.00613961606383E-12));
#10991=DIRECTION('',(-1.,0.,0.));
#10992=DIRECTION('',(-1.,5.42101086242752E-15,5.42101086242752E-15));
#10993=DIRECTION('',(5.42101086242752E-15,0.,1.));
#10994=DIRECTION('',(-1.,0.,0.));
#10995=DIRECTION('',(0.,0.,1.));
#10996=DIRECTION('',(0.,1.,0.));
#10997=DIRECTION('',(0.,0.,1.));
#10998=DIRECTION('',(-2.65582792458496E-15,-1.,-2.65582792458496E-15));
#10999=DIRECTION('',(1.,-2.16840434497158E-15,-2.62376925741561E-13));
#11000=DIRECTION('',(0.,1.,0.));
#11001=DIRECTION('',(0.,0.,1.));
#11002=DIRECTION('',(2.65582792458494E-15,-1.,-2.65582792458494E-15));
#11003=DIRECTION('',(2.66713734431505E-13,-2.16840434497159E-15,1.));
#11004=DIRECTION('',(0.,0.,1.));
#11005=DIRECTION('',(0.,-1.,0.));
#11006=DIRECTION('',(1.,0.,0.));
#11007=DIRECTION('',(0.,0.,1.));
#11008=DIRECTION('',(0.,-1.,0.));
#11009=DIRECTION('',(1.,0.,0.));
#11010=DIRECTION('',(3.01167270132923E-15,-3.61400724161833E-15,-1.));
#11011=DIRECTION('',(0.,1.,-3.61400724161833E-15));
#11012=DIRECTION('',(0.,0.,-1.));
#11013=DIRECTION('',(-0.180327868853172,-0.983606557376919,0.));
#11014=DIRECTION('',(0.983606557376919,-0.180327868853172,0.));
#11015=DIRECTION('',(0.,0.,-1.));
#11016=DIRECTION('',(-0.180327868852783,-0.98360655737699,-1.61915784801691E-15));
#11017=DIRECTION('',(0.98360655737699,-0.180327868852783,1.07841976089775E-12));
#11018=DIRECTION('',(-0.180327868852783,-0.98360655737699,1.60934477015014E-15));
#11019=DIRECTION('',(-1.9544551162651E-12,3.56702514747347E-13,-1.));
#11020=DIRECTION('',(0.983606557377582,-0.180327868849554,0.));
#11021=DIRECTION('',(0.180327868849554,0.983606557377582,0.));
#11022=DIRECTION('',(0.,0.,-1.));
#11023=DIRECTION('',(-0.180327868849554,-0.983606557377582,0.));
#11024=DIRECTION('',(0.180327868849554,0.983606557377582,0.));
#11025=DIRECTION('',(0.180327868852519,0.983606557377038,0.));
#11026=DIRECTION('',(-0.983606557377038,0.180327868852519,0.));
#11027=DIRECTION('',(0.180327868851945,0.983606557377143,1.88411095041969E-15));
#11028=DIRECTION('',(-1.86193653087989E-12,3.3952468657707E-13,1.));
#11029=DIRECTION('',(0.180327868851943,0.983606557377144,5.59345438405842E-16));
#11030=DIRECTION('',(0.983606557377144,-0.180327868851943,-9.97465998685668E-13));
#11031=DIRECTION('',(3.01167270132926E-15,3.61400724161837E-15,-1.));
#11032=DIRECTION('',(0.,1.,3.61400724161837E-15));
#11033=DIRECTION('',(0.,0.,-1.));
#11034=DIRECTION('',(-0.180327868852519,0.983606557377038,0.));
#11035=DIRECTION('',(-0.983606557377038,-0.180327868852519,0.));
#11036=DIRECTION('',(-0.180327868851943,0.983606557377144,8.92990085875993E-16));
#11037=DIRECTION('',(1.87350135405308E-12,3.44584296715336E-13,-1.));
#11038=DIRECTION('',(0.,0.,-1.));
#11039=DIRECTION('',(-0.180327868851943,0.983606557377144,-6.67289294940304E-16));
#11040=DIRECTION('',(-0.983606557377144,-0.180327868851943,1.00035720447896E-12));
#11041=DIRECTION('',(-0.983606557377582,-0.180327868849554,0.));
#11042=DIRECTION('',(0.180327868849554,-0.983606557377582,0.));
#11043=DIRECTION('',(0.180327868849554,-0.983606557377582,0.));
#11044=DIRECTION('',(0.,0.,-1.));
#11045=DIRECTION('',(-0.180327868849554,0.983606557377582,0.));
#11046=DIRECTION('',(0.180327868853172,-0.983606557376919,0.));
#11047=DIRECTION('',(0.983606557376919,0.180327868853172,0.));
#11048=DIRECTION('',(0.180327868852784,-0.98360655737699,2.89485797069692E-15));
#11049=DIRECTION('',(-0.98360655737699,-0.180327868852784,-1.08275656958769E-12));
#11050=DIRECTION('',(0.180327868852784,-0.98360655737699,-2.4532694666923E-15));
#11051=DIRECTION('',(1.9486727046785E-12,3.54534110402376E-13,1.));
#11052=DIRECTION('',(-1.,4.56221965761252E-15,-4.79934663764502E-15));
#11053=DIRECTION('',(-4.79934663764502E-15,0.,1.));
#11054=DIRECTION('',(-1.,2.06859301153539E-14,-1.55025657923043E-14));
#11055=DIRECTION('',(-1.73472347599967E-14,-0.998682383037679,0.0513176169573578));
#11056=DIRECTION('',(-1.,0.,0.));
#11057=DIRECTION('',(-1.,-1.30104260698261E-14,1.30104260698261E-14));
#11058=DIRECTION('',(1.30104260698261E-14,0.,1.));
#11059=DIRECTION('',(1.,1.06233116983398E-14,-1.06233116983398E-14));
#11060=DIRECTION('',(8.67361737988638E-15,2.66713734431506E-13,1.));
#11061=DIRECTION('',(-3.3881317890172E-16,-3.3881317890172E-16,-1.));
#11062=DIRECTION('',(-1.,0.,3.3881317890172E-16));
#11063=DIRECTION('',(0.,0.,1.));
#11064=DIRECTION('',(1.,0.,0.));
#11065=DIRECTION('',(-3.3881317890172E-16,-3.3881317890172E-16,-1.));
#11066=DIRECTION('',(-1.,0.,3.3881317890172E-16));
#11067=DIRECTION('',(0.,0.,1.));
#11068=DIRECTION('',(1.,0.,0.));
#11069=DIRECTION('',(-0.180327868852784,0.98360655737699,-2.60682489559826E-15));
#11070=DIRECTION('',(-0.98360655737699,-0.180327868852784,0.));
#11071=DIRECTION('',(0.180327868851943,-0.983606557377144,5.2136497911722E-16));
#11072=DIRECTION('',(0.983606557377144,0.180327868851943,0.));
#11073=DIRECTION('',(-0.180327868851943,-0.983606557377144,5.2136497911722E-16));
#11074=DIRECTION('',(0.983606557377144,-0.180327868851943,0.));
#11075=DIRECTION('',(0.180327868852784,0.98360655737699,-2.60682489559826E-15));
#11076=DIRECTION('',(-0.98360655737699,0.180327868852784,0.));
#11077=DIRECTION('',(0.,-1.,0.));
#11078=DIRECTION('',(0.,0.,1.));
#11079=DIRECTION('',(1.,0.,0.));
#11080=DIRECTION('',(-1.,0.,0.));
#11081=DIRECTION('',(1.,0.,0.));
#11082=DIRECTION('',(0.,0.,1.));
#11083=DIRECTION('',(0.,0.,-1.));
#11084=DIRECTION('',(0.,-1.,0.));
#11085=DIRECTION('',(0.,-1.,0.));
#11086=DIRECTION('',(0.,0.,1.));
#11087=DIRECTION('',(0.,1.,0.));
#11088=DIRECTION('',(-1.,0.,0.));
#11089=DIRECTION('',(0.,0.,-1.));
#11090=DIRECTION('',(0.,-1.,0.));
#11091=DIRECTION('',(1.,0.,0.));
#11092=DIRECTION('',(0.,-1.,0.));
#11093=DIRECTION('',(0.,0.,1.));
#11094=DIRECTION('',(-1.,0.,0.));
#11095=DIRECTION('',(1.,0.,0.));
#11096=DIRECTION('',(0.,0.,1.));
#11097=DIRECTION('',(0.,1.,0.));
#11098=DIRECTION('',(-1.,0.,0.));
#11099=DIRECTION('',(0.,-1.,0.));
#11100=DIRECTION('',(-1.,0.,0.));
#11101=DIRECTION('',(0.,0.,-1.));
#11102=DIRECTION('',(0.,0.,1.));
#11103=DIRECTION('',(0.,-1.,0.));
#11104=DIRECTION('',(0.,0.,-1.));
#11105=DIRECTION('',(0.,-1.,0.));
#11106=DIRECTION('',(1.,0.,0.));
#11107=DIRECTION('',(0.,0.994775173635025,-0.102089930548539));
#11108=DIRECTION('',(0.,-0.102089930548539,-0.994775173635025));
#11109=DIRECTION('',(-1.,0.,0.));
#11110=DIRECTION('',(0.,0.994775173635025,-0.102089930548539));
#11111=DIRECTION('',(0.,-0.102089930548539,-0.994775173635025));
#11112=DIRECTION('',(1.,0.,0.));
#11113=DIRECTION('',(0.,0.994775173635025,0.102089930548539));
#11114=DIRECTION('',(0.,0.102089930548539,-0.994775173635025));
#11115=DIRECTION('',(1.,0.,0.));
#11116=DIRECTION('',(0.,0.994775173635025,0.102089930548539));
#11117=DIRECTION('',(0.,0.102089930548539,-0.994775173635025));
#11118=DIRECTION('',(-1.,0.,0.));
#11119=DIRECTION('',(0.,-0.991227900682635,-0.132163720091018));
#11120=DIRECTION('',(0.,-0.132163720091018,0.991227900682635));
#11121=DIRECTION('',(0.,-0.991227900682635,0.132163720091018));
#11122=DIRECTION('',(0.,0.132163720091018,0.991227900682635));
#11123=DIRECTION('',(0.,-0.991227900682635,0.132163720091018));
#11124=DIRECTION('',(0.,0.132163720091018,0.991227900682635));
#11125=DIRECTION('',(0.,-0.991227900682635,-0.132163720091018));
#11126=DIRECTION('',(0.,-0.132163720091018,0.991227900682635));
#11127=DIRECTION('',(0.,1.,0.));
#11128=DIRECTION('',(0.,0.,-1.));
#11129=DIRECTION('',(0.,0.,-1.));
#11130=DIRECTION('',(0.,0.,1.));
#11131=DIRECTION('',(0.,1.,0.));
#11132=DIRECTION('',(0.,0.,-1.));
#11133=DIRECTION('',(0.,0.,1.));
#11134=DIRECTION('',(0.,0.,-1.));
#11135=DIRECTION('',(-1.,0.,0.));
#11136=DIRECTION('',(0.,1.,0.));
#11137=DIRECTION('',(0.,0.,-1.));
#11138=DIRECTION('',(0.,0.,-1.));
#11139=DIRECTION('',(-1.,0.,0.));
#11140=DIRECTION('',(0.,0.,1.));
#11141=DIRECTION('',(0.,1.,0.));
#11142=DIRECTION('',(0.,0.,-1.));
#11143=DIRECTION('',(0.,0.,-1.));
#11144=DIRECTION('',(0.,0.,1.));
#11145=DIRECTION('',(0.,1.,0.));
#11146=DIRECTION('',(0.,0.,-1.));
#11147=DIRECTION('',(1.,0.,0.));
#11148=DIRECTION('',(0.707106781186547,0.,-0.707106781186548));
#11149=DIRECTION('',(0.,0.,-1.));
#11150=DIRECTION('',(-1.,0.,0.));
#11151=DIRECTION('',(0.,0.,1.));
#11152=DIRECTION('',(0.707106781186547,0.,0.707106781186548));
#11153=DIRECTION('',(0.707106781186548,0.,-0.707106781186547));
#11154=DIRECTION('',(1.,0.,0.));
#11155=DIRECTION('',(0.707106781186548,0.,0.707106781186547));
#11156=DIRECTION('',(0.,0.,-1.));
#11157=DIRECTION('',(-1.,0.,0.));
#11158=DIRECTION('',(0.,1.,0.));
#11159=DIRECTION('',(-1.,0.,0.));
#11160=DIRECTION('',(0.,-1.,0.));
#11161=DIRECTION('',(0.,-1.,0.));
#11162=DIRECTION('',(0.,0.,-1.));
#11163=DIRECTION('',(-0.707106781186548,0.,-0.707106781186547));
#11164=DIRECTION('',(-0.707106781186548,0.,0.707106781186547));
#11165=DIRECTION('',(1.,0.,0.));
#11166=DIRECTION('',(0.,-0.255391122836146,-0.966837822168999));
#11167=DIRECTION('',(0.,0.966837822168999,-0.255391122836146));
#11168=DIRECTION('',(-0.707106781186547,0.,0.707106781186548));
#11169=DIRECTION('',(0.707106781186548,0.,0.707106781186547));
#11170=DIRECTION('',(0.707106781186547,0.,0.707106781186548));
#11171=DIRECTION('',(0.707106781186548,0.,-0.707106781186547));
#11172=DIRECTION('',(0.,1.,0.));
#11173=DIRECTION('',(0.,0.,-1.));
#11174=DIRECTION('',(0.,0.,1.));
#11175=DIRECTION('',(-1.,0.,0.));
#11176=DIRECTION('',(0.,0.,-1.));
#11177=DIRECTION('',(0.707106781186548,0.,-0.707106781186548));
#11178=DIRECTION('',(1.,0.,0.));
#11179=DIRECTION('',(0.707106781189403,0.,0.707106781183693));
#11180=DIRECTION('',(0.,0.707106781186548,0.707106781186548));
#11181=DIRECTION('',(0.,-0.707106781186548,0.707106781186548));
#11182=DIRECTION('',(0.281084637712886,-0.678598344546248,0.678598344546248));
#11183=DIRECTION('',(0.281084637719135,0.678598344544954,-0.678598344544954));
#11184=DIRECTION('',(-0.499999999999174,0.707106781185576,0.5000000000022));
#11185=DIRECTION('',(-0.816496580927802,-0.577350269189519,0.));
#11186=DIRECTION('',(0.678598344546247,0.678598344546249,-0.281084637712884));
#11187=DIRECTION('',(0.500000000002201,0.707106781185575,0.499999999999174));
#11188=DIRECTION('',(0.,-0.577350269189519,0.816496580927801));
#11189=DIRECTION('',(0.678598344546248,-0.678598344546248,0.281084637712884));
#11190=DIRECTION('',(-0.707106781186548,0.707106781186547,0.));
#11191=DIRECTION('',(-0.707106781186547,-0.707106781186548,0.));
#11192=DIRECTION('',(0.577350269189625,0.577350269189626,0.577350269189626));
#11193=DIRECTION('',(0.707106781186548,0.707106781186547,0.));
#11194=DIRECTION('',(-0.707106781186547,0.707106781186548,0.));
#11195=DIRECTION('',(0.577350269189626,-0.577350269189626,-0.577350269189626));
#11196=DIRECTION('',(0.,0.707106781186548,-0.707106781186548));
#11197=DIRECTION('',(0.,0.707106781186548,0.707106781186548));
#11198=DIRECTION('',(0.,1.,0.));
#11199=DIRECTION('',(0.,0.,1.));
#11200=DIRECTION('',(-1.09106972721739E-16,1.,6.99648387195184E-17));
#11201=DIRECTION('',(0.,6.99648387195184E-17,-1.));
#11202=DIRECTION('',(-1.,-1.091069727216E-16,0.));
#11203=DIRECTION('',(0.,-1.88793396822664E-16,1.));
#11204=DIRECTION('',(1.,1.2334358884675E-16,0.));
#11205=DIRECTION('',(0.,1.88793396822665E-16,-1.));
#11206=DIRECTION('',(-1.,-1.09106972721833E-16,0.));
#11207=DIRECTION('',(0.,-1.88793396822664E-16,1.));
#11208=DIRECTION('',(1.,1.23343588847E-16,0.));
#11209=DIRECTION('',(0.,1.88793396822664E-16,-1.));
#11210=DIRECTION('',(-1.,-1.09106972721683E-16,0.));
#11211=DIRECTION('',(0.,-1.88793396823164E-16,1.));
#11212=DIRECTION('',(1.,1.2334358884695E-16,0.));
#11213=DIRECTION('',(0.,1.88793396823164E-16,-1.));
#11214=DIRECTION('',(-1.,-1.09106972721724E-16,0.));
#11215=DIRECTION('',(0.721387321030952,1.24917303581444E-16,-0.692531828189713));
#11216=DIRECTION('',(1.,1.05996354087238E-16,0.));
#11217=DIRECTION('',(0.,6.99648387193565E-17,-1.));
#11218=DIRECTION('',(0.157985728626095,8.58320892135074E-17,-0.98744139550177));
#11219=DIRECTION('',(0.,6.99648387195946E-17,-1.));
#11220=DIRECTION('',(-0.0797452222817485,6.12893173780408E-17,-0.996815278536216));
#11221=DIRECTION('',(-1.,-1.09106972721597E-16,0.));
#11222=DIRECTION('',(1.09106972722E-16,-1.,-7.84692441919997E-17));
#11223=DIRECTION('',(2.64545330086534E-13,-7.84692441919708E-17,1.));
#11224=DIRECTION('',(0.,6.99648387195998E-17,-1.));
#11225=DIRECTION('',(1.,1.05996354087224E-16,-1.37529836766531E-17));
#11226=DIRECTION('',(0.,-6.99648387195599E-17,1.));
#11227=DIRECTION('',(1.091069727218E-16,-1.,-7.84692441917997E-17));
#11228=DIRECTION('',(1.,1.09106972721821E-16,-2.63461127914047E-13));
#11229=DIRECTION('',(-1.,-1.09106972721727E-16,0.));
#11230=DIRECTION('',(1.091069727217E-16,-1.,-7.84692441917998E-17));
#11231=DIRECTION('',(2.61834824655318E-13,-7.84692441917712E-17,1.));
#11232=DIRECTION('',(0.,6.99648387195599E-17,-1.));
#11233=DIRECTION('',(1.,1.05996354087159E-16,-1.3752983676653E-17));
#11234=DIRECTION('',(0.,-6.99648387196001E-17,1.));
#11235=DIRECTION('',(1.09106972720999E-16,-1.,-7.84692441920008E-17));
#11236=DIRECTION('',(1.,1.0910697272102E-16,-2.68882138776477E-13));
#11237=DIRECTION('',(-1.,-1.09106972721597E-16,0.));
#11238=DIRECTION('',(-0.0797452222817485,-7.81947230139599E-17,0.996815278536216));
#11239=DIRECTION('',(0.,-6.99648387195946E-17,1.));
#11240=DIRECTION('',(0.157985728626095,-5.23402667489032E-17,0.98744139550177));
#11241=DIRECTION('',(0.,-6.99648387196101E-17,1.));
#11242=DIRECTION('',(0.64018439966448,1.41087343801473E-17,0.768221279597376));
#11243=DIRECTION('',(0.,0.,1.));
#11244=DIRECTION('',(-1.,-1.53134210293104E-16,0.));
#11245=DIRECTION('',(0.,-1.,0.));
#11246=DIRECTION('',(0.,-1.,0.));
#11247=DIRECTION('',(0.,-1.,0.));
#11248=DIRECTION('',(0.,1.,0.));
#11249=DIRECTION('',(-1.,0.,0.));
#11250=DIRECTION('',(0.,-1.,0.));
#11251=DIRECTION('',(0.,1.,0.));
#11252=DIRECTION('',(-1.,0.,0.));
#11253=DIRECTION('',(0.,-1.,0.));
#11254=DIRECTION('',(0.,1.,0.));
#11255=DIRECTION('',(-1.,0.,0.));
#11256=DIRECTION('',(0.,0.,1.));
#11257=DIRECTION('',(-1.,0.,0.));
#11258=DIRECTION('',(0.,-1.,0.));
#11259=DIRECTION('',(1.,0.,0.));
#11260=DIRECTION('',(0.,-1.,0.));
#11261=DIRECTION('',(0.,0.,1.));
#11262=DIRECTION('',(2.42861286636813E-13,1.,0.));
#11263=DIRECTION('',(-0.6,0.8,0.));
#11264=DIRECTION('',(0.,-1.,0.));
#11265=DIRECTION('',(1.,0.,0.));
#11266=DIRECTION('',(0.,-1.,0.));
#11267=DIRECTION('',(1.,0.,0.));
#11268=DIRECTION('',(0.,1.,0.));
#11269=DIRECTION('',(1.,0.,0.));
#11270=DIRECTION('',(0.,1.,0.));
#11271=DIRECTION('',(0.,0.,1.));
#11272=DIRECTION('',(0.,0.,-1.));
#11273=DIRECTION('',(1.,0.,0.));
#11274=DIRECTION('',(0.,0.,1.));
#11275=DIRECTION('',(1.,0.,0.));
#11276=DIRECTION('',(0.,0.,-1.));
#11277=DIRECTION('',(1.,0.,0.));
#11278=DIRECTION('',(0.,0.,1.));
#11279=DIRECTION('',(0.,1.,0.));
#11280=DIRECTION('',(-1.,0.,-2.63461127914047E-13));
#11281=DIRECTION('',(1.,0.,0.));
#11282=DIRECTION('',(3.31978490573119E-16,1.,3.31978490573119E-16));
#11283=DIRECTION('',(-2.61834824655318E-13,-4.06575814682171E-16,1.));
#11284=DIRECTION('',(0.,0.,1.));
#11285=DIRECTION('',(-1.,0.,0.));
#11286=DIRECTION('',(0.,1.,0.));
#11287=DIRECTION('',(1.,0.,0.));
#11288=DIRECTION('',(0.,-1.,0.));
#11289=DIRECTION('',(0.,-1.,0.));
#11290=DIRECTION('',(0.707106781186548,-0.707106781186548,0.));
#11291=DIRECTION('',(0.707106781186548,0.707106781186548,0.));
#11292=DIRECTION('',(0.,-1.,0.));
#11293=DIRECTION('',(0.,1.,0.));
#11294=DIRECTION('',(0.,0.,1.));
#11295=DIRECTION('',(1.,0.,0.));
#11296=DIRECTION('',(-0.0797452222828902,0.,-0.996815278536125));
#11297=DIRECTION('',(1.,0.,0.));
#11298=DIRECTION('',(0.,0.,1.));
#11299=DIRECTION('',(1.,0.,0.));
#11300=DIRECTION('',(0.,0.,-1.));
#11301=DIRECTION('',(1.,0.,0.));
#11302=DIRECTION('',(0.,0.,1.));
#11303=DIRECTION('',(0.,1.,0.));
#11304=DIRECTION('',(-1.,0.,-2.68882138776477E-13));
#11305=DIRECTION('',(0.,0.,1.));
#11306=DIRECTION('',(-1.,0.,0.));
#11307=DIRECTION('',(0.,-1.,0.));
#11308=DIRECTION('',(0.,1.,0.));
#11309=DIRECTION('',(-1.,0.,0.));
#11310=DIRECTION('',(0.,-1.,0.));
#11311=DIRECTION('',(-0.6,-0.8,0.));
#11312=DIRECTION('',(0.,0.,1.));
#11313=DIRECTION('',(1.,-2.39608680119354E-13,0.));
#11314=DIRECTION('',(0.,-1.,0.));
#11315=DIRECTION('',(0.,1.,0.));
#11316=DIRECTION('',(1.,0.,0.));
#11317=DIRECTION('',(1.37529836766531E-17,-6.99648387195917E-17,1.));
#11318=DIRECTION('',(-1.,-9.06304509897959E-17,1.37529836766531E-17));
#11319=DIRECTION('',(0.,1.,7.84692441918368E-17));
#11320=DIRECTION('',(-1.,0.,1.37529836766939E-17));
#11321=DIRECTION('',(0.,1.,7.84692441918777E-17));
#11322=DIRECTION('',(1.37529836767347E-17,-6.99648387195916E-17,1.));
#11323=DIRECTION('',(-1.,-9.06304509897959E-17,1.37529836767347E-17));
#11324=DIRECTION('',(0.,1.,7.84692441918367E-17));
#11325=DIRECTION('',(-1.,0.,1.37529836766931E-17));
#11326=DIRECTION('',(0.,1.,7.84692441918368E-17));
#11327=DIRECTION('',(-0.996815278536125,0.,0.0797452222828899));
#11328=DIRECTION('',(-0.0797452222828899,0.,-0.996815278536125));
#11329=DIRECTION('',(0.0797452222828899,0.,0.996815278536125));
#11330=DIRECTION('',(0.,-1.,0.));
#11331=DIRECTION('',(0.0797452222828896,0.,0.996815278536125));
#11332=DIRECTION('',(0.,-1.,0.));
#11333=DIRECTION('',(0.704854843045891,0.707106781183891,-0.0563883874437763));
#11334=DIRECTION('',(-0.708233645295102,0.705978118408788,0.));
#11335=DIRECTION('',(-0.708233645296177,0.705978118407708,0.));
#11336=DIRECTION('',(0.706825008480065,-0.706825008480075,-0.0282279077208647));
#11337=DIRECTION('',(0.996815278536125,0.,0.0797452222828899));
#11338=DIRECTION('',(-0.0797452222828899,0.,0.996815278536125));
#11339=DIRECTION('',(-0.0797452222828902,0.,0.996815278536125));
#11340=DIRECTION('',(0.0797452222828899,0.,-0.996815278536125));
#11341=DIRECTION('',(0.,-1.,0.));
#11342=DIRECTION('',(0.0797452222828896,0.,-0.996815278536125));
#11343=DIRECTION('',(0.,1.,0.));
#11344=DIRECTION('',(-0.704854843045888,0.707106781183894,-0.0563883874437744));
#11345=DIRECTION('',(-0.708233645295104,-0.705978118408785,0.));
#11346=DIRECTION('',(-0.70823364529618,-0.705978118407706,0.));
#11347=DIRECTION('',(0.706825008480061,0.706825008480079,0.0282279077208645));
#11348=DIRECTION('',(-1.,0.,0.));
#11349=DIRECTION('',(0.,0.,-1.));
#11350=DIRECTION('',(0.,0.,1.));
#11351=DIRECTION('',(0.,0.,1.));
#11352=DIRECTION('',(-1.,0.,0.));
#11353=DIRECTION('',(0.,0.,-1.));
#11354=DIRECTION('',(0.,0.,1.));
#11355=DIRECTION('',(0.,0.,1.));
#11356=DIRECTION('',(1.,0.,0.));
#11357=DIRECTION('',(0.,0.,1.));
#11358=DIRECTION('',(0.,-1.,0.));
#11359=DIRECTION('',(0.,0.,-1.));
#11360=DIRECTION('',(0.,0.,-1.));
#11361=DIRECTION('',(1.,0.,0.));
#11362=DIRECTION('',(0.,0.,1.));
#11363=DIRECTION('',(0.,0.,-1.));
#11364=DIRECTION('',(0.,0.,-1.));
#11365=DIRECTION('',(0.,0.,-1.));
#11366=DIRECTION('',(1.,1.05996354087149E-16,0.));
#11367=DIRECTION('',(0.,-1.,0.));
#11368=DIRECTION('',(1.,0.,0.));
#11369=DIRECTION('',(0.,-1.,0.));
#11370=DIRECTION('',(0.6,0.8,0.));
#11371=DIRECTION('',(1.,0.,0.));
#11372=DIRECTION('',(0.,1.,0.));
#11373=DIRECTION('',(-0.707106781186548,0.707106781186548,0.));
#11374=DIRECTION('',(-0.692531828189713,0.,-0.721387321030952));
#11375=DIRECTION('',(0.721387321030952,1.24917303581444E-16,-0.692531828189713));
#11376=DIRECTION('',(0.,1.,0.));
#11377=DIRECTION('',(0.721387321047279,0.,-0.692531828172706));
#11378=DIRECTION('',(-1.,0.,0.));
#11379=DIRECTION('',(0.,0.,-1.));
#11380=DIRECTION('',(0.,0.,1.));
#11381=DIRECTION('',(0.,1.,0.));
#11382=DIRECTION('',(0.,0.,1.));
#11383=DIRECTION('',(-0.987441395501691,0.,-0.157985728626586));
#11384=DIRECTION('',(0.157985728626586,0.,-0.987441395501691));
#11385=DIRECTION('',(0.,-1.,0.));
#11386=DIRECTION('',(-0.157985728626586,0.,0.987441395501691));
#11387=DIRECTION('',(-0.157985728626586,0.,0.987441395501691));
#11388=DIRECTION('',(0.,1.,0.));
#11389=DIRECTION('',(0.,0.,-1.));
#11390=DIRECTION('',(-1.,0.,0.));
#11391=DIRECTION('',(0.987441395501691,0.,-0.157985728626586));
#11392=DIRECTION('',(0.157985728626586,0.,0.987441395501691));
#11393=DIRECTION('',(0.,1.,0.));
#11394=DIRECTION('',(-0.157985728626586,0.,-0.987441395501691));
#11395=DIRECTION('',(0.,-1.,0.));
#11396=DIRECTION('',(-0.157985728626586,0.,-0.987441395501691));
#11397=DIRECTION('',(1.,0.,0.));
#11398=DIRECTION('',(0.,0.,1.));
#11399=DIRECTION('',(0.,0.,-1.));
#11400=DIRECTION('',(0.,0.,-1.));
#11401=DIRECTION('',(0.,1.,0.));
#11402=DIRECTION('',(0.,0.,-1.));
#11403=DIRECTION('',(-1.,0.,0.));
#11404=DIRECTION('',(0.,1.,0.));
#11405=DIRECTION('',(0.,0.,-1.));
#11406=DIRECTION('',(1.,0.,0.));
#11407=DIRECTION('',(0.,1.,0.));
#11408=DIRECTION('',(0.,0.,-1.));
#11409=DIRECTION('',(1.,0.,0.));
#11410=DIRECTION('',(0.,-0.0261769483072696,-0.999657324975573));
#11411=DIRECTION('',(0.,-0.999657324975573,0.0261769483072696));
#11412=DIRECTION('',(4.39125472176433E-16,-0.026176948298695,-0.999657324975798));
#11413=DIRECTION('',(0.000149135252412974,0.999657313858947,-0.0261769480075896));
#11414=DIRECTION('',(0.,-0.0261769483072696,-0.999657324975573));
#11415=DIRECTION('',(0.,-0.999657324975573,0.0261769483072696));
#11416=DIRECTION('',(2.14410984738661E-15,-0.0261769482986977,-0.999657324975798));
#11417=DIRECTION('',(-0.999999981259812,-0.000193532148446216,5.06781765632329E-6));
#11418=DIRECTION('',(-0.8,0.6,0.));
#11419=DIRECTION('',(-0.6,-0.8,0.));
#11420=DIRECTION('',(0.599999999999983,0.800000000000013,0.));
#11421=DIRECTION('',(-0.8,0.6,0.));
#11422=DIRECTION('',(-0.6,-0.8,0.));
#11423=DIRECTION('',(-0.599999999999983,-0.800000000000013,0.));
#11424=DIRECTION('',(0.8,0.6,0.));
#11425=DIRECTION('',(-0.6,0.8,0.));
#11426=DIRECTION('',(-0.599999999999983,0.800000000000013,0.));
#11427=DIRECTION('',(0.8,0.6,0.));
#11428=DIRECTION('',(-0.6,0.8,0.));
#11429=DIRECTION('',(0.599999999999983,-0.800000000000013,0.));
#11430=DIRECTION('',(0.768221279597376,0.,-0.64018439966448));
#11431=DIRECTION('',(0.64018439966448,1.41087343801473E-17,0.768221279597376));
#11432=DIRECTION('',(0.,-1.,0.));
#11433=DIRECTION('',(-0.640184399661228,0.,-0.768221279600086));
#11434=DIRECTION('',(-0.707106781186544,0.707106781186552,6.1706844950373E-17));
#11435=DIRECTION('',(-0.707106781186552,-0.707106781186544,0.));
#11436=DIRECTION('',(0.705992372629064,0.705992372629047,-0.0561207588971707));
#11437=DIRECTION('',(-0.698226506781957,0.707106781188082,0.111712780042819));
#11438=DIRECTION('',(-0.711560769533728,-0.702624559249511,0.));
#11439=DIRECTION('',(0.705992372628656,0.705992372628655,-0.0561207589072249));
#11440=DIRECTION('',(-0.707106781186546,0.707106781186549,-2.23294486532477E-16));
#11441=DIRECTION('',(-0.707106781186549,-0.707106781186546,0.));
#11442=DIRECTION('',(0.,0.,-1.));
#11443=DIRECTION('',(0.707106781186548,0.707106781186547,0.));
#11444=DIRECTION('',(-0.707106781186547,0.707106781186548,0.));
#11445=DIRECTION('',(0.705992372629054,-0.705992372629057,0.0561207588971699));
#11446=DIRECTION('',(0.698226506781958,0.707106781188082,0.111712780042817));
#11447=DIRECTION('',(-0.711560769533728,0.702624559249511,0.));
#11448=DIRECTION('',(0.705992372628653,-0.705992372628658,0.0561207589072247));
#11449=DIRECTION('',(0.707106781186551,0.707106781186544,0.));
#11450=DIRECTION('',(-0.707106781186544,0.707106781186551,0.));
#11451=DIRECTION('',(0.,0.,1.));
#11452=DIRECTION('',(0.,1.,0.));
#11453=DIRECTION('',(0.,0.,1.));
#11454=DIRECTION('',(1.,0.,0.));
#11455=DIRECTION('',(0.,1.,0.));
#11456=DIRECTION('',(-2.64545330086534E-13,0.,1.));
#11457=DIRECTION('',(0.,0.,-1.));
#11458=DIRECTION('',(0.,0.,1.));
#11459=DIRECTION('',(1.,0.,0.));
#11460=DIRECTION('',(0.,0.,-1.));
#11461=DIRECTION('',(0.,0.,-1.));
#11462=DIRECTION('',(1.,1.26449091642938E-16,0.));
#11463=DIRECTION('',(0.,-1.,0.));
#11464=DIRECTION('',(-1.,0.,0.));
#11465=DIRECTION('',(0.,0.,-1.));
#11466=DIRECTION('',(0.,-0.707106781186548,0.707106781186547));
#11467=DIRECTION('',(0.,1.,0.));
#11468=DIRECTION('',(1.,0.,0.));
#11469=DIRECTION('',(0.,0.,1.));
#11470=DIRECTION('',(0.,-1.,0.));
#11471=DIRECTION('',(0.,0.,-1.));
#11472=DIRECTION('',(0.,0.,-1.));
#11473=DIRECTION('',(1.,2.0185873175E-16,0.));
#11474=DIRECTION('',(0.,-1.,0.));
#11475=DIRECTION('',(0.,1.,0.));
#11476=DIRECTION('',(-1.,0.,0.));
#11477=DIRECTION('',(0.,0.,-1.));
#11478=DIRECTION('',(0.,1.,0.));
#11479=DIRECTION('',(0.,0.,1.));
#11480=DIRECTION('',(0.,0.,-1.));
#11481=DIRECTION('',(1.,1.26449091642938E-16,0.));
#11482=DIRECTION('',(0.,1.,0.));
#11483=DIRECTION('',(1.,0.,0.));
#11484=DIRECTION('',(0.,0.,1.));
#11485=DIRECTION('',(0.,0.707106781186546,-0.707106781186549));
#11486=DIRECTION('',(0.,-1.,0.));
#11487=DIRECTION('',(-0.707106781186548,0.707106781186548,0.));
#11488=DIRECTION('',(-0.707106781186548,-0.707106781186548,1.21507066065504E-16));
#11489=DIRECTION('',(0.577350269189627,0.577350269189627,-0.577350269189624));
#11490=DIRECTION('',(0.707106781186548,0.707106781186548,0.));
#11491=DIRECTION('',(-0.707106781186548,0.707106781186548,3.92523114670959E-16));
#11492=DIRECTION('',(0.577350269189626,-0.577350269189626,0.577350269189625));
#11493=DIRECTION('',(-2.88889491658085E-30,-1.,2.88889491658085E-30));
#11494=DIRECTION('',(1.,-2.88889491658085E-30,0.));
#11495=DIRECTION('',(0.,-1.,0.));
#11496=DIRECTION('',(0.,0.,-1.));
#11497=DIRECTION('',(0.,-1.,0.));
#11498=DIRECTION('',(0.,0.,-1.));
#11499=DIRECTION('',(-2.88889491658085E-30,-1.,-2.88889491658085E-30));
#11500=DIRECTION('',(1.,-2.88889491658085E-30,0.));
#11501=DIRECTION('',(-9.61281097153486E-17,-0.707106781186547,-0.707106781186548));
#11502=DIRECTION('',(0.,-0.707106781186548,0.707106781186547));
#11503=DIRECTION('',(-9.61281097152909E-17,-0.707106781186547,-0.707106781186548));
#11504=DIRECTION('',(0.,-0.707106781186548,0.707106781186547));
#11505=DIRECTION('',(-3.79470760369944E-15,-3.79470760369943E-15,-1.));
#11506=DIRECTION('',(-1.,0.,3.79470760369944E-15));
#11507=DIRECTION('',(-2.71050543121388E-16,2.71050543121388E-16,1.));
#11508=DIRECTION('',(1.,0.,2.71050543121388E-16));
#11509=DIRECTION('',(0.,-1.,0.));
#11510=DIRECTION('',(0.,0.,1.));
#11511=DIRECTION('',(0.,0.,-1.));
#11512=DIRECTION('',(1.,0.,0.));
#11513=DIRECTION('',(0.,1.,0.));
#11514=DIRECTION('',(1.,0.,0.));
#11515=DIRECTION('',(0.,-1.,0.));
#11516=DIRECTION('',(-1.,0.,0.));
#11517=DIRECTION('',(0.,0.,-1.));
#11518=DIRECTION('',(0.,0.,-1.));
#11519=DIRECTION('',(0.,1.,0.));
#11520=DIRECTION('',(0.,0.,-1.));
#11521=DIRECTION('',(0.,0.,1.));
#11522=DIRECTION('',(0.,0.,1.));
#11523=DIRECTION('',(-1.,0.,0.));
#11524=DIRECTION('',(-1.,0.,0.));
#11525=DIRECTION('',(0.,-1.,0.));
#11526=DIRECTION('',(0.,1.,0.));
#11527=DIRECTION('',(1.,0.,0.));
#11528=DIRECTION('',(0.,0.,1.));
#11529=DIRECTION('',(0.,0.,1.));
#11530=DIRECTION('',(-1.,0.,0.));
#11531=DIRECTION('',(0.,0.,-1.));
#11532=DIRECTION('',(0.,0.,-1.));
#11533=DIRECTION('',(0.,1.,0.));
#11534=DIRECTION('',(0.,0.,-1.));
#11535=DIRECTION('',(0.,-0.946213828915431,0.323541944682911));
#11536=DIRECTION('',(0.,-0.323541944682911,-0.946213828915431));
#11537=DIRECTION('',(-1.,0.,0.));
#11538=DIRECTION('',(0.,-0.323541944682911,-0.946213828915431));
#11539=DIRECTION('',(1.,0.,0.));
#11540=DIRECTION('',(0.,0.323541944682911,0.946213828915431));
#11541=DIRECTION('',(-3.990682459887E-17,0.323541944676087,0.946213828917764));
#11542=DIRECTION('',(0.,-0.946213828917764,0.323541944676087));
#11543=DIRECTION('',(0.,0.946213828917764,-0.323541944676087));
#11544=DIRECTION('',(0.,-0.946213828917764,0.323541944676087));
#11545=DIRECTION('',(0.,-0.323541944677473,-0.94621382891729));
#11546=DIRECTION('',(0.,0.94621382891729,-0.323541944677473));
#11547=DIRECTION('',(0.,0.94621382891729,-0.323541944677473));
#11548=DIRECTION('',(0.,-0.94621382891729,0.323541944677473));
#11549=DIRECTION('',(1.,0.,0.));
#11550=DIRECTION('',(1.,0.,0.));
#11551=DIRECTION('',(0.,-1.88793396823677E-16,1.));
#11552=DIRECTION('',(0.,0.,1.));
#11553=DIRECTION('',(-1.,0.,0.));
#11554=DIRECTION('',(0.,1.88793396823677E-16,-1.));
#11555=DIRECTION('',(0.,0.,-1.));
#11556=DIRECTION('',(0.,-1.,0.));
#11557=DIRECTION('',(0.,0.,-1.));
#11558=DIRECTION('',(0.,0.,1.));
#11559=DIRECTION('',(-1.,0.,0.));
#11560=DIRECTION('',(0.,1.,0.));
#11561=DIRECTION('',(-1.,0.,0.));
#11562=DIRECTION('',(0.,-1.,0.));
#11563=DIRECTION('',(-1.,0.,0.));
#11564=DIRECTION('',(0.,0.,-1.));
#11565=DIRECTION('',(0.,0.,-1.));
#11566=DIRECTION('',(1.,0.,0.));
#11567=DIRECTION('',(0.,0.,1.));
#11568=DIRECTION('',(0.,0.,1.));
#11569=DIRECTION('',(0.,1.,0.));
#11570=DIRECTION('',(0.,0.,-1.));
#11571=DIRECTION('',(0.,-0.946213828915431,0.323541944682911));
#11572=DIRECTION('',(0.,-0.323541944682911,-0.946213828915431));
#11573=DIRECTION('',(1.,0.,0.));
#11574=DIRECTION('',(0.,0.323541944682911,0.946213828915431));
#11575=DIRECTION('',(-1.,0.,0.));
#11576=DIRECTION('',(0.,-0.323541944682911,-0.946213828915431));
#11577=DIRECTION('',(-3.99068245988861E-17,0.323541944676087,0.946213828917764));
#11578=DIRECTION('',(0.,-0.946213828917764,0.323541944676087));
#11579=DIRECTION('',(0.,0.946213828917764,-0.323541944676087));
#11580=DIRECTION('',(0.,-0.946213828917764,0.323541944676087));
#11581=DIRECTION('',(0.,-0.323541944677473,-0.94621382891729));
#11582=DIRECTION('',(0.,0.94621382891729,-0.323541944677473));
#11583=DIRECTION('',(0.,0.94621382891729,-0.323541944677473));
#11584=DIRECTION('',(0.,-0.94621382891729,0.323541944677473));
#11585=DIRECTION('',(1.,0.,0.));
#11586=DIRECTION('',(-1.,0.,0.));
#11587=DIRECTION('',(0.,1.88793396823272E-16,-1.));
#11588=DIRECTION('',(0.,0.,-1.));
#11589=DIRECTION('',(1.,0.,0.));
#11590=DIRECTION('',(0.,-1.88793396823273E-16,1.));
#11591=DIRECTION('',(0.,0.,1.));
#11592=DIRECTION('',(0.,-1.,0.));
#11593=DIRECTION('',(0.,0.,-1.));
#11594=DIRECTION('',(0.,0.,1.));
#11595=DIRECTION('',(-1.,0.,0.));
#11596=DIRECTION('',(0.,1.,0.));
#11597=DIRECTION('',(-1.,0.,0.));
#11598=DIRECTION('',(0.,-1.,0.));
#11599=DIRECTION('',(-1.,0.,0.));
#11600=DIRECTION('',(0.,0.,-1.));
#11601=DIRECTION('',(0.,0.,1.));
#11602=DIRECTION('',(-1.,0.,0.));
#11603=DIRECTION('',(0.,0.,-1.));
#11604=DIRECTION('',(0.,0.,-1.));
#11605=DIRECTION('',(0.,1.,0.));
#11606=DIRECTION('',(0.,0.,-1.));
#11607=DIRECTION('',(0.,-0.946213828915431,0.323541944682911));
#11608=DIRECTION('',(0.,-0.323541944682911,-0.946213828915431));
#11609=DIRECTION('',(-1.,0.,0.));
#11610=DIRECTION('',(0.,-0.323541944682911,-0.946213828915431));
#11611=DIRECTION('',(1.,0.,0.));
#11612=DIRECTION('',(0.,0.323541944682911,0.946213828915431));
#11613=DIRECTION('',(-3.99068245988862E-17,0.323541944676088,0.946213828917764));
#11614=DIRECTION('',(0.,-0.946213828917764,0.323541944676088));
#11615=DIRECTION('',(0.,0.946213828917764,-0.323541944676088));
#11616=DIRECTION('',(0.,-0.946213828917764,0.323541944676088));
#11617=DIRECTION('',(0.,-0.323541944677473,-0.94621382891729));
#11618=DIRECTION('',(0.,0.94621382891729,-0.323541944677473));
#11619=DIRECTION('',(0.,0.94621382891729,-0.323541944677473));
#11620=DIRECTION('',(0.,-0.94621382891729,0.323541944677473));
#11621=DIRECTION('',(1.,0.,0.));
#11622=DIRECTION('',(-1.,0.,0.));
#11623=DIRECTION('',(0.,1.88793396823272E-16,-1.));
#11624=DIRECTION('',(0.,0.,-1.));
#11625=DIRECTION('',(1.,0.,0.));
#11626=DIRECTION('',(0.,-1.8879339682385E-16,1.));
#11627=DIRECTION('',(0.,0.,1.));
#11628=DIRECTION('',(0.,-1.,0.));
#11629=DIRECTION('',(0.,0.,-1.));
#11630=DIRECTION('',(1.,0.,0.));
#11631=DIRECTION('',(0.,0.,1.));
#11632=DIRECTION('',(0.,0.,1.));
#11633=DIRECTION('',(0.,1.,0.));
#11634=DIRECTION('',(0.,0.,-1.));
#11635=DIRECTION('',(-1.,0.,0.));
#11636=DIRECTION('',(0.,0.,-1.));
#11637=DIRECTION('',(0.,0.,-1.));
#11638=DIRECTION('',(0.,1.,0.));
#11639=DIRECTION('',(0.,0.,-1.));
#11640=DIRECTION('',(0.,-1.,0.));
#11641=DIRECTION('',(0.,0.,-1.));
#11642=DIRECTION('',(0.,-1.,0.));
#11643=DIRECTION('',(0.,0.,-1.));
#11644=DIRECTION('',(0.,0.,-1.));
#11645=DIRECTION('',(0.,1.,0.));
#11646=DIRECTION('',(0.,1.,0.));
#11647=DIRECTION('',(0.,1.,0.));
#11648=DIRECTION('',(0.452161931649468,0.,-0.891935865164655));
#11649=DIRECTION('',(-0.891935865164655,0.,-0.452161931649468));
#11650=DIRECTION('',(0.,1.,0.));
#11651=DIRECTION('',(-0.642778991381183,0.,-0.766051674653211));
#11652=DIRECTION('',(-0.766051674653211,0.,0.642778991381183));
#11653=DIRECTION('',(0.,1.,0.));
#11654=DIRECTION('',(1.,0.,0.));
#11655=DIRECTION('',(0.,1.,0.));
#11656=DIRECTION('',(-1.,0.,0.));
#11657=DIRECTION('',(0.,-1.,0.));
#11658=DIRECTION('',(0.,1.,0.));
#11659=DIRECTION('',(0.,0.,-1.));
#11660=DIRECTION('',(0.,0.,1.));
#11661=DIRECTION('',(0.,0.,1.));
#11662=DIRECTION('',(-1.,0.,0.));
#11663=DIRECTION('',(0.,-1.,0.));
#11664=DIRECTION('',(1.,0.,0.));
#11665=DIRECTION('',(0.,1.,0.));
#11666=DIRECTION('',(0.,1.,0.));
#11667=DIRECTION('',(0.,0.,1.));
#11668=DIRECTION('',(0.,-1.,0.));
#11669=DIRECTION('',(0.,-1.,0.));
#11670=DIRECTION('',(-1.,0.,0.));
#11671=DIRECTION('',(0.,-1.,0.));
#11672=DIRECTION('',(0.,-1.,0.));
#11673=DIRECTION('',(0.,0.,1.));
#11674=DIRECTION('',(0.,0.,1.));
#11675=DIRECTION('',(1.,0.,0.));
#11676=DIRECTION('',(0.,1.,0.));
#11677=DIRECTION('',(1.,0.,0.));
#11678=DIRECTION('',(0.,1.,0.));
#11679=DIRECTION('',(0.,0.,1.));
#11680=DIRECTION('',(0.,-1.,0.));
#11681=DIRECTION('',(0.,-1.,0.));
#11682=DIRECTION('',(1.,0.,0.));
#11683=DIRECTION('',(0.,1.,0.));
#11684=DIRECTION('',(-1.,0.,0.));
#11685=DIRECTION('',(0.,-1.,0.));
#11686=DIRECTION('',(-1.,0.,0.));
#11687=DIRECTION('',(0.,-1.,0.));
#11688=DIRECTION('',(-1.,0.,0.));
#11689=DIRECTION('',(0.,0.,-1.));
#11690=DIRECTION('',(0.,-1.,0.));
#11691=DIRECTION('',(1.,0.,0.));
#11692=DIRECTION('',(0.,-1.,0.));
#11693=DIRECTION('',(1.,0.,0.));
#11694=DIRECTION('',(0.,-1.,0.));
#11695=DIRECTION('',(1.,0.,0.));
#11696=DIRECTION('',(0.,-1.,0.));
#11697=DIRECTION('',(1.,0.,0.));
#11698=DIRECTION('',(-1.,0.,0.));
#11699=DIRECTION('',(0.,0.,1.));
#11700=DIRECTION('',(0.,0.,-1.));
#11701=DIRECTION('',(0.,-1.,0.));
#11702=DIRECTION('',(-1.,0.,0.));
#11703=DIRECTION('',(0.,0.,1.));
#11704=DIRECTION('',(0.,0.,-1.));
#11705=DIRECTION('',(0.,1.,0.));
#11706=DIRECTION('',(-1.,0.,0.));
#11707=DIRECTION('',(0.,0.,1.));
#11708=DIRECTION('',(0.,0.,1.));
#11709=DIRECTION('',(0.,-1.,0.));
#11710=DIRECTION('',(0.,-1.,0.));
#11711=DIRECTION('',(0.,0.,1.));
#11712=DIRECTION('',(-1.,0.,0.));
#11713=DIRECTION('',(0.,1.,0.));
#11714=DIRECTION('',(1.,0.,0.));
#11715=DIRECTION('',(0.,0.,-1.));
#11716=DIRECTION('',(1.,0.,0.));
#11717=DIRECTION('',(1.,0.,0.));
#11718=DIRECTION('',(0.,1.,0.));
#11719=DIRECTION('',(0.,0.,1.));
#11720=DIRECTION('',(1.,0.,0.));
#11721=DIRECTION('',(0.,0.,1.));
#11722=DIRECTION('',(0.,0.,1.));
#11723=DIRECTION('',(-1.,0.,0.));
#11724=DIRECTION('',(0.,1.,0.));
#11725=DIRECTION('',(0.,-1.,0.));
#11726=DIRECTION('',(1.,0.,0.));
#11727=DIRECTION('',(0.,0.,-1.));
#11728=DIRECTION('',(1.,0.,0.));
#11729=DIRECTION('',(1.,0.,0.));
#11730=DIRECTION('',(0.,1.,0.));
#11731=DIRECTION('',(0.,0.,1.));
#11732=DIRECTION('',(-1.,0.,0.));
#11733=DIRECTION('',(0.,0.,1.));
#11734=DIRECTION('',(1.,0.,0.));
#11735=DIRECTION('',(0.,0.,-1.));
#11736=DIRECTION('',(0.,1.,0.));
#11737=DIRECTION('',(0.,0.,1.));
#11738=DIRECTION('',(1.,0.,0.));
#11739=DIRECTION('',(0.,0.,-1.));
#11740=DIRECTION('',(0.,0.,1.));
#11741=DIRECTION('',(0.,-1.,0.));
#11742=DIRECTION('',(1.,0.,0.));
#11743=DIRECTION('',(0.,0.,-1.));
#11744=DIRECTION('',(0.,0.,-1.));
#11745=DIRECTION('',(0.,1.,0.));
#11746=DIRECTION('',(0.,1.,0.));
#11747=DIRECTION('',(0.,0.,-1.));
#11748=DIRECTION('',(1.,0.,0.));
#11749=DIRECTION('',(-1.,0.,0.));
#11750=DIRECTION('',(0.,0.,1.));
#11751=DIRECTION('',(-1.,0.,0.));
#11752=DIRECTION('',(-1.,0.,0.));
#11753=DIRECTION('',(0.,-1.,0.));
#11754=DIRECTION('',(0.,-1.,0.));
#11755=DIRECTION('',(1.,0.,0.));
#11756=DIRECTION('',(0.,1.,0.));
#11757=DIRECTION('',(0.,0.,1.));
#11758=DIRECTION('',(-1.,0.,0.));
#11759=DIRECTION('',(0.,0.,-1.));
#11760=DIRECTION('',(1.,0.,0.));
#11761=DIRECTION('',(0.,0.,1.));
#11762=DIRECTION('',(-1.,0.,0.));
#11763=DIRECTION('',(-1.,0.,0.));
#11764=DIRECTION('',(0.,-1.,0.));
#11765=DIRECTION('',(0.,1.,0.));
#11766=DIRECTION('',(0.,0.,1.));
#11767=DIRECTION('',(0.,0.,-1.));
#11768=DIRECTION('',(1.,0.,0.));
#11769=DIRECTION('',(0.,0.,-1.));
#11770=DIRECTION('',(0.,0.,-1.));
#11771=DIRECTION('',(0.,1.,0.));
#11772=DIRECTION('',(0.707106781186548,0.707106781186548,0.));
#11773=DIRECTION('',(1.,0.,0.));
#11774=DIRECTION('',(0.,1.,0.));
#11775=DIRECTION('',(0.976343847240843,0.216223708124132,0.));
#11776=DIRECTION('',(1.,0.,0.));
#11777=DIRECTION('',(0.,1.,0.));
#11778=DIRECTION('',(0.,0.,-1.));
#11779=DIRECTION('',(0.972387301980826,0.,0.23337295247404));
#11780=DIRECTION('',(0.,0.,1.));
#11781=DIRECTION('',(0.,0.,1.));
#11782=DIRECTION('',(1.,0.,0.));
#11783=DIRECTION('',(0.16064333966395,-0.725374371020871,-0.669347248659236));
#11784=DIRECTION('',(0.,-0.678154769204475,0.734919117321917));
#11785=DIRECTION('',(0.,0.678154769204475,-0.734919117321917));
#11786=DIRECTION('',(0.0855119578683369,0.685833232246384,-0.72271742929585));
#11787=DIRECTION('',(0.,-0.725374370963498,-0.688354575745168));
#11788=DIRECTION('',(0.,-0.688354575745168,0.725374370963498));
#11789=DIRECTION('',(0.567006724589623,0.567006724589623,-0.597500417188385));
#11790=DIRECTION('',(-0.707106781186548,0.707106781186548,0.));
#11791=DIRECTION('',(-0.707106781186548,-0.707106781186548,0.));
#11792=DIRECTION('',(-1.,0.,0.));
#11793=DIRECTION('',(0.,-1.,0.));
#11794=DIRECTION('',(0.,0.,-1.));
#11795=DIRECTION('',(0.,1.,0.));
#11796=DIRECTION('',(1.,0.,0.));
#11797=DIRECTION('',(0.976343847244676,-0.216223708106821,0.));
#11798=DIRECTION('',(0.,-1.,0.));
#11799=DIRECTION('',(1.,0.,0.));
#11800=DIRECTION('',(0.707106781186548,-0.707106781186548,0.));
#11801=DIRECTION('',(0.,1.,0.));
#11802=DIRECTION('',(0.,0.,-1.));
#11803=DIRECTION('',(0.,0.,-1.));
#11804=DIRECTION('',(0.972387301974201,0.,-0.233372952501642));
#11805=DIRECTION('',(1.,0.,0.));
#11806=DIRECTION('',(0.,0.,-1.));
#11807=DIRECTION('',(-0.160643339740358,-0.725374371003592,-0.669347248659623));
#11808=DIRECTION('',(0.,-0.678154769213411,0.734919117313671));
#11809=DIRECTION('',(0.,-0.678154769213411,0.734919117313671));
#11810=DIRECTION('',(0.0855119578683369,-0.685833232246384,0.72271742929585));
#11811=DIRECTION('',(0.,-0.725374370963498,-0.688354575745168));
#11812=DIRECTION('',(0.,-0.688354575745168,0.725374370963498));
#11813=DIRECTION('',(0.567006724589623,-0.567006724589623,0.597500417188385));
#11814=DIRECTION('',(0.707106781186548,0.707106781186548,0.));
#11815=DIRECTION('',(-0.707106781186548,0.707106781186548,0.));
#11816=DIRECTION('',(1.,0.,0.));
#11817=DIRECTION('',(0.,1.,0.));
#11818=DIRECTION('',(1.,0.,0.));
#11819=DIRECTION('',(0.,1.,0.));
#11820=DIRECTION('',(1.,-8.33118416731447E-13,-7.50973333166882E-14));
#11821=DIRECTION('',(-8.32333667697247E-13,-1.,-1.11172422749542E-12));
#11822=DIRECTION('',(0.,-1.,0.));
#11823=DIRECTION('',(0.,-1.,0.));
#11824=DIRECTION('',(1.,0.,0.));
#11825=DIRECTION('',(0.,0.,-1.));
#11826=DIRECTION('',(1.,0.,0.));
#11827=DIRECTION('',(-1.,0.,0.));
#11828=DIRECTION('',(-0.948876497221249,-0.291989412244735,0.119898190804145));
#11829=DIRECTION('',(0.245992917427146,-0.922079648274263,-0.2987584422474));
#11830=DIRECTION('',(1.,0.,0.));
#11831=DIRECTION('',(0.,0.,-1.));
#11832=DIRECTION('',(1.,0.,0.));
#11833=DIRECTION('',(-1.,0.,0.));
#11834=DIRECTION('',(1.,0.,0.));
#11835=DIRECTION('',(0.,0.,1.));
#11836=DIRECTION('',(0.,-0.965925826288386,-0.258819045105066));
#11837=DIRECTION('',(0.,0.258819045105066,-0.965925826288386));
#11838=DIRECTION('',(-2.03034632199192E-13,-1.06269597031207E-14,-1.));
#11839=DIRECTION('',(0.997318231437765,0.0731870565185457,-2.03273081065216E-13));
#11840=DIRECTION('',(3.41696347864359E-11,0.965925826301518,0.258819045056059));
#11841=DIRECTION('',(0.980345318404108,0.0510622208394779,-0.190566802686326));
#11842=DIRECTION('',(5.51791217202461E-12,0.965925826284348,0.258819045120137));
#11843=DIRECTION('',(1.,-4.69800289974737E-12,-3.7871181887684E-12));
#11844=DIRECTION('',(0.,-0.965925826289505,-0.25881904510089));
#11845=DIRECTION('',(-3.74732780613971E-13,-1.,3.86649941232848E-14));
#11846=DIRECTION('',(1.,-3.74732780613971E-13,0.));
#11847=DIRECTION('',(0.,1.,0.));
#11848=DIRECTION('',(0.999999999944371,0.,-1.05478575022981E-5));
#11849=DIRECTION('',(0.,0.,1.));
#11850=DIRECTION('',(1.,0.,0.));
#11851=DIRECTION('',(-1.,0.,0.));
#11852=DIRECTION('',(0.,-0.965925826299372,-0.258819045064066));
#11853=DIRECTION('',(0.,-0.258819045064066,0.965925826299372));
#11854=DIRECTION('',(0.,0.,1.));
#11855=DIRECTION('',(1.,0.,0.));
#11856=DIRECTION('',(0.,-1.,0.));
#11857=DIRECTION('',(1.,0.,0.));
#11858=DIRECTION('',(0.,0.,1.));
#11859=DIRECTION('',(0.,0.,-1.));
#11860=DIRECTION('',(0.,1.,0.));
#11861=DIRECTION('',(0.,0.,1.));
#11862=DIRECTION('',(0.,-0.965925826288387,-0.258819045105066));
#11863=DIRECTION('',(0.,0.258819045105066,-0.965925826288387));
#11864=DIRECTION('',(-3.35720219473425E-11,0.96592582630148,0.258819045056199));
#11865=DIRECTION('',(-0.961775747728881,0.0708745656365149,-0.264507480095342));
#11866=DIRECTION('',(1.52275974149399E-13,-7.97021977734075E-15,-1.));
#11867=DIRECTION('',(-0.999509153408036,0.0313281383671612,-1.52441051587743E-13));
#11868=DIRECTION('',(0.805416925808742,-0.592641670550619,-0.00891212363957112));
#11869=DIRECTION('',(-0.592652722317169,-0.805456451410328,0.0016296047161035));
#11870=DIRECTION('',(0.,-0.965925826289505,-0.25881904510089));
#11871=DIRECTION('',(-5.61618633340095E-12,0.965925826284351,0.258819045120127));
#11872=DIRECTION('',(-0.980345318404283,0.0510622208789297,-0.19056680267485));
#11873=DIRECTION('',(0.,1.,0.));
#11874=DIRECTION('',(0.,0.,1.));
#11875=DIRECTION('',(1.,0.,0.));
#11876=DIRECTION('',(0.,0.,1.));
#11877=DIRECTION('',(0.,0.258819045064066,-0.965925826299372));
#11878=DIRECTION('',(1.,3.97080063198097E-13,6.29575495376369E-14));
#11879=DIRECTION('',(4.00070602086873E-13,-0.998612446941576,-0.0526609989779689));
#11880=DIRECTION('',(0.,-1.,0.));
#11881=DIRECTION('',(-1.,2.0827960418294E-13,1.87743333291792E-14));
#11882=DIRECTION('',(-2.08083416924233E-13,-0.983880518286619,-0.178827083340452));
#11883=DIRECTION('',(0.,-1.,0.));
#11884=DIRECTION('',(1.,3.12767826609401E-13,4.11766655494687E-14));
#11885=DIRECTION('',(-3.12767826609401E-13,1.,0.));
#11886=DIRECTION('',(0.948876496998233,-0.291989413027044,0.119898190663929));
#11887=DIRECTION('',(-0.289520429975907,-0.956420719521734,-0.037912107513239));
#11888=DIRECTION('',(-1.,0.,0.));
#11889=DIRECTION('',(1.,0.,0.));
#11890=DIRECTION('',(-1.87100195411448E-13,-1.,-1.9304512712297E-14));
#11891=DIRECTION('',(1.,-1.87100195411448E-13,0.));
#11892=DIRECTION('',(0.,-1.,0.));
#11893=DIRECTION('',(1.,-1.53965217074098E-13,-1.38784319174604E-14));
#11894=DIRECTION('',(1.53965217074098E-13,1.,0.));
#11895=DIRECTION('',(1.,0.,0.));
#11896=DIRECTION('',(-1.,0.,0.));
#11897=DIRECTION('',(-1.,0.,0.));
#11898=DIRECTION('',(0.,0.,1.));
#11899=DIRECTION('',(0.,-0.965925826299372,-0.258819045064066));
#11900=DIRECTION('',(0.,-0.258819045064066,0.965925826299372));
#11901=DIRECTION('',(-1.,0.,0.));
#11902=DIRECTION('',(0.,0.,1.));
#11903=DIRECTION('',(1.,0.,0.));
#11904=DIRECTION('',(0.,0.,1.));
#11905=DIRECTION('',(1.,0.,0.));
#11906=DIRECTION('',(0.,-1.,0.));
#11907=DIRECTION('',(-1.,0.,0.));
#11908=DIRECTION('',(0.,0.,1.));
#11909=CARTESIAN_POINT('',(0.,0.,0.));
#11910=CARTESIAN_POINT('',(0.00205,-5.E-5,0.00195000000000012));
#11911=CARTESIAN_POINT('',(0.00205,9.93846260574401E-20,0.00195000000000012));
#11912=CARTESIAN_POINT('',(0.00205,1.19001937105388E-19,0.00170000000000015));
#11913=CARTESIAN_POINT('',(0.00204999999999993,-5.E-5,0.00195000000000007));
#11914=CARTESIAN_POINT('',(0.00205,-5.E-5,0.0017));
#11915=CARTESIAN_POINT('',(0.0023,-5.E-5,0.00195));
#11916=CARTESIAN_POINT('',(0.00205000000000007,-5.E-5,0.00194999999999993));
#11917=CARTESIAN_POINT('',(0.002,-7.E-5,0.000753000000000717));
#11918=CARTESIAN_POINT('',(0.002,1.77832720300455E-19,0.000753000000000191));
#11919=CARTESIAN_POINT('',(0.002,1.89603106929197E-19,0.000603000000000031));
#11920=CARTESIAN_POINT('',(0.00199999999999996,-7.E-5,0.000753000000000036));
#11921=CARTESIAN_POINT('',(0.002143875793553,-7.E-5,0.000753));
#11922=CARTESIAN_POINT('',(0.002,-7.E-5,0.000609124206447));
#11923=CARTESIAN_POINT('',(0.00200000000000004,-7.E-5,0.000752999999999964));
#11924=CARTESIAN_POINT('',(-0.002,-7.E-5,0.000753000000000717));
#11925=CARTESIAN_POINT('',(-0.002,-2.46152696048346E-19,0.000753000000000191));
#11926=CARTESIAN_POINT('',(-0.002,-2.34382309419603E-19,0.000603000000000031));
#11927=CARTESIAN_POINT('',(-0.00200000000000004,-7.E-5,0.000753000000000037));
#11928=CARTESIAN_POINT('',(-0.001856124206447,-7.E-5,0.000753));
#11929=CARTESIAN_POINT('',(-0.002,-7.E-5,0.000609124206447));
#11930=CARTESIAN_POINT('',(-0.00199999999999996,-7.E-5,0.000752999999999962));
#11931=CARTESIAN_POINT('',(0.0008,-7.E-5,0.000753000000000396));
#11932=CARTESIAN_POINT('',(0.0008,5.06370953957968E-20,0.00075299999999987));
#11933=CARTESIAN_POINT('',(0.0008,6.63309442341718E-20,0.000552999999999849));
#11934=CARTESIAN_POINT('',(0.000800000000000028,-7.E-5,0.000752999999999972));
#11935=CARTESIAN_POINT('',(0.000993875793553,-7.E-5,0.000753));
#11936=CARTESIAN_POINT('',(0.0008,-7.E-5,0.000559124206447));
#11937=CARTESIAN_POINT('',(0.00080000000000005,-7.E-5,0.00075299999999995));
#11938=CARTESIAN_POINT('',(-0.0008,-7.E-5,0.000753000000000396));
#11939=CARTESIAN_POINT('',(-0.0008,-1.18957071143656E-19,0.00075299999999987));
#11940=CARTESIAN_POINT('',(-0.0008,-1.03263222305288E-19,0.000552999999999849));
#11941=CARTESIAN_POINT('',(-0.000799999999999972,-7.E-5,0.000752999999999972));
#11942=CARTESIAN_POINT('',(-0.000606124206447,-7.E-5,0.000753));
#11943=CARTESIAN_POINT('',(-0.0008,-7.E-5,0.000559124206447));
#11944=CARTESIAN_POINT('',(-0.00079999999999995,-7.E-5,0.00075299999999995));
#11945=CARTESIAN_POINT('',(0.000711129016667,-0.00015,-0.000702015308437127));
#11946=CARTESIAN_POINT('',(0.000711129016667,-0.0001,-0.000702015308437127));
#11947=CARTESIAN_POINT('',(0.000711129016667,-0.0001,-0.000452015308437148));
#11948=CARTESIAN_POINT('',(0.000711129016667,-0.00015,-0.000702015308437127));
#11949=CARTESIAN_POINT('',(0.000711129016667,-0.00015,-0.000452015308437148));
#11950=CARTESIAN_POINT('',(0.00265625,-0.000525,0.001725));
#11951=CARTESIAN_POINT('',(0.002628125,-0.000525,0.001725));
#11952=CARTESIAN_POINT('',(0.00265625,-0.000525,0.001725));
#11953=CARTESIAN_POINT('',(0.0026,-0.000525,0.001725));
#11954=CARTESIAN_POINT('',(0.002628125,-0.0005625,0.001725));
#11955=CARTESIAN_POINT('',(0.0026,-0.0006,0.001725));
#11956=CARTESIAN_POINT('',(0.002575,-0.0006,0.001725));
#11957=CARTESIAN_POINT('',(0.00255,-0.0006,0.001725));
#11958=CARTESIAN_POINT('',(0.00255,-0.0005875,0.001725));
#11959=CARTESIAN_POINT('',(0.00255,-0.000575,0.001725));
#11960=CARTESIAN_POINT('',(0.002575,-0.00055,0.001725));
#11961=CARTESIAN_POINT('',(0.00255,-0.000525,0.000625));
#11962=CARTESIAN_POINT('',(0.002628125,-0.000525,0.000625));
#11963=CARTESIAN_POINT('',(0.00265625,-0.000525,0.000625));
#11964=CARTESIAN_POINT('',(0.0026,-0.000525,0.000625));
#11965=CARTESIAN_POINT('',(0.002575,-0.00055,0.000625));
#11966=CARTESIAN_POINT('',(0.00255,-0.000575,0.000625));
#11967=CARTESIAN_POINT('',(0.00255,-0.0005875,0.000625));
#11968=CARTESIAN_POINT('',(0.00255,-0.0006,0.000625));
#11969=CARTESIAN_POINT('',(0.002575,-0.0006,0.000625));
#11970=CARTESIAN_POINT('',(0.0026,-0.0006,0.000625));
#11971=CARTESIAN_POINT('',(0.002628125,-0.0005625,0.000625));
#11972=CARTESIAN_POINT('',(0.00275,-0.000375,0.001675));
#11973=CARTESIAN_POINT('',(0.00266,-0.00045,0.001675));
#11974=CARTESIAN_POINT('',(0.00266,-0.000525,0.001675));
#11975=CARTESIAN_POINT('',(0.00266,-0.000375,0.001675));
#11976=CARTESIAN_POINT('',(0.0026534122918275,-0.000525,0.001675));
#11977=CARTESIAN_POINT('',(0.002646824583655,-0.000525,0.001675));
#11978=CARTESIAN_POINT('',(0.00254999999999994,-0.000500000000000164,0.001675));
#11979=CARTESIAN_POINT('',(0.00255,-0.0006,0.001675));
#11980=CARTESIAN_POINT('',(0.00254,-0.0006,0.001675));
#11981=CARTESIAN_POINT('',(0.00253,-0.0006,0.001675));
#11982=CARTESIAN_POINT('',(0.00253,-0.00065,0.001675));
#11983=CARTESIAN_POINT('',(0.00253,-0.0007,0.001675));
#11984=CARTESIAN_POINT('',(0.00254,-0.0007,0.001675));
#11985=CARTESIAN_POINT('',(0.00255,-0.0007,0.001675));
#11986=CARTESIAN_POINT('',(0.00255000000000005,-0.000500000000000052,0.001675));
#11987=CARTESIAN_POINT('',(0.00275,-0.0005,0.001675));
#11988=CARTESIAN_POINT('',(0.00275,-0.0004375,0.001675));
#11989=CARTESIAN_POINT('',(0.00275,-0.000375,0.001675));
#11990=CARTESIAN_POINT('',(0.002705,-0.000375,0.001675));
#11991=CARTESIAN_POINT('',(0.00253,-0.000375,0.000675));
#11992=CARTESIAN_POINT('',(0.00254999999999994,-0.000500000000000164,0.000675));
#11993=CARTESIAN_POINT('',(0.00255,-0.0006,0.000675));
#11994=CARTESIAN_POINT('',(0.002646824583655,-0.000525,0.000675));
#11995=CARTESIAN_POINT('',(0.0026534122918275,-0.000525,0.000675));
#11996=CARTESIAN_POINT('',(0.00266,-0.000525,0.000675));
#11997=CARTESIAN_POINT('',(0.00266,-0.00045,0.000675));
#11998=CARTESIAN_POINT('',(0.00266,-0.000375,0.000675));
#11999=CARTESIAN_POINT('',(0.002705,-0.000375,0.000675));
#12000=CARTESIAN_POINT('',(0.00275,-0.000375,0.000675));
#12001=CARTESIAN_POINT('',(0.00275,-0.0004375,0.000675));
#12002=CARTESIAN_POINT('',(0.00275,-0.0005,0.000675));
#12003=CARTESIAN_POINT('',(0.00255000000000005,-0.000500000000000052,0.000675));
#12004=CARTESIAN_POINT('',(0.00255,-0.0007,0.000675));
#12005=CARTESIAN_POINT('',(0.00254,-0.0007,0.000675));
#12006=CARTESIAN_POINT('',(0.00253,-0.0007,0.000675));
#12007=CARTESIAN_POINT('',(0.00253,-0.00065,0.000675));
#12008=CARTESIAN_POINT('',(0.00253,-0.0006,0.000675));
#12009=CARTESIAN_POINT('',(0.00254,-0.0006,0.000675));
#12010=CARTESIAN_POINT('',(0.003102459016393,4.E-5,0.001375));
#12011=CARTESIAN_POINT('',(0.002657715838526,-7.E-5,0.001375));
#12012=CARTESIAN_POINT('',(0.00266,-7.E-5,0.001375));
#12013=CARTESIAN_POINT('',(0.002655431677052,-7.E-5,0.001375));
#12014=CARTESIAN_POINT('',(0.00266,-0.000170207147506,0.001375));
#12015=CARTESIAN_POINT('',(0.00266,-0.000270414295012,0.001375));
#12016=CARTESIAN_POINT('',(0.002705,-0.000270414295013,0.001375));
#12017=CARTESIAN_POINT('',(0.00275,-0.000270414295012,0.001375));
#12018=CARTESIAN_POINT('',(0.00275,-0.000190207147506,0.001375));
#12019=CARTESIAN_POINT('',(0.00275,-0.00011,0.001375));
#12020=CARTESIAN_POINT('',(0.00280000000000019,-0.000110000000000158,0.001375));
#12021=CARTESIAN_POINT('',(0.002809016393443,-6.081967213115E-5,0.001375));
#12022=CARTESIAN_POINT('',(0.0029467213114755,-8.6065573770575E-5,0.001375));
#12023=CARTESIAN_POINT('',(0.003084426229508,-0.00011131147541,0.001375));
#12024=CARTESIAN_POINT('',(0.0030934426229505,-6.2131147541065E-5,0.001375));
#12025=CARTESIAN_POINT('',(0.003102459016393,-1.295081967213E-5,0.001375));
#12026=CARTESIAN_POINT('',(0.0029647540983605,1.2295081967215E-5,0.001375));
#12027=CARTESIAN_POINT('',(0.002827049180328,3.754098360656E-5,0.001375));
#12028=CARTESIAN_POINT('',(0.0028,-0.000109999999999976,0.001375));
#12029=CARTESIAN_POINT('',(0.003102459016393,-0.000270414294979,0.000975));
#12030=CARTESIAN_POINT('',(0.002657715838526,-7.E-5,0.000975));
#12031=CARTESIAN_POINT('',(0.002655431677052,-7.E-5,0.000975));
#12032=CARTESIAN_POINT('',(0.00266,-7.E-5,0.000975));
#12033=CARTESIAN_POINT('',(0.0028,-0.000109999999999975,0.000975));
#12034=CARTESIAN_POINT('',(0.002827049180328,3.754098360656E-5,0.000975));
#12035=CARTESIAN_POINT('',(0.0029647540983605,1.2295081967215E-5,0.000975));
#12036=CARTESIAN_POINT('',(0.003102459016393,-1.295081967213E-5,0.000975));
#12037=CARTESIAN_POINT('',(0.0030934426229505,-6.2131147541065E-5,0.000975));
#12038=CARTESIAN_POINT('',(0.003084426229508,-0.00011131147541,0.000975));
#12039=CARTESIAN_POINT('',(0.0029467213114755,-8.6065573770575E-5,0.000975));
#12040=CARTESIAN_POINT('',(0.002809016393443,-6.081967213115E-5,0.000975));
#12041=CARTESIAN_POINT('',(0.00280000000000019,-0.000110000000000157,0.000975));
#12042=CARTESIAN_POINT('',(0.00275,-0.00011,0.000975));
#12043=CARTESIAN_POINT('',(0.00275,-0.0001902071474895,0.000975));
#12044=CARTESIAN_POINT('',(0.00275,-0.000270414294979,0.000975));
#12045=CARTESIAN_POINT('',(0.002705,-0.000270414294979,0.000975));
#12046=CARTESIAN_POINT('',(0.00266,-0.000270414294979,0.000975));
#12047=CARTESIAN_POINT('',(0.00266,-0.0001702071474895,0.000975));
#12048=CARTESIAN_POINT('',(0.00265,-0.000295,0.000225));
#12049=CARTESIAN_POINT('',(0.00265,-0.000374999999999333,0.000574999999998658));
#12050=CARTESIAN_POINT('',(0.00265,-0.000288397459622,0.000625));
#12051=CARTESIAN_POINT('',(0.00265,-0.000275522482636,0.000564791006945));
#12052=CARTESIAN_POINT('',(0.00265,-0.000189198729811,0.000625));
#12053=CARTESIAN_POINT('',(0.00265,-9.E-5,0.000625));
#12054=CARTESIAN_POINT('',(0.00265,-9.E-5,0.000425));
#12055=CARTESIAN_POINT('',(0.00265,-9.E-5,0.000225));
#12056=CARTESIAN_POINT('',(0.00265,-0.0001825,0.000225));
#12057=CARTESIAN_POINT('',(0.00265,-0.000275,0.000225));
#12058=CARTESIAN_POINT('',(0.00265,-0.000285,0.0003));
#12059=CARTESIAN_POINT('',(0.00265,-0.000295,0.000375));
#12060=CARTESIAN_POINT('',(0.00265,-0.000285261241318,0.0004698955034725));
#12061=CARTESIAN_POINT('',(0.00265,-0.000295,0.001725));
#12062=CARTESIAN_POINT('',(0.00265,-9.E-5,0.001925));
#12063=CARTESIAN_POINT('',(0.00265,-9.E-5,0.002125));
#12064=CARTESIAN_POINT('',(0.00265,-9.E-5,0.001725));
#12065=CARTESIAN_POINT('',(0.00265,-0.000189198729811,0.001725));
#12066=CARTESIAN_POINT('',(0.00265,-0.000288397459622,0.001725));
#12067=CARTESIAN_POINT('',(0.00265,-0.000374999999999336,0.00177500000000135));
#12068=CARTESIAN_POINT('',(0.00265,-0.000275522482636,0.001785208993055));
#12069=CARTESIAN_POINT('',(0.00265,-0.000285261241318,0.0018801044965275));
#12070=CARTESIAN_POINT('',(0.00265,-0.000295,0.001975));
#12071=CARTESIAN_POINT('',(0.00265,-0.000285,0.00205));
#12072=CARTESIAN_POINT('',(0.00265,-0.000275,0.002125));
#12073=CARTESIAN_POINT('',(0.00265,-0.0001825,0.002125));
#12074=CARTESIAN_POINT('',(0.00265,-0.0005,0.00097370223517));
#12075=CARTESIAN_POINT('',(0.00265,-0.0004599718580015,0.0013499296450035));
#12076=CARTESIAN_POINT('',(0.00265,-0.00048,0.0014));
#12077=CARTESIAN_POINT('',(0.00265,-0.000439943716003,0.001299859290007));
#12078=CARTESIAN_POINT('',(0.00265,-0.000439943716003,0.0011754515336115));
#12079=CARTESIAN_POINT('',(0.00265,-0.000439943716003,0.001051043777216));
#12080=CARTESIAN_POINT('',(0.00265,-0.000519956570672832,0.0010510476593139));
#12081=CARTESIAN_POINT('',(0.00265,-0.000499798626112543,0.000973795069929427));
#12082=CARTESIAN_POINT('',(0.00265,-0.0005,0.00118569037749849));
#12083=CARTESIAN_POINT('',(0.00265,-0.0005,0.0014));
#12084=CARTESIAN_POINT('',(0.00265,-0.00049,0.0014));
#12085=CARTESIAN_POINT('',(0.00269,-5.E-5,0.000225));
#12086=CARTESIAN_POINT('',(0.002655,-8.5E-5,0.000625));
#12087=CARTESIAN_POINT('',(0.00266,-8.E-5,0.000625));
#12088=CARTESIAN_POINT('',(0.00266,-8.E-5,0.0006509807621135));
#12089=CARTESIAN_POINT('',(0.00266,-8.E-5,0.000676961524227));
#12090=CARTESIAN_POINT('',(0.002675,-6.5E-5,0.0006509807621135));
#12091=CARTESIAN_POINT('',(0.00269,-5.E-5,0.000625));
#12092=CARTESIAN_POINT('',(0.00269,-5.E-5,0.000425));
#12093=CARTESIAN_POINT('',(0.00269,-5.E-5,0.000225));
#12094=CARTESIAN_POINT('',(0.00267,-7.E-5,0.000225));
#12095=CARTESIAN_POINT('',(0.00269,-5.E-5,0.001673038475773));
#12096=CARTESIAN_POINT('',(0.00266,-8.E-5,0.0016990192378865));
#12097=CARTESIAN_POINT('',(0.00266,-8.E-5,0.001725));
#12098=CARTESIAN_POINT('',(0.00266,-8.E-5,0.001673038475773));
#12099=CARTESIAN_POINT('',(0.002655,-8.5E-5,0.001725));
#12100=CARTESIAN_POINT('',(0.00267,-7.E-5,0.002125));
#12101=CARTESIAN_POINT('',(0.00269,-5.E-5,0.002125));
#12102=CARTESIAN_POINT('',(0.00269,-5.E-5,0.001925));
#12103=CARTESIAN_POINT('',(0.00269,-5.E-5,0.001725));
#12104=CARTESIAN_POINT('',(0.002675,-6.4999999999995E-5,0.0016990192378865));
#12105=CARTESIAN_POINT('',(0.00280000000000022,-0.000109999999999861,0.001375));
#12106=CARTESIAN_POINT('',(0.002655431677052,-7.E-5,0.001175));
#12107=CARTESIAN_POINT('',(0.002827049180328,3.754098360656E-5,0.001175));
#12108=CARTESIAN_POINT('',(0.00255,-0.00050000000000097,0.001675));
#12109=CARTESIAN_POINT('',(0.00264999970303862,-0.000499756295162784,0.000973632744153818));
#12110=CARTESIAN_POINT('',(0.0026500139713219,-0.000505611017214669,0.000972105936755711));
#12111=CARTESIAN_POINT('',(0.00264951305257638,-0.000511591794042306,0.000971254421408875));
#12112=CARTESIAN_POINT('',(0.00264843951804354,-0.00051759719543709,0.00097107819811331));
#12113=CARTESIAN_POINT('',(0.00264847904225082,-0.000517602807802076,0.00097102868084118));
#12114=CARTESIAN_POINT('',(0.00254993536213963,-0.000500000496863669,0.000971538585217896));
#12115=CARTESIAN_POINT('',(0.002646824583655,-0.000525,0.000970883950361));
#12116=CARTESIAN_POINT('',(0.002646824583655,-0.000525,0.0008229419751805));
#12117=CARTESIAN_POINT('',(0.00255,-0.0006,0.000825));
#12118=CARTESIAN_POINT('',(0.00255,-0.0006,0.000975));
#12119=CARTESIAN_POINT('',(0.0025500000000002,-0.000500000000001109,0.000975));
#12120=CARTESIAN_POINT('',(0.002636602540378,-0.00055,0.000975));
#12121=CARTESIAN_POINT('',(0.002636602540378,-0.00055,0.001175));
#12122=CARTESIAN_POINT('',(0.002636602540378,-0.00055,0.001375));
#12123=CARTESIAN_POINT('',(0.0025500000000002,-0.000500000000001105,0.001375));
#12124=CARTESIAN_POINT('',(0.00255,-0.0006,0.001375));
#12125=CARTESIAN_POINT('',(0.00255,-0.0006,0.001525));
#12126=CARTESIAN_POINT('',(0.002646824583655,-0.000525,0.0015375));
#12127=CARTESIAN_POINT('',(0.002646824583655,-0.000525,0.0014));
#12128=CARTESIAN_POINT('',(0.00255000000000368,-0.000499999999999749,0.0014));
#12129=CARTESIAN_POINT('',(0.00265,-0.000375,0.000574999999998822));
#12130=CARTESIAN_POINT('',(0.002655,-0.000288397459622,0.000625));
#12131=CARTESIAN_POINT('',(0.00266,-0.000288397459622,0.000625));
#12132=CARTESIAN_POINT('',(0.0027,-0.000275522482636,0.000564791006945));
#12133=CARTESIAN_POINT('',(0.00275,-0.000275522482636,0.000564791006945));
#12134=CARTESIAN_POINT('',(0.00275,-0.000375000000000512,0.000574999999999075));
#12135=CARTESIAN_POINT('',(0.00266,-0.000374999999999803,0.00057500000000111));
#12136=CARTESIAN_POINT('',(0.00265,-0.000375,0.00177500000000118));
#12137=CARTESIAN_POINT('',(0.002655,-0.000288397459622,0.001725));
#12138=CARTESIAN_POINT('',(0.00266,-0.000288397459622,0.001725));
#12139=CARTESIAN_POINT('',(0.00266,-0.000374999999999803,0.00177499999999889));
#12140=CARTESIAN_POINT('',(0.00275,-0.000375000000000511,0.00177500000000093));
#12141=CARTESIAN_POINT('',(0.00275,-0.000275522482636,0.001785208993055));
#12142=CARTESIAN_POINT('',(0.0027,-0.000275522482636,0.001785208993055));
#12143=CARTESIAN_POINT('',(-0.00265625,-0.000525,0.000625));
#12144=CARTESIAN_POINT('',(-0.002628125,-0.000525,0.000625));
#12145=CARTESIAN_POINT('',(-0.00265625,-0.000525,0.000625));
#12146=CARTESIAN_POINT('',(-0.0026,-0.000525,0.000625));
#12147=CARTESIAN_POINT('',(-0.002628125,-0.0005625,0.000625));
#12148=CARTESIAN_POINT('',(-0.0026,-0.0006,0.000625));
#12149=CARTESIAN_POINT('',(-0.002575,-0.0006,0.000625));
#12150=CARTESIAN_POINT('',(-0.00255,-0.0006,0.000625));
#12151=CARTESIAN_POINT('',(-0.00255,-0.0005875,0.000625));
#12152=CARTESIAN_POINT('',(-0.00255,-0.000575,0.000625));
#12153=CARTESIAN_POINT('',(-0.002575,-0.00055,0.000625));
#12154=CARTESIAN_POINT('',(-0.00255,-0.000525,0.001725));
#12155=CARTESIAN_POINT('',(-0.002628125,-0.000525,0.001725));
#12156=CARTESIAN_POINT('',(-0.00265625,-0.000525,0.001725));
#12157=CARTESIAN_POINT('',(-0.0026,-0.000525,0.001725));
#12158=CARTESIAN_POINT('',(-0.002575,-0.00055,0.001725));
#12159=CARTESIAN_POINT('',(-0.00255,-0.000575,0.001725));
#12160=CARTESIAN_POINT('',(-0.00255,-0.0005875,0.001725));
#12161=CARTESIAN_POINT('',(-0.00255,-0.0006,0.001725));
#12162=CARTESIAN_POINT('',(-0.002575,-0.0006,0.001725));
#12163=CARTESIAN_POINT('',(-0.0026,-0.0006,0.001725));
#12164=CARTESIAN_POINT('',(-0.002628125,-0.0005625,0.001725));
#12165=CARTESIAN_POINT('',(-0.00275,-0.000375,0.000675));
#12166=CARTESIAN_POINT('',(-0.00266,-0.00045,0.000675));
#12167=CARTESIAN_POINT('',(-0.00266,-0.000525,0.000675));
#12168=CARTESIAN_POINT('',(-0.00266,-0.000375,0.000675));
#12169=CARTESIAN_POINT('',(-0.0026534122918275,-0.000525,0.000675));
#12170=CARTESIAN_POINT('',(-0.002646824583655,-0.000525,0.000675));
#12171=CARTESIAN_POINT('',(-0.00254999999999994,-0.000500000000000163,0.000675));
#12172=CARTESIAN_POINT('',(-0.00255,-0.0006,0.000675));
#12173=CARTESIAN_POINT('',(-0.00254,-0.0006,0.000675));
#12174=CARTESIAN_POINT('',(-0.00253,-0.0006,0.000675));
#12175=CARTESIAN_POINT('',(-0.00253,-0.00065,0.000675));
#12176=CARTESIAN_POINT('',(-0.00253,-0.0007,0.000675));
#12177=CARTESIAN_POINT('',(-0.00254,-0.0007,0.000675));
#12178=CARTESIAN_POINT('',(-0.00255,-0.0007,0.000675));
#12179=CARTESIAN_POINT('',(-0.00255000000000006,-0.000500000000000053,0.000675));
#12180=CARTESIAN_POINT('',(-0.00275,-0.0005,0.000675));
#12181=CARTESIAN_POINT('',(-0.00275,-0.0004375,0.000675));
#12182=CARTESIAN_POINT('',(-0.00275,-0.000375,0.000675));
#12183=CARTESIAN_POINT('',(-0.002705,-0.000375,0.000675));
#12184=CARTESIAN_POINT('',(-0.00253,-0.000375,0.001675));
#12185=CARTESIAN_POINT('',(-0.00254999999999994,-0.000500000000000163,0.001675));
#12186=CARTESIAN_POINT('',(-0.00255,-0.0006,0.001675));
#12187=CARTESIAN_POINT('',(-0.002646824583655,-0.000525,0.001675));
#12188=CARTESIAN_POINT('',(-0.0026534122918275,-0.000525,0.001675));
#12189=CARTESIAN_POINT('',(-0.00266,-0.000525,0.001675));
#12190=CARTESIAN_POINT('',(-0.00266,-0.00045,0.001675));
#12191=CARTESIAN_POINT('',(-0.00266,-0.000375,0.001675));
#12192=CARTESIAN_POINT('',(-0.002705,-0.000375,0.001675));
#12193=CARTESIAN_POINT('',(-0.00275,-0.000375,0.001675));
#12194=CARTESIAN_POINT('',(-0.00275,-0.0004375,0.001675));
#12195=CARTESIAN_POINT('',(-0.00275,-0.0005,0.001675));
#12196=CARTESIAN_POINT('',(-0.00255000000000006,-0.000500000000000053,0.001675));
#12197=CARTESIAN_POINT('',(-0.00255,-0.0007,0.001675));
#12198=CARTESIAN_POINT('',(-0.00254,-0.0007,0.001675));
#12199=CARTESIAN_POINT('',(-0.00253,-0.0007,0.001675));
#12200=CARTESIAN_POINT('',(-0.00253,-0.00065,0.001675));
#12201=CARTESIAN_POINT('',(-0.00253,-0.0006,0.001675));
#12202=CARTESIAN_POINT('',(-0.00254,-0.0006,0.001675));
#12203=CARTESIAN_POINT('',(-0.002655431677052,-0.000270414294979,0.000975));
#12204=CARTESIAN_POINT('',(-0.0028,-0.000109999999999976,0.000975));
#12205=CARTESIAN_POINT('',(-0.002827049180328,3.754098360656E-5,0.000975));
#12206=CARTESIAN_POINT('',(-0.002655431677052,-7.E-5,0.000975));
#12207=CARTESIAN_POINT('',(-0.002657715838526,-7.E-5,0.000975));
#12208=CARTESIAN_POINT('',(-0.00266,-7.E-5,0.000975));
#12209=CARTESIAN_POINT('',(-0.00266,-0.0001702071474895,0.000975));
#12210=CARTESIAN_POINT('',(-0.00266,-0.000270414294979,0.000975));
#12211=CARTESIAN_POINT('',(-0.002705,-0.000270414294979,0.000975));
#12212=CARTESIAN_POINT('',(-0.00275,-0.000270414294979,0.000975));
#12213=CARTESIAN_POINT('',(-0.00275,-0.0001902071474895,0.000975));
#12214=CARTESIAN_POINT('',(-0.00275,-0.00011,0.000975));
#12215=CARTESIAN_POINT('',(-0.00280000000000019,-0.000110000000000158,0.000975));
#12216=CARTESIAN_POINT('',(-0.002809016393443,-6.081967213115E-5,0.000975));
#12217=CARTESIAN_POINT('',(-0.0029467213114755,-8.6065573770575E-5,0.000975));
#12218=CARTESIAN_POINT('',(-0.003084426229508,-0.00011131147541,0.000975));
#12219=CARTESIAN_POINT('',(-0.0030934426229505,-6.2131147541065E-5,0.000975));
#12220=CARTESIAN_POINT('',(-0.003102459016393,-1.295081967213E-5,0.000975));
#12221=CARTESIAN_POINT('',(-0.0029647540983605,1.2295081967215E-5,0.000975));
#12222=CARTESIAN_POINT('',(-0.002655431677052,4.E-5,0.001375));
#12223=CARTESIAN_POINT('',(-0.00266,-0.000170207147506,0.001375));
#12224=CARTESIAN_POINT('',(-0.00266,-7.E-5,0.001375));
#12225=CARTESIAN_POINT('',(-0.00266,-0.000270414295012,0.001375));
#12226=CARTESIAN_POINT('',(-0.002657715838526,-7.E-5,0.001375));
#12227=CARTESIAN_POINT('',(-0.002655431677052,-7.E-5,0.001375));
#12228=CARTESIAN_POINT('',(-0.0028,-0.000109999999999976,0.001375));
#12229=CARTESIAN_POINT('',(-0.002827049180328,3.754098360656E-5,0.001375));
#12230=CARTESIAN_POINT('',(-0.0029647540983605,1.2295081967215E-5,0.001375));
#12231=CARTESIAN_POINT('',(-0.003102459016393,-1.295081967213E-5,0.001375));
#12232=CARTESIAN_POINT('',(-0.0030934426229505,-6.2131147541065E-5,0.001375));
#12233=CARTESIAN_POINT('',(-0.003084426229508,-0.00011131147541,0.001375));
#12234=CARTESIAN_POINT('',(-0.0029467213114755,-8.6065573770575E-5,0.001375));
#12235=CARTESIAN_POINT('',(-0.002809016393443,-6.081967213115E-5,0.001375));
#12236=CARTESIAN_POINT('',(-0.00280000000000019,-0.000110000000000156,0.001375));
#12237=CARTESIAN_POINT('',(-0.00275,-0.00011,0.001375));
#12238=CARTESIAN_POINT('',(-0.00275,-0.000190207147506,0.001375));
#12239=CARTESIAN_POINT('',(-0.00275,-0.000270414295012,0.001375));
#12240=CARTESIAN_POINT('',(-0.002705,-0.000270414295013,0.001375));
#12241=CARTESIAN_POINT('',(-0.00265,-9.E-5,0.001725));
#12242=CARTESIAN_POINT('',(-0.00265,-0.000374999999999335,0.00177500000000135));
#12243=CARTESIAN_POINT('',(-0.00265,-0.000288397459622,0.001725));
#12244=CARTESIAN_POINT('',(-0.00265,-0.000275522482636,0.001785208993055));
#12245=CARTESIAN_POINT('',(-0.00265,-0.000189198729811,0.001725));
#12246=CARTESIAN_POINT('',(-0.00265,-9.E-5,0.001725));
#12247=CARTESIAN_POINT('',(-0.00265,-9.E-5,0.001925));
#12248=CARTESIAN_POINT('',(-0.00265,-9.E-5,0.002125));
#12249=CARTESIAN_POINT('',(-0.00265,-0.0001825,0.002125));
#12250=CARTESIAN_POINT('',(-0.00265,-0.000275,0.002125));
#12251=CARTESIAN_POINT('',(-0.00265,-0.000285,0.00205));
#12252=CARTESIAN_POINT('',(-0.00265,-0.000295,0.001975));
#12253=CARTESIAN_POINT('',(-0.00265,-0.000285261241318,0.0018801044965275));
#12254=CARTESIAN_POINT('',(-0.00265,-9.E-5,0.000225));
#12255=CARTESIAN_POINT('',(-0.00265,-9.E-5,0.000425));
#12256=CARTESIAN_POINT('',(-0.00265,-9.E-5,0.000225));
#12257=CARTESIAN_POINT('',(-0.00265,-9.E-5,0.000625));
#12258=CARTESIAN_POINT('',(-0.00265,-0.000189198729811,0.000625));
#12259=CARTESIAN_POINT('',(-0.00265,-0.000288397459622,0.000625));
#12260=CARTESIAN_POINT('',(-0.00265,-0.000374999999999333,0.000574999999998658));
#12261=CARTESIAN_POINT('',(-0.00265,-0.000275522482636,0.000564791006945));
#12262=CARTESIAN_POINT('',(-0.00265,-0.000285261241318,0.0004698955034725));
#12263=CARTESIAN_POINT('',(-0.00265,-0.000295,0.000375));
#12264=CARTESIAN_POINT('',(-0.00265,-0.000285,0.0003));
#12265=CARTESIAN_POINT('',(-0.00265,-0.000275,0.000225));
#12266=CARTESIAN_POINT('',(-0.00265,-0.0001825,0.000225));
#12267=CARTESIAN_POINT('',(-0.00265,-0.000439943716003,0.00097370223517));
#12268=CARTESIAN_POINT('',(-0.00265,-0.000519956570672746,0.00105104765931383));
#12269=CARTESIAN_POINT('',(-0.00265,-0.000499798626102683,0.000973795069841472));
#12270=CARTESIAN_POINT('',(-0.00265,-0.000439943716003,0.001051043777216));
#12271=CARTESIAN_POINT('',(-0.00265,-0.000439943716003,0.0011754515336115));
#12272=CARTESIAN_POINT('',(-0.00265,-0.000439943716003,0.001299859290007));
#12273=CARTESIAN_POINT('',(-0.00265,-0.0004599718580015,0.0013499296450035));
#12274=CARTESIAN_POINT('',(-0.00265,-0.00048,0.0014));
#12275=CARTESIAN_POINT('',(-0.00265,-0.00049,0.0014));
#12276=CARTESIAN_POINT('',(-0.00265,-0.0005,0.0014));
#12277=CARTESIAN_POINT('',(-0.00265,-0.0005,0.00118569037749849));
#12278=CARTESIAN_POINT('',(-0.00269,-5.E-5,0.000225));
#12279=CARTESIAN_POINT('',(-0.00266,-8.E-5,0.0006509807621135));
#12280=CARTESIAN_POINT('',(-0.00266,-8.E-5,0.000625));
#12281=CARTESIAN_POINT('',(-0.00266,-8.E-5,0.000676961524227));
#12282=CARTESIAN_POINT('',(-0.002655,-8.5E-5,0.000625));
#12283=CARTESIAN_POINT('',(-0.00267,-7.E-5,0.000225));
#12284=CARTESIAN_POINT('',(-0.00269,-5.E-5,0.000225));
#12285=CARTESIAN_POINT('',(-0.00269,-5.E-5,0.000425));
#12286=CARTESIAN_POINT('',(-0.00269,-5.E-5,0.000625));
#12287=CARTESIAN_POINT('',(-0.002675,-6.5E-5,0.0006509807621135));
#12288=CARTESIAN_POINT('',(-0.00269,-5.E-5,0.001673038475773));
#12289=CARTESIAN_POINT('',(-0.002655,-8.5E-5,0.001725));
#12290=CARTESIAN_POINT('',(-0.00266,-8.E-5,0.001725));
#12291=CARTESIAN_POINT('',(-0.00266,-8.E-5,0.0016990192378865));
#12292=CARTESIAN_POINT('',(-0.00266,-8.E-5,0.001673038475773));
#12293=CARTESIAN_POINT('',(-0.002675,-6.5E-5,0.0016990192378865));
#12294=CARTESIAN_POINT('',(-0.00269,-5.E-5,0.001725));
#12295=CARTESIAN_POINT('',(-0.00269,-5.E-5,0.001925));
#12296=CARTESIAN_POINT('',(-0.00269,-5.E-5,0.002125));
#12297=CARTESIAN_POINT('',(-0.00267,-7.E-5,0.002125));
#12298=CARTESIAN_POINT('',(-0.00280000000000022,-0.000109999999999861,0.001375));
#12299=CARTESIAN_POINT('',(-0.002655431677052,-7.E-5,0.001175));
#12300=CARTESIAN_POINT('',(-0.002827049180328,3.754098360656E-5,0.001175));
#12301=CARTESIAN_POINT('',(-0.00255,-0.000499999999999809,0.000675));
#12302=CARTESIAN_POINT('',(-0.00255000000000379,-0.000499999999999763,0.0014));
#12303=CARTESIAN_POINT('',(-0.002646824583655,-0.000525,0.0014));
#12304=CARTESIAN_POINT('',(-0.002646824583655,-0.000525,0.0015375));
#12305=CARTESIAN_POINT('',(-0.00255,-0.0006,0.001525));
#12306=CARTESIAN_POINT('',(-0.00255,-0.0006,0.001375));
#12307=CARTESIAN_POINT('',(-0.0025500000000002,-0.000500000000001107,0.001375));
#12308=CARTESIAN_POINT('',(-0.002636602540378,-0.00055,0.001375));
#12309=CARTESIAN_POINT('',(-0.002636602540378,-0.00055,0.001175));
#12310=CARTESIAN_POINT('',(-0.002636602540378,-0.00055,0.000975));
#12311=CARTESIAN_POINT('',(-0.0025500000000002,-0.000500000000001107,0.000975));
#12312=CARTESIAN_POINT('',(-0.00255,-0.0006,0.000975));
#12313=CARTESIAN_POINT('',(-0.00255,-0.0006,0.000825));
#12314=CARTESIAN_POINT('',(-0.002646824583655,-0.000525,0.0008229419751805));
#12315=CARTESIAN_POINT('',(-0.002646824583655,-0.000525,0.000970883950361));
#12316=CARTESIAN_POINT('',(-0.00254993536213939,-0.000500000496863619,0.000971538585217834));
#12317=CARTESIAN_POINT('',(-0.00264849619315935,-0.000517569705379706,0.000971015786736464));
#12318=CARTESIAN_POINT('',(-0.00264844569857976,-0.000517562586118451,0.000971079221186057));
#12319=CARTESIAN_POINT('',(-0.0026495149839912,-0.000511568790637573,0.000971257700330587));
#12320=CARTESIAN_POINT('',(-0.00265001394386694,-0.000505599751508414,0.000972108874652189));
#12321=CARTESIAN_POINT('',(-0.0026499997030395,-0.000499756295172904,0.000973632744150863));
#12322=CARTESIAN_POINT('',(-0.00275,-0.000375,0.000574999999998822));
#12323=CARTESIAN_POINT('',(-0.002655,-0.000288397459622,0.000625));
#12324=CARTESIAN_POINT('',(-0.00266,-0.000288397459622,0.000625));
#12325=CARTESIAN_POINT('',(-0.00266,-0.000374999999999803,0.00057500000000111));
#12326=CARTESIAN_POINT('',(-0.00275,-0.000375000000000512,0.000574999999999075));
#12327=CARTESIAN_POINT('',(-0.00275,-0.000275522482636,0.000564791006945));
#12328=CARTESIAN_POINT('',(-0.0027,-0.000275522482636,0.000564791006945));
#12329=CARTESIAN_POINT('',(-0.00275,-0.000375,0.00177500000000118));
#12330=CARTESIAN_POINT('',(-0.002655,-0.000288397459622,0.001725));
#12331=CARTESIAN_POINT('',(-0.00266,-0.000288397459622,0.001725));
#12332=CARTESIAN_POINT('',(-0.0027,-0.000275522482636,0.001785208993055));
#12333=CARTESIAN_POINT('',(-0.00275,-0.000275522482636,0.001785208993055));
#12334=CARTESIAN_POINT('',(-0.00275,-0.000375000000000512,0.00177500000000093));
#12335=CARTESIAN_POINT('',(-0.00266,-0.000374999999999803,0.00177499999999889));
#12336=CARTESIAN_POINT('',(0.001559987081017,-0.000175,0.0025));
#12337=CARTESIAN_POINT('',(-0.0013230600428665,-0.000175,0.0023834099113885));
#12338=CARTESIAN_POINT('',(-0.001474362823097,-0.000175,0.002470764612284));
#12339=CARTESIAN_POINT('',(-0.001171757262636,-0.000175,0.002296055210493));
#12340=CARTESIAN_POINT('',(-0.001164396285101,-0.000175,0.002296055210493));
#12341=CARTESIAN_POINT('',(-0.001157035307566,-0.000175,0.002296055210493));
#12342=CARTESIAN_POINT('',(-0.001157035307566,-0.000175,0.0022430276052465));
#12343=CARTESIAN_POINT('',(-0.001157035307566,-0.000175,0.00219));
#12344=CARTESIAN_POINT('',(0.,-0.000175,0.00219));
#12345=CARTESIAN_POINT('',(0.001157035307566,-0.000175,0.00219));
#12346=CARTESIAN_POINT('',(0.001157035307566,-0.000175,0.0022430276052465));
#12347=CARTESIAN_POINT('',(0.001157035307566,-0.000175,0.002296055210493));
#12348=CARTESIAN_POINT('',(0.001212186690185,-0.000175,0.002296055210493));
#12349=CARTESIAN_POINT('',(0.001267338072804,-0.000175,0.002296055210493));
#12350=CARTESIAN_POINT('',(0.001389519597375,-0.000175,0.0023579944555885));
#12351=CARTESIAN_POINT('',(0.001511701121946,-0.000175,0.002419933700684));
#12352=CARTESIAN_POINT('',(0.001526909018974,-0.000175,0.0024071730514535));
#12353=CARTESIAN_POINT('',(0.001542116916002,-0.000175,0.002394412402223));
#12354=CARTESIAN_POINT('',(0.0015510519985095,-0.000175,0.002394412402223));
#12355=CARTESIAN_POINT('',(0.001559987081017,-0.000175,0.002394412402223));
#12356=CARTESIAN_POINT('',(0.0015049935405085,-0.000175,0.0024472062011115));
#12357=CARTESIAN_POINT('',(0.00145,-0.000175,0.0025));
#12358=CARTESIAN_POINT('',(0.,-0.000175,0.0025));
#12359=CARTESIAN_POINT('',(-0.00145,-0.000175,0.0025));
#12360=CARTESIAN_POINT('',(-0.0014621814115485,-0.000175,0.002485382306142));
#12361=CARTESIAN_POINT('',(-0.001171757262636,-0.0006,0.002296055210493));
#12362=CARTESIAN_POINT('',(-0.001171757262636,-0.0003875,0.002296055210493));
#12363=CARTESIAN_POINT('',(-0.001171757262636,-0.0006,0.002296055210493));
#12364=CARTESIAN_POINT('',(-0.001164396285101,-0.0006,0.002296055210493));
#12365=CARTESIAN_POINT('',(-0.001157035307566,-0.0006,0.002296055210493));
#12366=CARTESIAN_POINT('',(-0.001157035307566,-0.0003875,0.002296055210493));
#12367=CARTESIAN_POINT('',(-0.001542116916002,-0.0007,0.002394412402223));
#12368=CARTESIAN_POINT('',(-0.001542116916002,-0.0004375,0.002394412402223));
#12369=CARTESIAN_POINT('',(-0.001542116916002,-0.0007,0.002394412402223));
#12370=CARTESIAN_POINT('',(-0.001542116916002,-0.000175,0.002394412402223));
#12371=CARTESIAN_POINT('',(-0.0015469559176225,-0.000175,0.0023903520905185));
#12372=CARTESIAN_POINT('',(-0.001551794919243,-0.000175,0.002386291778814));
#12373=CARTESIAN_POINT('',(-0.001551794919243,-0.0004375,0.002386291778814));
#12374=CARTESIAN_POINT('',(-0.001551794919243,-0.0007,0.002386291778814));
#12375=CARTESIAN_POINT('',(-0.0015469559176225,-0.0007,0.0023903520905185));
#12376=CARTESIAN_POINT('',(-0.00175,-5.E-5,0.0024));
#12377=CARTESIAN_POINT('',(-0.001675,-0.000125,0.0024));
#12378=CARTESIAN_POINT('',(-0.00175,-5.E-5,0.0024));
#12379=CARTESIAN_POINT('',(-0.0016,-0.0002,0.0024));
#12380=CARTESIAN_POINT('',(-0.0016,-0.0001875,0.0024));
#12381=CARTESIAN_POINT('',(-0.0016,-0.000175,0.0024));
#12382=CARTESIAN_POINT('',(-0.0015758974596215,-0.000175,0.0024));
#12383=CARTESIAN_POINT('',(-0.001551794919243,-0.000175,0.0024));
#12384=CARTESIAN_POINT('',(-0.001551794919243,-0.0001125,0.0024));
#12385=CARTESIAN_POINT('',(-0.001551794919243,-5.E-5,0.0024));
#12386=CARTESIAN_POINT('',(-0.0016508974596215,-5.E-5,0.0024));
#12387=CARTESIAN_POINT('',(-0.001157035307566,-0.0006,0.00219));
#12388=CARTESIAN_POINT('',(0.0011457548593665,-0.0006,0.00219));
#12389=CARTESIAN_POINT('',(0.001134474411167,-0.0006,0.00219));
#12390=CARTESIAN_POINT('',(0.001157035307566,-0.0006,0.00219));
#12391=CARTESIAN_POINT('',(0.001157035307566,-0.0003875,0.00219));
#12392=CARTESIAN_POINT('',(-0.001157035307566,-0.0003875,0.00219));
#12393=CARTESIAN_POINT('',(-0.001157035307566,-0.0006,0.00219));
#12394=CARTESIAN_POINT('',(-0.0011457548593665,-0.0006,0.00219));
#12395=CARTESIAN_POINT('',(-0.001134474411167,-0.0006,0.00219));
#12396=CARTESIAN_POINT('',(-0.001134474411167,-0.0004,0.00219));
#12397=CARTESIAN_POINT('',(-0.001134474411167,-0.0002,0.00219));
#12398=CARTESIAN_POINT('',(0.,-0.0002,0.00219));
#12399=CARTESIAN_POINT('',(0.001134474411167,-0.0002,0.00219));
#12400=CARTESIAN_POINT('',(0.001134474411167,-0.0004,0.00219));
#12401=CARTESIAN_POINT('',(0.001178589838486,-0.0006,0.0023));
#12402=CARTESIAN_POINT('',(-0.001175173550561,-0.0006,0.0022980276052465));
#12403=CARTESIAN_POINT('',(-0.001178589838486,-0.0006,0.0023));
#12404=CARTESIAN_POINT('',(0.,-0.0006,0.0023));
#12405=CARTESIAN_POINT('',(0.001178589838486,-0.0006,0.0023));
#12406=CARTESIAN_POINT('',(0.001175173550561,-0.0006,0.0022980276052465));
#12407=CARTESIAN_POINT('',(0.001171757262636,-0.0006,0.002296055210493));
#12408=CARTESIAN_POINT('',(0.001164396285101,-0.0006,0.002296055210493));
#12409=CARTESIAN_POINT('',(0.001157035307566,-0.0006,0.002296055210493));
#12410=CARTESIAN_POINT('',(0.001157035307566,-0.0006,0.0022930276052465));
#12411=CARTESIAN_POINT('',(0.001157035307566,-0.0006,0.00229));
#12412=CARTESIAN_POINT('',(0.,-0.0006,0.00229));
#12413=CARTESIAN_POINT('',(-0.001157035307566,-0.0006,0.00229));
#12414=CARTESIAN_POINT('',(-0.001157035307566,-0.0006,0.0022930276052465));
#12415=CARTESIAN_POINT('',(0.001157035307566,-0.0006,0.002191276559124));
#12416=CARTESIAN_POINT('',(0.00113447441116742,-0.000599999999999931,0.00238999999996268));
#12417=CARTESIAN_POINT('',(0.001157035307566,-0.0006,0.002191276559124));
#12418=CARTESIAN_POINT('',(0.001157035307566,-0.0006,0.002190638279562));
#12419=CARTESIAN_POINT('',(-0.001134474411167,-0.0006,0.002191276559124));
#12420=CARTESIAN_POINT('',(-0.001157035307566,-0.0006,0.002190638279562));
#12421=CARTESIAN_POINT('',(-0.001157035307566,-0.0006,0.002191276559124));
#12422=CARTESIAN_POINT('',(-0.00113447441116743,-0.0006,0.0023899999999624));
#12423=CARTESIAN_POINT('',(0.001178589838486,-0.0006,0.0023));
#12424=CARTESIAN_POINT('',(-0.001178589838486,-0.00065,0.0023));
#12425=CARTESIAN_POINT('',(-0.001178589838486,-0.0007,0.0023));
#12426=CARTESIAN_POINT('',(0.,-0.0007,0.0023));
#12427=CARTESIAN_POINT('',(0.001178589838486,-0.0007,0.0023));
#12428=CARTESIAN_POINT('',(0.001178589838486,-0.00065,0.0023));
#12429=CARTESIAN_POINT('',(-0.001157035307566,-0.0002,0.00229));
#12430=CARTESIAN_POINT('',(-0.001157035307566,-0.0004,0.00229));
#12431=CARTESIAN_POINT('',(-0.001157035307566,-0.0002,0.00229));
#12432=CARTESIAN_POINT('',(0.001157035307566,-0.0004,0.00229));
#12433=CARTESIAN_POINT('',(0.001157035307566,-0.0002,0.00229));
#12434=CARTESIAN_POINT('',(0.,-0.0002,0.00229));
#12435=CARTESIAN_POINT('',(0.001157035307566,-0.0002,0.00219));
#12436=CARTESIAN_POINT('',(-0.001157035307566,-0.0002,0.002240638279562));
#12437=CARTESIAN_POINT('',(-0.001157035307566,-0.0002,0.002191276559124));
#12438=CARTESIAN_POINT('',(0.001157035307566,-0.0002,0.002240638279562));
#12439=CARTESIAN_POINT('',(0.001157035307566,-0.0002,0.002191276559124));
#12440=CARTESIAN_POINT('',(0.00113447441116743,-0.000199999999999966,0.0023899999999624));
#12441=CARTESIAN_POINT('',(-0.00113447441116743,-0.000199999999999966,0.0023899999999624));
#12442=CARTESIAN_POINT('',(-0.001542116916002,-0.000175,0.002394412402223));
#12443=CARTESIAN_POINT('',(-0.0015469559176225,-0.0007,0.0023972062011115));
#12444=CARTESIAN_POINT('',(-0.001551794919243,-0.0007,0.0024));
#12445=CARTESIAN_POINT('',(-0.001551794919243,-0.0004375,0.0024));
#12446=CARTESIAN_POINT('',(-0.0015469559176225,-0.000175,0.0023972062011115));
#12447=CARTESIAN_POINT('',(-0.001478589838486,-0.000175,0.002473205080757));
#12448=CARTESIAN_POINT('',(-0.0014764763307915,-0.000175,0.0024719848465205));
#12449=CARTESIAN_POINT('',(-0.001478589838486,-0.000175,0.002473205080757));
#12450=CARTESIAN_POINT('',(-0.001478589838486,-0.0004375,0.002473205080757));
#12451=CARTESIAN_POINT('',(-0.001478589838486,-0.0007,0.002473205080757));
#12452=CARTESIAN_POINT('',(-0.001328589838486,-0.0007,0.0023866025403785));
#12453=CARTESIAN_POINT('',(-0.00113447441116701,-0.000200000000000009,0.00238999999996306));
#12454=CARTESIAN_POINT('',(-0.001157035307566,-0.0004,0.002191276559124));
#12455=CARTESIAN_POINT('',(-0.00275,-4.373838090488E-19,0.00235));
#12456=CARTESIAN_POINT('',(-0.002179192906912,-0.000167,0.00235));
#12457=CARTESIAN_POINT('',(-0.002179192906912,-0.000284,0.00235));
#12458=CARTESIAN_POINT('',(-0.002179192906912,-5.E-5,0.00235));
#12459=CARTESIAN_POINT('',(-0.001877096453456,-5.E-5,0.00235));
#12460=CARTESIAN_POINT('',(-0.001575,-5.E-5,0.00235));
#12461=CARTESIAN_POINT('',(-0.001575,-2.5E-5,0.00235));
#12462=CARTESIAN_POINT('',(-0.001575,-3.128380929964E-19,0.00235));
#12463=CARTESIAN_POINT('',(-0.0020275,-3.6080144322085E-19,0.00235));
#12464=CARTESIAN_POINT('',(-0.00248,-4.087647934453E-19,0.00235));
#12465=CARTESIAN_POINT('',(-0.002515,-3.5E-5,0.00235));
#12466=CARTESIAN_POINT('',(-0.00255,-7.E-5,0.00235));
#12467=CARTESIAN_POINT('',(-0.00255,-0.000185,0.00235));
#12468=CARTESIAN_POINT('',(-0.00255,-0.0003,0.00235));
#12469=CARTESIAN_POINT('',(-0.00265,-0.0003,0.00235));
#12470=CARTESIAN_POINT('',(-0.00275,-0.0003,0.00235));
#12471=CARTESIAN_POINT('',(-0.00275,-0.00035,0.00235));
#12472=CARTESIAN_POINT('',(-0.00275,-0.0004,0.00235));
#12473=CARTESIAN_POINT('',(-0.002703125,-0.0004625,0.00235));
#12474=CARTESIAN_POINT('',(-0.00265625,-0.000525,0.00235));
#12475=CARTESIAN_POINT('',(-0.002478125,-0.000525,0.00235));
#12476=CARTESIAN_POINT('',(-0.0023,-0.000525,0.00235));
#12477=CARTESIAN_POINT('',(-0.0023,-0.0004045,0.00235));
#12478=CARTESIAN_POINT('',(-0.0023,-0.000284,0.00235));
#12479=CARTESIAN_POINT('',(-0.002239596453456,-0.000284,0.00235));
#12480=CARTESIAN_POINT('',(-0.002179192906912,-0.000525,0.00235));
#12481=CARTESIAN_POINT('',(-0.002179192906912,-0.0005725,0.0023025));
#12482=CARTESIAN_POINT('',(-0.002179192906912,-0.000545,0.00233));
#12483=CARTESIAN_POINT('',(-0.002179192906912,-0.0006,0.002275));
#12484=CARTESIAN_POINT('',(-0.002239596453456,-0.000545,0.00233));
#12485=CARTESIAN_POINT('',(-0.0023,-0.000545,0.00233));
#12486=CARTESIAN_POINT('',(-0.0023,-0.000535,0.00234));
#12487=CARTESIAN_POINT('',(-0.002628125,-0.0005625,0.0023125));
#12488=CARTESIAN_POINT('',(-0.0026,-0.0006,0.002275));
#12489=CARTESIAN_POINT('',(-0.002389596453456,-0.0006,0.002275));
#12490=CARTESIAN_POINT('',(0.001551794919243,-0.0002,0.0024));
#12491=CARTESIAN_POINT('',(0.001542116916002,-0.00045,0.002394412402223));
#12492=CARTESIAN_POINT('',(0.001542116916002,-0.0002,0.002394412402223));
#12493=CARTESIAN_POINT('',(0.001542116916002,-0.0007,0.002394412402223));
#12494=CARTESIAN_POINT('',(0.0015469559176225,-0.0002,0.0023972062011115));
#12495=CARTESIAN_POINT('',(0.001551794919243,-0.0002,0.0024));
#12496=CARTESIAN_POINT('',(0.001551794919243,-0.00045,0.0024));
#12497=CARTESIAN_POINT('',(0.001551794919243,-0.0007,0.0024));
#12498=CARTESIAN_POINT('',(0.0015469559176225,-0.0007,0.0023972062011115));
#12499=CARTESIAN_POINT('',(0.001171757262636,-0.0002,0.002296055210493));
#12500=CARTESIAN_POINT('',(0.001171757262636,-0.0004,0.002296055210493));
#12501=CARTESIAN_POINT('',(0.001171757262636,-0.0002,0.002296055210493));
#12502=CARTESIAN_POINT('',(0.001328589838486,-0.0007,0.0023866025403785));
#12503=CARTESIAN_POINT('',(0.001478589838486,-0.0007,0.002473205080757));
#12504=CARTESIAN_POINT('',(0.001478589838486,-0.00045,0.002473205080757));
#12505=CARTESIAN_POINT('',(0.001478589838486,-0.0002,0.002473205080757));
#12506=CARTESIAN_POINT('',(0.001325173550561,-0.0002,0.002384630145625));
#12507=CARTESIAN_POINT('',(0.0016,-0.0002,0.002296055210493));
#12508=CARTESIAN_POINT('',(0.00121954766772,-0.0002,0.002296055210493));
#12509=CARTESIAN_POINT('',(0.001267338072804,-0.0002,0.002296055210493));
#12510=CARTESIAN_POINT('',(0.00157858983848618,-0.0002,0.0022999999999986));
#12511=CARTESIAN_POINT('',(0.001578589838486,-0.0002,0.0025));
#12512=CARTESIAN_POINT('',(0.001589294919243,-0.0002,0.0025));
#12513=CARTESIAN_POINT('',(0.0016,-0.0002,0.0025));
#12514=CARTESIAN_POINT('',(0.0016,-0.0002,0.00245));
#12515=CARTESIAN_POINT('',(0.0016,-0.0002,0.0024));
#12516=CARTESIAN_POINT('',(0.0015758974596215,-0.0002,0.0024));
#12517=CARTESIAN_POINT('',(0.001526909018974,-0.0002,0.0024071730514535));
#12518=CARTESIAN_POINT('',(0.001511701121946,-0.0002,0.002419933700684));
#12519=CARTESIAN_POINT('',(0.001389519597375,-0.0002,0.0023579944555885));
#12520=CARTESIAN_POINT('',(0.00113447441116701,-0.000200000000000009,0.00238999999996306));
#12521=CARTESIAN_POINT('',(0.001157035307566,-0.0004,0.002191276559124));
#12522=CARTESIAN_POINT('',(0.00265625,-0.000525,0.00238));
#12523=CARTESIAN_POINT('',(0.002200389211488,-0.000562434119152,0.002342565880848));
#12524=CARTESIAN_POINT('',(0.002200389211488,-0.000599868238304,0.002305131761696));
#12525=CARTESIAN_POINT('',(0.002200389211488,-0.000525,0.00238));
#12526=CARTESIAN_POINT('',(0.002400194605744,-0.000599868238304,0.002305131761696));
#12527=CARTESIAN_POINT('',(0.0026,-0.000599934119152,0.002305065880848));
#12528=CARTESIAN_POINT('',(0.0026281442821995,-0.0005624742904005,0.0023425257095995));
#12529=CARTESIAN_POINT('',(0.00265625,-0.000525,0.00238));
#12530=CARTESIAN_POINT('',(0.002428319605744,-0.000525,0.00238));
#12531=CARTESIAN_POINT('',(0.00085474308283,-0.0005,0.000167984691563));
#12532=CARTESIAN_POINT('',(0.00085474308283,-0.0004325,0.000167984691563));
#12533=CARTESIAN_POINT('',(0.00085474308283,-0.000365,0.000167984691563));
#12534=CARTESIAN_POINT('',(0.00085474308283,-0.0005,0.000167984691563));
#12535=CARTESIAN_POINT('',(0.0007111290166665,-0.000365,0.000167984691563));
#12536=CARTESIAN_POINT('',(0.000567514950503,-0.000365,0.000167984691563));
#12537=CARTESIAN_POINT('',(0.000567514950503,-0.0004325,0.000167984691563));
#12538=CARTESIAN_POINT('',(0.000567514950503,-0.0005,0.000167984691563));
#12539=CARTESIAN_POINT('',(0.0007111290166665,-0.0005,0.000167984691563));
#12540=CARTESIAN_POINT('',(-0.0018125,-0.000345,0.0002));
#12541=CARTESIAN_POINT('',(0.000826007031701,-0.0004325,0.0002));
#12542=CARTESIAN_POINT('',(0.000826007031701,-0.000365,0.0002));
#12543=CARTESIAN_POINT('',(0.000826007031701,-0.0005,0.0002));
#12544=CARTESIAN_POINT('',(0.000711129016667,-0.0005,0.0002));
#12545=CARTESIAN_POINT('',(0.000596251001633,-0.0005,0.0002));
#12546=CARTESIAN_POINT('',(0.000596251001633,-0.0004325,0.0002));
#12547=CARTESIAN_POINT('',(0.000596251001633,-0.000365,0.0002));
#12548=CARTESIAN_POINT('',(0.00035369000915,-0.000365,0.0002));
#12549=CARTESIAN_POINT('',(0.000111129016667,-0.000365,0.0002));
#12550=CARTESIAN_POINT('',(0.000111129016667,-0.0004825,0.0002));
#12551=CARTESIAN_POINT('',(0.000111129016667,-0.0006,0.0002));
#12552=CARTESIAN_POINT('',(-0.0006194354916665,-0.0006,0.0002));
#12553=CARTESIAN_POINT('',(-0.00135,-0.0006,0.0002));
#12554=CARTESIAN_POINT('',(-0.00135,-0.00058,0.0002));
#12555=CARTESIAN_POINT('',(-0.00135,-0.00056,0.0002));
#12556=CARTESIAN_POINT('',(-0.00155,-0.00056,0.0002));
#12557=CARTESIAN_POINT('',(-0.00175,-0.00056,0.0002));
#12558=CARTESIAN_POINT('',(-0.00175,-0.00058,0.0002));
#12559=CARTESIAN_POINT('',(-0.00175,-0.0006,0.0002));
#12560=CARTESIAN_POINT('',(-0.00178125,-0.0006,0.0002));
#12561=CARTESIAN_POINT('',(-0.0018125,-0.0006,0.0002));
#12562=CARTESIAN_POINT('',(-0.0017875,-0.000575,0.0002));
#12563=CARTESIAN_POINT('',(-0.0017625,-0.00055,0.0002));
#12564=CARTESIAN_POINT('',(-0.0017625,-0.000544161295,0.0002));
#12565=CARTESIAN_POINT('',(-0.0017625,-0.00053832259,0.0002));
#12566=CARTESIAN_POINT('',(-0.00154375,-0.00053832259,0.0002));
#12567=CARTESIAN_POINT('',(-0.001325,-0.00053832259,0.0002));
#12568=CARTESIAN_POINT('',(-0.001325,-0.000441661295,0.0002));
#12569=CARTESIAN_POINT('',(-0.001325,-0.000345,0.0002));
#12570=CARTESIAN_POINT('',(0.,-0.000345,0.0002));
#12571=CARTESIAN_POINT('',(0.001325,-0.000345,0.0002));
#12572=CARTESIAN_POINT('',(0.001325,-0.000441661295,0.0002));
#12573=CARTESIAN_POINT('',(0.001325,-0.00053832259,0.0002));
#12574=CARTESIAN_POINT('',(0.00154375,-0.00053832259,0.0002));
#12575=CARTESIAN_POINT('',(0.0017625,-0.00053832259,0.0002));
#12576=CARTESIAN_POINT('',(0.0017625,-0.000544161295,0.0002));
#12577=CARTESIAN_POINT('',(0.0017625,-0.00055,0.0002));
#12578=CARTESIAN_POINT('',(0.0017875,-0.000575,0.0002));
#12579=CARTESIAN_POINT('',(0.0018125,-0.0006,0.0002));
#12580=CARTESIAN_POINT('',(0.00178125,-0.0006,0.0002));
#12581=CARTESIAN_POINT('',(0.00175,-0.0006,0.0002));
#12582=CARTESIAN_POINT('',(0.00175,-0.00058,0.0002));
#12583=CARTESIAN_POINT('',(0.00175,-0.00056,0.0002));
#12584=CARTESIAN_POINT('',(0.00155,-0.00056,0.0002));
#12585=CARTESIAN_POINT('',(0.00135,-0.00056,0.0002));
#12586=CARTESIAN_POINT('',(0.00135,-0.00058,0.0002));
#12587=CARTESIAN_POINT('',(0.00135,-0.0006,0.0002));
#12588=CARTESIAN_POINT('',(0.0013305645083335,-0.0006,0.0002));
#12589=CARTESIAN_POINT('',(0.001311129016667,-0.0006,0.0002));
#12590=CARTESIAN_POINT('',(0.001311129016667,-0.0004825,0.0002));
#12591=CARTESIAN_POINT('',(0.001311129016667,-0.000365,0.0002));
#12592=CARTESIAN_POINT('',(0.001068568024184,-0.000365,0.0002));
#12593=CARTESIAN_POINT('',(0.00135,-0.000455,0.000675));
#12594=CARTESIAN_POINT('',(0.00135,-0.0006,0.0004375));
#12595=CARTESIAN_POINT('',(0.00135,-0.0006,0.000675));
#12596=CARTESIAN_POINT('',(0.00135,-0.000499999999999727,0.00028000000000082));
#12597=CARTESIAN_POINT('',(0.00135,-0.0005,0.00018));
#12598=CARTESIAN_POINT('',(0.00135,-0.0004775,0.00018));
#12599=CARTESIAN_POINT('',(0.00135,-0.000455,0.00018));
#12600=CARTESIAN_POINT('',(0.00135,-0.000455,0.00013));
#12601=CARTESIAN_POINT('',(0.00135,-0.000455,8.E-5));
#12602=CARTESIAN_POINT('',(0.00135,-0.0004775,8.E-5));
#12603=CARTESIAN_POINT('',(0.00135,-0.0005,8.E-5));
#12604=CARTESIAN_POINT('',(0.00135,-0.000500000000000053,0.000279999999999948));
#12605=CARTESIAN_POINT('',(0.00135,-0.0007,0.00028));
#12606=CARTESIAN_POINT('',(0.00135,-0.0007,0.0004775));
#12607=CARTESIAN_POINT('',(0.00135,-0.0007,0.000675));
#12608=CARTESIAN_POINT('',(0.00135,-0.00065,0.000675));
#12609=CARTESIAN_POINT('',(-0.00135,-0.000455,8.E-5));
#12610=CARTESIAN_POINT('',(-0.00135,-0.000499999999999727,0.00028000000000082));
#12611=CARTESIAN_POINT('',(-0.00135,-0.0005,0.00018));
#12612=CARTESIAN_POINT('',(-0.00135,-0.0006,0.0004375));
#12613=CARTESIAN_POINT('',(-0.00135,-0.0006,0.000675));
#12614=CARTESIAN_POINT('',(-0.00135,-0.00065,0.000675));
#12615=CARTESIAN_POINT('',(-0.00135,-0.0007,0.000675));
#12616=CARTESIAN_POINT('',(-0.00135,-0.0007,0.0004775));
#12617=CARTESIAN_POINT('',(-0.00135,-0.0007,0.00028));
#12618=CARTESIAN_POINT('',(-0.00135,-0.000500000000000052,0.000279999999999948));
#12619=CARTESIAN_POINT('',(-0.00135,-0.0005,8.E-5));
#12620=CARTESIAN_POINT('',(-0.00135,-0.0004775,8.E-5));
#12621=CARTESIAN_POINT('',(-0.00135,-0.000455,8.E-5));
#12622=CARTESIAN_POINT('',(-0.00135,-0.000455,0.00013));
#12623=CARTESIAN_POINT('',(-0.00135,-0.000455,0.00018));
#12624=CARTESIAN_POINT('',(-0.00135,-0.0004775,0.00018));
#12625=CARTESIAN_POINT('',(-0.00185,-0.0006,0.00025));
#12626=CARTESIAN_POINT('',(-0.00184999999999998,-0.0006,0.000250000000000027));
#12627=CARTESIAN_POINT('',(-0.00185,-0.0006,0.00035));
#12628=CARTESIAN_POINT('',(-0.00175,-0.0006,0.00025));
#12629=CARTESIAN_POINT('',(-0.00175,-0.0006488685996665,0.00025));
#12630=CARTESIAN_POINT('',(-0.00175,-0.000697737199333,0.00025));
#12631=CARTESIAN_POINT('',(-0.00183095745305295,-0.000659541393092296,0.000255890037374478));
#12632=CARTESIAN_POINT('',(-0.001754606079858,-0.0007,0.00028));
#12633=CARTESIAN_POINT('',(-0.00184999999999968,-0.0007,0.000250000000000018));
#12634=CARTESIAN_POINT('',(-0.00185,-0.0007,0.00035));
#12635=CARTESIAN_POINT('',(-0.00185,-0.00065,0.00035));
#12636=CARTESIAN_POINT('',(0.00185,-0.0006,0.00025));
#12637=CARTESIAN_POINT('',(0.00175,-0.0006488685996665,0.00025));
#12638=CARTESIAN_POINT('',(0.00175,-0.0006,0.00025));
#12639=CARTESIAN_POINT('',(0.00175,-0.000697737199333,0.00025));
#12640=CARTESIAN_POINT('',(0.00184999999999998,-0.0006,0.000250000000000026));
#12641=CARTESIAN_POINT('',(0.00185,-0.0006,0.00035));
#12642=CARTESIAN_POINT('',(0.00185,-0.00065,0.00035));
#12643=CARTESIAN_POINT('',(0.00185,-0.0007,0.00035));
#12644=CARTESIAN_POINT('',(0.00184999999999968,-0.0007,0.000250000000000018));
#12645=CARTESIAN_POINT('',(0.001754606079858,-0.0007,0.00028));
#12646=CARTESIAN_POINT('',(0.00183095745305263,-0.000659541393092454,0.000255890037374514));
#12647=CARTESIAN_POINT('',(-0.00175,-0.000455,0.00025));
#12648=CARTESIAN_POINT('',(-0.00175,-0.0006,0.000225));
#12649=CARTESIAN_POINT('',(-0.00175,-0.000499999999999726,0.00028000000000082));
#12650=CARTESIAN_POINT('',(-0.00175,-0.0005,0.00018));
#12651=CARTESIAN_POINT('',(-0.00175,-0.0004775,0.00018));
#12652=CARTESIAN_POINT('',(-0.00175,-0.000455,0.00018));
#12653=CARTESIAN_POINT('',(-0.00175,-0.000455,0.00013));
#12654=CARTESIAN_POINT('',(-0.00175,-0.000455,8.E-5));
#12655=CARTESIAN_POINT('',(-0.00175,-0.0004775,8.E-5));
#12656=CARTESIAN_POINT('',(-0.00175,-0.0005,8.E-5));
#12657=CARTESIAN_POINT('',(-0.00175,-0.000499999999999799,0.000280000000000406));
#12658=CARTESIAN_POINT('',(0.00175,-0.000455,8.E-5));
#12659=CARTESIAN_POINT('',(0.00175,-0.000499999999999727,0.00028000000000082));
#12660=CARTESIAN_POINT('',(0.00175,-0.0005,0.00018));
#12661=CARTESIAN_POINT('',(0.00175,-0.0006,0.000225));
#12662=CARTESIAN_POINT('',(0.00175,-0.000499999999999799,0.000280000000000406));
#12663=CARTESIAN_POINT('',(0.00175,-0.0005,8.E-5));
#12664=CARTESIAN_POINT('',(0.00175,-0.0004775,8.E-5));
#12665=CARTESIAN_POINT('',(0.00175,-0.000455,8.E-5));
#12666=CARTESIAN_POINT('',(0.00175,-0.000455,0.00013));
#12667=CARTESIAN_POINT('',(0.00175,-0.000455,0.00018));
#12668=CARTESIAN_POINT('',(0.00175,-0.0004775,0.00018));
#12669=CARTESIAN_POINT('',(-0.00175,-0.0005,0.000280000000001));
#12670=CARTESIAN_POINT('',(-0.00155,-0.0005,0.00018));
#12671=CARTESIAN_POINT('',(0.00135,-0.0005,0.000280000000001));
#12672=CARTESIAN_POINT('',(0.00155,-0.0005,0.00018));
#12673=CARTESIAN_POINT('',(0.000567514950503,-0.0005,0.000167984691563));
#12674=CARTESIAN_POINT('',(0.000711129016654758,-0.000500000000000014,6.79846915694652E-5));
#12675=CARTESIAN_POINT('',(0.000711129016662313,-0.000500000000000014,6.79846915587558E-5));
#12676=CARTESIAN_POINT('',(0.000111129016667,-0.000365,-5.201530843726E-5));
#12677=CARTESIAN_POINT('',(0.000711129016662326,-0.000365,6.79846915587674E-5));
#12678=CARTESIAN_POINT('',(0.001311129016667,-0.000365,7.399234578137E-5));
#12679=CARTESIAN_POINT('',(0.001311129016667,-0.000365,-5.201530843726E-5));
#12680=CARTESIAN_POINT('',(0.000711129016667,-0.000365,-5.201530843726E-5));
#12681=CARTESIAN_POINT('',(0.000111129016667,-0.000365,-5.201530843726E-5));
#12682=CARTESIAN_POINT('',(0.000111129016667,-0.000365,7.399234578137E-5));
#12683=CARTESIAN_POINT('',(0.000711129016654759,-0.000365,6.79846915694649E-5));
#12684=CARTESIAN_POINT('',(0.000111129016667,-0.0006,-0.001102015308437));
#12685=CARTESIAN_POINT('',(0.000111129016667,-0.0006,-0.0004510076542185));
#12686=CARTESIAN_POINT('',(0.000111129016667,-0.0006,-0.001102015308437));
#12687=CARTESIAN_POINT('',(0.000111129016667,-0.0002325,-8.701530843713E-5));
#12688=CARTESIAN_POINT('',(0.000111129016667,-0.0001,-0.000122015308437));
#12689=CARTESIAN_POINT('',(0.000111129016667,-0.0001,-0.000612015308437));
#12690=CARTESIAN_POINT('',(0.000111129016667,-0.0001,-0.001102015308437));
#12691=CARTESIAN_POINT('',(0.000111129016667,-0.00035,-0.001102015308437));
#12692=CARTESIAN_POINT('',(0.001311129016667,-0.0006,0.0002));
#12693=CARTESIAN_POINT('',(0.001311129016667,-0.0006,-0.0004510076542185));
#12694=CARTESIAN_POINT('',(0.001311129016667,-0.0006,-0.001102015308437));
#12695=CARTESIAN_POINT('',(0.001311129016667,-0.00035,-0.001102015308437));
#12696=CARTESIAN_POINT('',(0.001311129016667,-0.0001,-0.001102015308437));
#12697=CARTESIAN_POINT('',(0.001311129016667,-0.0001,-0.000612015308437));
#12698=CARTESIAN_POINT('',(0.001311129016667,-0.0001,-0.000122015308437));
#12699=CARTESIAN_POINT('',(0.001311129016667,-0.0002325,-8.701530843713E-5));
#12700=CARTESIAN_POINT('',(-0.00275,-0.0003,0.000625));
#12701=CARTESIAN_POINT('',(-0.002705,-0.00046,0.000625));
#12702=CARTESIAN_POINT('',(-0.00275,-0.0004,0.000625));
#12703=CARTESIAN_POINT('',(-0.00266,-0.00052,0.000625));
#12704=CARTESIAN_POINT('',(-0.00266,-0.00041,0.000625));
#12705=CARTESIAN_POINT('',(-0.00266,-0.0003,0.000625));
#12706=CARTESIAN_POINT('',(-0.002705,-0.0003,0.000625));
#12707=CARTESIAN_POINT('',(-0.00275,-0.0003,0.000625));
#12708=CARTESIAN_POINT('',(-0.00275,-0.00035,0.000625));
#12709=CARTESIAN_POINT('',(-0.00266,-0.0003,0.001725));
#12710=CARTESIAN_POINT('',(-0.002705,-0.0003,0.001725));
#12711=CARTESIAN_POINT('',(-0.00266,-0.0003,0.001725));
#12712=CARTESIAN_POINT('',(-0.00275,-0.0003,0.001725));
#12713=CARTESIAN_POINT('',(-0.00266,-0.00041,0.001725));
#12714=CARTESIAN_POINT('',(-0.00266,-0.00052,0.001725));
#12715=CARTESIAN_POINT('',(-0.002705,-0.00046,0.001725));
#12716=CARTESIAN_POINT('',(-0.00275,-0.0004,0.001725));
#12717=CARTESIAN_POINT('',(-0.00275,-0.00035,0.001725));
#12718=CARTESIAN_POINT('',(0.00275,-0.0003,0.001725));
#12719=CARTESIAN_POINT('',(0.002705,-0.00046,0.001725));
#12720=CARTESIAN_POINT('',(0.00275,-0.0004,0.001725));
#12721=CARTESIAN_POINT('',(0.00266,-0.00052,0.001725));
#12722=CARTESIAN_POINT('',(0.00266,-0.00041,0.001725));
#12723=CARTESIAN_POINT('',(0.00266,-0.0003,0.001725));
#12724=CARTESIAN_POINT('',(0.002705,-0.0003,0.001725));
#12725=CARTESIAN_POINT('',(0.00275,-0.0003,0.001725));
#12726=CARTESIAN_POINT('',(0.00275,-0.00035,0.001725));
#12727=CARTESIAN_POINT('',(0.001325,-0.000345,0.00018));
#12728=CARTESIAN_POINT('',(0.001325,-0.000345,0.00019));
#12729=CARTESIAN_POINT('',(0.001325,-0.000345,0.00018));
#12730=CARTESIAN_POINT('',(0.001325,-0.000433991622651,0.000182330327651));
#12731=CARTESIAN_POINT('',(0.001325,-0.000522983245302,0.000184660655302));
#12732=CARTESIAN_POINT('',(0.001325,-0.000530652917651,0.000192330327651));
#12733=CARTESIAN_POINT('',(-0.001325,-0.000345,0.0002));
#12734=CARTESIAN_POINT('',(-0.001325,-0.000530652917651,0.000192330327651));
#12735=CARTESIAN_POINT('',(-0.001325,-0.000522983245302,0.000184660655302));
#12736=CARTESIAN_POINT('',(-0.001325,-0.000433991622651,0.000182330327651));
#12737=CARTESIAN_POINT('',(-0.001325,-0.000345,0.00018));
#12738=CARTESIAN_POINT('',(-0.001325,-0.000345,0.00019));
#12739=CARTESIAN_POINT('',(0.0017125,-0.000345,0.0001));
#12740=CARTESIAN_POINT('',(-0.00151875,-0.000345,0.00018));
#12741=CARTESIAN_POINT('',(-0.0017125,-0.000345,0.00018));
#12742=CARTESIAN_POINT('',(-0.0017125,-0.000345,0.00014));
#12743=CARTESIAN_POINT('',(-0.0017125,-0.000345,0.0001));
#12744=CARTESIAN_POINT('',(-0.00165625,-0.000345,0.0001));
#12745=CARTESIAN_POINT('',(-0.0016,-0.000345,0.0001));
#12746=CARTESIAN_POINT('',(-0.0010375,-0.000345,0.0001));
#12747=CARTESIAN_POINT('',(-0.000475,-0.000345,0.0001));
#12748=CARTESIAN_POINT('',(0.,-0.000345,0.0001));
#12749=CARTESIAN_POINT('',(0.000475,-0.000345,0.0001));
#12750=CARTESIAN_POINT('',(0.0010375,-0.000345,0.0001));
#12751=CARTESIAN_POINT('',(0.0016,-0.000345,0.0001));
#12752=CARTESIAN_POINT('',(0.00165625,-0.000345,0.0001));
#12753=CARTESIAN_POINT('',(0.0017125,-0.000345,0.0001));
#12754=CARTESIAN_POINT('',(0.0017125,-0.000345,0.00014));
#12755=CARTESIAN_POINT('',(0.0017125,-0.000345,0.00018));
#12756=CARTESIAN_POINT('',(0.00151875,-0.000345,0.00018));
#12757=CARTESIAN_POINT('',(0.00266,-0.0003,0.000625));
#12758=CARTESIAN_POINT('',(0.002705,-0.0003,0.000625));
#12759=CARTESIAN_POINT('',(0.00266,-0.0003,0.000625));
#12760=CARTESIAN_POINT('',(0.00275,-0.0003,0.000625));
#12761=CARTESIAN_POINT('',(0.00266,-0.00041,0.000625));
#12762=CARTESIAN_POINT('',(0.00266,-0.00052,0.000625));
#12763=CARTESIAN_POINT('',(0.002705,-0.00046,0.000625));
#12764=CARTESIAN_POINT('',(0.00275,-0.0004,0.000625));
#12765=CARTESIAN_POINT('',(0.00275,-0.00035,0.000625));
#12766=CARTESIAN_POINT('',(0.0017625,-0.000395,0.0001));
#12767=CARTESIAN_POINT('',(0.0017625,-0.000530652917651,0.000192330327651));
#12768=CARTESIAN_POINT('',(0.0017625,-0.000522983245302,0.000184660655302));
#12769=CARTESIAN_POINT('',(0.0017625,-0.000458991622651,0.00018298497569));
#12770=CARTESIAN_POINT('',(0.0017625,-0.000395,0.000181309296078));
#12771=CARTESIAN_POINT('',(0.0017625,-0.000395,0.000140654648039));
#12772=CARTESIAN_POINT('',(0.0017625,-0.000395,0.0001));
#12773=CARTESIAN_POINT('',(0.0017625,-0.0004725,0.0001));
#12774=CARTESIAN_POINT('',(0.0017625,-0.00055,0.0001));
#12775=CARTESIAN_POINT('',(0.0017625,-0.00055,0.00015));
#12776=CARTESIAN_POINT('',(-0.0017625,-0.000395,0.0002));
#12777=CARTESIAN_POINT('',(-0.0017625,-0.00055,0.00015));
#12778=CARTESIAN_POINT('',(-0.0017625,-0.00055,0.0001));
#12779=CARTESIAN_POINT('',(-0.0017625,-0.0004725,0.0001));
#12780=CARTESIAN_POINT('',(-0.0017625,-0.000395,0.0001));
#12781=CARTESIAN_POINT('',(-0.0017625,-0.000395,0.000140654648039));
#12782=CARTESIAN_POINT('',(-0.0017625,-0.000395,0.000181309296078));
#12783=CARTESIAN_POINT('',(-0.0017625,-0.000458991622651,0.00018298497569));
#12784=CARTESIAN_POINT('',(-0.0017625,-0.000522983245302,0.000184660655302));
#12785=CARTESIAN_POINT('',(-0.0017625,-0.000530652917651,0.000192330327651));
#12786=CARTESIAN_POINT('',(0.00265,-0.00048,0.0014));
#12787=CARTESIAN_POINT('',(0.00255,-0.000515,0.0014));
#12788=CARTESIAN_POINT('',(0.00255,-0.00048,0.0014));
#12789=CARTESIAN_POINT('',(0.00255,-0.00055,0.0014));
#12790=CARTESIAN_POINT('',(0.0026,-0.00048,0.0014));
#12791=CARTESIAN_POINT('',(0.0026234122918275,-0.000525,0.0014));
#12792=CARTESIAN_POINT('',(0.0026,-0.000525,0.0014));
#12793=CARTESIAN_POINT('',(0.0025875,-0.0005375,0.0014));
#12794=CARTESIAN_POINT('',(0.002575,-0.00055,0.0014));
#12795=CARTESIAN_POINT('',(0.0025625,-0.00055,0.0014));
#12796=CARTESIAN_POINT('',(0.002649146576846,-0.000552875930694,0.000970153993426));
#12797=CARTESIAN_POINT('',(0.00255,-0.000535362745416,0.000970612592322));
#12798=CARTESIAN_POINT('',(0.00255,-0.000552875930694,0.000970153993426));
#12799=CARTESIAN_POINT('',(0.00255,-0.000517849560138,0.000971071191218));
#12800=CARTESIAN_POINT('',(0.002561062034653,-0.000552875930694,0.000970153993426));
#12801=CARTESIAN_POINT('',(0.002572124069306,-0.000552875930694,0.000970153993426));
#12802=CARTESIAN_POINT('',(0.002586062034653,-0.000538937965347,0.0009705189718935));
#12803=CARTESIAN_POINT('',(0.0026,-0.000525,0.000970883950361));
#12804=CARTESIAN_POINT('',(0.0026234122918275,-0.000525,0.000970883950361));
#12805=CARTESIAN_POINT('',(0.002599573288423,-0.000517849560138,0.000971071191218));
#12806=CARTESIAN_POINT('',(-0.00255,-0.00048,0.0014));
#12807=CARTESIAN_POINT('',(-0.00255,-0.000515,0.0014));
#12808=CARTESIAN_POINT('',(-0.00255,-0.00055,0.0014));
#12809=CARTESIAN_POINT('',(-0.00255,-0.00048,0.0014));
#12810=CARTESIAN_POINT('',(-0.0025625,-0.00055,0.0014));
#12811=CARTESIAN_POINT('',(-0.002575,-0.00055,0.0014));
#12812=CARTESIAN_POINT('',(-0.0025875,-0.0005375,0.0014));
#12813=CARTESIAN_POINT('',(-0.0026,-0.000525,0.0014));
#12814=CARTESIAN_POINT('',(-0.0026234122918275,-0.000525,0.0014));
#12815=CARTESIAN_POINT('',(-0.0026,-0.00048,0.0014));
#12816=CARTESIAN_POINT('',(-0.00255,-0.000552875930694,0.000970153993426));
#12817=CARTESIAN_POINT('',(-0.00255,-0.000535362745416,0.000970612592322));
#12818=CARTESIAN_POINT('',(-0.00255,-0.000517849560138,0.000971071191218));
#12819=CARTESIAN_POINT('',(-0.00255,-0.000552875930694,0.000970153993426));
#12820=CARTESIAN_POINT('',(-0.002599573288423,-0.000517849560138,0.000971071191218));
#12821=CARTESIAN_POINT('',(-0.0026234122918275,-0.000525,0.000970883950361));
#12822=CARTESIAN_POINT('',(-0.0026,-0.000525,0.000970883950361));
#12823=CARTESIAN_POINT('',(-0.002586062034653,-0.000538937965347,0.0009705189718935));
#12824=CARTESIAN_POINT('',(-0.002572124069306,-0.000552875930694,0.000970153993426));
#12825=CARTESIAN_POINT('',(-0.002561062034653,-0.000552875930694,0.000970153993426));
#12826=CARTESIAN_POINT('',(0.00265,-0.000439943716003,0.001051043777216));
#12827=CARTESIAN_POINT('',(0.0026,-0.000439943716003,0.001051043777216));
#12828=CARTESIAN_POINT('',(0.00255,-0.000439943716003,0.001051043777216));
#12829=CARTESIAN_POINT('',(0.0026,-0.000439943716003,0.001299859290007));
#12830=CARTESIAN_POINT('',(0.00255,-0.000439943716003,0.001299859290007));
#12831=CARTESIAN_POINT('',(0.00255,-0.000439943716003,0.0011754515336115));
#12832=CARTESIAN_POINT('',(-0.00255,-0.000439943716003,0.001051043777216));
#12833=CARTESIAN_POINT('',(-0.0026,-0.000439943716003,0.001051043777216));
#12834=CARTESIAN_POINT('',(-0.00255,-0.000439943716003,0.001051043777216));
#12835=CARTESIAN_POINT('',(-0.00255,-0.000439943716003,0.0011754515336115));
#12836=CARTESIAN_POINT('',(-0.00255,-0.000439943716003,0.001299859290007));
#12837=CARTESIAN_POINT('',(-0.0026,-0.000439943716003,0.001299859290007));
#12838=CARTESIAN_POINT('',(-0.00255,-0.00048,0.0014));
#12839=CARTESIAN_POINT('',(-0.00255,-0.0004599718580015,0.0013499296450035));
#12840=CARTESIAN_POINT('',(0.00265,-0.00048,0.0014));
#12841=CARTESIAN_POINT('',(0.00255,-0.0004599718580015,0.0013499296450035));
#12842=CARTESIAN_POINT('',(-0.00255,-0.000575,0.001425));
#12843=CARTESIAN_POINT('',(-0.00255,-0.0005625,0.0014125));
#12844=CARTESIAN_POINT('',(-0.00255,-0.000575,0.001425));
#12845=CARTESIAN_POINT('',(-0.0025625,-0.0005625,0.0014125));
#12846=CARTESIAN_POINT('',(0.002575,-0.000575,0.001425));
#12847=CARTESIAN_POINT('',(0.0025625,-0.0005625,0.0014125));
#12848=CARTESIAN_POINT('',(0.00255,-0.000575,0.001425));
#12849=CARTESIAN_POINT('',(0.00255,-0.0005625,0.0014125));
#12850=CARTESIAN_POINT('',(-0.00255,-0.000575,0.000946840088902));
#12851=CARTESIAN_POINT('',(-0.002561062034653,-0.000563937965347,0.000958497041164));
#12852=CARTESIAN_POINT('',(-0.00255,-0.000575,0.000946840088902));
#12853=CARTESIAN_POINT('',(-0.00255,-0.000563937965347,0.000958497041164));
#12854=CARTESIAN_POINT('',(-0.0017625,-0.00055,0.0001));
#12855=CARTESIAN_POINT('',(-0.0018125,-0.0006,0.00015));
#12856=CARTESIAN_POINT('',(-0.0018125,-0.0006,0.0001));
#12857=CARTESIAN_POINT('',(-0.0017875,-0.000575,0.0001));
#12858=CARTESIAN_POINT('',(0.0018125,-0.0006,0.0001));
#12859=CARTESIAN_POINT('',(0.0018125,-0.0006,0.00015));
#12860=CARTESIAN_POINT('',(0.0018125,-0.0006,0.0001));
#12861=CARTESIAN_POINT('',(0.0017875,-0.000575,0.0001));
#12862=CARTESIAN_POINT('',(0.002572124069306,-0.000575,0.000946840088902));
#12863=CARTESIAN_POINT('',(0.00255,-0.000563937965347,0.000958497041164));
#12864=CARTESIAN_POINT('',(0.00255,-0.000575,0.000946840088902));
#12865=CARTESIAN_POINT('',(0.002561062034653,-0.000563937965347,0.000958497041164));
#12866=CARTESIAN_POINT('',(0.0026,-0.000525,0.000625));
#12867=CARTESIAN_POINT('',(0.00255,-0.000575,0.000785920044451));
#12868=CARTESIAN_POINT('',(0.0026,-0.000525,0.0007979419751805));
#12869=CARTESIAN_POINT('',(0.0026,-0.000525,0.0014));
#12870=CARTESIAN_POINT('',(0.00255,-0.000575,0.001575));
#12871=CARTESIAN_POINT('',(0.0026,-0.000525,0.0015625));
#12872=CARTESIAN_POINT('',(-0.00255,-0.000575,0.000625));
#12873=CARTESIAN_POINT('',(-0.00255,-0.000575,0.000785920044451));
#12874=CARTESIAN_POINT('',(-0.0026,-0.000525,0.0007979419751805));
#12875=CARTESIAN_POINT('',(-0.00255,-0.000575,0.0014));
#12876=CARTESIAN_POINT('',(-0.00255,-0.000575,0.001575));
#12877=CARTESIAN_POINT('',(-0.0026,-0.000525,0.0015625));
#12878=CARTESIAN_POINT('',(-0.001325,-0.000522983245302,0.000184660655302));
#12879=CARTESIAN_POINT('',(-0.00154375,-0.000522983245302,0.000184660655302));
#12880=CARTESIAN_POINT('',(0.0017625,-0.000522983245302,0.000184660655302));
#12881=CARTESIAN_POINT('',(0.00154375,-0.000522983245302,0.000184660655302));
#12882=CARTESIAN_POINT('',(0.00265100059559397,-0.000519943716003346,0.001051043777216));
#12883=CARTESIAN_POINT('',(0.00255,-0.000519943716003263,0.00105104377721629));
#12884=CARTESIAN_POINT('',(-0.00255,-0.000519943716003346,0.001051043777216));
#12885=CARTESIAN_POINT('',(-0.00255,-0.000519943716003263,0.00105104377721629));
#12886=CARTESIAN_POINT('',(-0.002179192906912,-0.0006,0.0023));
#12887=CARTESIAN_POINT('',(-0.002179192906912,-0.0006,0.0022875));
#12888=CARTESIAN_POINT('',(-0.002179192906912,-0.0006,0.0023));
#12889=CARTESIAN_POINT('',(-0.0026,-0.0006,0.0022875));
#12890=CARTESIAN_POINT('',(-0.0026,-0.0006,0.0023));
#12891=CARTESIAN_POINT('',(-0.002389596453456,-0.0006,0.0023));
#12892=CARTESIAN_POINT('',(0.0021,-0.0005370034732565,0.00249574235453));
#12893=CARTESIAN_POINT('',(0.0021,-0.00060665827113725,0.002394412402223));
#12894=CARTESIAN_POINT('',(0.0021,-0.000676313069018,0.002394412402223));
#12895=CARTESIAN_POINT('',(0.0020998361571385,-0.0005370034732565,0.00239441240222375));
#12896=CARTESIAN_POINT('',(0.0021,-0.000499999999998073,0.00229999999999754));
#12897=CARTESIAN_POINT('',(0.0021,-0.000541047906684,0.00249574235453));
#12898=CARTESIAN_POINT('',(0.0021,-0.000541047906684,0.002445077378377));
#12899=CARTESIAN_POINT('',(0.0023,-5.E-5,0.0024));
#12900=CARTESIAN_POINT('',(0.0023,-5.E-5,0.00245));
#12901=CARTESIAN_POINT('',(0.0023,-5.E-5,0.0024));
#12902=CARTESIAN_POINT('',(0.0023,-5.E-5,0.0025));
#12903=CARTESIAN_POINT('',(0.002025,-5.E-5,0.0024));
#12904=CARTESIAN_POINT('',(0.00175,-5.E-5,0.0024));
#12905=CARTESIAN_POINT('',(0.00175,-5.E-5,0.00245));
#12906=CARTESIAN_POINT('',(0.00175,-5.E-5,0.0025));
#12907=CARTESIAN_POINT('',(0.002025,-5.E-5,0.0025));
#12908=CARTESIAN_POINT('',(-0.00125,-0.0006,0.000775));
#12909=CARTESIAN_POINT('',(0.,-0.0006,0.000775));
#12910=CARTESIAN_POINT('',(-0.00125,-0.0006,0.000775));
#12911=CARTESIAN_POINT('',(0.00125,-0.0006,0.000775));
#12912=CARTESIAN_POINT('',(0.00125,-0.00065,0.000775));
#12913=CARTESIAN_POINT('',(0.00125,-0.0007,0.000775));
#12914=CARTESIAN_POINT('',(0.,-0.0007,0.000775));
#12915=CARTESIAN_POINT('',(-0.00125,-0.0007,0.000775));
#12916=CARTESIAN_POINT('',(-0.00125,-0.00065,0.000775));
#12917=CARTESIAN_POINT('',(-0.00175,-0.000375,8.E-5));
#12918=CARTESIAN_POINT('',(-0.00155,-0.000375,8.E-5));
#12919=CARTESIAN_POINT('',(-0.00143,-0.000375,8.E-5));
#12920=CARTESIAN_POINT('',(-0.00167,-0.000375,8.E-5));
#12921=CARTESIAN_POINT('',(-0.00142999999999998,-0.000454999999999979,8.E-5));
#12922=CARTESIAN_POINT('',(-0.00155,-0.0005,8.E-5));
#12923=CARTESIAN_POINT('',(-0.00167,-0.000454999999999979,8.E-5));
#12924=CARTESIAN_POINT('',(-0.0019,-0.0006,0.00035));
#12925=CARTESIAN_POINT('',(-0.001875,-0.0007,0.00035));
#12926=CARTESIAN_POINT('',(-0.0019,-0.0007,0.00035));
#12927=CARTESIAN_POINT('',(-0.0019,-0.00065,0.00035));
#12928=CARTESIAN_POINT('',(-0.0019,-0.0006,0.00035));
#12929=CARTESIAN_POINT('',(-0.001875,-0.0006,0.00035));
#12930=CARTESIAN_POINT('',(-0.0019,-0.0006,0.00025));
#12931=CARTESIAN_POINT('',(-0.00190000000000002,-0.0007,0.000250000000000027));
#12932=CARTESIAN_POINT('',(-0.002,-0.0007,0.00025));
#12933=CARTESIAN_POINT('',(-0.002,-0.00065,0.00025));
#12934=CARTESIAN_POINT('',(-0.002,-0.0006,0.00025));
#12935=CARTESIAN_POINT('',(-0.00190000000000002,-0.0006,0.000250000000000027));
#12936=CARTESIAN_POINT('',(-0.002,-0.0006,0.0002));
#12937=CARTESIAN_POINT('',(-0.002,-0.00065,0.0002));
#12938=CARTESIAN_POINT('',(-0.002,-0.0006,0.0002));
#12939=CARTESIAN_POINT('',(-0.002,-0.0007,0.0002));
#12940=CARTESIAN_POINT('',(-0.002,-0.0006,0.000225));
#12941=CARTESIAN_POINT('',(-0.002,-0.0007,0.000225));
#12942=CARTESIAN_POINT('',(-0.00243,-0.0006,0.000575));
#12943=CARTESIAN_POINT('',(-0.00243,-0.00065,0.0002));
#12944=CARTESIAN_POINT('',(-0.00243,-0.0006,0.0002));
#12945=CARTESIAN_POINT('',(-0.00243,-0.0007,0.0002));
#12946=CARTESIAN_POINT('',(-0.00243,-0.0007,0.0003875));
#12947=CARTESIAN_POINT('',(-0.00243,-0.0007,0.000575));
#12948=CARTESIAN_POINT('',(-0.00243,-0.00065,0.000575));
#12949=CARTESIAN_POINT('',(-0.00243,-0.0006,0.000575));
#12950=CARTESIAN_POINT('',(-0.00243,-0.0006,0.0003875));
#12951=CARTESIAN_POINT('',(-0.00253,-0.0006,0.000575));
#12952=CARTESIAN_POINT('',(-0.00253,-0.0007,0.000575000000000026));
#12953=CARTESIAN_POINT('',(-0.00253,-0.0006,0.000575000000000027));
#12954=CARTESIAN_POINT('',(-0.00275,-5.E-5,0.002125));
#12955=CARTESIAN_POINT('',(-0.00275,-0.000285261241318,0.0018801044965275));
#12956=CARTESIAN_POINT('',(-0.00275,-0.000295,0.001975));
#12957=CARTESIAN_POINT('',(-0.00275,-0.000285,0.00205));
#12958=CARTESIAN_POINT('',(-0.00275,-0.000275,0.002125));
#12959=CARTESIAN_POINT('',(-0.00275,-0.0001625,0.002125));
#12960=CARTESIAN_POINT('',(-0.00275,-5.E-5,0.002125));
#12961=CARTESIAN_POINT('',(-0.00275,-5.E-5,0.001925));
#12962=CARTESIAN_POINT('',(-0.00275,-5.E-5,0.001725));
#12963=CARTESIAN_POINT('',(-0.00275,-0.000107735026919,0.001625));
#12964=CARTESIAN_POINT('',(-0.00275,-0.000165470053838,0.001525));
#12965=CARTESIAN_POINT('',(-0.00275,-0.00022078267664981,0.001525));
#12966=CARTESIAN_POINT('',(-0.00275,-0.000275360495862464,0.00152991188313978));
#12967=CARTESIAN_POINT('',(-0.00275,-0.00027041429501121,0.00145500000000003));
#12968=CARTESIAN_POINT('',(-0.00275,-0.00011,0.001175));
#12969=CARTESIAN_POINT('',(-0.00275,-0.000270414294978096,0.000895000000000216));
#12970=CARTESIAN_POINT('',(-0.00275,-0.000275360495865055,0.000820088116861746));
#12971=CARTESIAN_POINT('',(-0.00275,-0.00022078267664981,0.000825));
#12972=CARTESIAN_POINT('',(-0.00275,-0.000165470053838,0.000825));
#12973=CARTESIAN_POINT('',(-0.00275,-0.000107735026919,0.000725));
#12974=CARTESIAN_POINT('',(-0.00275,-5.E-5,0.000625));
#12975=CARTESIAN_POINT('',(-0.00275,-5.E-5,0.000425));
#12976=CARTESIAN_POINT('',(-0.00275,-5.E-5,0.000225));
#12977=CARTESIAN_POINT('',(-0.00275,-0.0001625,0.000225));
#12978=CARTESIAN_POINT('',(-0.00275,-0.000275,0.000225));
#12979=CARTESIAN_POINT('',(-0.00275,-0.000285,0.0003));
#12980=CARTESIAN_POINT('',(-0.00275,-0.000295,0.000375));
#12981=CARTESIAN_POINT('',(-0.00275,-0.000285261241318,0.0004698955034725));
#12982=CARTESIAN_POINT('',(-0.00275,-0.0005,0.001175));
#12983=CARTESIAN_POINT('',(-0.00253,-0.0006,0.001775));
#12984=CARTESIAN_POINT('',(-0.00253,-0.0007,0.00177499999999998));
#12985=CARTESIAN_POINT('',(-0.00243,-0.0007,0.001775));
#12986=CARTESIAN_POINT('',(-0.00243,-0.00065,0.001775));
#12987=CARTESIAN_POINT('',(-0.00243,-0.0006,0.001775));
#12988=CARTESIAN_POINT('',(-0.00253,-0.0006,0.00177499999999998));
#12989=CARTESIAN_POINT('',(-0.00243,-0.0006,0.001825));
#12990=CARTESIAN_POINT('',(-0.00243,-0.0007,0.0018));
#12991=CARTESIAN_POINT('',(-0.00243,-0.0007,0.001825));
#12992=CARTESIAN_POINT('',(-0.00243,-0.00065,0.001825));
#12993=CARTESIAN_POINT('',(-0.00243,-0.0006,0.001825));
#12994=CARTESIAN_POINT('',(-0.00243,-0.0006,0.0018));
#12995=CARTESIAN_POINT('',(-0.00253,-0.0006,0.001825));
#12996=CARTESIAN_POINT('',(-0.00253,-0.0007,0.00182500000000002));
#12997=CARTESIAN_POINT('',(-0.00253,-0.0007,0.001925));
#12998=CARTESIAN_POINT('',(-0.00253,-0.00065,0.001925));
#12999=CARTESIAN_POINT('',(-0.00253,-0.0006,0.001925));
#13000=CARTESIAN_POINT('',(-0.00253,-0.0006,0.00182500000000002));
#13001=CARTESIAN_POINT('',(-0.0026,-0.0006,0.001925));
#13002=CARTESIAN_POINT('',(-0.002565,-0.0007,0.001925));
#13003=CARTESIAN_POINT('',(-0.0026,-0.0007,0.001925));
#13004=CARTESIAN_POINT('',(-0.0026,-0.00065,0.001925));
#13005=CARTESIAN_POINT('',(-0.0026,-0.0006,0.001925));
#13006=CARTESIAN_POINT('',(-0.002565,-0.0006,0.001925));
#13007=CARTESIAN_POINT('',(-0.0026,-0.00025,0.0025));
#13008=CARTESIAN_POINT('',(-0.0026,-0.0007,0.0021125));
#13009=CARTESIAN_POINT('',(-0.0026,-0.0007,0.0023));
#13010=CARTESIAN_POINT('',(-0.0026,-0.000500000000000053,0.00230000000000006));
#13011=CARTESIAN_POINT('',(-0.0026,-0.0005,0.0025));
#13012=CARTESIAN_POINT('',(-0.0026,-0.000375,0.0025));
#13013=CARTESIAN_POINT('',(-0.0026,-0.00025,0.0025));
#13014=CARTESIAN_POINT('',(-0.0026,-0.00025,0.00245));
#13015=CARTESIAN_POINT('',(-0.0026,-0.00025,0.0024));
#13016=CARTESIAN_POINT('',(-0.0026,-0.000375,0.0024));
#13017=CARTESIAN_POINT('',(-0.0026,-0.0005,0.0024));
#13018=CARTESIAN_POINT('',(-0.0026,-0.000500000000000027,0.00230000000000003));
#13019=CARTESIAN_POINT('',(-0.0026,-0.0006,0.0021));
#13020=CARTESIAN_POINT('',(-0.001578589838486,-5.E-5,0.0025));
#13021=CARTESIAN_POINT('',(-0.0018894579361635,-0.0005101686142825,0.0025));
#13022=CARTESIAN_POINT('',(-0.001849626550446,-0.00055,0.0025));
#13023=CARTESIAN_POINT('',(-0.001929289321881,-0.000470337228565,0.0025));
#13024=CARTESIAN_POINT('',(-0.001849626550446,-0.000625,0.0025));
#13025=CARTESIAN_POINT('',(-0.001849626550446,-0.0007,0.0025));
#13026=CARTESIAN_POINT('',(-0.001714108194466,-0.0007,0.0025));
#13027=CARTESIAN_POINT('',(-0.001578589838486,-0.0007,0.0025));
#13028=CARTESIAN_POINT('',(-0.001578589838486,-0.0004375,0.0025));
#13029=CARTESIAN_POINT('',(-0.001578589838486,-0.000175,0.0025));
#13030=CARTESIAN_POINT('',(-0.001589294919243,-0.000175,0.0025));
#13031=CARTESIAN_POINT('',(-0.0016,-0.000175,0.0025));
#13032=CARTESIAN_POINT('',(-0.0016,-0.0001875,0.0025));
#13033=CARTESIAN_POINT('',(-0.0016,-0.0002,0.0025));
#13034=CARTESIAN_POINT('',(-0.001675,-0.000125,0.0025));
#13035=CARTESIAN_POINT('',(-0.00175,-5.E-5,0.0025));
#13036=CARTESIAN_POINT('',(-0.002025,-5.E-5,0.0025));
#13037=CARTESIAN_POINT('',(-0.0023,-5.E-5,0.0025));
#13038=CARTESIAN_POINT('',(-0.00245,-0.00015,0.0025));
#13039=CARTESIAN_POINT('',(-0.0023455935010635,-0.0005,0.0025));
#13040=CARTESIAN_POINT('',(-0.002091187002127,-0.0005,0.0025));
#13041=CARTESIAN_POINT('',(-0.00199999999999995,-0.00054104790668341,0.0025));
#13042=CARTESIAN_POINT('',(-0.0021,-0.000541047906684,0.0024));
#13043=CARTESIAN_POINT('',(-0.0021,-0.0006071264937205,0.0024));
#13044=CARTESIAN_POINT('',(-0.0021,-0.000541047906684,0.0024));
#13045=CARTESIAN_POINT('',(-0.0021,-0.000673205080757,0.0024));
#13046=CARTESIAN_POINT('',(-0.0021,-0.000541047906684,0.002447871177265));
#13047=CARTESIAN_POINT('',(-0.0021,-0.000541047906684,0.00249574235453));
#13048=CARTESIAN_POINT('',(-0.0021,-0.000500000000001134,0.00230000000000181));
#13049=CARTESIAN_POINT('',(0.0026,-5.E-5,0.0025));
#13050=CARTESIAN_POINT('',(0.001578589838486,-0.00045,0.0025));
#13051=CARTESIAN_POINT('',(0.001578589838486,-0.0007,0.0025));
#13052=CARTESIAN_POINT('',(0.001714108194466,-0.0007,0.0025));
#13053=CARTESIAN_POINT('',(0.001849626550446,-0.0007,0.0025));
#13054=CARTESIAN_POINT('',(0.001849626550446,-0.000625,0.0025));
#13055=CARTESIAN_POINT('',(0.001849626550446,-0.00055,0.0025));
#13056=CARTESIAN_POINT('',(0.0018894579361635,-0.0005101686142825,0.0025));
#13057=CARTESIAN_POINT('',(0.001929289321881,-0.000470337228565,0.0025));
#13058=CARTESIAN_POINT('',(0.00199999999999995,-0.00054104790668341,0.0025));
#13059=CARTESIAN_POINT('',(0.002091187002127,-0.0005,0.0025));
#13060=CARTESIAN_POINT('',(0.0023455935010635,-0.0005,0.0025));
#13061=CARTESIAN_POINT('',(0.0026,-0.0005,0.0025));
#13062=CARTESIAN_POINT('',(0.0026,-0.000375,0.0025));
#13063=CARTESIAN_POINT('',(0.0026,-0.00025,0.0025));
#13064=CARTESIAN_POINT('',(0.00245,-0.00015,0.0025));
#13065=CARTESIAN_POINT('',(0.001675,-0.000125,0.0025));
#13066=CARTESIAN_POINT('',(0.0026,-0.00025,0.001925));
#13067=CARTESIAN_POINT('',(0.0026,-0.0006,0.002115032940424));
#13068=CARTESIAN_POINT('',(0.0026,-0.0006,0.001925));
#13069=CARTESIAN_POINT('',(0.0026,-0.000499999999999485,0.00229999999999918));
#13070=CARTESIAN_POINT('',(0.0026,-0.0005,0.0024));
#13071=CARTESIAN_POINT('',(0.0026,-0.000375,0.0024));
#13072=CARTESIAN_POINT('',(0.0026,-0.00025,0.0024));
#13073=CARTESIAN_POINT('',(0.0026,-0.00025,0.00245));
#13074=CARTESIAN_POINT('',(0.0026,-0.000500000000000052,0.00230000000000005));
#13075=CARTESIAN_POINT('',(0.0026,-0.0007,0.0023));
#13076=CARTESIAN_POINT('',(0.0026,-0.0007,0.0021125));
#13077=CARTESIAN_POINT('',(0.0026,-0.0007,0.001925));
#13078=CARTESIAN_POINT('',(0.0026,-0.00065,0.001925));
#13079=CARTESIAN_POINT('',(0.00253,-0.0006,0.001925));
#13080=CARTESIAN_POINT('',(0.002565,-0.0007,0.001925));
#13081=CARTESIAN_POINT('',(0.00253,-0.0007,0.001925));
#13082=CARTESIAN_POINT('',(0.00253,-0.00065,0.001925));
#13083=CARTESIAN_POINT('',(0.00253,-0.0006,0.001925));
#13084=CARTESIAN_POINT('',(0.002565,-0.0006,0.001925));
#13085=CARTESIAN_POINT('',(0.00253,-0.0006,0.001825));
#13086=CARTESIAN_POINT('',(0.00253,-0.0007,0.00182500000000002));
#13087=CARTESIAN_POINT('',(0.00243,-0.0007,0.001825));
#13088=CARTESIAN_POINT('',(0.00243,-0.00065,0.001825));
#13089=CARTESIAN_POINT('',(0.00243,-0.0006,0.001825));
#13090=CARTESIAN_POINT('',(0.00253,-0.0006,0.00182500000000002));
#13091=CARTESIAN_POINT('',(0.00243,-0.0006,0.001775));
#13092=CARTESIAN_POINT('',(0.00243,-0.0007,0.0018));
#13093=CARTESIAN_POINT('',(0.00243,-0.0007,0.001775));
#13094=CARTESIAN_POINT('',(0.00243,-0.00065,0.001775));
#13095=CARTESIAN_POINT('',(0.00243,-0.0006,0.001775));
#13096=CARTESIAN_POINT('',(0.00243,-0.0006,0.0018));
#13097=CARTESIAN_POINT('',(0.00253,-0.0006,0.001775));
#13098=CARTESIAN_POINT('',(0.00253,-0.0007,0.00177499999999997));
#13099=CARTESIAN_POINT('',(0.00253,-0.0006,0.00177499999999998));
#13100=CARTESIAN_POINT('',(0.00275,-5.E-5,0.000225));
#13101=CARTESIAN_POINT('',(0.00275,-0.000285261241318,0.0018801044965275));
#13102=CARTESIAN_POINT('',(0.00275,-0.000295,0.001975));
#13103=CARTESIAN_POINT('',(0.00275,-0.0005,0.001175));
#13104=CARTESIAN_POINT('',(0.00275,-0.000285261241318,0.0004698955034725));
#13105=CARTESIAN_POINT('',(0.00275,-0.000295,0.000375));
#13106=CARTESIAN_POINT('',(0.00275,-0.000285,0.0003));
#13107=CARTESIAN_POINT('',(0.00275,-0.000275,0.000225));
#13108=CARTESIAN_POINT('',(0.00275,-0.0001625,0.000225));
#13109=CARTESIAN_POINT('',(0.00275,-5.E-5,0.000225));
#13110=CARTESIAN_POINT('',(0.00275,-5.E-5,0.000425));
#13111=CARTESIAN_POINT('',(0.00275,-5.E-5,0.000625));
#13112=CARTESIAN_POINT('',(0.00275,-0.000107735026919,0.000725));
#13113=CARTESIAN_POINT('',(0.00275,-0.000165470053838,0.000825));
#13114=CARTESIAN_POINT('',(0.00275,-0.00022078267664981,0.000825));
#13115=CARTESIAN_POINT('',(0.00275,-0.000275360495865058,0.000820088116861747));
#13116=CARTESIAN_POINT('',(0.00275,-0.00027041429497801,0.000895000000000213));
#13117=CARTESIAN_POINT('',(0.00275,-0.00011,0.001175));
#13118=CARTESIAN_POINT('',(0.00275,-0.000273522529783321,0.00153497054636031));
#13119=CARTESIAN_POINT('',(0.00275,-0.000274632423359661,0.00153489646265865));
#13120=CARTESIAN_POINT('',(0.00275,-0.000275742316936,0.001534822378957));
#13121=CARTESIAN_POINT('',(0.00275,-0.000352947989213,0.001529669018209));
#13122=CARTESIAN_POINT('',(0.00275,-0.00035036987742,0.001452334509104));
#13123=CARTESIAN_POINT('',(0.00275,-0.000347791765627,0.001375));
#13124=CARTESIAN_POINT('',(0.00275,-0.000270414295011,0.001375));
#13125=CARTESIAN_POINT('',(0.00274999975,-0.000275402914684756,0.00152990905710879));
#13126=CARTESIAN_POINT('',(0.00275,-0.000220958960087885,0.001525));
#13127=CARTESIAN_POINT('',(0.00275,-0.000165470053838,0.001525));
#13128=CARTESIAN_POINT('',(0.00275,-0.000107735026919,0.001625));
#13129=CARTESIAN_POINT('',(0.00275,-5.E-5,0.001725));
#13130=CARTESIAN_POINT('',(0.00275,-5.E-5,0.001925));
#13131=CARTESIAN_POINT('',(0.00275,-5.E-5,0.002125));
#13132=CARTESIAN_POINT('',(0.00275,-0.0001625,0.002125));
#13133=CARTESIAN_POINT('',(0.00275,-0.000275,0.002125));
#13134=CARTESIAN_POINT('',(0.00275,-0.000285,0.00205));
#13135=CARTESIAN_POINT('',(0.00253,-0.0006,0.000575));
#13136=CARTESIAN_POINT('',(0.00253,-0.0007,0.000575000000000026));
#13137=CARTESIAN_POINT('',(0.00243,-0.0007,0.000575));
#13138=CARTESIAN_POINT('',(0.00243,-0.00065,0.000575));
#13139=CARTESIAN_POINT('',(0.00243,-0.0006,0.000575));
#13140=CARTESIAN_POINT('',(0.00253,-0.0006,0.000575000000000026));
#13141=CARTESIAN_POINT('',(0.00243,-0.0006,0.0002));
#13142=CARTESIAN_POINT('',(0.00243,-0.00065,0.0002));
#13143=CARTESIAN_POINT('',(0.00243,-0.0006,0.0002));
#13144=CARTESIAN_POINT('',(0.00243,-0.0007,0.0002));
#13145=CARTESIAN_POINT('',(0.00243,-0.0006,0.0003875));
#13146=CARTESIAN_POINT('',(0.00243,-0.0007,0.0003875));
#13147=CARTESIAN_POINT('',(0.002,-0.0006,0.00025));
#13148=CARTESIAN_POINT('',(0.002,-0.00065,0.0002));
#13149=CARTESIAN_POINT('',(0.002,-0.0006,0.0002));
#13150=CARTESIAN_POINT('',(0.002,-0.0007,0.0002));
#13151=CARTESIAN_POINT('',(0.002,-0.0007,0.000225));
#13152=CARTESIAN_POINT('',(0.002,-0.0007,0.00025));
#13153=CARTESIAN_POINT('',(0.002,-0.00065,0.00025));
#13154=CARTESIAN_POINT('',(0.002,-0.0006,0.00025));
#13155=CARTESIAN_POINT('',(0.002,-0.0006,0.000225));
#13156=CARTESIAN_POINT('',(0.0019,-0.0006,0.00025));
#13157=CARTESIAN_POINT('',(0.00190000000000002,-0.0007,0.000250000000000026));
#13158=CARTESIAN_POINT('',(0.0019,-0.0007,0.00035));
#13159=CARTESIAN_POINT('',(0.0019,-0.00065,0.00035));
#13160=CARTESIAN_POINT('',(0.0019,-0.0006,0.00035));
#13161=CARTESIAN_POINT('',(0.00190000000000002,-0.0006,0.000250000000000027));
#13162=CARTESIAN_POINT('',(0.00185,-0.0006,0.00035));
#13163=CARTESIAN_POINT('',(0.001875,-0.0007,0.00035));
#13164=CARTESIAN_POINT('',(0.001875,-0.0006,0.00035));
#13165=CARTESIAN_POINT('',(0.00135,-0.000375,8.E-5));
#13166=CARTESIAN_POINT('',(0.00155,-0.000375,8.E-5));
#13167=CARTESIAN_POINT('',(0.00167,-0.000375,8.E-5));
#13168=CARTESIAN_POINT('',(0.00143,-0.000375,8.E-5));
#13169=CARTESIAN_POINT('',(0.00167,-0.000454999999999979,8.E-5));
#13170=CARTESIAN_POINT('',(0.00155,-0.0005,8.E-5));
#13171=CARTESIAN_POINT('',(0.00142999999999998,-0.000454999999999979,8.E-5));
#13172=CARTESIAN_POINT('',(0.0026,-0.0007,0.0025));
#13173=CARTESIAN_POINT('',(-0.002179192906912,-0.0007,0.00235));
#13174=CARTESIAN_POINT('',(-0.002179192906912,-0.0007,0.0024));
#13175=CARTESIAN_POINT('',(-0.002179192906912,-0.0007,0.0023));
#13176=CARTESIAN_POINT('',(-0.002389596453456,-0.0007,0.0023));
#13177=CARTESIAN_POINT('',(-0.00255,-0.0007,0.001525));
#13178=CARTESIAN_POINT('',(-0.00255,-0.0007,0.001375));
#13179=CARTESIAN_POINT('',(-0.0025,-0.0007,0.001375));
#13180=CARTESIAN_POINT('',(-0.00245,-0.0007,0.001375));
#13181=CARTESIAN_POINT('',(-0.00245,-0.0007,0.001175));
#13182=CARTESIAN_POINT('',(-0.00245,-0.0007,0.000975));
#13183=CARTESIAN_POINT('',(-0.0025,-0.0007,0.000975));
#13184=CARTESIAN_POINT('',(-0.00255,-0.0007,0.000975));
#13185=CARTESIAN_POINT('',(-0.00255,-0.0007,0.000825));
#13186=CARTESIAN_POINT('',(-0.002215,-0.0007,0.0002));
#13187=CARTESIAN_POINT('',(-0.001552303039929,-0.0007,0.00028));
#13188=CARTESIAN_POINT('',(-0.00125000000000003,-0.0007,0.000675000000000027));
#13189=CARTESIAN_POINT('',(0.00125000000000003,-0.0007,0.000675000000000026));
#13190=CARTESIAN_POINT('',(0.001552303039929,-0.0007,0.00028));
#13191=CARTESIAN_POINT('',(0.002215,-0.0007,0.0002));
#13192=CARTESIAN_POINT('',(0.00255,-0.0007,0.000825));
#13193=CARTESIAN_POINT('',(0.00255,-0.0007,0.000975));
#13194=CARTESIAN_POINT('',(0.0025,-0.0007,0.000975));
#13195=CARTESIAN_POINT('',(0.00245,-0.0007,0.000975));
#13196=CARTESIAN_POINT('',(0.00245,-0.0007,0.001175));
#13197=CARTESIAN_POINT('',(0.00245,-0.0007,0.001375));
#13198=CARTESIAN_POINT('',(0.0025,-0.0007,0.001375));
#13199=CARTESIAN_POINT('',(0.00255,-0.0007,0.001375));
#13200=CARTESIAN_POINT('',(0.00255,-0.0007,0.001525));
#13201=CARTESIAN_POINT('',(0.002400194605744,-0.0007,0.0023));
#13202=CARTESIAN_POINT('',(0.002200389211488,-0.0007,0.0023));
#13203=CARTESIAN_POINT('',(0.002200389211488,-0.0007,0.0023472062011115));
#13204=CARTESIAN_POINT('',(0.002200389211488,-0.0007,0.002394412402223));
#13205=CARTESIAN_POINT('',(0.001871253063745,-0.0007,0.002394412402223));
#13206=CARTESIAN_POINT('',(0.0017007107348445,-0.0007,0.0024));
#13207=CARTESIAN_POINT('',(0.001849626550446,-0.0007,0.0024));
#13208=CARTESIAN_POINT('',(0.001849626550446,-0.0007,0.00245));
#13209=CARTESIAN_POINT('',(0.00157858983848617,-0.0007,0.00229999999999861));
#13210=CARTESIAN_POINT('',(-0.00157858983848617,-0.0007,0.00229999999999862));
#13211=CARTESIAN_POINT('',(-0.001849626550446,-0.0007,0.00245));
#13212=CARTESIAN_POINT('',(-0.001849626550446,-0.0007,0.0024));
#13213=CARTESIAN_POINT('',(-0.002014409728679,-0.0007,0.0024));
#13214=CARTESIAN_POINT('',(-0.001551794919243,-0.0007,0.002393145889407));
#13215=CARTESIAN_POINT('',(0.001551794919243,-5.E-5,0.0024));
#13216=CARTESIAN_POINT('',(0.0023455935010635,-0.0005,0.0024));
#13217=CARTESIAN_POINT('',(0.002091187002127,-0.0005,0.0024));
#13218=CARTESIAN_POINT('',(0.00199999999999995,-0.00054104790668341,0.0024));
#13219=CARTESIAN_POINT('',(0.001929289321881,-0.000470337228565,0.0024));
#13220=CARTESIAN_POINT('',(0.0018894579361635,-0.0005101686142825,0.0024));
#13221=CARTESIAN_POINT('',(0.001849626550446,-0.00055,0.0024));
#13222=CARTESIAN_POINT('',(0.001849626550446,-0.000625,0.0024));
#13223=CARTESIAN_POINT('',(0.001675,-0.000125,0.0024));
#13224=CARTESIAN_POINT('',(0.00245,-0.00015,0.0024));
#13225=CARTESIAN_POINT('',(-0.0026,-5.E-5,0.0024));
#13226=CARTESIAN_POINT('',(-0.002239596453456,-5.E-5,0.0024));
#13227=CARTESIAN_POINT('',(-0.002179192906912,-5.E-5,0.0024));
#13228=CARTESIAN_POINT('',(-0.0023,-5.E-5,0.0024));
#13229=CARTESIAN_POINT('',(-0.002179192906912,-0.000275,0.0024));
#13230=CARTESIAN_POINT('',(-0.002179192906912,-0.0005,0.0024));
#13231=CARTESIAN_POINT('',(-0.002389596453456,-0.0005,0.0024));
#13232=CARTESIAN_POINT('',(-0.00245,-0.00015,0.0024));
#13233=CARTESIAN_POINT('',(-0.001551794919243,-5.E-5,0.00235));
#13234=CARTESIAN_POINT('',(-0.0023,-5.E-5,0.00245));
#13235=CARTESIAN_POINT('',(-0.00175,-5.E-5,0.00245));
#13236=CARTESIAN_POINT('',(-0.001551794919243,-5.E-5,0.002388923048454));
#13237=CARTESIAN_POINT('',(-0.001551794919243,-5.E-5,0.002377846096908));
#13238=CARTESIAN_POINT('',(-0.0015633974596215,-5.E-5,0.002363923048454));
#13239=CARTESIAN_POINT('',(-0.002179192906912,-5.E-5,0.002375));
#13240=CARTESIAN_POINT('',(0.002,-0.000541047906684,0.002394412402224));
#13241=CARTESIAN_POINT('',(0.002091187002127,-0.0005,0.0024));
#13242=CARTESIAN_POINT('',(0.002094578085538,-0.000507533215581,0.0024));
#13243=CARTESIAN_POINT('',(0.002097045330284,-0.00051561595026,0.002399108065096));
#13244=CARTESIAN_POINT('',(0.00209845327704,-0.000523527854168,0.00239719279849));
#13245=CARTESIAN_POINT('',(0.002099016128064,-0.000526690774359,0.002396427137595));
#13246=CARTESIAN_POINT('',(0.002099420009299,-0.000529850097452,0.002395497723147));
#13247=CARTESIAN_POINT('',(0.002099672314278,-0.00053295903983,0.002394412402225));
#13248=CARTESIAN_POINT('',(0.00209976958698742,-0.000534157649741463,0.00239399397169267));
#13249=CARTESIAN_POINT('',(0.00209986685969684,-0.000535356259652926,0.00239357554116033));
#13250=CARTESIAN_POINT('',(0.00209996413240626,-0.000536554869564389,0.00239315711062799));
#13251=CARTESIAN_POINT('',(0.0021,-0.000541047906684,0.00249574235453));
#13252=CARTESIAN_POINT('',(0.0021,-0.000527053605741,0.002498677011981));
#13253=CARTESIAN_POINT('',(0.002097057312072,-0.000513040761605,0.0025));
#13254=CARTESIAN_POINT('',(0.002091187002127,-0.0005,0.0025));
#13255=CARTESIAN_POINT('',(0.001929289321881,-0.000470337228565,0.00245));
#13256=CARTESIAN_POINT('',(0.001929289321881,-0.000470337228565,0.0024));
#13257=CARTESIAN_POINT('',(0.001849626550446,-0.00055,0.00245));
#13258=CARTESIAN_POINT('',(0.0016,-0.0002,0.0024));
#13259=CARTESIAN_POINT('',(-0.00175,-5.E-5,0.0024));
#13260=CARTESIAN_POINT('',(-0.0016,-0.0002,0.00245));
#13261=CARTESIAN_POINT('',(0.0023,-5.E-5,0.0024));
#13262=CARTESIAN_POINT('',(-0.002,-0.000541047906684,0.0024));
#13263=CARTESIAN_POINT('',(-0.00199999999999976,-0.000541047906683898,0.0024));
#13264=CARTESIAN_POINT('',(-0.001929289321881,-0.000470337228565,0.0024));
#13265=CARTESIAN_POINT('',(-0.001929289321881,-0.000470337228565,0.00245));
#13266=CARTESIAN_POINT('',(-0.002091187002127,-0.0005,0.0025));
#13267=CARTESIAN_POINT('',(-0.002097056331442,-0.000513038583157,0.0025));
#13268=CARTESIAN_POINT('',(-0.0021,-0.00052705126738,0.002498677502344));
#13269=CARTESIAN_POINT('',(-0.0021,-0.000541047906684,0.00249574235453));
#13270=CARTESIAN_POINT('',(-0.001849626550446,-0.00055,0.0024));
#13271=CARTESIAN_POINT('',(-0.001849626550446,-0.00055,0.00245));
#13272=CARTESIAN_POINT('',(-0.001849626550446,-0.00055,0.0024));
#13273=CARTESIAN_POINT('',(-0.0018894579361635,-0.0005101686142825,0.0024));
#13274=CARTESIAN_POINT('',(-0.0026,-0.00025,0.0024));
#13275=CARTESIAN_POINT('',(-0.00175,-0.000375,0.00018));
#13276=CARTESIAN_POINT('',(-0.00142999999999998,-0.000454999999999979,0.00018));
#13277=CARTESIAN_POINT('',(-0.00143,-0.000375,0.00018));
#13278=CARTESIAN_POINT('',(-0.00155,-0.000375,0.00018));
#13279=CARTESIAN_POINT('',(-0.00167,-0.000375,0.00018));
#13280=CARTESIAN_POINT('',(-0.00167,-0.000454999999999979,0.00018));
#13281=CARTESIAN_POINT('',(-0.00143,-0.000375,0.00018));
#13282=CARTESIAN_POINT('',(-0.00143,-0.000375,0.00013));
#13283=CARTESIAN_POINT('',(-0.00167,-0.000375,0.00013));
#13284=CARTESIAN_POINT('',(0.00135,-0.000375,0.00018));
#13285=CARTESIAN_POINT('',(0.00167,-0.000454999999999979,0.00018));
#13286=CARTESIAN_POINT('',(0.00167,-0.000375,0.00018));
#13287=CARTESIAN_POINT('',(0.00155,-0.000375,0.00018));
#13288=CARTESIAN_POINT('',(0.00143,-0.000375,0.00018));
#13289=CARTESIAN_POINT('',(0.00142999999999998,-0.000454999999999979,0.00018));
#13290=CARTESIAN_POINT('',(0.00167,-0.000375,0.00018));
#13291=CARTESIAN_POINT('',(0.00167,-0.000375,0.00013));
#13292=CARTESIAN_POINT('',(0.00143,-0.000375,0.00013));
#13293=CARTESIAN_POINT('',(-0.00275,-5.E-5,0.000225));
#13294=CARTESIAN_POINT('',(-0.00272,-5.E-5,0.000225));
#13295=CARTESIAN_POINT('',(-0.0027,-0.000275,0.000225));
#13296=CARTESIAN_POINT('',(-0.00269,-5.E-5,0.000225));
#13297=CARTESIAN_POINT('',(-0.00272,-5.E-5,0.000625));
#13298=CARTESIAN_POINT('',(-0.00266,-0.000165470053838,0.000825));
#13299=CARTESIAN_POINT('',(-0.00266,-0.000122735026919,0.0007509807621135));
#13300=CARTESIAN_POINT('',(-0.00266,-0.000165470053838,0.000825));
#13301=CARTESIAN_POINT('',(-0.002705,-0.000165470053838,0.000825));
#13302=CARTESIAN_POINT('',(-0.00266,-0.00027609529946162,0.000825));
#13303=CARTESIAN_POINT('',(-0.00266,-0.00022078267664981,0.000825));
#13304=CARTESIAN_POINT('',(-0.00266,-0.000275360495865055,0.000820088116861746));
#13305=CARTESIAN_POINT('',(-0.00275,-0.000275643891144,0.000825));
#13306=CARTESIAN_POINT('',(-0.00272,-0.000275643891144,0.000825));
#13307=CARTESIAN_POINT('',(-0.00269,-0.000275643891144,0.000825));
#13308=CARTESIAN_POINT('',(-0.00266,-0.000275643891144,0.000825));
#13309=CARTESIAN_POINT('',(-0.00266,-0.000270414294978911,0.000894999999999518));
#13310=CARTESIAN_POINT('',(-0.00266,-0.000270414294978096,0.000895000000000216));
#13311=CARTESIAN_POINT('',(-0.00266,-0.000270414295011,0.00145499999999927));
#13312=CARTESIAN_POINT('',(-0.00266,-0.00027041429501121,0.00145500000000003));
#13313=CARTESIAN_POINT('',(-0.00266,-0.000275360495862464,0.00152991188313978));
#13314=CARTESIAN_POINT('',(-0.00266,-0.000275643891138974,0.001525));
#13315=CARTESIAN_POINT('',(-0.00269,-0.000275643891138974,0.001525));
#13316=CARTESIAN_POINT('',(-0.00272,-0.000275643891138974,0.001525));
#13317=CARTESIAN_POINT('',(-0.00275,-0.000275643891138974,0.001525));
#13318=CARTESIAN_POINT('',(-0.00266,-0.000165470053838,0.001525));
#13319=CARTESIAN_POINT('',(-0.00266,-0.00022078267664981,0.001525));
#13320=CARTESIAN_POINT('',(-0.00266,-0.000165470053838,0.001525));
#13321=CARTESIAN_POINT('',(-0.002705,-0.000165470053838,0.001525));
#13322=CARTESIAN_POINT('',(-0.00266,-5.E-5,0.001725));
#13323=CARTESIAN_POINT('',(-0.00266,-0.000122735026919,0.0015990192378865));
#13324=CARTESIAN_POINT('',(-0.00272,-5.E-5,0.001725));
#13325=CARTESIAN_POINT('',(-0.00269,-5.E-5,0.001725));
#13326=CARTESIAN_POINT('',(-0.00272,-5.E-5,0.002125));
#13327=CARTESIAN_POINT('',(-0.00265,-5.E-5,0.002125));
#13328=CARTESIAN_POINT('',(-0.0027,-0.000275,0.002125));
#13329=CARTESIAN_POINT('',(0.00275,-5.E-5,0.002125));
#13330=CARTESIAN_POINT('',(0.00272,-5.E-5,0.002125));
#13331=CARTESIAN_POINT('',(0.0027,-0.000275,0.002125));
#13332=CARTESIAN_POINT('',(0.00275,-5.E-5,0.001725));
#13333=CARTESIAN_POINT('',(0.00272,-5.E-5,0.001725));
#13334=CARTESIAN_POINT('',(0.00275,-5.E-5,0.001725));
#13335=CARTESIAN_POINT('',(0.002705,-0.000165470053838,0.001525));
#13336=CARTESIAN_POINT('',(0.00266,-0.000165470053838,0.001525));
#13337=CARTESIAN_POINT('',(0.00266,-0.000122735026919,0.0015990192378865));
#13338=CARTESIAN_POINT('',(0.00275,-0.000165470053838,0.001525));
#13339=CARTESIAN_POINT('',(0.00274999975,-0.000275643891139,0.001525));
#13340=CARTESIAN_POINT('',(0.00271999991666667,-0.000275643891139,0.001525));
#13341=CARTESIAN_POINT('',(0.00269000008333333,-0.000275643891139,0.001525));
#13342=CARTESIAN_POINT('',(0.00266000025,-0.000275643891139,0.001525));
#13343=CARTESIAN_POINT('',(0.00266000025,-0.000275402894694682,0.00152990905845934));
#13344=CARTESIAN_POINT('',(0.00266,-0.00022095893321936,0.001525));
#13345=CARTESIAN_POINT('',(0.00275,-0.000270414295011,0.00145499999999927));
#13346=CARTESIAN_POINT('',(0.00266,-0.000273522472119461,0.00153497054861354));
#13347=CARTESIAN_POINT('',(0.00266,-0.00027463236595423,0.00153489646569277));
#13348=CARTESIAN_POINT('',(0.00266,-0.000275742259789,0.001534822382772));
#13349=CARTESIAN_POINT('',(0.00266,-0.000352947963408,0.001529669075451));
#13350=CARTESIAN_POINT('',(0.00266,-0.000350369878374,0.001452334537725));
#13351=CARTESIAN_POINT('',(0.00266,-0.00034779179334,0.001375));
#13352=CARTESIAN_POINT('',(0.00266,-0.000270414295011,0.001375));
#13353=CARTESIAN_POINT('',(0.00275,-0.000270414294978775,0.000895000000000547));
#13354=CARTESIAN_POINT('',(0.00266,-0.000275643891143342,0.000825));
#13355=CARTESIAN_POINT('',(0.00269,-0.000275643891143342,0.000825));
#13356=CARTESIAN_POINT('',(0.00272,-0.000275643891143342,0.000825));
#13357=CARTESIAN_POINT('',(0.00275,-0.000275643891143343,0.000825));
#13358=CARTESIAN_POINT('',(0.00266,-0.000275360495865058,0.000820088116861747));
#13359=CARTESIAN_POINT('',(0.00266,-0.00027041429497801,0.000895000000000213));
#13360=CARTESIAN_POINT('',(0.00275,-0.00027609529946162,0.000825));
#13361=CARTESIAN_POINT('',(0.002705,-0.000165470053838,0.000825));
#13362=CARTESIAN_POINT('',(0.00266,-0.000165470053838,0.000825));
#13363=CARTESIAN_POINT('',(0.00266,-0.00022078267664981,0.000825));
#13364=CARTESIAN_POINT('',(0.00275,-0.000165470053838,0.000825));
#13365=CARTESIAN_POINT('',(0.00266,-0.000122735026919,0.0007509807621135));
#13366=CARTESIAN_POINT('',(0.00272,-5.E-5,0.000625));
#13367=CARTESIAN_POINT('',(0.00275,-5.E-5,0.000225));
#13368=CARTESIAN_POINT('',(0.00272,-5.E-5,0.000225));
#13369=CARTESIAN_POINT('',(0.00265,-5.E-5,0.000225));
#13370=CARTESIAN_POINT('',(0.0027,-0.000275,0.000225));
#13371=CARTESIAN_POINT('',(0.00255,-0.0005,0.001675));
#13372=CARTESIAN_POINT('',(0.00254999999999988,-0.000500000000000327,0.000975));
#13373=CARTESIAN_POINT('',(0.00274364916731,-0.00055,0.000975));
#13374=CARTESIAN_POINT('',(0.00254999999999988,-0.000500000000000326,0.001375));
#13375=CARTESIAN_POINT('',(0.00274364916731,-0.00055,0.001375));
#13376=CARTESIAN_POINT('',(0.00274364916731,-0.00055,0.001175));
#13377=CARTESIAN_POINT('',(-0.00255,-0.0005,0.000675));
#13378=CARTESIAN_POINT('',(-0.00254999999999988,-0.000500000000000328,0.000975));
#13379=CARTESIAN_POINT('',(-0.00274364916731,-0.00055,0.000975));
#13380=CARTESIAN_POINT('',(-0.00274364916731,-0.00055,0.001175));
#13381=CARTESIAN_POINT('',(-0.00274364916731,-0.00055,0.001375));
#13382=CARTESIAN_POINT('',(-0.00254999999999988,-0.000500000000000328,0.001375));
#13383=CARTESIAN_POINT('',(0.001578589838486,-0.0007,0.00229999999999855));
#13384=CARTESIAN_POINT('',(-0.001578589838486,-0.0007,0.00229999999999855));
#13385=CARTESIAN_POINT('',(-0.00157858983848617,-0.000175,0.00229999999999862));
#13386=CARTESIAN_POINT('',(-0.0026,-0.0005,0.0023));
#13387=CARTESIAN_POINT('',(-0.002139596453456,-0.000673205080757,0.0024));
#13388=CARTESIAN_POINT('',(-0.002179192906912,-0.000673205080757,0.0024));
#13389=CARTESIAN_POINT('',(-0.00217919290691203,-0.000499999999998623,0.00229999999999983));
#13390=CARTESIAN_POINT('',(0.002091187002127,-0.0005,0.0023));
#13391=CARTESIAN_POINT('',(0.00220038921148803,-0.000499999999999459,0.0023000000000002));
#13392=CARTESIAN_POINT('',(0.002200389211488,-0.000676313069018,0.002394412402223));
#13393=CARTESIAN_POINT('',(0.002150194605744,-0.000676313069018,0.002394412402223));
#13394=CARTESIAN_POINT('',(0.001754606079858,-0.0005,0.00028));
#13395=CARTESIAN_POINT('',(-0.00135,-0.0005,0.00028));
#13396=CARTESIAN_POINT('',(0.00125,-0.0007,0.000675));
#13397=CARTESIAN_POINT('',(0.00125000000000003,-0.0006,0.000675000000000026));
#13398=CARTESIAN_POINT('',(-0.00125,-0.0007,0.000675));
#13399=CARTESIAN_POINT('',(-0.00125000000000003,-0.0006,0.000675000000000027));
#13400=CARTESIAN_POINT('',(0.002,-0.0006,0.0002));
#13401=CARTESIAN_POINT('',(0.002215,-0.0006,0.0002));
#13402=CARTESIAN_POINT('',(-0.00243,-0.0006,0.0002));
#13403=CARTESIAN_POINT('',(-0.002215,-0.0006,0.0002));
#13404=CARTESIAN_POINT('',(0.00280000000000043,-0.00011,0.001375));
#13405=CARTESIAN_POINT('',(0.002809016393443,-6.081967213115E-5,0.001175));
#13406=CARTESIAN_POINT('',(0.002809016393443,-6.081967213115E-5,0.000975));
#13407=CARTESIAN_POINT('',(0.003231967213115,-0.000138360655738,0.001175));
#13408=CARTESIAN_POINT('',(0.003231967213115,-0.000138360655738,0.001225));
#13409=CARTESIAN_POINT('',(0.003231967213115,-0.000138360655738,0.001125));
#13410=CARTESIAN_POINT('',(0.0030844262295083,-0.000111311475410053,0.00122499999999984));
#13411=CARTESIAN_POINT('',(0.0030844262295083,-0.000111311475410053,0.00112500000000016));
#13412=CARTESIAN_POINT('',(0.003231967213115,-0.000138360655738,0.001125));
#13413=CARTESIAN_POINT('',(0.00325,-4.E-5,0.001175));
#13414=CARTESIAN_POINT('',(0.00325,-4.E-5,0.001225));
#13415=CARTESIAN_POINT('',(0.00325,-4.E-5,0.001125));
#13416=CARTESIAN_POINT('',(0.0032409836065575,-8.9180327869E-5,0.001225));
#13417=CARTESIAN_POINT('',(0.0032409836065575,-8.9180327869E-5,0.001125));
#13418=CARTESIAN_POINT('',(0.00325,-4.E-5,0.000975));
#13419=CARTESIAN_POINT('',(0.00310245901639328,-1.29508196721809E-5,0.00122499999999985));
#13420=CARTESIAN_POINT('',(0.00310245901639328,-1.29508196721816E-5,0.00112500000000015));
#13421=CARTESIAN_POINT('',(-0.00280000000000043,-0.00011,0.001375));
#13422=CARTESIAN_POINT('',(-0.002809016393443,-6.081967213115E-5,0.001175));
#13423=CARTESIAN_POINT('',(-0.002827049180328,3.754098360656E-5,0.000975));
#13424=CARTESIAN_POINT('',(-0.00310245901639328,-1.29508196721817E-5,0.00112500000000015));
#13425=CARTESIAN_POINT('',(-0.00325,-4.E-5,0.001125));
#13426=CARTESIAN_POINT('',(-0.00325,-4.E-5,0.001175));
#13427=CARTESIAN_POINT('',(-0.00325,-4.E-5,0.001225));
#13428=CARTESIAN_POINT('',(-0.00310245901639328,-1.29508196721816E-5,0.00122499999999985));
#13429=CARTESIAN_POINT('',(-0.00325,-4.E-5,0.001125));
#13430=CARTESIAN_POINT('',(-0.0032409836065575,-8.9180327869E-5,0.001125));
#13431=CARTESIAN_POINT('',(-0.003231967213115,-0.000138360655738,0.001125));
#13432=CARTESIAN_POINT('',(-0.003231967213115,-0.000138360655738,0.001175));
#13433=CARTESIAN_POINT('',(-0.003231967213115,-0.000138360655738,0.001225));
#13434=CARTESIAN_POINT('',(-0.0032409836065575,-8.9180327869E-5,0.001225));
#13435=CARTESIAN_POINT('',(-0.003231967213115,-0.000138360655738,0.000975));
#13436=CARTESIAN_POINT('',(-0.00308442622950829,-0.000111311475410053,0.00112500000000016));
#13437=CARTESIAN_POINT('',(-0.00308442622950829,-0.000111311475410053,0.00122499999999984));
#13438=CARTESIAN_POINT('',(0.0026,-0.0005,0.00229999999999886));
#13439=CARTESIAN_POINT('',(0.002200389211488,-0.000500000000001548,0.00230000000000033));
#13440=CARTESIAN_POINT('',(0.002200389211488,-0.000532959039828,0.002394412402223));
#13441=CARTESIAN_POINT('',(0.002150030762882,-0.000532959039828,0.002394412402223));
#13442=CARTESIAN_POINT('',(-0.002179192906912,-0.0005,0.0023));
#13443=CARTESIAN_POINT('',(-0.002179192906912,-0.000500000000000027,0.00230000000000003));
#13444=CARTESIAN_POINT('',(0.00167,-0.000455,0.00018));
#13445=CARTESIAN_POINT('',(0.00143,-0.000455,8.E-5));
#13446=CARTESIAN_POINT('',(-0.00143,-0.000455,0.00018));
#13447=CARTESIAN_POINT('',(-0.00167,-0.000455,8.E-5));
#13448=CARTESIAN_POINT('',(-0.003084426229508,-0.00011131147541,0.001125));
#13449=CARTESIAN_POINT('',(-0.003102459016393,-1.29508196721301E-5,0.001225));
#13450=CARTESIAN_POINT('',(0.003102459016393,-1.29508196721301E-5,0.001225));
#13451=CARTESIAN_POINT('',(0.003084426229508,-0.00011131147541,0.001125));
#13452=CARTESIAN_POINT('',(-0.002636602540378,-0.00055,0.000975));
#13453=CARTESIAN_POINT('',(-0.002690125853844,-0.00055,0.000975));
#13454=CARTESIAN_POINT('',(-0.002690125853844,-0.00055,0.001375));
#13455=CARTESIAN_POINT('',(-0.00245,-0.0006,0.000975));
#13456=CARTESIAN_POINT('',(-0.00245,-0.0006,0.001175));
#13457=CARTESIAN_POINT('',(-0.00245,-0.0006,0.001375));
#13458=CARTESIAN_POINT('',(-0.00245,-0.0006,0.000975));
#13459=CARTESIAN_POINT('',(-0.00245,-0.00065,0.000975));
#13460=CARTESIAN_POINT('',(-0.00245,-0.00065,0.001375));
#13461=CARTESIAN_POINT('',(-0.00245,-0.0007,0.000975));
#13462=CARTESIAN_POINT('',(-0.0025,-0.0006,0.000975));
#13463=CARTESIAN_POINT('',(-0.00245,-0.00055,0.001375));
#13464=CARTESIAN_POINT('',(-0.0025,-0.0006,0.001375));
#13465=CARTESIAN_POINT('',(0.00274364916731,-0.00055,0.000975));
#13466=CARTESIAN_POINT('',(0.002690125853844,-0.00055,0.001375));
#13467=CARTESIAN_POINT('',(0.002690125853844,-0.00055,0.000975));
#13468=CARTESIAN_POINT('',(0.00274364916731,-0.0007,0.000975));
#13469=CARTESIAN_POINT('',(0.0025,-0.0006,0.000975));
#13470=CARTESIAN_POINT('',(0.00245,-0.0006,0.000975));
#13471=CARTESIAN_POINT('',(0.00245,-0.00065,0.000975));
#13472=CARTESIAN_POINT('',(0.00245,-0.0006,0.001375));
#13473=CARTESIAN_POINT('',(0.00245,-0.0006,0.001175));
#13474=CARTESIAN_POINT('',(0.00245,-0.0006,0.001375));
#13475=CARTESIAN_POINT('',(0.00245,-0.00065,0.001375));
#13476=CARTESIAN_POINT('',(0.00274364916731,-0.00055,0.001375));
#13477=CARTESIAN_POINT('',(0.0025,-0.0006,0.001375));
#13478=CARTESIAN_POINT('',(-0.00265,-0.000275522482636,0.000564791006945));
#13479=CARTESIAN_POINT('',(-0.0027,-0.000295,0.000375));
#13480=CARTESIAN_POINT('',(0.00275,-0.000275522482636,0.000564791006945));
#13481=CARTESIAN_POINT('',(0.0027,-0.000295,0.000375));
#13482=CARTESIAN_POINT('',(0.00275,-0.000295,0.001975));
#13483=CARTESIAN_POINT('',(0.0027,-0.000295,0.001975));
#13484=CARTESIAN_POINT('',(-0.00265,-0.000295,0.001975));
#13485=CARTESIAN_POINT('',(-0.0027,-0.000295,0.001975));
#13486=CARTESIAN_POINT('',(0.00275,-0.000275,0.000225));
#13487=CARTESIAN_POINT('',(0.00275,-0.000295,0.001975));
#13488=CARTESIAN_POINT('',(-0.00265,-0.000295,0.001975));
#13489=CARTESIAN_POINT('',(-0.00265,-0.000275,0.000225));
#13490=CARTESIAN_POINT('',(-0.00243,-0.0006,0.001925));
#13491=CARTESIAN_POINT('',(-0.0026,-0.0006,0.001825));
#13492=CARTESIAN_POINT('',(-0.00255,-0.0006,0.0017));
#13493=CARTESIAN_POINT('',(-0.00175,-0.0006,0.000675));
#13494=CARTESIAN_POINT('',(-0.00255,-0.0006,0.00065));
#13495=CARTESIAN_POINT('',(-0.0026,-0.0006,0.0003625));
#13496=CARTESIAN_POINT('',(-0.0026,-0.0006,0.0001));
#13497=CARTESIAN_POINT('',(-0.00220625,-0.0006,0.0001));
#13498=CARTESIAN_POINT('',(0.0026,-0.0006,0.000675));
#13499=CARTESIAN_POINT('',(0.00255,-0.0006,0.00065));
#13500=CARTESIAN_POINT('',(0.00220625,-0.0006,0.0001));
#13501=CARTESIAN_POINT('',(0.0026,-0.0006,0.0001));
#13502=CARTESIAN_POINT('',(0.0026,-0.0006,0.0003625));
#13503=CARTESIAN_POINT('',(0.0026,-0.0006,0.001925));
#13504=CARTESIAN_POINT('',(0.00255,-0.0006,0.0017));
#13505=CARTESIAN_POINT('',(0.0026,-0.0006,0.001825));
#13506=CARTESIAN_POINT('',(0.00135,-0.0006,0.000775));
#13507=CARTESIAN_POINT('',(0.000711129016667,-0.0006,-0.001272015308437));
#13508=CARTESIAN_POINT('',(0.000323555423538,-0.0006,-0.001272015308437));
#13509=CARTESIAN_POINT('',(0.001098702609796,-0.0006,-0.001272015308437));
#13510=CARTESIAN_POINT('',(0.0002323422201025,-0.0006,-0.0011808021050015));
#13511=CARTESIAN_POINT('',(0.000141129016667,-0.0006,-0.001089588901566));
#13512=CARTESIAN_POINT('',(0.000141129016667,-0.0006,-0.0002258021050015));
#13513=CARTESIAN_POINT('',(0.000141129016667,-0.0006,0.000637984691563));
#13514=CARTESIAN_POINT('',(0.000711129016667,-0.0006,0.000637984691563));
#13515=CARTESIAN_POINT('',(0.001281129016667,-0.0006,0.000637984691563));
#13516=CARTESIAN_POINT('',(0.001281129016667,-0.0006,-0.0002258021050015));
#13517=CARTESIAN_POINT('',(0.001281129016667,-0.0006,-0.001089588901566));
#13518=CARTESIAN_POINT('',(0.0011899158132315,-0.0006,-0.0011808021050015));
#13519=CARTESIAN_POINT('',(0.000211129016667,-0.0006,-0.001202015308437));
#13520=CARTESIAN_POINT('',(0.000311129016667,-0.0006,-0.001302015308437));
#13521=CARTESIAN_POINT('',(0.000711129016667,-0.0006,-0.001302015308437));
#13522=CARTESIAN_POINT('',(0.001111129016667,-0.0006,-0.001302015308437));
#13523=CARTESIAN_POINT('',(0.001211129016667,-0.0006,-0.001202015308437));
#13524=CARTESIAN_POINT('',(0.001111129016667,-0.0006,-0.001302015308437));
#13525=CARTESIAN_POINT('',(0.000311129016667,-0.00035,-0.001302015308437));
#13526=CARTESIAN_POINT('',(0.000311129016667,-0.0001,-0.001302015308437));
#13527=CARTESIAN_POINT('',(0.000711129016667,-0.0001,-0.001302015308437));
#13528=CARTESIAN_POINT('',(0.001111129016667,-0.0001,-0.001302015308437));
#13529=CARTESIAN_POINT('',(0.001111129016667,-0.00035,-0.001302015308437));
#13530=CARTESIAN_POINT('',(0.000111129016667,-0.0001,-0.000122015308437));
#13531=CARTESIAN_POINT('',(0.001211129016667,-0.0001,-0.001202015308437));
#13532=CARTESIAN_POINT('',(0.000211129016667,-0.0001,-0.001202015308437));
#13533=CARTESIAN_POINT('',(0.000711129016667,-0.0001,-0.000122015308437));
#13534=CARTESIAN_POINT('',(0.000111129016667,-0.000365,-5.201530843726E-5));
#13535=CARTESIAN_POINT('',(0.001111129016667,-0.0006,-0.001302015308437));
#13536=CARTESIAN_POINT('',(0.000111129016667,-0.0006,-0.001102015308437));
#13537=CARTESIAN_POINT('',(0.001181129016667,-0.0007,0.000537984691563));
#13538=CARTESIAN_POINT('',(0.001181129016667,-0.0007,-0.000255091426883));
#13539=CARTESIAN_POINT('',(0.001181129016667,-0.0007,-0.001048167545329));
#13540=CARTESIAN_POINT('',(0.001181129016667,-0.0007,0.000537984691563));
#13541=CARTESIAN_POINT('',(0.000711129016667,-0.0007,0.000537984691563));
#13542=CARTESIAN_POINT('',(0.000241129016667,-0.0007,0.000537984691563));
#13543=CARTESIAN_POINT('',(0.000241129016667,-0.0007,-0.000255091426883));
#13544=CARTESIAN_POINT('',(0.000241129016667,-0.0007,-0.001048167545329));
#13545=CARTESIAN_POINT('',(0.000303052898221,-0.0007,-0.001110091426883));
#13546=CARTESIAN_POINT('',(0.000364976779775,-0.0007,-0.001172015308437));
#13547=CARTESIAN_POINT('',(0.0007111290166665,-0.0007,-0.001172015308437));
#13548=CARTESIAN_POINT('',(0.001057281253558,-0.0007,-0.001172015308437));
#13549=CARTESIAN_POINT('',(0.0011192051351125,-0.0007,-0.001110091426883));
#13550=CARTESIAN_POINT('',(0.000323555423538,-0.0006,-0.001272015308437));
#13551=CARTESIAN_POINT('',(0.0003442661016565,-0.00065,-0.001222015308437));
#13552=CARTESIAN_POINT('',(0.001077991931677,-0.00065,-0.001222015308437));
#13553=CARTESIAN_POINT('',(0.001220320214377,-0.000514003367089,-0.001272015308437));
#13554=CARTESIAN_POINT('',(0.001231129016667,-0.00065,-0.0010688782234475));
#13555=CARTESIAN_POINT('',(0.000141129016667,-0.000514003367089,-0.001211206506147));
#13556=CARTESIAN_POINT('',(0.000191129016667,-0.00065,-0.0010688782234475));
#13557=CARTESIAN_POINT('',(0.001281129016667,-0.0006,-0.001089588901566));
#13558=CARTESIAN_POINT('',(0.001231129016667,-0.00065,0.000587984691563));
#13559=CARTESIAN_POINT('',(0.000241129016667,-0.0007,-0.001089588901566));
#13560=CARTESIAN_POINT('',(0.000191129016667,-0.00065,0.000587984691563));
#13561=CARTESIAN_POINT('',(0.000141129016667,-0.0007,0.000537984691563));
#13562=CARTESIAN_POINT('',(0.000461129016667,-0.00015,-0.000952015308437));
#13563=CARTESIAN_POINT('',(0.00253,1.069000204622E-19,0.002559999540321));
#13564=CARTESIAN_POINT('',(-0.001325,-2.94569478774E-19,0.0025));
#13565=CARTESIAN_POINT('',(-0.0012,-2.62845287112E-19,0.0025));
#13566=CARTESIAN_POINT('',(-0.00145,-3.100832745434E-19,0.0025));
#13567=CARTESIAN_POINT('',(-0.0012,-2.937749993298E-19,0.0025299997701605));
#13568=CARTESIAN_POINT('',(-0.0012,-2.981555974335E-19,0.002559999540321));
#13569=CARTESIAN_POINT('',(-0.001,-2.9427207836295E-19,0.002559999540321));
#13570=CARTESIAN_POINT('',(-0.0008,-2.710505431214E-19,0.002559999540321));
#13571=CARTESIAN_POINT('',(-0.0008,-2.718136338789E-19,0.0025299997701605));
#13572=CARTESIAN_POINT('',(-0.0008,-2.372312795868E-19,0.0025));
#13573=CARTESIAN_POINT('',(-0.0005,-2.0455622627855E-19,0.0025));
#13574=CARTESIAN_POINT('',(-0.0002,-1.913730966668E-19,0.0025));
#13575=CARTESIAN_POINT('',(-0.0002,-1.853547820813E-19,0.0025299997701605));
#13576=CARTESIAN_POINT('',(-0.0002,-1.89735380185E-19,0.002559999540321));
#13577=CARTESIAN_POINT('',(0.,-1.70928489516E-19,0.002559999540321));
#13578=CARTESIAN_POINT('',(0.0002,-1.355252715607E-19,0.002559999540321));
#13579=CARTESIAN_POINT('',(0.0002,-1.31144673457E-19,0.0025299997701605));
#13580=CARTESIAN_POINT('',(0.0002,-1.230301408309E-19,0.0025));
#13581=CARTESIAN_POINT('',(0.0005,-9.5449253556795E-20,0.0025));
#13582=CARTESIAN_POINT('',(0.0008,-7.644037865503E-20,0.0025));
#13583=CARTESIAN_POINT('',(0.0008,-5.4973199381795E-20,0.0025299997701605));
#13584=CARTESIAN_POINT('',(0.0008,-5.421010862428E-20,0.002559999540321));
#13585=CARTESIAN_POINT('',(0.001,-4.758490066905E-20,0.002559999540321));
#13586=CARTESIAN_POINT('',(0.0012,-2.710505431214E-20,0.002559999540321));
#13587=CARTESIAN_POINT('',(0.0012,-2.2724456208445E-20,0.0025299997701605));
#13588=CARTESIAN_POINT('',(0.0012,-1.541787796944E-20,0.0025));
#13589=CARTESIAN_POINT('',(0.001325,-5.4360010613745E-21,0.0025));
#13590=CARTESIAN_POINT('',(0.00145,-2.693847690593E-21,0.0025));
#13591=CARTESIAN_POINT('',(0.0015125,8.1288147630285E-21,0.00244));
#13592=CARTESIAN_POINT('',(0.001575,1.895147721665E-20,0.00238));
#13593=CARTESIAN_POINT('',(0.0020275,6.6914827441125E-20,0.00238));
#13594=CARTESIAN_POINT('',(0.00248,1.148781776656E-19,0.00238));
#13595=CARTESIAN_POINT('',(0.00248,1.2705397522445E-19,0.002205972620223));
#13596=CARTESIAN_POINT('',(0.00248,1.392297727833E-19,0.002031945240446));
#13597=CARTESIAN_POINT('',(0.002505,1.528120263767E-19,0.0018756903995675));
#13598=CARTESIAN_POINT('',(0.00253,1.663942799701E-19,0.001719435558689));
#13599=CARTESIAN_POINT('',(0.00253,2.0458248909395E-19,0.001173615546484));
#13600=CARTESIAN_POINT('',(0.00253,2.427706982178E-19,0.000627795534279));
#13601=CARTESIAN_POINT('',(0.002518888178629,2.513108455416E-19,0.0004888977671395));
#13602=CARTESIAN_POINT('',(0.002507776357258,2.274441038679E-19,0.00035));
#13603=CARTESIAN_POINT('',(0.002103888178629,2.1503051100025E-19,0.00035));
#13604=CARTESIAN_POINT('',(0.0017,1.736626837134E-19,0.00035));
#13605=CARTESIAN_POINT('',(0.00169999999999997,1.81226127950195E-19,0.000250000000000027));
#13606=CARTESIAN_POINT('',(0.0016,1.706264925415E-19,0.00025));
#13607=CARTESIAN_POINT('',(0.0016,1.7937209738145E-19,0.000125));
#13608=CARTESIAN_POINT('',(0.0016,1.881177022214E-19,-4.336808689942E-19));
#13609=CARTESIAN_POINT('',(0.0009875,1.23194935342975E-19,-4.0944123526405E-19));
#13610=CARTESIAN_POINT('',(0.000375,5.827216846456E-20,-4.336808689942E-19));
#13611=CARTESIAN_POINT('',(0.000375,4.9526563624615E-20,0.000125));
#13612=CARTESIAN_POINT('',(0.000375,4.078095878467E-20,0.00025));
#13613=CARTESIAN_POINT('',(0.000275000000000027,3.01813233759407E-20,0.000250000000000027));
#13614=CARTESIAN_POINT('',(0.000275,2.449157777338E-20,0.00035));
#13615=CARTESIAN_POINT('',(0.,-1.4518359115005E-20,0.00035));
#13616=CARTESIAN_POINT('',(-0.000275,-3.511315524396E-20,0.00035));
#13617=CARTESIAN_POINT('',(-0.000275000000000026,-2.81166713720149E-20,
0.000250000000000026));
#13618=CARTESIAN_POINT('',(-0.000375,-3.871630678072E-20,0.00025));
#13619=CARTESIAN_POINT('',(-0.000375,-2.9970701940775E-20,0.000125));
#13620=CARTESIAN_POINT('',(-0.000375,-2.122509710083E-20,-4.336808689942E-19));
#13621=CARTESIAN_POINT('',(-0.0009875,-8.6147863979215E-20,-3.8227909250255E-19));
#13622=CARTESIAN_POINT('',(-0.0016,-1.510706308576E-19,0.));
#13623=CARTESIAN_POINT('',(-0.0016,-1.5981623569755E-19,0.000125));
#13624=CARTESIAN_POINT('',(-0.0016,-1.685618405375E-19,0.00025));
#13625=CARTESIAN_POINT('',(-0.00169999999999997,-1.79161475946199E-19,0.000250000000000027));
#13626=CARTESIAN_POINT('',(-0.0017,-1.889102679444E-19,0.00035));
#13627=CARTESIAN_POINT('',(-0.002103888178629,-2.4406722923025E-19,0.00035));
#13628=CARTESIAN_POINT('',(-0.002507776357258,-3.076764591935E-19,0.00035));
#13629=CARTESIAN_POINT('',(-0.002518888178629,-2.8267508103435E-19,0.0004888977671395));
#13630=CARTESIAN_POINT('',(-0.00253,-2.935708534634E-19,0.000627795534279));
#13631=CARTESIAN_POINT('',(-0.00253,-3.3175906258725E-19,0.001173615546484));
#13632=CARTESIAN_POINT('',(-0.00253,-3.699472717111E-19,0.001719435558689));
#13633=CARTESIAN_POINT('',(-0.002505,-3.782297076001E-19,0.0018756903995675));
#13634=CARTESIAN_POINT('',(-0.00248,-3.865121434891E-19,0.002031945240446));
#13635=CARTESIAN_POINT('',(-0.00248,-3.976384684672E-19,0.002190972620223));
#13636=CARTESIAN_POINT('',(-0.0015125,-3.114606837699E-19,0.002425));
#13637=CARTESIAN_POINT('',(0.00145,1.110223024625E-19,0.0025));
#13638=CARTESIAN_POINT('',(-0.0012,-3.E-5,0.0025));
#13639=CARTESIAN_POINT('',(-0.0012,-6.E-5,0.0025));
#13640=CARTESIAN_POINT('',(-0.00145,-8.75E-5,0.0025));
#13641=CARTESIAN_POINT('',(0.00145,-8.75E-5,0.0025));
#13642=CARTESIAN_POINT('',(0.0012,-3.E-5,0.0025));
#13643=CARTESIAN_POINT('',(0.0012,-6.E-5,0.0025));
#13644=CARTESIAN_POINT('',(0.001,-6.E-5,0.0025));
#13645=CARTESIAN_POINT('',(0.0008,-6.E-5,0.0025));
#13646=CARTESIAN_POINT('',(0.0008,-3.E-5,0.0025));
#13647=CARTESIAN_POINT('',(0.0002,-3.E-5,0.0025));
#13648=CARTESIAN_POINT('',(0.0002,-6.E-5,0.0025));
#13649=CARTESIAN_POINT('',(0.,-6.E-5,0.0025));
#13650=CARTESIAN_POINT('',(-0.0002,-6.E-5,0.0025));
#13651=CARTESIAN_POINT('',(-0.0002,-3.E-5,0.0025));
#13652=CARTESIAN_POINT('',(-0.0008,-3.E-5,0.0025));
#13653=CARTESIAN_POINT('',(-0.0008,-6.E-5,0.0025));
#13654=CARTESIAN_POINT('',(-0.001,-6.E-5,0.0025));
#13655=CARTESIAN_POINT('',(-0.0016,-0.000115,0.0001));
#13656=CARTESIAN_POINT('',(-0.0019,-0.000145,0.0001));
#13657=CARTESIAN_POINT('',(-0.0019,-0.000115,0.0001));
#13658=CARTESIAN_POINT('',(-0.0019,-0.000175,0.0001));
#13659=CARTESIAN_POINT('',(-0.00175,-0.000115,0.0001));
#13660=CARTESIAN_POINT('',(-0.0016,-0.000115,0.0001));
#13661=CARTESIAN_POINT('',(-0.0016,-0.00023,0.0001));
#13662=CARTESIAN_POINT('',(-0.0017125,-0.000394999999999987,0.0001));
#13663=CARTESIAN_POINT('',(-0.002675,-0.0005,0.0001));
#13664=CARTESIAN_POINT('',(-0.00275,-0.0004,0.0001));
#13665=CARTESIAN_POINT('',(-0.00275,-0.00035,0.0001));
#13666=CARTESIAN_POINT('',(-0.00275,-0.0003,0.0001));
#13667=CARTESIAN_POINT('',(-0.002654,-0.0003,0.0001));
#13668=CARTESIAN_POINT('',(-0.002558,-0.0003,0.0001));
#13669=CARTESIAN_POINT('',(-0.002558,-0.0002075,0.0001));
#13670=CARTESIAN_POINT('',(-0.002558,-0.000115,0.0001));
#13671=CARTESIAN_POINT('',(-0.002429,-0.000115,0.0001));
#13672=CARTESIAN_POINT('',(-0.0023,-0.000115,0.0001));
#13673=CARTESIAN_POINT('',(-0.0023,-0.000145,0.0001));
#13674=CARTESIAN_POINT('',(-0.0023,-0.000175,0.0001));
#13675=CARTESIAN_POINT('',(-0.0021,-0.000175,0.0001));
#13676=CARTESIAN_POINT('',(-0.000375,-0.000115,5.E-5));
#13677=CARTESIAN_POINT('',(0.000375,-0.000115,0.000175));
#13678=CARTESIAN_POINT('',(0.000375,-0.000115,0.00025));
#13679=CARTESIAN_POINT('',(0.000375,-0.000115,0.0001));
#13680=CARTESIAN_POINT('',(0.000275,-0.000115,0.0001));
#13681=CARTESIAN_POINT('',(0.000175,-0.000115,0.0001));
#13682=CARTESIAN_POINT('',(0.000175,-0.000115,7.5E-5));
#13683=CARTESIAN_POINT('',(0.000175,-0.000115,5.E-5));
#13684=CARTESIAN_POINT('',(0.,-0.000115,5.E-5));
#13685=CARTESIAN_POINT('',(-0.000175,-0.000115,5.E-5));
#13686=CARTESIAN_POINT('',(-0.000175,-0.000115,7.5E-5));
#13687=CARTESIAN_POINT('',(-0.000175,-0.000115,0.0001));
#13688=CARTESIAN_POINT('',(-0.000275,-0.000115,0.0001));
#13689=CARTESIAN_POINT('',(-0.000375,-0.000115,0.0001));
#13690=CARTESIAN_POINT('',(-0.000375,-0.000115,0.000175));
#13691=CARTESIAN_POINT('',(-0.000375,-0.000115,0.00025));
#13692=CARTESIAN_POINT('',(-0.000275000000000027,-0.000115,0.000250000000000027));
#13693=CARTESIAN_POINT('',(-0.000275,-0.000115,0.00035));
#13694=CARTESIAN_POINT('',(0.,-0.000115,0.00035));
#13695=CARTESIAN_POINT('',(0.000275,-0.000115,0.00035));
#13696=CARTESIAN_POINT('',(0.000275000000000026,-0.000115,0.000250000000000026));
#13697=CARTESIAN_POINT('',(0.000475,-0.000115,0.0001));
#13698=CARTESIAN_POINT('',(-0.000175,-0.000145,0.0001));
#13699=CARTESIAN_POINT('',(-0.000175,-0.000175,0.0001));
#13700=CARTESIAN_POINT('',(0.,-0.000175,0.0001));
#13701=CARTESIAN_POINT('',(0.000175,-0.000175,0.0001));
#13702=CARTESIAN_POINT('',(0.000175,-0.000145,0.0001));
#13703=CARTESIAN_POINT('',(0.000375,-0.00018,0.0001));
#13704=CARTESIAN_POINT('',(0.000375,-0.000245,0.0001));
#13705=CARTESIAN_POINT('',(0.000425,-0.000295,0.0001));
#13706=CARTESIAN_POINT('',(-0.000425,-0.000295,0.0001));
#13707=CARTESIAN_POINT('',(-0.000375,-0.000245,0.0001));
#13708=CARTESIAN_POINT('',(-0.000375,-0.00018,0.0001));
#13709=CARTESIAN_POINT('',(0.0016,-0.000115,5.E-5));
#13710=CARTESIAN_POINT('',(0.002139,-0.000115,0.00035));
#13711=CARTESIAN_POINT('',(0.0017,-0.000115,0.00035));
#13712=CARTESIAN_POINT('',(0.002578,-0.000115,0.00035));
#13713=CARTESIAN_POINT('',(0.002568,-0.000115,0.000225));
#13714=CARTESIAN_POINT('',(0.002558,-0.000115,0.0001));
#13715=CARTESIAN_POINT('',(0.002429,-0.000115,0.0001));
#13716=CARTESIAN_POINT('',(0.0023,-0.000115,0.0001));
#13717=CARTESIAN_POINT('',(0.0023,-0.000115,7.5E-5));
#13718=CARTESIAN_POINT('',(0.0023,-0.000115,5.E-5));
#13719=CARTESIAN_POINT('',(0.0021,-0.000115,5.E-5));
#13720=CARTESIAN_POINT('',(0.0019,-0.000115,5.E-5));
#13721=CARTESIAN_POINT('',(0.0019,-0.000115,7.5E-5));
#13722=CARTESIAN_POINT('',(0.0019,-0.000115,0.0001));
#13723=CARTESIAN_POINT('',(0.00175,-0.000115,0.0001));
#13724=CARTESIAN_POINT('',(0.0016,-0.000115,0.0001));
#13725=CARTESIAN_POINT('',(0.0016,-0.000115,0.000175));
#13726=CARTESIAN_POINT('',(0.0016,-0.000115,0.00025));
#13727=CARTESIAN_POINT('',(0.00169999999999997,-0.000115,0.000250000000000027));
#13728=CARTESIAN_POINT('',(0.00275,-0.000115,0.0001));
#13729=CARTESIAN_POINT('',(0.0023,-0.000145,0.0001));
#13730=CARTESIAN_POINT('',(0.0023,-0.000175,0.0001));
#13731=CARTESIAN_POINT('',(0.002558,-0.0002075,0.0001));
#13732=CARTESIAN_POINT('',(0.002558,-0.0003,0.0001));
#13733=CARTESIAN_POINT('',(0.002654,-0.0003,0.0001));
#13734=CARTESIAN_POINT('',(0.00275,-0.0003,0.0001));
#13735=CARTESIAN_POINT('',(0.00275,-0.00035,0.0001));
#13736=CARTESIAN_POINT('',(0.00275,-0.0004,0.0001));
#13737=CARTESIAN_POINT('',(0.002675,-0.0005,0.0001));
#13738=CARTESIAN_POINT('',(0.0017125,-0.000394999999999988,0.0001));
#13739=CARTESIAN_POINT('',(0.0016,-0.00023,0.0001));
#13740=CARTESIAN_POINT('',(0.0019,-0.000145,0.0001));
#13741=CARTESIAN_POINT('',(0.0019,-0.000175,0.0001));
#13742=CARTESIAN_POINT('',(0.0021,-0.000175,0.0001));
#13743=CARTESIAN_POINT('',(-0.000375,0.,-3.487238917728E-19));
#13744=CARTESIAN_POINT('',(-0.000375,-0.0001225,-3.474198500543E-19));
#13745=CARTESIAN_POINT('',(-0.000375,-0.000245,-4.336808689942E-19));
#13746=CARTESIAN_POINT('',(-0.0009875,-0.000245,-8.423702501975E-21));
#13747=CARTESIAN_POINT('',(-0.0016,-0.000245,0.));
#13748=CARTESIAN_POINT('',(-0.0016,-0.0001225,8.6261018939935E-20));
#13749=CARTESIAN_POINT('',(0.0016,2.22044604925E-19,-3.758860345343E-19));
#13750=CARTESIAN_POINT('',(0.0016,-0.0001225,-3.474198500543E-19));
#13751=CARTESIAN_POINT('',(0.0016,-0.000245,-4.336808689942E-19));
#13752=CARTESIAN_POINT('',(0.0009875,-0.000245,-7.0484041343055E-21));
#13753=CARTESIAN_POINT('',(0.000375,-0.000245,0.));
#13754=CARTESIAN_POINT('',(0.000375,-0.0001225,-3.474198500543E-19));
#13755=CARTESIAN_POINT('',(0.0026,-7.E-5,0.000625));
#13756=CARTESIAN_POINT('',(0.002579,-0.0003,0.0003625));
#13757=CARTESIAN_POINT('',(0.0026,-0.0003,0.000625));
#13758=CARTESIAN_POINT('',(0.002578,-9.25E-5,0.00035));
#13759=CARTESIAN_POINT('',(0.002578,-7.E-5,0.00035));
#13760=CARTESIAN_POINT('',(0.002589,-7.E-5,0.0004875));
#13761=CARTESIAN_POINT('',(0.0026,-7.E-5,0.000625));
#13762=CARTESIAN_POINT('',(0.0026,-0.000185,0.000625));
#13763=CARTESIAN_POINT('',(0.002589035087719,-8.099994403858E-5,0.00035));
#13764=CARTESIAN_POINT('',(0.002542888178629,-3.5E-5,0.00035));
#13765=CARTESIAN_POINT('',(0.002565,-3.49999999999996E-5,0.0006263977671395));
#13766=CARTESIAN_POINT('',(-0.002558,-7.E-5,0.0001));
#13767=CARTESIAN_POINT('',(-0.002568,-0.000115,0.000225));
#13768=CARTESIAN_POINT('',(-0.002578,-0.000115,0.00035));
#13769=CARTESIAN_POINT('',(-0.002579,-0.0003,0.0003625));
#13770=CARTESIAN_POINT('',(-0.0026,-0.0003,0.000625));
#13771=CARTESIAN_POINT('',(-0.0026,-0.000185,0.000625));
#13772=CARTESIAN_POINT('',(-0.0026,-7.E-5,0.000625));
#13773=CARTESIAN_POINT('',(-0.002589,-7.E-5,0.0004875));
#13774=CARTESIAN_POINT('',(-0.002578,-7.E-5,0.00035));
#13775=CARTESIAN_POINT('',(-0.002578,-9.25E-5,0.00035));
#13776=CARTESIAN_POINT('',(-0.002507776357258,3.053113317719E-19,0.00035));
#13777=CARTESIAN_POINT('',(-0.002542888178629,-3.50000000000005E-5,0.00035));
#13778=CARTESIAN_POINT('',(-0.002565,-3.49999999999992E-5,0.0006263977671395));
#13779=CARTESIAN_POINT('',(-0.00275,-0.0003,0.000625));
#13780=CARTESIAN_POINT('',(-0.00275,-0.0003,0.0003625));
#13781=CARTESIAN_POINT('',(-0.00275,-0.0004,0.0003625));
#13782=CARTESIAN_POINT('',(-0.00275,-0.0003,0.00235));
#13783=CARTESIAN_POINT('',(-0.00275,-0.0004,0.0020375));
#13784=CARTESIAN_POINT('',(-0.00275,-0.0003,0.0020375));
#13785=CARTESIAN_POINT('',(0.00275,-0.0003,0.001725));
#13786=CARTESIAN_POINT('',(0.00275,-0.00035,0.00238));
#13787=CARTESIAN_POINT('',(0.00275,-0.0003,0.00238));
#13788=CARTESIAN_POINT('',(0.00275,-0.0004,0.00238));
#13789=CARTESIAN_POINT('',(0.00275,-0.0004,0.0020525));
#13790=CARTESIAN_POINT('',(0.00275,-0.0003,0.0020525));
#13791=CARTESIAN_POINT('',(0.00275,-0.0003,0.0001));
#13792=CARTESIAN_POINT('',(0.00275,-0.0004,0.0003625));
#13793=CARTESIAN_POINT('',(0.00275,-0.0003,0.0003625));
#13794=CARTESIAN_POINT('',(0.001575,1.160959918714E-19,0.00238));
#13795=CARTESIAN_POINT('',(0.001575,-2.5E-5,0.00238));
#13796=CARTESIAN_POINT('',(0.001575,-5.E-5,0.00238));
#13797=CARTESIAN_POINT('',(0.001887694605744,-5.E-5,0.00238));
#13798=CARTESIAN_POINT('',(0.002200389211488,-5.E-5,0.00238));
#13799=CARTESIAN_POINT('',(0.002200389211488,-0.0002875,0.00238));
#13800=CARTESIAN_POINT('',(0.002703125,-0.0004625,0.00238));
#13801=CARTESIAN_POINT('',(0.00265,-0.0003,0.00238));
#13802=CARTESIAN_POINT('',(0.00255,-0.0003,0.00238));
#13803=CARTESIAN_POINT('',(0.00255,-0.000185,0.00238));
#13804=CARTESIAN_POINT('',(0.00255,-7.E-5,0.00238));
#13805=CARTESIAN_POINT('',(0.002515,-3.5E-5,0.00238));
#13806=CARTESIAN_POINT('',(0.00145,-2.693847690593E-21,0.0025));
#13807=CARTESIAN_POINT('',(0.001559987081017,-0.0001125,0.002394412402223));
#13808=CARTESIAN_POINT('',(0.001559987081017,-5.E-5,0.002394412402223));
#13809=CARTESIAN_POINT('',(0.0015674935405085,-5.E-5,0.0023872062011115));
#13810=CARTESIAN_POINT('',(0.00255,-7.E-5,0.00238));
#13811=CARTESIAN_POINT('',(0.00255,-0.0003,0.002208754840878));
#13812=CARTESIAN_POINT('',(0.00255,-0.0003,0.002037509681756));
#13813=CARTESIAN_POINT('',(0.00255,-0.000185,0.002037509681756));
#13814=CARTESIAN_POINT('',(0.00255,-7.E-5,0.002037509681756));
#13815=CARTESIAN_POINT('',(0.00255,-7.E-5,0.002208754840878));
#13816=CARTESIAN_POINT('',(0.00255,-7.E-5,0.002037509681756));
#13817=CARTESIAN_POINT('',(0.0026,-0.000185,0.001725));
#13818=CARTESIAN_POINT('',(0.0026,-7.E-5,0.001725));
#13819=CARTESIAN_POINT('',(0.0026,-0.0003,0.001725));
#13820=CARTESIAN_POINT('',(0.002575,-7.E-5,0.001881254840878));
#13821=CARTESIAN_POINT('',(0.002575,-0.0003,0.001881254840878));
#13822=CARTESIAN_POINT('',(0.00275,-0.0003,0.00238));
#13823=CARTESIAN_POINT('',(0.00263,-0.0003,0.001725));
#13824=CARTESIAN_POINT('',(-0.0026,-7.E-5,0.001725));
#13825=CARTESIAN_POINT('',(-0.00255,-0.000185,0.002037509681756));
#13826=CARTESIAN_POINT('',(-0.00255,-0.0003,0.002037509681756));
#13827=CARTESIAN_POINT('',(-0.00255,-7.E-5,0.002037509681756));
#13828=CARTESIAN_POINT('',(-0.002575,-7.E-5,0.001881254840878));
#13829=CARTESIAN_POINT('',(-0.0026,-7.E-5,0.001725));
#13830=CARTESIAN_POINT('',(-0.0026,-0.000185,0.001725));
#13831=CARTESIAN_POINT('',(-0.0026,-0.0003,0.001725));
#13832=CARTESIAN_POINT('',(-0.002575,-0.0003,0.001881254840878));
#13833=CARTESIAN_POINT('',(-0.00255,-7.E-5,0.002037509681756));
#13834=CARTESIAN_POINT('',(-0.00255,-0.0003,0.002193754840878));
#13835=CARTESIAN_POINT('',(-0.00255,-7.E-5,0.002193754840878));
#13836=CARTESIAN_POINT('',(-0.00255,-0.0003,0.00235));
#13837=CARTESIAN_POINT('',(-0.00263,-0.0003,0.001725));
#13838=CARTESIAN_POINT('',(0.00275,-0.0003,0.000625));
#13839=CARTESIAN_POINT('',(0.00263,-0.0003,0.000625));
#13840=CARTESIAN_POINT('',(-0.002558,-0.0003,0.000625));
#13841=CARTESIAN_POINT('',(-0.00263,-0.0003,0.000625));
#13842=CARTESIAN_POINT('',(0.0017625,-0.000345,0.00018));
#13843=CARTESIAN_POINT('',(0.00171249254212501,-0.000394990321949057,0.000181309042649317));
#13844=CARTESIAN_POINT('',(-0.001325,-0.000345,0.00018));
#13845=CARTESIAN_POINT('',(-0.001712492542125,-0.000394990321949058,0.000181309042649318));
#13846=CARTESIAN_POINT('',(0.00275,-0.0004,0.0001));
#13847=CARTESIAN_POINT('',(0.002658125,-0.0005225,0.000625));
#13848=CARTESIAN_POINT('',(0.00275,-0.0004,0.001725));
#13849=CARTESIAN_POINT('',(0.002658125,-0.0005225,0.001725));
#13850=CARTESIAN_POINT('',(-0.0026,-0.0006,0.001725));
#13851=CARTESIAN_POINT('',(-0.002658125,-0.0005225,0.001725));
#13852=CARTESIAN_POINT('',(-0.0026,-0.0006,0.0001));
#13853=CARTESIAN_POINT('',(-0.002658125,-0.0005225,0.000625));
#13854=CARTESIAN_POINT('',(-0.001575,-3.128380929964E-19,0.00235));
#13855=CARTESIAN_POINT('',(-0.001551794919243,-0.0001125,0.002377846096908));
#13856=CARTESIAN_POINT('',(-0.001551794919243,-0.000175,0.002377846096908));
#13857=CARTESIAN_POINT('',(-0.00151307887117,-0.000175,0.002424305354596));
#13858=CARTESIAN_POINT('',(-0.00248,-5.828670879282E-19,0.002031945240446));
#13859=CARTESIAN_POINT('',(-0.002515,-3.50000000000007E-5,0.002034727461101));
#13860=CARTESIAN_POINT('',(-0.002504684063563,2.499800360365E-5,0.001719435558689));
#13861=CARTESIAN_POINT('',(-0.002565,-3.5E-5,0.0017222177793445));
#13862=CARTESIAN_POINT('',(-0.00253,-5.97676280254E-19,0.000625));
#13863=CARTESIAN_POINT('',(-0.0026,-7.E-5,0.001175));
#13864=CARTESIAN_POINT('',(0.00255,-7.E-5,0.002031945240446));
#13865=CARTESIAN_POINT('',(0.002515,-3.5E-5,0.002034727461101));
#13866=CARTESIAN_POINT('',(0.002600439516057,-6.95548940335E-5,0.001719435558689));
#13867=CARTESIAN_POINT('',(0.002565,-3.5E-5,0.0017222177793445));
#13868=CARTESIAN_POINT('',(0.0026,-7.E-5,0.000625));
#13869=CARTESIAN_POINT('',(0.0026,-7.E-5,0.001175));
#13870=CARTESIAN_POINT('',(-0.002578,-0.000115,5.E-5));
#13871=CARTESIAN_POINT('',(-0.002139,-0.000115,0.00035));
#13872=CARTESIAN_POINT('',(-0.0017,-0.000115,0.00035));
#13873=CARTESIAN_POINT('',(-0.00169999999999997,-0.000115,0.000250000000000027));
#13874=CARTESIAN_POINT('',(-0.0016,-0.000115,0.00025));
#13875=CARTESIAN_POINT('',(-0.0016,-0.000115,0.000175));
#13876=CARTESIAN_POINT('',(-0.0019,-0.000115,7.5E-5));
#13877=CARTESIAN_POINT('',(-0.0019,-0.000115,5.E-5));
#13878=CARTESIAN_POINT('',(-0.0021,-0.000115,5.E-5));
#13879=CARTESIAN_POINT('',(-0.0023,-0.000115,5.E-5));
#13880=CARTESIAN_POINT('',(-0.0023,-0.000115,7.5E-5));
#13881=CARTESIAN_POINT('',(-0.002578,-2.22044604925E-19,0.00035));
#13882=CARTESIAN_POINT('',(-0.0017,-5.75E-5,0.00035));
#13883=CARTESIAN_POINT('',(-0.0016,-2.22044604925E-19,0.00025));
#13884=CARTESIAN_POINT('',(-0.0016,-0.000295,5.E-5));
#13885=CARTESIAN_POINT('',(-0.0016,-5.75E-5,0.00025));
#13886=CARTESIAN_POINT('',(-0.000375,0.,-4.336808689942E-19));
#13887=CARTESIAN_POINT('',(-0.000375,-5.75E-5,0.00025));
#13888=CARTESIAN_POINT('',(-0.000375,-0.000245,5.E-5));
#13889=CARTESIAN_POINT('',(-0.000275,1.110223024625E-19,0.00035));
#13890=CARTESIAN_POINT('',(0.000275,-5.75E-5,0.00035));
#13891=CARTESIAN_POINT('',(-0.000275,-5.75E-5,0.00035));
#13892=CARTESIAN_POINT('',(0.000375,0.,0.00025));
#13893=CARTESIAN_POINT('',(0.000375,-5.75E-5,0.00025));
#13894=CARTESIAN_POINT('',(0.000375,-0.000245,5.E-5));
#13895=CARTESIAN_POINT('',(0.0017,2.22044604925E-19,0.00035));
#13896=CARTESIAN_POINT('',(0.0017,-5.75E-5,0.00035));
#13897=CARTESIAN_POINT('',(0.0016,2.22044604925E-19,-4.592203287359E-19));
#13898=CARTESIAN_POINT('',(0.0016,-0.000295,5.E-5));
#13899=CARTESIAN_POINT('',(0.0016,-5.75E-5,0.00025));
#13900=CARTESIAN_POINT('',(-0.000375,-0.000245,-4.336808689942E-19));
#13901=CARTESIAN_POINT('',(-0.000425,-0.000295,5.E-5));
#13902=CARTESIAN_POINT('',(0.000475,-0.000345,-5.551115123126E-20));
#13903=CARTESIAN_POINT('',(0.000425,-0.000295,5.E-5));
#13904=CARTESIAN_POINT('',(0.0017,2.22044604924999E-19,0.00025));
#13905=CARTESIAN_POINT('',(0.000275,0.,0.00025));
#13906=CARTESIAN_POINT('',(-0.000275,0.,0.00025));
#13907=CARTESIAN_POINT('',(-0.0017,-2.22044604924999E-19,0.00025));
#13908=CARTESIAN_POINT('',(-0.000375,-0.000245,2.081668171172E-19));
#13909=CARTESIAN_POINT('',(0.0016,-0.000245,2.636779683485E-19));
#13910=CARTESIAN_POINT('',(0.0017125,-0.000395,0.000181309296078));
#13911=CARTESIAN_POINT('',(-0.0017125,-0.000395,0.0001));
#13912=CARTESIAN_POINT('',(0.0023,-5.E-5,0.0017));
#13913=CARTESIAN_POINT('',(-0.0023,-0.000284,0.00233));
#13914=CARTESIAN_POINT('',(-0.002179192906912,-0.0004145,0.00233));
#13915=CARTESIAN_POINT('',(-0.002179192906912,-0.000284,0.00233));
#13916=CARTESIAN_POINT('',(-0.002239596453456,-0.000284,0.00233));
#13917=CARTESIAN_POINT('',(-0.0023,-0.000284,0.00233));
#13918=CARTESIAN_POINT('',(-0.0023,-0.0004145,0.00233));
#13919=CARTESIAN_POINT('',(-0.0023,-0.000284,0.00235));
#13920=CARTESIAN_POINT('',(-0.0023,-0.000284,0.00234));
#13921=CARTESIAN_POINT('',(-0.002179192906912,-0.000284,0.00235));
#13922=CARTESIAN_POINT('',(-0.002179192906912,-0.000284,0.00234));
#13923=CARTESIAN_POINT('',(0.0023,-0.000115,5.E-5));
#13924=CARTESIAN_POINT('',(0.0021,-0.000175,5.E-5));
#13925=CARTESIAN_POINT('',(0.0023,-0.000175,5.E-5));
#13926=CARTESIAN_POINT('',(0.0019,-0.000175,5.E-5));
#13927=CARTESIAN_POINT('',(0.0019,-0.000145,5.E-5));
#13928=CARTESIAN_POINT('',(0.0023,-0.000145,5.E-5));
#13929=CARTESIAN_POINT('',(0.0019,-0.000115,5.E-5));
#13930=CARTESIAN_POINT('',(0.0019,-0.000175,7.5E-5));
#13931=CARTESIAN_POINT('',(0.0023,-0.000115,0.0001));
#13932=CARTESIAN_POINT('',(0.0023,-0.000175,7.5E-5));
#13933=CARTESIAN_POINT('',(0.0023,-0.000175,0.0001));
#13934=CARTESIAN_POINT('',(0.0008,-0.000330926390489,0.002673154267774));
#13935=CARTESIAN_POINT('',(0.001,-0.000330926390489,0.002673154267774));
#13936=CARTESIAN_POINT('',(0.0012,-0.000330926390489,0.002673154267774));
#13937=CARTESIAN_POINT('',(0.0008,-0.000330926390489,0.002673154267774));
#13938=CARTESIAN_POINT('',(0.0008,-0.0003406326488295,0.0026447678529065));
#13939=CARTESIAN_POINT('',(0.0008,-0.00035033890717,0.002616381438039));
#13940=CARTESIAN_POINT('',(0.001,-0.00035033890717,0.002616381438039));
#13941=CARTESIAN_POINT('',(0.0012,-0.00035033890717,0.002616381438039));
#13942=CARTESIAN_POINT('',(0.0012,-0.0003406326488295,0.0026447678529065));
#13943=CARTESIAN_POINT('',(0.0008,-6.403992905185E-20,0.002559999540321));
#13944=CARTESIAN_POINT('',(0.0008,-0.0001654631952445,0.0026165769040475));
#13945=CARTESIAN_POINT('',(0.0012,-0.0001654631952445,0.0026165769040475));
#13946=CARTESIAN_POINT('',(0.0008,-0.00035033890717,0.002616381438039));
#13947=CARTESIAN_POINT('',(0.0012,-0.000205169453585,0.0025667431788155));
#13948=CARTESIAN_POINT('',(0.0012,-6.E-5,0.002517104919592));
#13949=CARTESIAN_POINT('',(0.0008,-0.000205169453585,0.0025667431788155));
#13950=CARTESIAN_POINT('',(0.0008,-6.E-5,0.002517104919592));
#13951=CARTESIAN_POINT('',(0.001,-6.E-5,0.002517104919592));
#13952=CARTESIAN_POINT('',(0.0008,-4.930944086928E-20,0.0025));
#13953=CARTESIAN_POINT('',(0.0008,-6.E-5,0.002508552459796));
#13954=CARTESIAN_POINT('',(0.0012,-4.5553860889E-20,0.002673154267774));
#13955=CARTESIAN_POINT('',(0.0012,-6.E-5,0.002508552459796));
#13956=CARTESIAN_POINT('',(0.0008,-6.E-5,0.002517104919592));
#13957=CARTESIAN_POINT('',(0.000175,-0.000115,5.E-5));
#13958=CARTESIAN_POINT('',(0.000175,-0.000145,5.E-5));
#13959=CARTESIAN_POINT('',(0.000175,-0.000175,5.E-5));
#13960=CARTESIAN_POINT('',(0.,-0.000175,5.E-5));
#13961=CARTESIAN_POINT('',(-0.000175,-0.000175,5.E-5));
#13962=CARTESIAN_POINT('',(-0.000175,-0.000145,5.E-5));
#13963=CARTESIAN_POINT('',(0.000175,-0.000115,0.0001));
#13964=CARTESIAN_POINT('',(0.000175,-0.000175,7.5E-5));
#13965=CARTESIAN_POINT('',(-0.000175,-0.000115,5.E-5));
#13966=CARTESIAN_POINT('',(-0.000175,-0.000175,7.5E-5));
#13967=CARTESIAN_POINT('',(0.000175,-0.000175,0.0001));
#13968=CARTESIAN_POINT('',(-0.0002,-0.000330926390489,0.002673154267774));
#13969=CARTESIAN_POINT('',(0.,-0.00035033890717,0.002616381438039));
#13970=CARTESIAN_POINT('',(-0.0002,-0.00035033890717,0.002616381438039));
#13971=CARTESIAN_POINT('',(0.0002,-0.00035033890717,0.002616381438039));
#13972=CARTESIAN_POINT('',(0.0002,-0.0003406326488295,0.0026447678529065));
#13973=CARTESIAN_POINT('',(0.0002,-0.000330926390489,0.002673154267774));
#13974=CARTESIAN_POINT('',(0.,-0.000330926390489,0.002673154267774));
#13975=CARTESIAN_POINT('',(-0.0002,-0.000330926390489,0.002673154267774));
#13976=CARTESIAN_POINT('',(-0.0002,-0.0003406326488295,0.0026447678529065));
#13977=CARTESIAN_POINT('',(-0.0002,-1.816302217915E-19,0.002559999540321));
#13978=CARTESIAN_POINT('',(-0.0002,-0.0001654631952445,0.0026165769040475));
#13979=CARTESIAN_POINT('',(0.0002,-0.0001654631952445,0.0026165769040475));
#13980=CARTESIAN_POINT('',(-0.0002,-0.00035033890717,0.002616381438039));
#13981=CARTESIAN_POINT('',(0.0002,-0.000205169453585,0.0025667431788155));
#13982=CARTESIAN_POINT('',(0.0002,-6.E-5,0.002517104919592));
#13983=CARTESIAN_POINT('',(-0.0002,-0.000205169453585,0.0025667431788155));
#13984=CARTESIAN_POINT('',(-0.0002,-6.E-5,0.002517104919592));
#13985=CARTESIAN_POINT('',(0.,-6.E-5,0.002517104919592));
#13986=CARTESIAN_POINT('',(0.0002,-1.539740781375E-19,0.002673154267774));
#13987=CARTESIAN_POINT('',(0.0002,-6.E-5,0.002508552459796));
#13988=CARTESIAN_POINT('',(-0.0002,-1.796910235688E-19,0.0025));
#13989=CARTESIAN_POINT('',(-0.0002,-6.E-5,0.002508552459796));
#13990=CARTESIAN_POINT('',(-0.0002,-6.E-5,0.002517104919592));
#13991=CARTESIAN_POINT('',(-0.0019,-0.000115,5.E-5));
#13992=CARTESIAN_POINT('',(-0.0019,-0.000145,5.E-5));
#13993=CARTESIAN_POINT('',(-0.0019,-0.000175,5.E-5));
#13994=CARTESIAN_POINT('',(-0.0021,-0.000175,5.E-5));
#13995=CARTESIAN_POINT('',(-0.0023,-0.000175,5.E-5));
#13996=CARTESIAN_POINT('',(-0.0023,-0.000145,5.E-5));
#13997=CARTESIAN_POINT('',(-0.0023,-0.000115,0.0001));
#13998=CARTESIAN_POINT('',(-0.0023,-0.000175,7.5E-5));
#13999=CARTESIAN_POINT('',(-0.0019,-0.000115,0.0001));
#14000=CARTESIAN_POINT('',(-0.0019,-0.000175,7.5E-5));
#14001=CARTESIAN_POINT('',(-0.0019,-0.000175,0.0001));
#14002=CARTESIAN_POINT('',(-0.0012,-0.000330926390489,0.002673154267774));
#14003=CARTESIAN_POINT('',(-0.001,-0.000330926390489,0.002673154267774));
#14004=CARTESIAN_POINT('',(-0.0008,-0.000330926390489,0.002673154267774));
#14005=CARTESIAN_POINT('',(-0.0012,-0.000330926390489,0.002673154267774));
#14006=CARTESIAN_POINT('',(-0.0012,-0.0003406326488295,0.0026447678529065));
#14007=CARTESIAN_POINT('',(-0.0012,-0.00035033890717,0.002616381438039));
#14008=CARTESIAN_POINT('',(-0.001,-0.00035033890717,0.002616381438039));
#14009=CARTESIAN_POINT('',(-0.0008,-0.00035033890717,0.002616381438039));
#14010=CARTESIAN_POINT('',(-0.0008,-0.0003406326488295,0.0026447678529065));
#14011=CARTESIAN_POINT('',(-0.0012,-3.028065980695E-19,0.002559999540321));
#14012=CARTESIAN_POINT('',(-0.0012,-0.0001654631952445,0.0026165769040475));
#14013=CARTESIAN_POINT('',(-0.0008,-0.0001654631952445,0.0026165769040475));
#14014=CARTESIAN_POINT('',(-0.0012,-0.00035033890717,0.002616381438039));
#14015=CARTESIAN_POINT('',(-0.0008,-0.000205169453585,0.0025667431788155));
#14016=CARTESIAN_POINT('',(-0.0008,-6.E-5,0.002517104919592));
#14017=CARTESIAN_POINT('',(-0.0012,-0.000205169453585,0.0025667431788155));
#14018=CARTESIAN_POINT('',(-0.0012,-6.E-5,0.002517104919592));
#14019=CARTESIAN_POINT('',(-0.001,-6.E-5,0.002517104919592));
#14020=CARTESIAN_POINT('',(-0.0008,-2.72343890811E-19,0.002673154267774));
#14021=CARTESIAN_POINT('',(-0.0008,-6.E-5,0.002508552459796));
#14022=CARTESIAN_POINT('',(-0.0012,-2.62845287112E-19,0.0025));
#14023=CARTESIAN_POINT('',(-0.0012,-6.E-5,0.002508552459796));
#14024=CARTESIAN_POINT('',(-0.0012,-6.E-5,0.002517104919592));
#14025=CARTESIAN_POINT('',(-0.00255,-0.000439943716003,0.000625));
#14026=CARTESIAN_POINT('',(-0.00255,-0.0006,0.001175));
#14027=CARTESIAN_POINT('',(-0.00245,-0.0006,0.001375));
#14028=CARTESIAN_POINT('',(0.00255,-0.000439943716003,0.001725));
#14029=CARTESIAN_POINT('',(0.00255,-0.0006,0.001175));
#14030=CARTESIAN_POINT('',(0.00255,-0.0006,0.001375));
#14031=CARTESIAN_POINT('',(0.000711129016655382,-0.000365,6.79846915694689E-5));
#14032=CARTESIAN_POINT('',(0.000711129016662331,-0.000365,6.79846915588257E-5));
#14033=CARTESIAN_POINT('',(0.001157035307566,-0.0006,0.002296055210493));
#14034=CARTESIAN_POINT('',(0.001157035307566,-0.0003875,0.002296055210493));
#14035=CARTESIAN_POINT('',(0.001267338072804,-0.0001875,0.002296055210493));
#14036=CARTESIAN_POINT('',(0.001511701121946,-0.0002,0.002419933700684));
#14037=CARTESIAN_POINT('',(0.001511701121946,-0.0001875,0.002419933700684));
#14038=CARTESIAN_POINT('',(0.001542116916002,-0.0002,0.002394412402223));
#14039=CARTESIAN_POINT('',(0.001542116916002,-0.0001875,0.002394412402223));
#14040=CARTESIAN_POINT('',(0.001157035307566,-0.0006,0.00219));
#14041=CARTESIAN_POINT('',(-0.001157035307566,-0.000175,0.00219));
#14042=CARTESIAN_POINT('',(-0.001474362823097,-0.000175,0.0025));
#14043=CARTESIAN_POINT('',(-0.001551794919243,-0.000175,0.002382068937861));
#14044=CARTESIAN_POINT('',(-0.0016,-0.000175,0.00245));
#14045=CARTESIAN_POINT('',(0.001849626550446,-0.00055,0.0024));
#14046=CARTESIAN_POINT('',(-0.001849626550446,-0.0007,0.0024));
#14047=CARTESIAN_POINT('',(-0.001849626550446,-0.000625,0.0024));
#14048=CARTESIAN_POINT('',(0.001542116916002,-5.E-5,0.002394412402223));
#14049=CARTESIAN_POINT('',(0.002200389211488,-0.000291479519914,0.002394412402223));
#14050=CARTESIAN_POINT('',(0.002200389211488,-5.E-5,0.002394412402223));
#14051=CARTESIAN_POINT('',(0.0018801881462525,-5.E-5,0.002394412402223));
#14052=CARTESIAN_POINT('',(0.002200389211488,-0.000688156534509,0.002394412402223));
#14053=CARTESIAN_POINT('',(0.002200389211488,-5.E-5,0.00238));
#14054=CARTESIAN_POINT('',(0.002200389211488,-5.E-5,0.0023872062011115));
#14055=CARTESIAN_POINT('',(0.002200389211488,-0.000599868238304,0.002305131761696));
#14056=CARTESIAN_POINT('',(0.002200389211488,-0.0007,0.0023));
#14057=CARTESIAN_POINT('',(-0.002179192906912,-0.000441047906684,0.0024));
#14058=CARTESIAN_POINT('',(-0.002179192906912,-0.0006866025403785,0.0024));
#14059=CARTESIAN_POINT('',(-0.001551794919243,-0.0007,0.002377846096908));
#14060=CARTESIAN_POINT('',(-0.002179192906912,-5.E-5,0.002275));
#14061=CARTESIAN_POINT('',(-0.002179192906912,-0.000673205080757,0.0023));
#14062=CARTESIAN_POINT('',(-0.0016,-0.000175,0.0025));
#14063=CARTESIAN_POINT('',(-0.000993875793553,-7.E-5,0.000559124206447));
#14064=CARTESIAN_POINT('',(0.000606124206447,-7.E-5,0.000559124206447));
#14065=CARTESIAN_POINT('',(0.001856124206447,-7.E-5,0.000609124206447));
#14066=CARTESIAN_POINT('',(-0.002143875793553,-7.E-5,0.000609124206447));
#14067=CARTESIAN_POINT('',(-0.00266,-0.000350414294978,0.000625));
#14068=CARTESIAN_POINT('',(-0.00266,-7.E-5,0.0008));
#14069=CARTESIAN_POINT('',(-0.00266,-7.E-5,0.000625));
#14070=CARTESIAN_POINT('',(-0.00266,-7.5E-5,0.000625));
#14071=CARTESIAN_POINT('',(-0.00266,-0.000350414295011,0.001375));
#14072=CARTESIAN_POINT('',(-0.00266,-7.E-5,0.00155));
#14073=CARTESIAN_POINT('',(-0.00266,-7.E-5,0.001725));
#14074=CARTESIAN_POINT('',(-0.00266,-7.5E-5,0.001725));
#14075=CARTESIAN_POINT('',(-0.00266,-0.000525,0.000625));
#14076=CARTESIAN_POINT('',(-0.00266,-0.000525,0.00065));
#14077=CARTESIAN_POINT('',(-0.00266,-0.000525,0.000625));
#14078=CARTESIAN_POINT('',(-0.00266,-0.000294198729811,0.000625));
#14079=CARTESIAN_POINT('',(-0.00266,-0.0005225,0.000625));
#14080=CARTESIAN_POINT('',(-0.0026,-7.E-5,0.001725));
#14081=CARTESIAN_POINT('',(-0.00266,-0.000294198729811,0.001725));
#14082=CARTESIAN_POINT('',(-0.00263,-7.E-5,0.001725));
#14083=CARTESIAN_POINT('',(-0.00266,-7.E-5,0.000625));
#14084=CARTESIAN_POINT('',(-0.00263,-7.E-5,0.000625));
#14085=CARTESIAN_POINT('',(-0.00266,-0.000525,0.0014));
#14086=CARTESIAN_POINT('',(-0.002658125,-0.000525,0.001725));
#14087=CARTESIAN_POINT('',(-0.00266,-0.000525,0.001725));
#14088=CARTESIAN_POINT('',(-0.00266,-0.000525,0.0017));
#14089=CARTESIAN_POINT('',(-0.00265625,-0.00052,0.001725));
#14090=CARTESIAN_POINT('',(-0.00266,-0.0005225,0.001725));
#14091=CARTESIAN_POINT('',(-0.00266,-7.E-5,0.000625));
#14092=CARTESIAN_POINT('',(-0.00266,-0.00052,0.000625));
#14093=CARTESIAN_POINT('',(-0.002658125,-0.000525,0.000625));
#14094=CARTESIAN_POINT('',(-0.00266,-0.000525,0.000625));
#14095=CARTESIAN_POINT('',(-0.00266,-0.000525,0.001675));
#14096=CARTESIAN_POINT('',(0.00266,-0.000350414294978,0.000975));
#14097=CARTESIAN_POINT('',(0.00266,-7.5E-5,0.000625));
#14098=CARTESIAN_POINT('',(0.00266,-7.E-5,0.000625));
#14099=CARTESIAN_POINT('',(0.00266,-7.E-5,0.0008));
#14100=CARTESIAN_POINT('',(0.00266,-0.000350414295011,0.001725));
#14101=CARTESIAN_POINT('',(0.00266,-7.E-5,0.00155));
#14102=CARTESIAN_POINT('',(0.00266,-7.E-5,0.001725));
#14103=CARTESIAN_POINT('',(0.00266,-7.5E-5,0.001725));
#14104=CARTESIAN_POINT('',(0.00266,-0.000525,0.000675));
#14105=CARTESIAN_POINT('',(0.00266,-0.000525,0.00065));
#14106=CARTESIAN_POINT('',(0.00266,-0.000525,0.000625));
#14107=CARTESIAN_POINT('',(0.00266,-0.0005225,0.000625));
#14108=CARTESIAN_POINT('',(0.00266,-0.000294198729811,0.000625));
#14109=CARTESIAN_POINT('',(0.0026,-7.E-5,0.000625));
#14110=CARTESIAN_POINT('',(0.00263,-7.E-5,0.000625));
#14111=CARTESIAN_POINT('',(0.00266,-7.E-5,0.001725));
#14112=CARTESIAN_POINT('',(0.00263,-7.E-5,0.001725));
#14113=CARTESIAN_POINT('',(0.00266,-0.000294198729811,0.001725));
#14114=CARTESIAN_POINT('',(0.0026,-7.E-5,0.000625));
#14115=CARTESIAN_POINT('',(0.0026,-0.000525,0.000625));
#14116=CARTESIAN_POINT('',(0.002658125,-0.000525,0.000625));
#14117=CARTESIAN_POINT('',(0.00265625,-0.00052,0.000625));
#14118=CARTESIAN_POINT('',(0.00266,-0.00052,0.001725));
#14119=CARTESIAN_POINT('',(0.002658125,-0.000525,0.001725));
#14120=CARTESIAN_POINT('',(0.00266,-0.000525,0.001725));
#14121=CARTESIAN_POINT('',(0.00266,-0.0005225,0.001725));
#14122=CARTESIAN_POINT('',(0.0026,-0.000525,0.0014));
#14123=CARTESIAN_POINT('',(0.00266,-0.000525,0.0017));
#14124=CARTESIAN_POINT('',(0.00266,-0.000525,0.001725));
#14125=CARTESIAN_POINT('',(-0.00246,-0.0006,0.00219));
#14126=CARTESIAN_POINT('',(-0.0024588180075475,-0.0005988180075475,0.00219));
#14127=CARTESIAN_POINT('',(-0.00246,-0.0006,0.00219));
#14128=CARTESIAN_POINT('',(-0.002457636015095,-0.000597636015095,0.00219));
#14129=CARTESIAN_POINT('',(-0.002319596453456,-0.0006,0.00219));
#14130=CARTESIAN_POINT('',(-0.002179192906912,-0.0006,0.00219));
#14131=CARTESIAN_POINT('',(-0.002179192906912,-0.000595727906268,0.00219));
#14132=CARTESIAN_POINT('',(-0.002179192906912,-0.000591455812536,0.00219));
#14133=CARTESIAN_POINT('',(-0.002193146054778,-0.0005945459138155,0.00219));
#14134=CARTESIAN_POINT('',(-0.002207099202644,-0.000597636015095,0.00219));
#14135=CARTESIAN_POINT('',(-0.0023323676088695,-0.000597636015095,0.00219));
#14136=CARTESIAN_POINT('',(-0.002179192906912,-0.0006,0.002199259371156));
#14137=CARTESIAN_POINT('',(-0.00219329342951,-0.0006,0.0021958752457325));
#14138=CARTESIAN_POINT('',(-0.002207393952108,-0.0006,0.002192491120309));
#14139=CARTESIAN_POINT('',(-0.002179192906912,-0.0006,0.002199259371156));
#14140=CARTESIAN_POINT('',(-0.002179192906912,-0.0006,0.002194629685578));
#14141=CARTESIAN_POINT('',(-0.00246,-0.0006,0.0021912455601545));
#14142=CARTESIAN_POINT('',(-0.00246,-0.0006,0.002192491120309));
#14143=CARTESIAN_POINT('',(-0.002333696976054,-0.0006,0.002192491120309));
#14144=CARTESIAN_POINT('',(-0.002179192906912,-0.000591455812536,0.00219));
#14145=CARTESIAN_POINT('',(-0.002179192906912,-0.000595727906268,0.002194629685578));
#14146=CARTESIAN_POINT('',(-0.002207246577376,-0.0005988180075475,0.0021912455601545));
#14147=CARTESIAN_POINT('',(-0.002207099202644,-0.000597636015095,0.00219));
#14148=CARTESIAN_POINT('',(-0.0024588180075475,-0.0005988180075475,0.0021912455601545));
#14149=CARTESIAN_POINT('',(-0.002457636015095,-0.000597636015095,0.00219));
#14150=CARTESIAN_POINT('',(-0.002179192906912,-0.000591455812536,0.00219));
#14151=CARTESIAN_POINT('',(0.002200389211488,-0.0006,0.00219));
#14152=CARTESIAN_POINT('',(0.0023323676088695,-0.000597636015095,0.00219));
#14153=CARTESIAN_POINT('',(0.002207099202644,-0.000597636015095,0.00219));
#14154=CARTESIAN_POINT('',(0.002457636015095,-0.000597636015095,0.00219));
#14155=CARTESIAN_POINT('',(0.002203744207066,-0.000596893008841,0.00219));
#14156=CARTESIAN_POINT('',(0.002200389211488,-0.000596150002587,0.00219));
#14157=CARTESIAN_POINT('',(0.002200389211488,-0.0005980750012935,0.00219));
#14158=CARTESIAN_POINT('',(0.002200389211488,-0.0006,0.00219));
#14159=CARTESIAN_POINT('',(0.002330194605744,-0.0006,0.00219));
#14160=CARTESIAN_POINT('',(0.00246,-0.0006,0.00219));
#14161=CARTESIAN_POINT('',(0.0024588180075475,-0.0005988180075475,0.00219));
#14162=CARTESIAN_POINT('',(0.00246,-0.0006,0.002194172258058));
#14163=CARTESIAN_POINT('',(0.002200389211488,-0.0006,0.002192086129029));
#14164=CARTESIAN_POINT('',(0.002200389211488,-0.0006,0.002194172258058));
#14165=CARTESIAN_POINT('',(0.002203891581798,-0.0006,0.0021933316891835));
#14166=CARTESIAN_POINT('',(0.002207393952108,-0.0006,0.002192491120309));
#14167=CARTESIAN_POINT('',(0.002333696976054,-0.0006,0.002192491120309));
#14168=CARTESIAN_POINT('',(0.00246,-0.0006,0.002192491120309));
#14169=CARTESIAN_POINT('',(0.00246,-0.0006,0.0021912455601545));
#14170=CARTESIAN_POINT('',(0.002207393952108,-0.000596987862988,0.002189226855019));
#14171=CARTESIAN_POINT('',(0.002200389211488,-0.0005980750012935,0.002192086129029));
#14172=CARTESIAN_POINT('',(0.002207246577376,-0.0005988180075475,0.0021912455601545));
#14173=CARTESIAN_POINT('',(0.00246,-0.000597636015095,0.00219));
#14174=CARTESIAN_POINT('',(0.0024588180075475,-0.0005988180075475,0.0021912455601545));
#14175=CARTESIAN_POINT('',(0.00246,-0.0006,0.00219));
#14176=CARTESIAN_POINT('',(0.002200389211488,-0.0006,0.00219));
#14177=CARTESIAN_POINT('',(0.001157035307566,-0.0006,-0.000238148004588));
#14178=CARTESIAN_POINT('',(0.00115703530756611,-0.000469999999983887,-0.000214900483750855));
#14179=CARTESIAN_POINT('',(0.001157035307566,-0.0006,-0.000214900483751));
#14180=CARTESIAN_POINT('',(0.001157035307566,-0.000597904467377,-0.000238148004588));
#14181=CARTESIAN_POINT('',(0.001157035307566,-0.000548498647797255,-0.000214900483751));
#14182=CARTESIAN_POINT('',(0.00115777217520418,-0.0004973798766625,-0.0002265242441695));
#14183=CARTESIAN_POINT('',(0.001157035307566,-0.00054746135914887,-0.000238148004588));
#14184=CARTESIAN_POINT('',(0.0009383773612438,-0.000450000000015091,-0.000212267433799462));
#14185=CARTESIAN_POINT('',(0.0010219092320275,-0.000498296291314,-0.000225208386054));
#14186=CARTESIAN_POINT('',(0.000882690444860873,-0.000498297574441782,-0.000225203597355926));
#14187=CARTESIAN_POINT('',(0.001023629016667,-0.000499930622347,-0.000214900483751));
#14188=CARTESIAN_POINT('',(0.000886129016667,-0.000499972287338307,-0.000214899755073851));
#14189=CARTESIAN_POINT('',(0.000884848908252,-0.0005,-0.000212267433799));
#14190=CARTESIAN_POINT('',(0.00088527551554535,-0.0005,-0.000213144920658795));
#14191=CARTESIAN_POINT('',(0.0008857021228387,-0.0005,-0.000214022407518591));
#14192=CARTESIAN_POINT('',(0.00088612873013205,-0.0005,-0.000214899894378386));
#14193=CARTESIAN_POINT('',(0.000884848908252,-0.0005,-0.000212267433799));
#14194=CARTESIAN_POINT('',(0.000870485393991455,-0.000452550627653828,-0.0002103865610194));
#14195=CARTESIAN_POINT('',(0.000884834800133,-0.000469999999983727,-0.000214900483751));
#14196=CARTESIAN_POINT('',(0.000884834800133006,-0.000597904467377017,-0.000238148004587989));
#14197=CARTESIAN_POINT('',(0.000885697611155669,-0.000599170346192771,-0.000231183324059306));
#14198=CARTESIAN_POINT('',(0.000886129016667,-0.000599885661732019,-0.000224007241378218));
#14199=CARTESIAN_POINT('',(0.000886129016667,-0.000599987365717892,-0.000216712872704749));
#14200=CARTESIAN_POINT('',(0.000884834800133,-0.000597904467377,-0.000238148004588));
#14201=CARTESIAN_POINT('',(0.000886129016667,-0.000599960660396407,-0.000215806448331582));
#14202=CARTESIAN_POINT('',(0.0010215821621165,-0.0006,-0.000214900483751));
#14203=CARTESIAN_POINT('',(0.0010209350538495,-0.000597904467377,-0.000238148004588));
#14204=CARTESIAN_POINT('',(0.000886129016667,-0.000593223438061,-0.000216712872704));
#14205=CARTESIAN_POINT('',(0.000886129016667,-0.000593223438061,-0.000214900483751));
#14206=CARTESIAN_POINT('',(0.000886129016667,-0.0006,-0.000214900483751));
#14207=CARTESIAN_POINT('',(0.000886129016667,-0.000593223438061,-0.000214900483751));
#14208=CARTESIAN_POINT('',(0.000886129016667,-0.000593223438061,-0.000214900483751));
#14209=CARTESIAN_POINT('',(0.000886129016667,-0.000599987365718,-0.000216712872704));
#14210=CARTESIAN_POINT('',(0.000711129016672716,-0.000507232179968016,-0.000191859195589005));
#14211=CARTESIAN_POINT('',(-0.00157640277530538,-0.000675048324494121,-0.000238148004587499));
#14212=CARTESIAN_POINT('',(0.000879439772524,-0.000494829130978,-0.000238148004588));
#14213=CARTESIAN_POINT('',(0.000711129016530798,-0.000507232179968018,-0.000191859195557363));
#14214=CARTESIAN_POINT('',(0.000711129016679778,-0.000507232179967178,-0.000191859195588338));
#14215=CARTESIAN_POINT('',(0.000886129016667,-0.000507232179968,-0.000191859195589));
#14216=CARTESIAN_POINT('',(0.000886129016667,-0.0005502278090145,-0.00020337983967));
#14217=CARTESIAN_POINT('',(0.000722538788991813,-0.000498296291313939,-0.000191831897658769));
#14218=CARTESIAN_POINT('',(0.000722781449802346,-0.0005,-0.000191857472622141));
#14219=CARTESIAN_POINT('',(0.000886129016667,-0.0005,-0.000191859195589));
#14220=CARTESIAN_POINT('',(0.000886129016667,-0.000507232179968,-0.00019185919579592));
#14221=CARTESIAN_POINT('',(0.000886129016667,-0.000504821453312,-0.000191859195795921));
#14222=CARTESIAN_POINT('',(0.000886129016667,-0.000502410726656,-0.000191859195795921));
#14223=CARTESIAN_POINT('',(0.000886129016667,-0.0005,-0.00019185919579592));
#14224=CARTESIAN_POINT('',(0.000879439772524,-0.000597904467377,-0.000238148004588));
#14225=CARTESIAN_POINT('',(0.0010202843945955,-0.000494829130978,-0.000238148004588));
#14226=CARTESIAN_POINT('',(0.001161129016667,-0.000494829130978,-0.000238148004588));
#14227=CARTESIAN_POINT('',(0.000886129016667,-0.0006,-0.000214900483751));
#14228=CARTESIAN_POINT('',(0.000886129016667,-0.000546577030204,-0.000214900483751));
#14229=CARTESIAN_POINT('',(0.000886129016667,-0.000499930622347,-0.000214900483751));
#14230=CARTESIAN_POINT('',(0.000886129016667,-0.0005,-0.00020337983967));
#14231=CARTESIAN_POINT('',(0.000884848908252,-0.0005,-0.000214900483751));
#14232=CARTESIAN_POINT('',(0.00071112901666129,-0.000507232179968003,-0.000191859195589001));
#14233=CARTESIAN_POINT('',(0.000711129016194969,-0.000507232179929933,-0.00019185919569991));
#14234=CARTESIAN_POINT('',(0.00054281826081,-0.000494829130978,-0.000238148004588));
#14235=CARTESIAN_POINT('',(0.000539568585946,-0.000498296291314,-0.000225208386054));
#14236=CARTESIAN_POINT('',(0.00299866080864054,-0.000675048324494183,-0.000238148004587625));
#14237=CARTESIAN_POINT('',(0.000537423233201,-0.000597904467377,-0.000238148004588));
#14238=CARTESIAN_POINT('',(0.000599405263827623,-0.000514011919860993,-0.000215352421373443));
#14239=CARTESIAN_POINT('',(0.000536128489407821,-0.00059977430507971,-0.000215747896128713));
#14240=CARTESIAN_POINT('',(0.000536129016667,-0.000593223438061,-0.000214900483751));
#14241=CARTESIAN_POINT('',(0.000536129016667,-0.000599987365718,-0.000216712872704));
#14242=CARTESIAN_POINT('',(0.000536129016667,-0.00059322338170112,-0.000214900476328813));
#14243=CARTESIAN_POINT('',(0.000536129016667,-0.0005502278090145,-0.00020337983967));
#14244=CARTESIAN_POINT('',(0.000536129016667,-0.000507232179968,-0.000191859195589));
#14245=CARTESIAN_POINT('',(0.000711129016654258,-0.000507232179967162,-0.00019185919558833));
#14246=CARTESIAN_POINT('',(0.000536129016667,-0.0005,-0.000214723908901857));
#14247=CARTESIAN_POINT('',(0.000537718317172106,-0.0005,-0.000214722606338613));
#14248=CARTESIAN_POINT('',(0.000537693327560608,-0.0005,-0.000214524173681731));
#14249=CARTESIAN_POINT('',(0.000537668337949109,-0.0005,-0.00021432574102485));
#14250=CARTESIAN_POINT('',(0.000537538731515555,-0.0005,-0.000213296587411924));
#14251=CARTESIAN_POINT('',(0.000537409125082,-0.0005,-0.000212267433799));
#14252=CARTESIAN_POINT('',(0.000536129124722,-0.0005,-0.000202103455369));
#14253=CARTESIAN_POINT('',(0.000536129016667,-0.0005,-0.000191859195589));
#14254=CARTESIAN_POINT('',(0.000536929915832248,-0.000499953188842105,-0.000214787618970247));
#14255=CARTESIAN_POINT('',(0.000536129016667,-0.0005,-0.000191859195589));
#14256=CARTESIAN_POINT('',(0.000536129016667,-0.0005,-0.000214952556034985));
#14257=CARTESIAN_POINT('',(0.000536129016667,-0.0005,-0.000214723908901857));
#14258=CARTESIAN_POINT('',(0.000536129016667,-0.0005,-0.000214425080045272));
#14259=CARTESIAN_POINT('',(0.000536129016667,-0.0005,-0.000213583958775));
#14260=CARTESIAN_POINT('',(0.000536129016667,-0.0005,-0.000212267433799));
#14261=CARTESIAN_POINT('',(0.000536129016667,-0.0005,-0.000191859195589));
#14262=CARTESIAN_POINT('',(0.000261129016667,-0.000494829130978,-0.000238148004588));
#14263=CARTESIAN_POINT('',(0.000261129016667,-0.000496562711146,-0.000231678195321));
#14264=CARTESIAN_POINT('',(0.000261129016667,-0.000498296291314,-0.000225208386054));
#14265=CARTESIAN_POINT('',(0.000261129016667,-0.000494829130978,-0.000238148004588));
#14266=CARTESIAN_POINT('',(0.00026112901666698,-0.000450000000054801,-0.000212267433804995));
#14267=CARTESIAN_POINT('',(0.000261129016667,-0.000499930622347,-0.000214900483751));
#14268=CARTESIAN_POINT('',(0.000261129016667,-0.0005499653111735,-0.000214900483751));
#14269=CARTESIAN_POINT('',(0.000261129016667,-0.0006,-0.000214900483751));
#14270=CARTESIAN_POINT('',(0.000261129016667027,-0.000469999999983838,-0.000214900483750851));
#14271=CARTESIAN_POINT('',(0.000261129016667,-0.000597904467377,-0.000238148004588));
#14272=CARTESIAN_POINT('',(0.000261129016667,-0.0005463667991775,-0.000238148004588));
#14273=CARTESIAN_POINT('',(0.000261129016666984,-0.000450000000018615,-0.000212267433799));
#14274=CARTESIAN_POINT('',(0.000551772639388588,-0.000452550627639262,-0.000210386561009799));
#14275=CARTESIAN_POINT('',(0.000400004016667,-0.000499930622347,-0.000214900483751));
#14276=CARTESIAN_POINT('',(0.0004003488013065,-0.000498296291314,-0.000225208386054));
#14277=CARTESIAN_POINT('',(0.000699488149388211,-0.000498296291314031,-0.000191856194519001));
#14278=CARTESIAN_POINT('',(0.000536129016667,-0.000546145601840195,-0.000191859195589));
#14279=CARTESIAN_POINT('',(0.00026112901666702,-0.000469999999983727,-0.000214900483751));
#14280=CARTESIAN_POINT('',(0.000398629016667,-0.0006,-0.000214900483751));
#14281=CARTESIAN_POINT('',(0.000399276124934,-0.000597904467377,-0.000238148004588));
#14282=CARTESIAN_POINT('',(0.000536129016667,-0.0006,-0.000216712872704));
#14283=CARTESIAN_POINT('',(0.000536129016667,-0.000593223438061,-0.000214900483751));
#14284=CARTESIAN_POINT('',(0.000536129016667,-0.0006,-0.000214900483751));
#14285=CARTESIAN_POINT('',(0.00054281826081,-0.000494829130978,-0.000238148004588));
#14286=CARTESIAN_POINT('',(0.0004019736387385,-0.000494829130978,-0.000238148004588));
#14287=CARTESIAN_POINT('',(0.000261129016667,-0.000597904467377,-0.000238148004588));
#14288=CARTESIAN_POINT('',(0.000261129016667,-0.0006,-0.000214900483751));
#14289=CARTESIAN_POINT('',(0.000536129016667,-0.000546145601840195,-0.000214900483751));
#14290=CARTESIAN_POINT('',(0.000536129016667,-0.000593223438061,-0.000214900483751));
#14291=MECHANICAL_DESIGN_GEOMETRIC_PRESENTATION_REPRESENTATION('',(#8171,
#38,#39,#40,#41,#42,#43,#44,#45,#46,#47,#48,#49,#50,#51,#52,#53,#54,#55,
#56,#57,#58,#59,#60,#61,#62,#63,#64,#65,#66,#67,#68,#69,#70,#71,#72,#73,
#74,#75,#76,#77,#78,#79,#80,#81,#82,#83,#84,#85,#86,#87,#88,#89,#90,#91,
#92,#93,#94,#95,#96,#97,#98,#99,#100,#101,#102,#103,#104,#105,#106,#107,
#108,#109,#110,#111,#112,#113,#114,#115,#116,#117,#118,#119,#120,#121,#122,
#123,#124,#125,#126,#127,#128,#129,#130,#131,#132,#133,#134,#135,#136,#137,
#138,#139,#140,#141,#142,#143,#144,#145,#146,#147,#148,#149,#150,#151,#152,
#153,#154,#155,#156,#157,#158,#159,#160,#161,#162,#163,#164,#165,#166,#167,
#168,#169,#170,#171,#172,#173,#174,#175,#176,#177,#178,#179,#180,#181,#182,
#183,#184,#185,#186,#187,#188,#189,#190,#191,#192,#193,#194,#195,#196,#197,
#198,#199,#200,#201,#202,#203,#204,#205,#206,#207,#208,#209),#14292);
#14292=(
GEOMETRIC_REPRESENTATION_CONTEXT(3)
GLOBAL_UNCERTAINTY_ASSIGNED_CONTEXT((#14293))
GLOBAL_UNIT_ASSIGNED_CONTEXT((#14296,#14295,#14294))
REPRESENTATION_CONTEXT('SOLID','TOP_LEVEL_ASSEMBLY_PART')
);
#14293=UNCERTAINTY_MEASURE_WITH_UNIT(LENGTH_MEASURE(2.95498676358036E-5),
#14296,'DISTANCE_ACCURACY_VALUE','Maximum Tolerance applied to model');
#14294=(
NAMED_UNIT(*)
SI_UNIT($,.STERADIAN.)
SOLID_ANGLE_UNIT()
);
#14295=(
NAMED_UNIT(*)
PLANE_ANGLE_UNIT()
SI_UNIT($,.RADIAN.)
);
#14296=(
LENGTH_UNIT()
NAMED_UNIT(*)
SI_UNIT($,.METRE.)
);
#14297=PRODUCT_DEFINITION_SHAPE('','',#14298);
#14298=PRODUCT_DEFINITION('','',#14300,#14299);
#14299=PRODUCT_DEFINITION_CONTEXT('',#14306,'design');
#14300=PRODUCT_DEFINITION_FORMATION_WITH_SPECIFIED_SOURCE('','',#14302,
 .NOT_KNOWN.);
#14301=PRODUCT_RELATED_PRODUCT_CATEGORY('','',(#14302));
#14302=PRODUCT('SOLID','SOLID','SOLID',(#14304));
#14303=PRODUCT_CATEGORY('','');
#14304=PRODUCT_CONTEXT('',#14306,'mechanical');
#14305=APPLICATION_PROTOCOL_DEFINITION('international standard',
'ap242_managed_model_based_3d_engineering',2011,#14306);
#14306=APPLICATION_CONTEXT('managed model based 3d engineering');
ENDSEC;
END-ISO-10303-21;
