2025-09-23 16:11:35,775 [INFO] Activator:176 - 


2025-09-23 16:11:35,778 [INFO] Activator:177 - !SESSION log4j initialized
2025-09-23 16:11:40,141 [INFO] LogOutputStream:77 - [STDOUT_REDIRECT] 
2025-09-23 16:11:43,057 [INFO] ApplicationProperties:184 - Using Application install path: C:\ST\STM32CubeIDE_1.15.1\STM32CubeIDE\plugins\com.st.stm32cube.common.mx_6.14.1.202504091515
2025-09-23 16:11:43,101 [INFO] DbMcusXml:78 - Set database path to: C:\ST\STM32CubeIDE_1.15.1\STM32CubeIDE\plugins\com.st.stm32cube.common.mx_6.14.1.202504091515\\db\/mcu/
2025-09-23 16:11:43,102 [INFO] ApiDb:274 - Set plugin database path to: C:\ST\STM32CubeIDE_1.15.1\STM32CubeIDE\plugins\com.st.stm32cube.common.mx_6.14.1.202504091515\\db\/plugins/boardmanager/
2025-09-23 16:11:43,103 [WARN] ApiDb:259 - Overriding images path with different value:  => C:\ST\STM32CubeIDE_1.15.1\STM32CubeIDE\plugins\com.st.stm32cube.common.mx_6.14.1.202504091515\\db\/plugins/mcufinder/images/
2025-09-23 16:11:43,133 [INFO] ApiDb:250 - Set database path to: C:\Users\m-ren\.stmcufinder\plugins\mcufinder//mcu/
2025-09-23 16:11:43,137 [INFO] DbMcusAds:125 - Set database path to: C:\Users\m-ren\.stmcufinder\plugins\mcufinder//mcu/
2025-09-23 16:11:43,142 [INFO] CrossReferenceDbSqlite:203 - Set database path to: C:\Users\m-ren\.stmcufinder\plugins\mcufinder//mcu/cs/
2025-09-23 16:11:43,366 [INFO] RulesReader:64 - Compatibility file has been processed (302 Rules)
2025-09-23 16:11:43,515 [INFO] DbMcusXml:78 - Set database path to: C:\ST\STM32CubeIDE_1.15.1\STM32CubeIDE\plugins\com.st.stm32cube.common.mx_6.14.1.202504091515\\db\/mcu/
2025-09-23 16:11:43,515 [INFO] ApiDb:274 - Set plugin database path to: C:\ST\STM32CubeIDE_1.15.1\STM32CubeIDE\plugins\com.st.stm32cube.common.mx_6.14.1.202504091515\\db\/plugins/boardmanager/
2025-09-23 16:11:43,516 [INFO] ApiDb:261 - Set plugin images path to: C:\ST\STM32CubeIDE_1.15.1\STM32CubeIDE\plugins\com.st.stm32cube.common.mx_6.14.1.202504091515\\db\/plugins/mcufinder/images/
2025-09-23 16:11:43,516 [WARN] DbFile:41 - Overriding database path with different value: C:\Users\m-ren\.stmcufinder\plugins\mcufinder/ => C:\Users\m-ren\.stmcufinder\plugins\mcufinder
2025-09-23 16:11:43,517 [INFO] ApiDb:250 - Set database path to: C:\Users\m-ren\.stmcufinder\plugins\mcufinder//mcu/
2025-09-23 16:11:43,517 [WARN] DbFile:41 - Overriding database path with different value: C:\Users\m-ren\.stmcufinder\plugins\mcufinder/ => C:\Users\m-ren\.stmcufinder\plugins\mcufinder
2025-09-23 16:11:43,517 [INFO] DbMcusAds:125 - Set database path to: C:\Users\m-ren\.stmcufinder\plugins\mcufinder//mcu/
2025-09-23 16:11:43,517 [WARN] DbFile:41 - Overriding database path with different value: C:\Users\m-ren\.stmcufinder\plugins\mcufinder/ => C:\Users\m-ren\.stmcufinder\plugins\mcufinder
2025-09-23 16:11:43,517 [WARN] DbFile:41 - Overriding database path with different value: C:\Users\m-ren\.stmcufinder\plugins\mcufinder/ => C:\Users\m-ren\.stmcufinder\plugins\mcufinder
2025-09-23 16:11:43,517 [INFO] CrossReferenceDbSqlite:203 - Set database path to: C:\Users\m-ren\.stmcufinder\plugins\mcufinder//mcu/cs/
2025-09-23 16:11:43,731 [INFO] MainPanel:272 - HeapMemory: 268435456
2025-09-23 16:11:43,882 [INFO] McuFinderGlobals:63 - Set McuFinder mode to 2 (CubeIDE integrated)
2025-09-23 16:11:44,048 [INFO] DbMcusXml:78 - Set database path to: C:\ST\STM32CubeIDE_1.15.1\STM32CubeIDE\plugins\com.st.stm32cube.common.mx_6.14.1.202504091515\\db\/mcu/
2025-09-23 16:11:44,049 [INFO] ApiDb:274 - Set plugin database path to: C:\ST\STM32CubeIDE_1.15.1\STM32CubeIDE\plugins\com.st.stm32cube.common.mx_6.14.1.202504091515\\db\/plugins/boardmanager/
2025-09-23 16:11:44,049 [INFO] ApiDb:261 - Set plugin images path to: C:\ST\STM32CubeIDE_1.15.1\STM32CubeIDE\plugins\com.st.stm32cube.common.mx_6.14.1.202504091515\\db\/plugins/mcufinder/images/
2025-09-23 16:11:44,049 [WARN] DbFile:41 - Overriding database path with different value: C:\Users\m-ren\.stmcufinder\plugins\mcufinder/ => C:\Users\m-ren\.stmcufinder\plugins\mcufinder
2025-09-23 16:11:44,050 [INFO] ApiDb:250 - Set database path to: C:\Users\m-ren\.stmcufinder\plugins\mcufinder//mcu/
2025-09-23 16:11:44,050 [WARN] DbFile:41 - Overriding database path with different value: C:\Users\m-ren\.stmcufinder\plugins\mcufinder/ => C:\Users\m-ren\.stmcufinder\plugins\mcufinder
2025-09-23 16:11:44,050 [INFO] DbMcusAds:125 - Set database path to: C:\Users\m-ren\.stmcufinder\plugins\mcufinder//mcu/
2025-09-23 16:11:44,050 [WARN] DbFile:41 - Overriding database path with different value: C:\Users\m-ren\.stmcufinder\plugins\mcufinder/ => C:\Users\m-ren\.stmcufinder\plugins\mcufinder
2025-09-23 16:11:44,050 [WARN] DbFile:41 - Overriding database path with different value: C:\Users\m-ren\.stmcufinder\plugins\mcufinder/ => C:\Users\m-ren\.stmcufinder\plugins\mcufinder
2025-09-23 16:11:44,050 [INFO] CrossReferenceDbSqlite:203 - Set database path to: C:\Users\m-ren\.stmcufinder\plugins\mcufinder//mcu/cs/
2025-09-23 16:11:44,083 [INFO] ApplicationProperties:184 - Using Application install path: C:\ST\STM32CubeIDE_1.15.1\STM32CubeIDE\plugins\com.st.stm32cube.common.mx_6.14.1.202504091515
2025-09-23 16:11:44,086 [INFO] PluginManage:196 - Search for loadable plugins [exclusion list=, ]
2025-09-23 16:11:44,088 [INFO] PluginManage:310 - Check plugin analytics
2025-09-23 16:11:44,420 [INFO] AnalyticsPlugin:253 - Accepted Software Licenses: STM32CubeMX.6.9.1,STM32CubeMX.6.11.1
2025-09-23 16:11:44,421 [INFO] AnalyticsPlugin:255 - Accepted CMSIS Pack Licenses: 
2025-09-23 16:11:44,421 [INFO] AnalyticsPlugin:257 - Accepted Firmware Licenses: FW.F7.1.17.0,FW.F4.1.28.0,FW.H5.1.5.0,FW.C0.1.4.0
2025-09-23 16:11:44,424 [INFO] PluginManage:359 - Loaded plugin analytics (category:tool,tabindex:-1)
2025-09-23 16:11:44,425 [INFO] PluginManage:310 - Check plugin cadmodel
2025-09-23 16:11:44,435 [INFO] CADModel:105 - Init CAD model plugin
2025-09-23 16:11:44,436 [INFO] PluginManage:359 - Loaded plugin cadmodel (category:power,tabindex:5)
2025-09-23 16:11:44,436 [INFO] PluginManage:310 - Check plugin clock
2025-09-23 16:11:44,457 [INFO] PluginManage:359 - Loaded plugin clock (category:base,tabindex:2)
2025-09-23 16:11:44,458 [INFO] PluginManage:310 - Check plugin ddr
2025-09-23 16:11:44,464 [INFO] PluginManage:359 - Loaded plugin ddr (category:tool,tabindex:6)
2025-09-23 16:11:44,464 [INFO] PluginManage:310 - Check plugin filemanager
2025-09-23 16:11:44,732 [INFO] PluginManage:359 - Loaded plugin filemanager (category:base,tabindex:10)
2025-09-23 16:11:44,732 [INFO] PluginManage:310 - Check plugin ipmanager
2025-09-23 16:11:44,745 [INFO] PluginManage:359 - Loaded plugin ipmanager (category:base,tabindex:5)
2025-09-23 16:11:44,745 [INFO] PluginManage:310 - Check plugin lpbam
2025-09-23 16:11:44,763 [INFO] PluginManage:359 - Loaded plugin lpbam (category:base,tabindex:0)
2025-09-23 16:11:44,763 [INFO] PluginManage:310 - Check plugin memorymap
2025-09-23 16:11:44,797 [INFO] PluginManage:359 - Loaded plugin memorymap (category:base,tabindex:4)
2025-09-23 16:11:44,798 [INFO] PluginManage:310 - Check plugin pinoutandconfiguration
2025-09-23 16:11:44,822 [INFO] PluginManage:359 - Loaded plugin pinoutandconfiguration (category:base,tabindex:1)
2025-09-23 16:11:44,823 [INFO] PluginManage:310 - Check plugin pinoutconfig
2025-09-23 16:11:44,997 [WARN] SupportedApi:132 - Cannot load RTOS API schema: s4s-elt-must-match.1: The content of 'definitions' must match (annotation?, (simpleType | complexType)?, (unique | key | keyref)*)). A problem was found starting at: attribute.
2025-09-23 16:11:45,245 [INFO] PluginManage:359 - Loaded plugin pinoutconfig (category:base,tabindex:0)
2025-09-23 16:11:45,245 [INFO] PluginManage:310 - Check plugin power
2025-09-23 16:11:45,265 [INFO] PluginManage:359 - Loaded plugin power (category:power,tabindex:4)
2025-09-23 16:11:45,266 [INFO] PluginManage:310 - Check plugin projectmanager
2025-09-23 16:11:45,295 [INFO] PluginManage:359 - Loaded plugin projectmanager (category:projectmanager,tabindex:4)
2025-09-23 16:11:45,295 [INFO] PluginManage:310 - Check plugin rif
2025-09-23 16:11:45,312 [INFO] PluginManage:359 - Loaded plugin rif (category:base,tabindex:3)
2025-09-23 16:11:45,312 [INFO] PluginManage:310 - Check plugin thirdparty
2025-09-23 16:11:45,545 [INFO] PluginManage:359 - Loaded plugin thirdparty (category:base,tabindex:-1)
2025-09-23 16:11:45,545 [WARN] IntegrityCheckThread:84 - waiting for thirdparty lock release [integrity check]
2025-09-23 16:11:45,546 [INFO] PluginManage:310 - Check plugin tools
2025-09-23 16:11:45,546 [INFO] IntegrityCheckThread:86 - entering critical section [integrity check]
2025-09-23 16:11:45,547 [INFO] ThirdPartyUpdaterWithRetryManager:70 - Updater plugin not ready yet. [1/15]
2025-09-23 16:11:45,551 [INFO] PluginManage:359 - Loaded plugin tools (category:base,tabindex:7)
2025-09-23 16:11:45,551 [INFO] PluginManage:310 - Check plugin tutovideos
2025-09-23 16:11:45,860 [INFO] PluginManage:359 - Loaded plugin tutovideos (category:base,tabindex:-1)
2025-09-23 16:11:45,860 [INFO] PluginManage:310 - Check plugin updater
2025-09-23 16:11:45,898 [INFO] PluginManage:359 - Loaded plugin updater (category:base,tabindex:12)
2025-09-23 16:11:45,899 [INFO] PluginManage:310 - Check plugin userauth
2025-09-23 16:11:45,907 [INFO] UserAuth:118 - Init User Auth plugin
2025-09-23 16:11:45,909 [INFO] PluginManage:359 - Loaded plugin userauth (category:base,tabindex:14)
2025-09-23 16:11:45,909 [INFO] PluginManage:283 - PluginManage : Loaded plugins [18]
2025-09-23 16:11:46,290 [INFO] PinOutPanel:1589 - setPackage(No Configuration,No Configuration)
2025-09-23 16:11:46,432 [INFO] CADModel:165 - CPN selected for project level
2025-09-23 16:11:46,432 [INFO] CADModel:114 - Register for checkConnection events
2025-09-23 16:11:46,465 [INFO] IPUIPlugin:80 - create IPUIPlugin
2025-09-23 16:11:46,465 [INFO] PluginManager:220 - loadIPPluginJar : add adc
2025-09-23 16:11:46,470 [INFO] IPUIPlugin:80 - create IPUIPlugin
2025-09-23 16:11:46,471 [INFO] PluginManager:220 - loadIPPluginJar : add aes
2025-09-23 16:11:46,476 [INFO] IPUIPlugin:80 - create IPUIPlugin
2025-09-23 16:11:46,477 [INFO] PluginManager:220 - loadIPPluginJar : add can
2025-09-23 16:11:46,480 [INFO] IPUIPlugin:80 - create IPUIPlugin
2025-09-23 16:11:46,480 [INFO] PluginManager:220 - loadIPPluginJar : add comp
2025-09-23 16:11:46,485 [INFO] IPUIPlugin:80 - create IPUIPlugin
2025-09-23 16:11:46,485 [INFO] PluginManager:220 - loadIPPluginJar : add cryp
2025-09-23 16:11:46,491 [INFO] IPUIPlugin:80 - create IPUIPlugin
2025-09-23 16:11:46,491 [INFO] PluginManager:220 - loadIPPluginJar : add ddr_ctrl_phy
2025-09-23 16:11:46,496 [INFO] IPUIPlugin:80 - create IPUIPlugin
2025-09-23 16:11:46,497 [INFO] PluginManager:220 - loadIPPluginJar : add dfsdm
2025-09-23 16:11:46,507 [INFO] IPUIPlugin:80 - create IPUIPlugin
2025-09-23 16:11:46,508 [INFO] PluginManager:220 - loadIPPluginJar : add dma
2025-09-23 16:11:46,513 [INFO] IPUIPlugin:80 - create IPUIPlugin
2025-09-23 16:11:46,514 [INFO] PluginManager:220 - loadIPPluginJar : add dma3
2025-09-23 16:11:46,520 [INFO] IPUIPlugin:80 - create IPUIPlugin
2025-09-23 16:11:46,520 [INFO] PluginManager:220 - loadIPPluginJar : add extmemmanager
2025-09-23 16:11:46,524 [INFO] IPUIPlugin:80 - create IPUIPlugin
2025-09-23 16:11:46,524 [INFO] PluginManager:220 - loadIPPluginJar : add fatfs
2025-09-23 16:11:46,533 [INFO] IPUIPlugin:80 - create IPUIPlugin
2025-09-23 16:11:46,534 [INFO] PluginManager:220 - loadIPPluginJar : add fmc
2025-09-23 16:11:46,546 [INFO] IPUIPlugin:80 - create IPUIPlugin
2025-09-23 16:11:46,548 [INFO] PluginManager:220 - loadIPPluginJar : add freertos
2025-09-23 16:11:46,552 [INFO] IPUIPlugin:80 - create IPUIPlugin
2025-09-23 16:11:46,552 [INFO] PluginManager:220 - loadIPPluginJar : add genericplugin
2025-09-23 16:11:46,557 [INFO] IPUIPlugin:80 - create IPUIPlugin
2025-09-23 16:11:46,557 [INFO] PluginManager:220 - loadIPPluginJar : add gfxmmu
2025-09-23 16:11:46,567 [INFO] IPUIPlugin:80 - create IPUIPlugin
2025-09-23 16:11:46,567 [INFO] PluginManager:220 - loadIPPluginJar : add gic
2025-09-23 16:11:46,574 [INFO] IPUIPlugin:80 - create IPUIPlugin
2025-09-23 16:11:46,574 [INFO] PluginManager:220 - loadIPPluginJar : add gpio
2025-09-23 16:11:46,579 [INFO] IPUIPlugin:80 - create IPUIPlugin
2025-09-23 16:11:46,579 [INFO] PluginManager:220 - loadIPPluginJar : add gtzc
2025-09-23 16:11:46,583 [INFO] IPUIPlugin:80 - create IPUIPlugin
2025-09-23 16:11:46,583 [INFO] PluginManager:220 - loadIPPluginJar : add hash
2025-09-23 16:11:46,588 [INFO] IPUIPlugin:80 - create IPUIPlugin
2025-09-23 16:11:46,588 [INFO] PluginManager:220 - loadIPPluginJar : add i2c
2025-09-23 16:11:46,592 [INFO] IPUIPlugin:80 - create IPUIPlugin
2025-09-23 16:11:46,592 [INFO] PluginManager:220 - loadIPPluginJar : add i2s
2025-09-23 16:11:46,597 [INFO] IPUIPlugin:80 - create IPUIPlugin
2025-09-23 16:11:46,598 [INFO] PluginManager:220 - loadIPPluginJar : add i3c
2025-09-23 16:11:46,604 [INFO] IPUIPlugin:80 - create IPUIPlugin
2025-09-23 16:11:46,604 [INFO] PluginManager:220 - loadIPPluginJar : add ipddr
2025-09-23 16:11:46,619 [INFO] IPUIPlugin:80 - create IPUIPlugin
2025-09-23 16:11:46,620 [INFO] PluginManager:220 - loadIPPluginJar : add linkedlist
2025-09-23 16:11:46,626 [INFO] IPUIPlugin:80 - create IPUIPlugin
2025-09-23 16:11:46,627 [INFO] PluginManager:220 - loadIPPluginJar : add lorawan
2025-09-23 16:11:46,630 [INFO] IPUIPlugin:80 - create IPUIPlugin
2025-09-23 16:11:46,631 [INFO] PluginManager:220 - loadIPPluginJar : add ltdc
2025-09-23 16:11:46,645 [INFO] IPUIPlugin:80 - create IPUIPlugin
2025-09-23 16:11:46,645 [INFO] PluginManager:220 - loadIPPluginJar : add mdma
2025-09-23 16:11:46,650 [INFO] IPUIPlugin:80 - create IPUIPlugin
2025-09-23 16:11:46,650 [INFO] PluginManager:220 - loadIPPluginJar : add nvic
2025-09-23 16:11:46,654 [INFO] IPUIPlugin:80 - create IPUIPlugin
2025-09-23 16:11:46,655 [INFO] PluginManager:220 - loadIPPluginJar : add opamp
2025-09-23 16:11:46,659 [INFO] IPUIPlugin:80 - create IPUIPlugin
2025-09-23 16:11:46,660 [INFO] PluginManager:220 - loadIPPluginJar : add openamp
2025-09-23 16:11:46,665 [INFO] IPUIPlugin:80 - create IPUIPlugin
2025-09-23 16:11:46,665 [INFO] PluginManager:220 - loadIPPluginJar : add pdm2pcm
2025-09-23 16:11:46,676 [INFO] IPUIPlugin:80 - create IPUIPlugin
2025-09-23 16:11:46,680 [INFO] PluginManager:220 - loadIPPluginJar : add plateformsettings
2025-09-23 16:11:46,683 [INFO] IPUIPlugin:80 - create IPUIPlugin
2025-09-23 16:11:46,684 [INFO] PluginManager:220 - loadIPPluginJar : add quadspi
2025-09-23 16:11:46,687 [INFO] IPUIPlugin:80 - create IPUIPlugin
2025-09-23 16:11:46,690 [INFO] PluginManager:220 - loadIPPluginJar : add radio
2025-09-23 16:11:46,699 [INFO] IPUIPlugin:80 - create IPUIPlugin
2025-09-23 16:11:46,699 [INFO] PluginManager:220 - loadIPPluginJar : add resmgrutility
2025-09-23 16:11:46,705 [INFO] IPUIPlugin:80 - create IPUIPlugin
2025-09-23 16:11:46,706 [INFO] PluginManager:220 - loadIPPluginJar : add sai
2025-09-23 16:11:46,709 [INFO] IPUIPlugin:80 - create IPUIPlugin
2025-09-23 16:11:46,710 [INFO] PluginManager:220 - loadIPPluginJar : add spi
2025-09-23 16:11:46,720 [INFO] IPUIPlugin:80 - create IPUIPlugin
2025-09-23 16:11:46,720 [INFO] PluginManager:220 - loadIPPluginJar : add stm32_wpan
2025-09-23 16:11:46,723 [INFO] IPUIPlugin:80 - create IPUIPlugin
2025-09-23 16:11:46,723 [INFO] PluginManager:220 - loadIPPluginJar : add tim
2025-09-23 16:11:46,728 [INFO] IPUIPlugin:80 - create IPUIPlugin
2025-09-23 16:11:46,729 [INFO] PluginManager:220 - loadIPPluginJar : add touchsensing
2025-09-23 16:11:46,733 [INFO] IPUIPlugin:80 - create IPUIPlugin
2025-09-23 16:11:46,733 [INFO] PluginManager:220 - loadIPPluginJar : add tracer_emb
2025-09-23 16:11:46,737 [INFO] IPUIPlugin:80 - create IPUIPlugin
2025-09-23 16:11:46,737 [INFO] PluginManager:220 - loadIPPluginJar : add ts
2025-09-23 16:11:46,740 [INFO] IPUIPlugin:80 - create IPUIPlugin
2025-09-23 16:11:46,740 [INFO] PluginManager:220 - loadIPPluginJar : add tsc
2025-09-23 16:11:46,743 [INFO] IPUIPlugin:80 - create IPUIPlugin
2025-09-23 16:11:46,743 [INFO] PluginManager:220 - loadIPPluginJar : add ucpd
2025-09-23 16:11:46,750 [INFO] IPUIPlugin:80 - create IPUIPlugin
2025-09-23 16:11:46,750 [INFO] PluginManager:220 - loadIPPluginJar : add usart
2025-09-23 16:11:46,757 [INFO] IPUIPlugin:80 - create IPUIPlugin
2025-09-23 16:11:46,757 [INFO] PluginManager:220 - loadIPPluginJar : add usbx
2025-09-23 16:11:46,932 [FATAL] Updater:351 - Updater called before beeing initialized
2025-09-23 16:11:46,992 [INFO] RulesReader:64 - Compatibility file has been processed (302 Rules)
2025-09-23 16:11:47,010 [INFO] RulesReader:64 - Compatibility file has been processed (302 Rules)
2025-09-23 16:11:47,030 [INFO] CADModel:165 - CPN selected for project level
2025-09-23 16:11:47,030 [INFO] CADModel:114 - Register for checkConnection events
2025-09-23 16:11:47,030 [FATAL] Updater:351 - Updater called before beeing initialized
2025-09-23 16:11:47,030 [ERROR] CADModel:125 - Updater not yet initialized, retry later 
2025-09-23 16:11:47,314 [FATAL] Updater:351 - Updater called before beeing initialized
2025-09-23 16:11:47,318 [INFO] CADModel:165 - CPN selected for project level
2025-09-23 16:11:47,318 [INFO] CADModel:114 - Register for checkConnection events
2025-09-23 16:11:47,318 [FATAL] Updater:351 - Updater called before beeing initialized
2025-09-23 16:11:47,318 [ERROR] CADModel:125 - Updater not yet initialized, retry later 
2025-09-23 16:11:47,325 [FATAL] Updater:351 - Updater called before beeing initialized
2025-09-23 16:11:47,496 [FATAL] Updater:351 - Updater called before beeing initialized
2025-09-23 16:11:47,504 [INFO] DbMcusAds:53 - JSON generation date=Tue Jul 08 17:14:23 JST 2025 (1751962463582)
2025-09-23 16:11:47,504 [FATAL] Updater:351 - Updater called before beeing initialized
2025-09-23 16:11:47,558 [WARN] DetailPanel:346 - Failed to get advertising image, set to default
2025-09-23 16:11:47,878 [FATAL] Updater:351 - Updater called before beeing initialized
2025-09-23 16:11:47,883 [FATAL] Updater:351 - Updater called before beeing initialized
2025-09-23 16:11:47,884 [FATAL] Updater:351 - Updater called before beeing initialized
2025-09-23 16:11:47,884 [WARN] DetailPanel:346 - Failed to get advertising image, set to default
2025-09-23 16:11:47,885 [FATAL] Updater:351 - Updater called before beeing initialized
2025-09-23 16:11:47,954 [ERROR] Updater:1198 - MainUpdater not yet initialized. External WinMGr cannot be set.
2025-09-23 16:11:47,958 [INFO] Updater:1134 - Updater Version found : 6.14.1
2025-09-23 16:11:48,001 [INFO] ApplicationProperties:184 - Using Application install path: C:\ST\STM32CubeIDE_1.15.1\STM32CubeIDE\plugins\com.st.stm32cube.common.mx_6.14.1.202504091515
2025-09-23 16:11:48,549 [INFO] ThirdPartyUpdaterWithRetryManager:70 - Updater plugin not ready yet. [2/15]
2025-09-23 16:11:49,744 [INFO] MainUpdater:2872 - connection check result : 10
2025-09-23 16:11:49,744 [INFO] MainUpdater:3566 - Updater definition file requires update
2025-09-23 16:11:49,746 [INFO] MainUpdater:289 - Updater Check For Update Now.
2025-09-23 16:11:49,746 [INFO] MicroXplorer:498 - Change Database Version : DB.6.0.141
2025-09-23 16:11:49,758 [INFO] McuFinderGlobals:63 - Set McuFinder mode to 2 (CubeIDE integrated)
2025-09-23 16:11:49,760 [INFO] UserAuth:484 - Internet connection configuration mode: 1
2025-09-23 16:11:49,794 [INFO] JxBrowserEngine:152 - Initiate JxBrowser Engine with user profile folder
2025-09-23 16:11:49,871 [INFO] ServerAccessManage:473 - Download File updaters.zip
2025-09-23 16:11:49,969 [INFO] FileExtend:242 - Unzip File : updaters.zip
2025-09-23 16:11:49,969 [INFO] FileExtend:257 - Standard Zip Deflate
2025-09-23 16:11:50,562 [INFO] ServerAccessManage:473 - Download File PacksControlFlags.xml
2025-09-23 16:11:50,636 [INFO] ServerAccessManage:473 - Download File cubemx.pidx
2025-09-23 16:11:51,549 [WARN] MainUpdater:1193 - Updater busy. Cannot search thirdparties
2025-09-23 16:11:51,550 [INFO] ThirdPartyUpdaterWithRetryManager:96 - Updater plugin is busy. [1/15]
2025-09-23 16:11:52,356 [INFO] WebApp:169 - Instantiating new browser for Auth
2025-09-23 16:11:52,697 [INFO] LoadServerUpdatesThread:375 - End of LoadServerUpdate Thread
2025-09-23 16:11:52,896 [INFO] CheckServerUpdateThread:120 - End of CheckServer Thread
2025-09-23 16:11:52,970 [INFO] MainUpdater:2872 - connection check result : 10
2025-09-23 16:11:53,138 [INFO] McuFinderGlobals:76 - Set McuFinderConnectedMode to true
2025-09-23 16:11:53,395 [INFO] ServerAccessManage:473 - Download File mcusAds.json._tmp_
2025-09-23 16:11:53,524 [INFO] LoadUrlFilesThread:156 - End of LoadUrlFiles Thread
2025-09-23 16:11:53,710 [INFO] ServerAccessManage:473 - Download File cube-finder-db.zip
2025-09-23 16:11:54,265 [INFO] WebApp:463 - Apply proxy settings
2025-09-23 16:11:54,266 [INFO] WebApp:548 - Chromium requires no authentication
2025-09-23 16:11:54,287 [INFO] WebApp:491 - Direct internet connection detected
2025-09-23 16:11:54,341 [INFO] WebApp:894 - Register for checkConnection events
2025-09-23 16:11:54,342 [INFO] WebApp:463 - Apply proxy settings
2025-09-23 16:11:54,342 [INFO] WebApp:548 - Chromium requires no authentication
2025-09-23 16:11:54,343 [INFO] WebApp:491 - Direct internet connection detected
2025-09-23 16:11:54,551 [WARN] MainUpdater:1193 - Updater busy. Cannot search thirdparties
2025-09-23 16:11:54,551 [INFO] ThirdPartyUpdaterWithRetryManager:96 - Updater plugin is busy. [2/15]
2025-09-23 16:11:54,777 [INFO] WebApp:225 - Starting web application
2025-09-23 16:11:54,777 [INFO] WebApp:593 - Web application path used C:\ST\STM32CubeIDE_1.15.1\STM32CubeIDE\plugins\com.st.stm32cube.common.mx_6.14.1.202504091515\db\plugins\mcufinder\reactClient1\index.html
2025-09-23 16:11:55,366 [INFO] UserAuth:484 - Internet connection configuration mode: 1
2025-09-23 16:11:55,530 [INFO] FileExtend:242 - Unzip File : cube-finder-db.zip
2025-09-23 16:11:55,530 [INFO] FileExtend:257 - Standard Zip Deflate
2025-09-23 16:11:56,723 [INFO] LoadUrlFilesThread:156 - End of LoadUrlFiles Thread
2025-09-23 16:11:57,052 [INFO] WebApp:191 - Connection restablished
2025-09-23 16:11:57,553 [WARN] MainUpdater:1193 - Updater busy. Cannot search thirdparties
2025-09-23 16:11:57,554 [INFO] ThirdPartyUpdaterWithRetryManager:96 - Updater plugin is busy. [3/15]
2025-09-23 16:11:58,006 [INFO] ServerAccessManage:473 - Download File crdb.zip
2025-09-23 16:11:59,290 [INFO] FileExtend:242 - Unzip File : crdb.zip
2025-09-23 16:11:59,291 [INFO] FileExtend:257 - Standard Zip Deflate
2025-09-23 16:11:59,456 [INFO] LoadUrlFilesThread:156 - End of LoadUrlFiles Thread
2025-09-23 16:12:00,555 [WARN] MainUpdater:1193 - Updater busy. Cannot search thirdparties
2025-09-23 16:12:00,556 [INFO] ThirdPartyUpdaterWithRetryManager:96 - Updater plugin is busy. [4/15]
2025-09-23 16:12:01,014 [INFO] ServerAccessManage:473 - Download File tutoVideoDB.zip
2025-09-23 16:12:01,028 [INFO] FileExtend:242 - Unzip File : tutoVideoDB.zip
2025-09-23 16:12:01,029 [INFO] FileExtend:257 - Standard Zip Deflate
2025-09-23 16:12:01,177 [INFO] LoadUrlFilesThread:156 - End of LoadUrlFiles Thread
2025-09-23 16:12:01,188 [WARN] DbFile:41 - Overriding database path with different value: C:\Users\m-ren\.stmcufinder\plugins\mcufinder/ => C:\Users\m-ren\.stmcufinder\plugins\mcufinder
2025-09-23 16:12:01,522 [INFO] ServerAccessManage:473 - Download File api_config.json
2025-09-23 16:12:01,656 [INFO] LoadUrlFilesThread:156 - End of LoadUrlFiles Thread
2025-09-23 16:12:01,661 [INFO] DbMcusAds:53 - JSON generation date=Tue Jul 08 17:14:27 JST 2025 (1751962467633)
2025-09-23 16:12:01,718 [INFO] LoadUrlFilesThread:185 - End of LoadServerUrlFiles without Thread
2025-09-23 16:12:01,719 [INFO] TargetSelectorAdapter:259 - Refresh data is successful
2025-09-23 16:12:01,911 [INFO] ApiDb:581 - Connected to CubeFinder SQLite database (C:\Users\m-ren\.stmcufinder\plugins\mcufinder\mcu\cube-finder-db.db)
2025-09-23 16:12:02,023 [INFO] ApiDb:668 - CubeFinder database Data Model version=2.1
2025-09-23 16:12:02,023 [INFO] ApiDb:669 - CubeFinder database Configuration version=3.0.39
2025-09-23 16:12:02,023 [INFO] ApiDb:670 - CubeFinder database generation date=2025-08-25 (1756130511)
2025-09-23 16:12:02,023 [INFO] ApiDb:671 - CubeFinder database FW Pack versions=[FP-ATR-ASTRA1_V2.0.0, FP-SNS-FLIGHT1_V5.1.0, FP-SNS-MOTENV1_V5.0.0, FP-SNS-MOTENVWB1_V1.4.0, FP-SNS-SMARTAG2_V1.2.0, FP-SNS-STBOX1_V2.1.0, STM32Cube_FW_C0_V1.4.0, STM32Cube_FW_F4_V1.28.3, STM32Cube_FW_F7_V1.17.4, STM32Cube_FW_G0_V1.6.2, STM32Cube_FW_G4_V1.6.1, STM32Cube_FW_H5_V1.5.0, STM32Cube_FW_H7RS_V1.2.0, STM32Cube_FW_H7_V1.12.1, STM32Cube_FW_L0_V1.12.2, STM32Cube_FW_L4_V1.18.1, STM32Cube_FW_L5_V1.5.1, STM32Cube_FW_N6_V1.2.0, STM32Cube_FW_U0_V1.3.0, STM32Cube_FW_U3_V1.2.0, STM32Cube_FW_U5_V1.8.0, STM32Cube_FW_WB0_V1.3.0, STM32Cube_FW_WBA_V1.7.0, STM32Cube_FW_WB_V1.23.0, STM32Cube_FW_WL3_V1.2.0, STM32Cube_FW_WL_V1.3.1, X-CUBE-ALGOBUILD_V1.4.0, X-CUBE-ALS_V1.0.2, X-CUBE-AZRTOS-F4_V1.1.0, X-CUBE-AZRTOS-F7_V1.1.0, X-CUBE-AZRTOS-G0_V1.1.0, X-CUBE-AZRTOS-G4_V2.0.0, X-CUBE-AZRTOS-H7RS_V1.1.0, X-CUBE-AZRTOS-H7_V3.4.0, X-CUBE-AZRTOS-L4_V2.0.0, X-CUBE-AZRTOS-L5_V2.0.0, X-CUBE-AZRTOS-WB_V2.0.0, X-CUBE-AZRTOS-WL_V2.0.0, X-CUBE-BLE1_V7.1.0, X-CUBE-BLE2_V3.3.0, X-CUBE-BLEMGR_V4.1.0, X-CUBE-EEPRMA1_V5.2.0, X-CUBE-FREERTOS_V1.3.1, X-CUBE-GNSS1_V6.0.0, X-CUBE-MEMS1_V11.3.0, X-CUBE-NFC4_V3.0.0, X-CUBE-NFC7_V2.0.0, X-CUBE-SFXS2LP1_V4.0.0, X-CUBE-ST67W61_V1.0.0, X-CUBE-SUBG2_V5.0.0, X-CUBE-TOF1_V3.4.3]
2025-09-23 16:12:04,060 [WARN] PackLoader:240 - Cannot read IP mode file for STMicroelectronics.FP-SNS-MOTENVWB1.1.4.0
2025-09-23 16:12:04,072 [WARN] PackLoader:240 - Cannot read IP mode file for STMicroelectronics.FP-ATR-ASTRA1.2.0.2
2025-09-23 16:12:04,077 [WARN] PackLoader:240 - Cannot read IP mode file for STMicroelectronics.FP-ATR-ASTRA1.2.0.1
2025-09-23 16:12:04,094 [WARN] PackLoader:240 - Cannot read IP mode file for STMicroelectronics.X-CUBE-SMBUS.2.1.0
2025-09-23 16:12:04,108 [WARN] PackLoader:240 - Cannot read IP mode file for STMicroelectronics.X-CUBE-WB05N.1.1.0
2025-09-23 16:12:04,120 [WARN] PackLoader:240 - Cannot read IP mode file for STMicroelectronics.X-CUBE-TOUCHGFX.4.23.2
2025-09-23 16:12:04,160 [WARN] PackLoader:240 - Cannot read IP mode file for STMicroelectronics.X-CUBE-AZRTOS-F7.1.1.0
2025-09-23 16:12:04,233 [WARN] PackLoader:240 - Cannot read IP mode file for STMicroelectronics.X-CUBE-MEMS1.11.0.0
2025-09-23 16:12:04,427 [WARN] PackLoader:240 - Cannot read IP mode file for STMicroelectronics.FP-SNS-FLIGHT1.5.0.2
2025-09-23 16:12:04,457 [WARN] PackLoader:240 - Cannot read IP mode file for STMicroelectronics.X-CUBE-AZRTOS-H7.3.4.0
2025-09-23 16:12:04,474 [WARN] PackLoader:240 - Cannot read IP mode file for STMicroelectronics.X-CUBE-DISPLAY.3.0.0
2025-09-23 16:12:04,489 [WARN] PackLoader:240 - Cannot read IP mode file for STMicroelectronics.X-CUBE-BLE1.7.0.0
2025-09-23 16:12:04,496 [WARN] PackLoader:240 - Cannot read IP mode file for STMicroelectronics.X-CUBE-NFC10.1.0.0
2025-09-23 16:12:04,511 [WARN] PackLoader:240 - Cannot read IP mode file for STMicroelectronics.X-CUBE-BLEMGR.4.0.0
2025-09-23 16:12:04,524 [WARN] PackLoader:240 - Cannot read IP mode file for emotas.I-CUBE-CANOPEN.1.3.0
2025-09-23 16:12:04,536 [WARN] PackLoader:240 - Cannot read IP mode file for STMicroelectronics.X-CUBE-BLEMGR.3.1.0
2025-09-23 16:12:04,544 [WARN] PackLoader:240 - Cannot read IP mode file for STMicroelectronics.X-CUBE-AI.10.0.0
2025-09-23 16:12:04,550 [ERROR] Engine:466 - C:\Users\m-ren\.stm32cubemx\thirdparties\pdsc\STMicroelectronics.FP-SNS-STBOX1.2.1.0.pdsc: PDSC version is not supported
2025-09-23 16:12:04,558 [WARN] PackLoader:240 - Cannot read IP mode file for STMicroelectronics.FP-SNS-SMARTAG2.1.2.0
2025-09-23 16:12:04,565 [WARN] PackLoader:240 - Cannot read IP mode file for STMicroelectronics.FP-SNS-FLIGHT1.5.1.0
2025-09-23 16:12:04,616 [WARN] PackLoader:240 - Cannot read IP mode file for STMicroelectronics.X-CUBE-MEMS1.11.1.0
2025-09-23 16:12:04,778 [INFO] LogOutputStream:77 - [STDOUT_REDIRECT] 1 : Invalid condition id : UX_CORESTACK_Condition cause : null
2025-09-23 16:12:04,779 [INFO] LogOutputStream:77 - [STDOUT_REDIRECT] 1 : Invalid condition id : UX_CORESTACK_Condition cause : null
2025-09-23 16:12:04,781 [INFO] LogOutputStream:77 - [STDOUT_REDIRECT] 1 : Invalid condition id : UX_CORESTACK_Condition cause : null
2025-09-23 16:12:04,783 [INFO] LogOutputStream:77 - [STDOUT_REDIRECT] 1 : Invalid condition id : UX_CORESTACK_Condition cause : null
2025-09-23 16:12:04,785 [INFO] LogOutputStream:77 - [STDOUT_REDIRECT] 1 : Invalid condition id : UX_CORESTACK_Condition cause : null
2025-09-23 16:12:04,789 [WARN] PackLoader:240 - Cannot read IP mode file for STMicroelectronics.X-CUBE-AZRTOS-WL.2.0.0
2025-09-23 16:12:04,796 [WARN] PackLoader:240 - Cannot read IP mode file for STMicroelectronics.FP-SNS-MOTENV1.5.0.0
2025-09-23 16:12:04,804 [WARN] PackLoader:240 - Cannot read IP mode file for wolfSSL.I-CUBE-wolfMQTT.1.19.0
2025-09-23 16:12:04,814 [WARN] PackLoader:240 - Cannot read IP mode file for WES.I-CUBE-Cesium.1.3.0
2025-09-23 16:12:04,822 [WARN] PackLoader:240 - Cannot read IP mode file for STMicroelectronics.X-CUBE-BLE2.3.3.0
2025-09-23 16:12:04,834 [WARN] PackLoader:240 - Cannot read IP mode file for STMicroelectronics.X-CUBE-NFC9.1.0.0
2025-09-23 16:12:04,840 [WARN] PackLoader:240 - Cannot read IP mode file for STMicroelectronics.X-CUBE-BLE1.7.1.0
2025-09-23 16:12:04,850 [WARN] PackLoader:240 - Cannot read IP mode file for STMicroelectronics.X-CUBE-TCPP.4.1.0
2025-09-23 16:12:04,860 [WARN] PackLoader:240 - Cannot read IP mode file for STMicroelectronics.X-CUBE-EEPRMA1.5.2.0
2025-09-23 16:12:04,868 [WARN] PackLoader:240 - Cannot read IP mode file for STMicroelectronics.X-CUBE-AI.10.1.0
2025-09-23 16:12:04,914 [WARN] PackLoader:240 - Cannot read IP mode file for STMicroelectronics.X-CUBE-MEMS1.11.2.0
2025-09-23 16:12:05,029 [WARN] PackLoader:240 - Cannot read IP mode file for STMicroelectronics.X-CUBE-AZRTOS-G0.1.1.0
2025-09-23 16:12:05,039 [WARN] PackLoader:240 - Cannot read IP mode file for STMicroelectronics.X-CUBE-SAFEA1.1.2.2
2025-09-23 16:12:05,048 [WARN] PackLoader:240 - Cannot read IP mode file for STMicroelectronics.X-CUBE-NFC4.3.0.0
2025-09-23 16:12:05,063 [WARN] PackLoader:240 - Cannot read IP mode file for EmbeddedOffice.I-CUBE-FS-RTOS.1.0.1
2025-09-23 16:12:05,071 [WARN] PackLoader:240 - Cannot read IP mode file for STMicroelectronics.X-CUBE-WB05N.2.0.0
2025-09-23 16:12:05,078 [WARN] PackLoader:240 - Cannot read IP mode file for STMicroelectronics.X-CUBE-TCPP.4.2.0
2025-09-23 16:12:05,088 [WARN] PackLoader:240 - Cannot read IP mode file for RealThread.X-CUBE-RT-Thread_Nano.4.1.1
2025-09-23 16:12:05,094 [WARN] PackLoader:240 - Cannot read IP mode file for wolfSSL.I-CUBE-wolfSSL.5.7.0
2025-09-23 16:12:05,101 [WARN] PackLoader:240 - Cannot read IP mode file for STMicroelectronics.FP-ATR-SIGFOX1.3.2.0
2025-09-23 16:12:05,109 [WARN] ConditionMgr:438 - getConditionDescription Invalid condition id : Cortex-A Device cause : null
2025-09-23 16:12:05,127 [WARN] ConditionMgr:1044 - genDependencies : Invalid condition id : Cortex-A Device cause : null
2025-09-23 16:12:05,127 [WARN] ConditionMgr:1044 - genDependencies : Invalid condition id : Cortex-A Device cause : null
2025-09-23 16:12:05,127 [WARN] ConditionMgr:1044 - genDependencies : Invalid condition id : Cortex-A Device cause : null
2025-09-23 16:12:05,135 [WARN] PackLoader:240 - Cannot read IP mode file for STMicroelectronics.X-CUBE-EEPRMA1.5.1.0
2025-09-23 16:12:05,146 [WARN] PackLoader:240 - Cannot read IP mode file for ITTIA_DB.I-CUBE-ITTIADB.8.9.0
2025-09-23 16:12:05,159 [WARN] PackLoader:240 - Cannot read IP mode file for STMicroelectronics.X-CUBE-ST67W61.1.0.0
2025-09-23 16:12:05,167 [WARN] PackLoader:240 - Cannot read IP mode file for STMicroelectronics.X-CUBE-AI.10.2.0
2025-09-23 16:12:05,192 [WARN] PackLoader:240 - Cannot read IP mode file for SEGGER.I-CUBE-embOS.1.3.1
2025-09-23 16:12:05,243 [WARN] PackLoader:240 - Cannot read IP mode file for STMicroelectronics.X-CUBE-ALGOBUILD.1.4.0
2025-09-23 16:12:05,279 [WARN] PackLoader:240 - Cannot read IP mode file for STMicroelectronics.X-CUBE-MEMS1.11.3.0
2025-09-23 16:12:05,421 [WARN] PackLoader:240 - Cannot read IP mode file for STMicroelectronics.X-CUBE-AI.9.1.0
2025-09-23 16:12:05,428 [WARN] PackLoader:240 - Cannot read IP mode file for STMicroelectronics.X-CUBE-PM33A1.1.0.0
2025-09-23 16:12:05,437 [WARN] PackLoader:240 - Cannot read IP mode file for STMicroelectronics.X-CUBE-GNSS1.6.0.0
2025-09-23 16:12:05,452 [WARN] PackLoader:240 - Cannot read IP mode file for STMicroelectronics.X-CUBE-AZRTOS-F4.1.1.0
2025-09-23 16:12:05,460 [WARN] PackLoader:240 - Cannot read IP mode file for Avnet-IotConnect.X-CUBE-IoTC-DA16k-PMOD.1.0.0
2025-09-23 16:12:05,467 [WARN] PackLoader:240 - Cannot read IP mode file for STMicroelectronics.X-CUBE-ISPU.2.1.0
2025-09-23 16:12:05,474 [WARN] PackLoader:240 - Cannot read IP mode file for STMicroelectronics.X-CUBE-FREERTOS.1.2.0
2025-09-23 16:12:05,484 [WARN] PackLoader:240 - Cannot read IP mode file for STMicroelectronics.X-CUBE-NFC12.1.0.0
2025-09-23 16:12:05,495 [INFO] ApiDb:240 - Found 895 in-development CPN: [B-G473E-ZEST1S, B-WB1M-WPAN1, B-WBA5M-WPAN, B-WL5M-SUBG1, NUCLEO-C031C6, NUCLEO-C051C8, NUCLEO-C071RB, NUCLEO-C092RC, NUCLEO-H503RB, NUCLEO-H533RE, NUCLEO-H563ZI, NUCLEO-H7S3L8, NUCLEO-N657X0-Q, NUCLEO-U031R8, NUCLEO-U083RC, NUCLEO-U385RG-Q, NUCLEO-U545RE-Q, NUCLEO-U5A5ZJ-Q, NUCLEO-WB05KZ, NUCLEO-WB07CC, NUCLEO-WB09KE, NUCLEO-WBA52CG, NUCLEO-WBA55CG, NUCLEO-WBA65RI, NUCLEO-WL33CC1, NUCLEO-WL33CC2, STEVAL-PROTEUS1, STEVAL-SMARTAG2, STEVAL-STWINBX1, STM320518-EVAL, STM32C0116-DK, STM32C011D6Y3TR, STM32C011D6Y6TR, STM32C011F4P3, STM32C011F4P6, STM32C011F4U3, STM32C011F4U6TR, STM32C011F6P3, STM32C011F6P6, STM32C011F6U3, STM32C011F6U6TR, STM32C011J4M3, STM32C011J4M6, STM32C011J6M3, STM32C011J6M6, STM32C0316-DK, STM32C031C4T3, STM32C031C4T6, STM32C031C4U3, STM32C031C4U6, STM32C031C6T3, STM32C031C6T6, STM32C031C6U3, STM32C031C6U6, STM32C031F4P3, STM32C031F4P6, STM32C031F6P3, STM32C031F6P6, STM32C031G4U3, STM32C031G4U6, STM32C031G6U3, STM32C031G6U6, STM32C031K4T3, STM32C031K4T6, STM32C031K4U3, STM32C031K4U6, STM32C031K6T3, STM32C031K6T6, STM32C031K6U3, STM32C031K6U6, STM32C051C6T6, STM32C051C6U6, STM32C051C8T6, STM32C051C8U6, STM32C051D8Y6TR, STM32C051F6P6, STM32C051F8P6, STM32C051G6U6, STM32C051G8U6, STM32C051K6T6, STM32C051K6U6, STM32C051K8T6, STM32C071C8T6, STM32C071C8T6N, STM32C071C8U6, STM32C071C8U6N, STM32C071CBT6, STM32C071CBT6N, STM32C071CBU6, STM32C071CBU6N, STM32C071F8P6, STM32C071F8P6N, STM32C071FBP6, STM32C071FBP6N, STM32C071FBY6TR, STM32C071G8U6, STM32C071G8U6N, STM32C071GBU6, STM32C071GBU6N, STM32C071K8T6, STM32C071K8T6N, STM32C071K8U6, STM32C071K8U6N, STM32C071KBT6, STM32C071KBT6N, STM32C071KBU6, STM32C071KBU6N, STM32C071R8T6, STM32C071R8T6N, STM32C071RBI6N, STM32C071RBT6, STM32C071RBT6N, STM32C091CBT6, STM32C091CBU6, STM32C091CCT6, STM32C091CCU6, STM32C091ECY6TR, STM32C091FBP6, STM32C091FCP6, STM32C091GBU6, STM32C091GCU6, STM32C091KBT6, STM32C091KBU6, STM32C091KCT6, STM32C091KCU6, STM32C091RBT6, STM32C091RCI6, STM32C091RCT6, STM32C092CBT6, STM32C092CBU6, STM32C092CCT6, STM32C092CCU6, STM32C092ECY6TR, STM32C092FBP6, STM32C092FCP6, STM32C092GBU6, STM32C092GCU6, STM32C092KBT6, STM32C092KBU6, STM32C092KCT6, STM32C092KCU6, STM32C092RBT6, STM32C092RCI6, STM32C092RCT6, STM32G071K8TXN, STM32G071K8UXN, STM32G081GBU6N, STM32G081KBT6N, STM32G081KBUXN, STM32G0B1CCT6N, STM32G0B1KCT6, STM32G0B1NEY6TR, STM32G0B1RCT6N, STM32G0C1CCT6, STM32G0C1CCT6N, STM32G0C1CCU6N, STM32G0C1CET6N, STM32G0C1CEU6N, STM32G0C1KCT6, STM32G0C1NEY6TR, STM32G0C1RCI6N, STM32G0C1RCT6N, STM32G0C1REI6N, STM32G0C1RET6N, STM32G0C1VCI6, STM32G0C1VEI6, STM32G411C6T3, STM32G411C6T6, STM32G411C6U3, STM32G411C6U6, STM32G411C8T3, STM32G411C8T6, STM32G411C8U3, STM32G411C8U6, STM32G411CBT3, STM32G411CBT6, STM32G411CBU3, STM32G411CBU6, STM32G411CCT3, STM32G411CCT6, STM32G411CCU3, STM32G411CCU6, STM32G411K6T3, STM32G411K6T6, STM32G411K6U3, STM32G411K6U6, STM32G411K8T3, STM32G411K8T6, STM32G411K8U3, STM32G411K8U6, STM32G411KBT3, STM32G411KBT6, STM32G411KBU3, STM32G411KBU6, STM32G411M6T3, STM32G411M6T6, STM32G411M8T3, STM32G411M8T6, STM32G411MBT3, STM32G411MBT6, STM32G411MCT3, STM32G411MCT6, STM32G411R6T3, STM32G411R6T6, STM32G411R8T3, STM32G411R8T6, STM32G411RBT3, STM32G411RBT6, STM32G411RCT3, STM32G411RCT6, STM32G414CBT3, STM32G414CBT6, STM32G414CBU3, STM32G414CBU6, STM32G414CCT3, STM32G414CCT6, STM32G414CCU3, STM32G414CCU6, STM32G414MBT3, STM32G414MBT6, STM32G414MCT3, STM32G414MCT6, STM32G414RBT3, STM32G414RBT6, STM32G414RCT3, STM32G414RCT6, STM32G414VBT3, STM32G414VBT6, STM32G414VCT3, STM32G414VCT6, STM32G431CBT3Z, STM32G431RBT3Z, STM32G471CCT6, STM32G471CCU6, STM32G471CET3, STM32G471CET6, STM32G471CEU3, STM32G471CEU6, STM32G471MCT6, STM32G471MET3, STM32G471MET6, STM32G471MEY6TR, STM32G471QCT6, STM32G471QET3, STM32G471RCT6, STM32G471RET3, STM32G471RET6, STM32G471VCH6, STM32G471VCI6, STM32G471VCT6, STM32G471VEH3, STM32G471VEH6, STM32G471VEI3, STM32G471VEI6, STM32G471VET3, STM32G471VET6, STM32G473QET3Z, STM32G473RET3Z, STM32G474CCT6, STM32G491RET3Z, STM32H503CBT6, STM32H503CBU6, STM32H503EBY6TR, STM32H503KBU6, STM32H503RBT6, STM32H523CCT6, STM32H523CCU6, STM32H523CET6, STM32H523CEU6, STM32H523HEY6TR, STM32H523RCT6, STM32H523RET6, STM32H523VCI6, STM32H523VCT6, STM32H523VEI6, STM32H523VET6, STM32H523ZCJ6, STM32H523ZCT6, STM32H523ZEJ6, STM32H523ZET6, STM32H533CET6, STM32H533CEU6, STM32H533HEY6TR, STM32H533RET6, STM32H533VEI6, STM32H533VET6, STM32H533ZEJ6, STM32H533ZET6, STM32H562AGI6, STM32H562AII6, STM32H562IGK6, STM32H562IGT6, STM32H562IIK6, STM32H562IIT6, STM32H562RGT6, STM32H562RGV6, STM32H562RIT6, STM32H562RIV6, STM32H562VGT6, STM32H562VIT6, STM32H562ZGT6, STM32H562ZIT6, STM32H563AGI6, STM32H563AII3Q, STM32H563AII6, STM32H563IGK6, STM32H563IGT6, STM32H563IIK3Q, STM32H563IIK6, STM32H563IIT3Q, STM32H563IIT6, STM32H563MIY3QTR, STM32H563RGT6, STM32H563RGV6, STM32H563RIT6, STM32H563RIV6, STM32H563VGT6, STM32H563VIT3Q, STM32H563VIT6, STM32H563ZGT6, STM32H563ZIT3Q, STM32H563ZIT6, STM32H573AII3Q, STM32H573AII6, STM32H573I-DK, STM32H573IIK3Q, STM32H573IIK6, STM32H573IIT3Q, STM32H573IIT6, STM32H573MIY3QTR, STM32H573RIT6, STM32H573RIV6, STM32H573VIT3Q, STM32H573VIT6, STM32H573ZIT3Q, STM32H573ZIT6, STM32H7R3A8I6, STM32H7R3I8K6, STM32H7R3I8T6, STM32H7R3L8H6, STM32H7R3L8H6H, STM32H7R3R8V6, STM32H7R3V8H6, STM32H7R3V8T6, STM32H7R3V8Y6TR, STM32H7R3Z8J6, STM32H7R3Z8T6, STM32H7R7A8I6, STM32H7R7I8K6, STM32H7R7I8T6, STM32H7R7L8H6, STM32H7R7L8H6H, STM32H7R7Z8J6, STM32H7S3A8I6, STM32H7S3I8K6, STM32H7S3I8T6, STM32H7S3L8H6, STM32H7S3L8H6H, STM32H7S3R8V6, STM32H7S3V8H6, STM32H7S3V8T6, STM32H7S3V8Y6TR, STM32H7S3Z8J6, STM32H7S3Z8T6, STM32H7S78-DK, STM32H7S7A8I6, STM32H7S7I8K6, STM32H7S7I8T6, STM32H7S7L8H6, STM32H7S7L8H6H, STM32H7S7Z8J6, STM32L4R5QGI6STR, STM32MP131AAE3, STM32MP131AAF3, STM32MP131AAG3, STM32MP131CAE3, STM32MP131CAF3, STM32MP131CAG3, STM32MP131DAE7, STM32MP131DAF7, STM32MP131DAG7, STM32MP131FAE7, STM32MP131FAF7, STM32MP131FAG7, STM32MP133AAE3, STM32MP133AAF3, STM32MP133AAG3, STM32MP133CAE3, STM32MP133CAF3, STM32MP133CAG3, STM32MP133DAE7, STM32MP133DAF7, STM32MP133DAG7, STM32MP133FAE7, STM32MP133FAF7, STM32MP133FAG7, STM32MP135AAE3, STM32MP135AAF3, STM32MP135AAG3, STM32MP135CAE3, STM32MP135CAF3, STM32MP135CAG3, STM32MP135DAE7, STM32MP135DAF7, STM32MP135DAG7, STM32MP135F-DK, STM32MP135FAE7, STM32MP135FAF7, STM32MP135FAF7T, STM32MP135FAF7U, STM32MP135FAG7, STM32MP231AAJ3, STM32MP231AAK3, STM32MP231AAL3, STM32MP231CAJ3, STM32MP231CAK3, STM32MP231CAL3, STM32MP231DAJ3, STM32MP231DAK3, STM32MP231DAL3, STM32MP231FAJ3, STM32MP231FAK3, STM32MP231FAL3, STM32MP233AAJ3, STM32MP233AAK3, STM32MP233AAL3, STM32MP233CAJ3, STM32MP233CAK3, STM32MP233CAL3, STM32MP233DAJ3, STM32MP233DAK3, STM32MP233DAL3, STM32MP233FAJ3, STM32MP233FAK3, STM32MP233FAL3, STM32MP235AAJ3, STM32MP235AAK3, STM32MP235AAL3, STM32MP235CAJ3, STM32MP235CAK3, STM32MP235CAL3, STM32MP235DAJ3, STM32MP235DAK3, STM32MP235DAL3, STM32MP235FAJ3, STM32MP235FAK3, STM32MP235FAL3, STM32MP251AAI3, STM32MP251AAJ3, STM32MP251AAK3, STM32MP251AAL3, STM32MP251CAI3, STM32MP251CAJ3, STM32MP251CAK3, STM32MP251CAL3, STM32MP251DAI3, STM32MP251DAJ3, STM32MP251DAK3, STM32MP251DAL3, STM32MP251FAI3, STM32MP251FAJ3, STM32MP251FAK3, STM32MP251FAL3, STM32MP253AAI3, STM32MP253AAJ3, STM32MP253AAK3, STM32MP253AAL3, STM32MP253CAI3, STM32MP253CAJ3, STM32MP253CAK3, STM32MP253CAL3, STM32MP253DAI3, STM32MP253DAJ3, STM32MP253DAK3, STM32MP253DAL3, STM32MP253FAI3, STM32MP253FAJ3, STM32MP253FAK3, STM32MP253FAL3, STM32MP255AAI3, STM32MP255AAJ3, STM32MP255AAK3, STM32MP255AAL3, STM32MP255CAI3, STM32MP255CAJ3, STM32MP255CAK3, STM32MP255CAL3, STM32MP255DAI3, STM32MP255DAJ3, STM32MP255DAK3, STM32MP255DAL3, STM32MP255FAI3, STM32MP255FAJ3, STM32MP255FAK3, STM32MP255FAL3, STM32MP257AAI3, STM32MP257AAJ3, STM32MP257AAK3, STM32MP257AAL3, STM32MP257CAI3, STM32MP257CAJ3, STM32MP257CAK3, STM32MP257CAL3, STM32MP257DAI3, STM32MP257DAJ3, STM32MP257DAK3, STM32MP257DAL3, STM32MP257F-DK, STM32MP257F-EV1, STM32MP257FAI3, STM32MP257FAJ3, STM32MP257FAK3, STM32MP257FAL3, STM32N645A0H3Q, STM32N645B0H3Q, STM32N645I0H3Q, STM32N645L0H3Q, STM32N645X0H3Q, STM32N645Z0H3Q, STM32N647A0H3Q, STM32N647B0H3Q, STM32N647I0H3Q, STM32N647L0H3Q, STM32N647X0H3Q, STM32N647Z0H3Q, STM32N655A0H3Q, STM32N655B0H3Q, STM32N655I0H3Q, STM32N655L0H3Q, STM32N655X0H3Q, STM32N655Z0H3Q, STM32N6570-DK, STM32N657A0H3Q, STM32N657B0H3Q, STM32N657I0H3Q, STM32N657L0H3Q, STM32N657X0H3Q, STM32N657Z0H3Q, STM32U031C6T6, STM32U031C6U6, STM32U031C8T6, STM32U031C8U6, STM32U031F4P6, STM32U031F6P6, STM32U031F8P6, STM32U031G6Y6TR, STM32U031G8Y6TR, STM32U031K4U6, STM32U031K6U6, STM32U031K8U6, STM32U031R6I6, STM32U031R6T6, STM32U031R8I6, STM32U031R8T6, STM32U073C8T6, STM32U073C8U6, STM32U073CBT6, STM32U073CBU6, STM32U073CCT6, STM32U073CCU6, STM32U073H8Y6TR, STM32U073HBY6TR, STM32U073HCY6TR, STM32U073K8U6, STM32U073KBU6, STM32U073KCU6, STM32U073M8I6, STM32U073M8T6, STM32U073MBI6, STM32U073MBT6, STM32U073MCI6, STM32U073MCT6, STM32U073R8I6, STM32U073R8T6, STM32U073RBI6, STM32U073RBT6, STM32U073RCI6, STM32U073RCT6, STM32U083C-DK, STM32U083CCT6, STM32U083CCU6, STM32U083HCY6TR, STM32U083KCU6, STM32U083MCI6, STM32U083MCT6, STM32U083RCI6, STM32U083RCT6, STM32U375CET6, STM32U375CET6Q, STM32U375CEU6, STM32U375CEU6Q, STM32U375CEY6QTR, STM32U375CGT6, STM32U375CGT6Q, STM32U375CGU6, STM32U375CGU6Q, STM32U375CGY6QTR, STM32U375KEU6, STM32U375KGU6, STM32U375REI6, STM32U375REI6Q, STM32U375RET6, STM32U375RET6Q, STM32U375REY6GTR, STM32U375REY6QTR, STM32U375RGI6, STM32U375RGI6Q, STM32U375RGT6, STM32U375RGT6Q, STM32U375RGY6GTR, STM32U375RGY6QTR, STM32U375VEI6, STM32U375VEI6Q, STM32U375VET6, STM32U375VET6Q, STM32U375VGI6, STM32U375VGI6Q, STM32U375VGT6, STM32U375VGT6Q, STM32U385CGT6, STM32U385CGT6Q, STM32U385CGU6, STM32U385CGU6Q, STM32U385CGY6QTR, STM32U385KGU6, STM32U385RGI6, STM32U385RGI6Q, STM32U385RGT6, STM32U385RGT6Q, STM32U385RGY6GTR, STM32U385RGY6QTR, STM32U385VGI6, STM32U385VGI6Q, STM32U385VGT6, STM32U385VGT6Q, STM32U535CBT6, STM32U535CBT6Q, STM32U535CBU6, STM32U535CBU6Q, STM32U535CCT6, STM32U535CCT6Q, STM32U535CCU6, STM32U535CCU6Q, STM32U535CET6, STM32U535CET6Q, STM32U535CEU6, STM32U535CEU6Q, STM32U535JEY6QTR, STM32U535NCY6QTR, STM32U535NEY6QTR, STM32U535RBI6, STM32U535RBI6Q, STM32U535RBT6, STM32U535RBT6Q, STM32U535RCI6, STM32U535RCI6Q, STM32U535RCT6, STM32U535RCT6Q, STM32U535REI6, STM32U535REI6Q, STM32U535RET6, STM32U535RET6Q, STM32U535VCI6, STM32U535VCI6Q, STM32U535VCT6, STM32U535VCT6Q, STM32U535VEI6, STM32U535VEI6Q, STM32U535VET6, STM32U535VET6Q, STM32U545CET6, STM32U545CET6Q, STM32U545CEU6, STM32U545CEU6Q, STM32U545JEY6QTR, STM32U545NEY6QTR, STM32U545REI6, STM32U545REI6Q, STM32U545RET6, STM32U545RET6Q, STM32U545VEI6, STM32U545VEI6Q, STM32U545VET6, STM32U545VET6Q, STM32U595AIH6, STM32U595AIH6Q, STM32U595AJH6, STM32U595AJH6Q, STM32U595QII6, STM32U595QII6Q, STM32U595QJI6, STM32U595QJI6Q, STM32U595RIT6, STM32U595RIT6Q, STM32U595RJT6, STM32U595RJT6Q, STM32U595VIT6, STM32U595VIT6Q, STM32U595VJT6, STM32U595VJT6Q, STM32U595ZIT6, STM32U595ZIT6Q, STM32U595ZIY6QTR, STM32U595ZJT6, STM32U595ZJT6Q, STM32U595ZJY6QTR, STM32U599BJY6QTR, STM32U599NIH6Q, STM32U599NJH6Q, STM32U599VIT6Q, STM32U599VJT6, STM32U599VJT6Q, STM32U599ZIT6Q, STM32U599ZIY6QTR, STM32U599ZJT6Q, STM32U599ZJY6QTR, STM32U5A5AJH6, STM32U5A5AJH6Q, STM32U5A5QII3Q , STM32U5A5QJI6, STM32U5A5QJI6Q, STM32U5A5RJT6, STM32U5A5RJT6Q, STM32U5A5VJT6, STM32U5A5VJT6Q, STM32U5A5ZJT6, STM32U5A5ZJT6Q, STM32U5A5ZJY6QTR, STM32U5A9BJY6QTR, STM32U5A9J-DK, STM32U5A9NJH6Q, STM32U5A9VJT6Q, STM32U5A9ZJT6Q, STM32U5A9ZJY6QTR, STM32U5F7VIT6, STM32U5F7VIT6Q, STM32U5F7VJT6, STM32U5F7VJT6Q, STM32U5F9BJY6QTR, STM32U5F9NJH6Q, STM32U5F9VIT6Q, STM32U5F9VJT6Q, STM32U5F9ZIJ6QTR, STM32U5F9ZIT6Q, STM32U5F9ZJJ6QTR, STM32U5F9ZJT6Q, STM32U5G7VJT6, STM32U5G7VJT6Q, STM32U5G9BJY6QTR, STM32U5G9J-DK1, STM32U5G9J-DK2, STM32U5G9NJH6Q, STM32U5G9VJT6Q, STM32U5G9ZJJ6QTR, STM32U5G9ZJT6Q, STM32WB05KZV6TR, STM32WB05KZV7TR, STM32WB05TZF6TR, STM32WB05TZF7TR, STM32WB06CCF6TR, STM32WB06CCF7TR, STM32WB06CCV6TR, STM32WB06CCV7TR, STM32WB06KCV6TR, STM32WB06KCV7TR, STM32WB07CCF6TR, STM32WB07CCF7TR, STM32WB07CCV6TR, STM32WB07CCV7TR, STM32WB07KCV6TR, STM32WB07KCV7TR, STM32WB09KEV6TR, STM32WB09KEV7TR, STM32WB09TEF6TR, STM32WB09TEF7TR, STM32WB1MMCH6, STM32WBA50KGU6, STM32WBA50KGU6TR, STM32WBA52CEU6, STM32WBA52CEU6TR, STM32WBA52CEU7, STM32WBA52CEU7TR, STM32WBA52CGU6, STM32WBA52CGU6TR, STM32WBA52CGU6U, STM32WBA52CGU7, STM32WBA52CGU7TR, STM32WBA52KEU6, STM32WBA52KEU6TR, STM32WBA52KGU6, STM32WBA52KGU6TR, STM32WBA54CEU6, STM32WBA54CEU6TR, STM32WBA54CEU7, STM32WBA54CEU7TR, STM32WBA54CGU6, STM32WBA54CGU6TR, STM32WBA54CGU7, STM32WBA54CGU7TR, STM32WBA54KEU6, STM32WBA54KEU6TR, STM32WBA54KEU7, STM32WBA54KEU7TR, STM32WBA54KGU6, STM32WBA54KGU6TR, STM32WBA54KGU7, STM32WBA54KGU7TR, STM32WBA55CEU6, STM32WBA55CEU6TR, STM32WBA55CEU7, STM32WBA55CEU7TR, STM32WBA55CGU6, STM32WBA55CGU6TR, STM32WBA55CGU6U, STM32WBA55CGU7, STM32WBA55CGU7TR, STM32WBA55G-DK1, STM32WBA55HEF6, STM32WBA55HEF7, STM32WBA55HGF6, STM32WBA55HGF7, STM32WBA55UEI6, STM32WBA55UEI6TR, STM32WBA55UEI7, STM32WBA55UEI7TR, STM32WBA55UGI6, STM32WBA55UGI6TR, STM32WBA55UGI7, STM32WBA55UGI7TR, STM32WBA5MJGH6TR, STM32WBA62CGU6, STM32WBA62CIU6, STM32WBA62MGF6, STM32WBA62MIF6, STM32WBA62PGI6, STM32WBA62PII6, STM32WBA63CGU6, STM32WBA63CGU7, STM32WBA63CIU6, STM32WBA63CIU7, STM32WBA64CGU6, STM32WBA64CGU7, STM32WBA64CIU6, STM32WBA64CIU7, STM32WBA65CGU6, STM32WBA65CGU7, STM32WBA65CIU6, STM32WBA65CIU7, STM32WBA65I-DK1, STM32WBA65MGF6, STM32WBA65MGF7, STM32WBA65MIF6, STM32WBA65MIF7, STM32WBA65PGI6, STM32WBA65PGI7, STM32WBA65PII6, STM32WBA65PII7, STM32WBA65RGV6, STM32WBA65RGV7, STM32WBA65RIV6, STM32WBA65RIV7, STM32WL30K8V6, STM32WL30KBV6, STM32WL31C8V6, STM32WL31CBV6, STM32WL31K8V6, STM32WL31KBV6, STM32WL33C8V6, STM32WL33C8V6TR, STM32WL33C8V7, STM32WL33C8V7TR, STM32WL33CBV6, STM32WL33CBV6TR, STM32WL33CBV7, STM32WL33CBV7TR, STM32WL33CCV6, STM32WL33CCV6TR, STM32WL33CCV7, STM32WL33CCV7A, STM32WL33CCV7ATR, STM32WL33CCV7TR, STM32WL33K8V6, STM32WL33K8V6TR, STM32WL33K8V7, STM32WL33K8V7TR, STM32WL33KBV6, STM32WL33KBV6TR, STM32WL33KBV7, STM32WL33KBV7TR, STM32WL33KCV6, STM32WL33KCV6TR, STM32WL33KCV7, STM32WL33KCV7TR, STM32WL5MOCH6, STM32WL5MOCH6TR]
2025-09-23 16:12:05,506 [WARN] PackLoader:240 - Cannot read IP mode file for STMicroelectronics.X-CUBE-AZRTOS-L5.2.0.0
2025-09-23 16:12:05,510 [INFO] DbMcus:218 - Found 4747 MCUs, 4747 are supported
2025-09-23 16:12:05,512 [INFO] ApiDb:423 - Load user favorites file C:\Users\m-ren/.stm32cubeide/favorites.mcus.txt: 3 item(s)
2025-09-23 16:12:05,513 [INFO] ApiDb:427 - User favorites MCUs=[STM32F303K8T6, STM32F446RET6, STM32G431KBT6]
2025-09-23 16:12:05,513 [INFO] DbMcus:224 - Set 3 / 3 favorites MCUs
2025-09-23 16:12:05,519 [WARN] PackLoader:240 - Cannot read IP mode file for STMicroelectronics.X-CUBE-NFC6.3.1.0
2025-09-23 16:12:05,528 [WARN] PackLoader:240 - Cannot read IP mode file for STMicroelectronics.X-CUBE-DPower.1.2.0
2025-09-23 16:12:05,534 [WARN] PackLoader:240 - Cannot read IP mode file for STMicroelectronics.X-CUBE-AI.9.0.0
2025-09-23 16:12:05,548 [WARN] PackLoader:240 - Cannot read IP mode file for STMicroelectronics.X-CUBE-FREERTOS.1.3.1
2025-09-23 16:12:05,652 [WARN] PackLoader:240 - Cannot read IP mode file for STMicroelectronics.X-CUBE-FREERTOS.1.3.0
2025-09-23 16:12:05,660 [WARN] PackLoader:240 - Cannot read IP mode file for STMicroelectronics.X-CUBE-NFC7.1.0.1
2025-09-23 16:12:05,668 [WARN] PackLoader:240 - Cannot read IP mode file for wolfSSL.I-CUBE-wolfTPM.3.2.0
2025-09-23 16:12:05,676 [WARN] PackLoader:240 - Cannot read IP mode file for STMicroelectronics.FP-SNS-STAIOTCFT.1.0.0
2025-09-23 16:12:05,684 [WARN] PackLoader:240 - Cannot read IP mode file for STMicroelectronics.X-CUBE-DPower.1.3.0
2025-09-23 16:12:05,704 [WARN] ConditionMgr:438 - getConditionDescription Invalid condition id : LAN8742 Phy interface Condition cause : null
2025-09-23 16:12:05,705 [WARN] PackLoader:240 - Cannot read IP mode file for STMicroelectronics.X-CUBE-AZRTOS-L4.2.0.0
2025-09-23 16:12:05,706 [WARN] ConditionMgr:1044 - genDependencies : Invalid condition id : LAN8742 Phy interface Condition cause : null
2025-09-23 16:12:05,706 [WARN] ConditionMgr:1044 - genDependencies : Invalid condition id : LAN8742 Phy interface Condition cause : null
2025-09-23 16:12:05,706 [WARN] ConditionMgr:1044 - genDependencies : Invalid condition id : LAN8742 Phy interface Condition cause : null
2025-09-23 16:12:05,720 [WARN] PackLoader:240 - Cannot read IP mode file for STMicroelectronics.X-CUBE-SFXS2LP1.4.0.0
2025-09-23 16:12:05,740 [WARN] PackLoader:240 - Cannot read IP mode file for STMicroelectronics.X-CUBE-AZRTOS-H7.3.3.0
2025-09-23 16:12:05,755 [WARN] PackLoader:240 - Cannot read IP mode file for STMicroelectronics.X-CUBE-BLEMGR.4.1.0
2025-09-23 16:12:05,769 [WARN] PackLoader:240 - Cannot read IP mode file for STMicroelectronics.X-CUBE-IPS.3.0.0
2025-09-23 16:12:05,786 [WARN] ConditionMgr:438 - getConditionDescription Invalid condition id : UX DEVICE CLASS RTOS Condition cause : null
2025-09-23 16:12:05,786 [WARN] ConditionMgr:438 - getConditionDescription Invalid condition id : UX DEVICE CLASS RTOS Condition cause : null
2025-09-23 16:12:05,795 [WARN] PackLoader:240 - Cannot read IP mode file for STMicroelectronics.X-CUBE-AZRTOS-WB.2.0.0
2025-09-23 16:12:05,796 [WARN] ConditionMgr:1044 - genDependencies : Invalid condition id : UX DEVICE CLASS RTOS Condition cause : null
2025-09-23 16:12:05,796 [WARN] ConditionMgr:1044 - genDependencies : Invalid condition id : UX DEVICE CLASS RTOS Condition cause : null
2025-09-23 16:12:05,797 [WARN] ConditionMgr:1044 - genDependencies : Invalid condition id : UX DEVICE CLASS RTOS Condition cause : null
2025-09-23 16:12:05,799 [WARN] ConditionMgr:1044 - genDependencies : Invalid condition id : UX DEVICE CLASS RTOS Condition cause : null
2025-09-23 16:12:05,799 [WARN] ConditionMgr:1044 - genDependencies : Invalid condition id : UX DEVICE CLASS RTOS Condition cause : null
2025-09-23 16:12:05,809 [WARN] PackLoader:240 - Cannot read IP mode file for STMicroelectronics.X-CUBE-GNSS1.7.0.0
2025-09-23 16:12:05,819 [WARN] PackLoader:240 - Cannot read IP mode file for STMicroelectronics.X-CUBE-GNSS1.7.0.1
2025-09-23 16:12:05,825 [WARN] PackLoader:240 - Cannot read IP mode file for STMicroelectronics.X-CUBE-TOUCHGFX.4.25.0
2025-09-23 16:12:05,836 [WARN] PackLoader:240 - Cannot read IP mode file for STMicroelectronics.FP-SNS-STBOX1.2.0.0
2025-09-23 16:12:05,854 [WARN] PackLoader:240 - Cannot read IP mode file for STMicroelectronics.X-CUBE-SUBG2.5.0.0
2025-09-23 16:12:05,916 [WARN] PackLoader:240 - Cannot read IP mode file for STMicroelectronics.X-CUBE-AZRTOS-H7RS.1.1.0
2025-09-23 16:12:05,930 [WARN] PackLoader:240 - Cannot read IP mode file for Cesanta.I-CUBE-Mongoose.7.13.0
2025-09-23 16:12:05,952 [WARN] PackLoader:240 - Cannot read IP mode file for STMicroelectronics.X-CUBE-AZRTOS-G4.2.0.0
2025-09-23 16:12:05,962 [WARN] PackLoader:240 - Cannot read IP mode file for STMicroelectronics.X-CUBE-NFC7.2.0.0
2025-09-23 16:12:05,970 [WARN] PackLoader:240 - Cannot read IP mode file for STMicroelectronics.X-CUBE-ISPU.2.0.0
2025-09-23 16:12:05,983 [WARN] PackLoader:240 - Cannot read IP mode file for STMicroelectronics.X-CUBE-IPS.3.1.0
2025-09-23 16:12:05,992 [WARN] PackLoader:240 - Cannot read IP mode file for STMicroelectronics.X-CUBE-ALS.1.0.2
2025-09-23 16:12:06,030 [WARN] PackLoader:240 - Cannot read IP mode file for STMicroelectronics.X-CUBE-MEMS1.10.0.0
2025-09-23 16:12:06,109 [WARN] PackLoader:240 - Cannot read IP mode file for STMicroelectronics.X-CUBE-TOUCHGFX.4.24.0
2025-09-23 16:12:06,116 [WARN] PackLoader:240 - Cannot read IP mode file for STMicroelectronics.X-CUBE-TOUCHGFX.4.24.2
2025-09-23 16:12:06,122 [WARN] PackLoader:240 - Cannot read IP mode file for STMicroelectronics.X-CUBE-TOUCHGFX.4.24.1
2025-09-23 16:12:06,131 [WARN] PackLoader:240 - Cannot read IP mode file for STMicroelectronics.X-CUBE-STSE01.1.0.0
2025-09-23 16:12:06,141 [WARN] PackLoader:240 - Cannot read IP mode file for portGmbH.I-Cube-SoM-uGOAL.1.1.0
2025-09-23 16:12:06,160 [WARN] PackLoader:240 - Cannot read IP mode file for STMicroelectronics.X-CUBE-AZRTOS-H7RS.1.0.0
2025-09-23 16:12:06,169 [WARN] PackLoader:240 - Cannot read IP mode file for STMicroelectronics.FP-ATR-ASTRA1.2.0.0
2025-09-23 16:12:06,184 [WARN] PackLoader:240 - Cannot read IP mode file for STMicroelectronics.X-CUBE-TOF1.3.4.2
2025-09-23 16:12:06,205 [WARN] PackLoader:240 - Cannot read IP mode file for STMicroelectronics.X-CUBE-TOF1.3.4.3
2025-09-23 16:12:06,226 [WARN] PackLoader:240 - Cannot read IP mode file for STMicroelectronics.X-CUBE-TOF1.3.4.1
2025-09-23 16:12:06,252 [WARN] PackLoader:240 - Cannot read IP mode file for STMicroelectronics.X-CUBE-AZRTOS-H7.3.2.0
2025-09-23 16:12:06,268 [WARN] PackLoader:240 - Cannot read IP mode file for Infineon.AIROC-Wi-Fi-Bluetooth-STM32.1.6.0
2025-09-23 16:12:06,278 [WARN] PackLoader:240 - Cannot read IP mode file for wolfSSL.I-CUBE-wolfSSH.1.4.17
2025-09-23 16:12:06,280 [INFO] ThirdParty:978 - Integrity check success = true
2025-09-23 16:12:06,280 [INFO] IntegrityCheckThread:100 - exiting critical section [integrity check]
2025-09-23 16:12:06,281 [INFO] IntegrityCheckThread:103 - End integrity checks thread
2025-09-23 16:12:06,568 [INFO] ApiDb:668 - CubeFinder database Data Model version=2.1
2025-09-23 16:12:06,568 [INFO] ApiDb:669 - CubeFinder database Configuration version=3.0.39
2025-09-23 16:12:06,568 [INFO] ApiDb:670 - CubeFinder database generation date=2025-08-25 (1756130511)
2025-09-23 16:12:06,568 [INFO] ApiDb:671 - CubeFinder database FW Pack versions=[FP-ATR-ASTRA1_V2.0.0, FP-SNS-FLIGHT1_V5.1.0, FP-SNS-MOTENV1_V5.0.0, FP-SNS-MOTENVWB1_V1.4.0, FP-SNS-SMARTAG2_V1.2.0, FP-SNS-STBOX1_V2.1.0, STM32Cube_FW_C0_V1.4.0, STM32Cube_FW_F4_V1.28.3, STM32Cube_FW_F7_V1.17.4, STM32Cube_FW_G0_V1.6.2, STM32Cube_FW_G4_V1.6.1, STM32Cube_FW_H5_V1.5.0, STM32Cube_FW_H7RS_V1.2.0, STM32Cube_FW_H7_V1.12.1, STM32Cube_FW_L0_V1.12.2, STM32Cube_FW_L4_V1.18.1, STM32Cube_FW_L5_V1.5.1, STM32Cube_FW_N6_V1.2.0, STM32Cube_FW_U0_V1.3.0, STM32Cube_FW_U3_V1.2.0, STM32Cube_FW_U5_V1.8.0, STM32Cube_FW_WB0_V1.3.0, STM32Cube_FW_WBA_V1.7.0, STM32Cube_FW_WB_V1.23.0, STM32Cube_FW_WL3_V1.2.0, STM32Cube_FW_WL_V1.3.1, X-CUBE-ALGOBUILD_V1.4.0, X-CUBE-ALS_V1.0.2, X-CUBE-AZRTOS-F4_V1.1.0, X-CUBE-AZRTOS-F7_V1.1.0, X-CUBE-AZRTOS-G0_V1.1.0, X-CUBE-AZRTOS-G4_V2.0.0, X-CUBE-AZRTOS-H7RS_V1.1.0, X-CUBE-AZRTOS-H7_V3.4.0, X-CUBE-AZRTOS-L4_V2.0.0, X-CUBE-AZRTOS-L5_V2.0.0, X-CUBE-AZRTOS-WB_V2.0.0, X-CUBE-AZRTOS-WL_V2.0.0, X-CUBE-BLE1_V7.1.0, X-CUBE-BLE2_V3.3.0, X-CUBE-BLEMGR_V4.1.0, X-CUBE-EEPRMA1_V5.2.0, X-CUBE-FREERTOS_V1.3.1, X-CUBE-GNSS1_V6.0.0, X-CUBE-MEMS1_V11.3.0, X-CUBE-NFC4_V3.0.0, X-CUBE-NFC7_V2.0.0, X-CUBE-SFXS2LP1_V4.0.0, X-CUBE-ST67W61_V1.0.0, X-CUBE-SUBG2_V5.0.0, X-CUBE-TOF1_V3.4.3]
2025-09-23 16:12:06,654 [INFO] DbBoardsSqlite:226 - include board P-NUCLEO-WB55-NUCLEO as a kit item of type 'Nucleo-64'
2025-09-23 16:12:06,655 [INFO] DbBoardsSqlite:226 - include board P-NUCLEO-WB55-USBDONGLE as a kit item of type 'Nucleo USB Dongle'
2025-09-23 16:12:06,655 [INFO] DbBoardsSqlite:226 - include board STEVAL-IDP005V1 as a kit item of type 'Evaluation Board'
2025-09-23 16:12:06,655 [INFO] DbBoardsSqlite:226 - include board STEVAL-IDP005V2 as a kit item of type 'Evaluation Board'
2025-09-23 16:12:06,777 [INFO] ApiDb:240 - Found 895 in-development CPN: [B-G473E-ZEST1S, B-WB1M-WPAN1, B-WBA5M-WPAN, B-WL5M-SUBG1, NUCLEO-C031C6, NUCLEO-C051C8, NUCLEO-C071RB, NUCLEO-C092RC, NUCLEO-H503RB, NUCLEO-H533RE, NUCLEO-H563ZI, NUCLEO-H7S3L8, NUCLEO-N657X0-Q, NUCLEO-U031R8, NUCLEO-U083RC, NUCLEO-U385RG-Q, NUCLEO-U545RE-Q, NUCLEO-U5A5ZJ-Q, NUCLEO-WB05KZ, NUCLEO-WB07CC, NUCLEO-WB09KE, NUCLEO-WBA52CG, NUCLEO-WBA55CG, NUCLEO-WBA65RI, NUCLEO-WL33CC1, NUCLEO-WL33CC2, STEVAL-PROTEUS1, STEVAL-SMARTAG2, STEVAL-STWINBX1, STM320518-EVAL, STM32C0116-DK, STM32C011D6Y3TR, STM32C011D6Y6TR, STM32C011F4P3, STM32C011F4P6, STM32C011F4U3, STM32C011F4U6TR, STM32C011F6P3, STM32C011F6P6, STM32C011F6U3, STM32C011F6U6TR, STM32C011J4M3, STM32C011J4M6, STM32C011J6M3, STM32C011J6M6, STM32C0316-DK, STM32C031C4T3, STM32C031C4T6, STM32C031C4U3, STM32C031C4U6, STM32C031C6T3, STM32C031C6T6, STM32C031C6U3, STM32C031C6U6, STM32C031F4P3, STM32C031F4P6, STM32C031F6P3, STM32C031F6P6, STM32C031G4U3, STM32C031G4U6, STM32C031G6U3, STM32C031G6U6, STM32C031K4T3, STM32C031K4T6, STM32C031K4U3, STM32C031K4U6, STM32C031K6T3, STM32C031K6T6, STM32C031K6U3, STM32C031K6U6, STM32C051C6T6, STM32C051C6U6, STM32C051C8T6, STM32C051C8U6, STM32C051D8Y6TR, STM32C051F6P6, STM32C051F8P6, STM32C051G6U6, STM32C051G8U6, STM32C051K6T6, STM32C051K6U6, STM32C051K8T6, STM32C071C8T6, STM32C071C8T6N, STM32C071C8U6, STM32C071C8U6N, STM32C071CBT6, STM32C071CBT6N, STM32C071CBU6, STM32C071CBU6N, STM32C071F8P6, STM32C071F8P6N, STM32C071FBP6, STM32C071FBP6N, STM32C071FBY6TR, STM32C071G8U6, STM32C071G8U6N, STM32C071GBU6, STM32C071GBU6N, STM32C071K8T6, STM32C071K8T6N, STM32C071K8U6, STM32C071K8U6N, STM32C071KBT6, STM32C071KBT6N, STM32C071KBU6, STM32C071KBU6N, STM32C071R8T6, STM32C071R8T6N, STM32C071RBI6N, STM32C071RBT6, STM32C071RBT6N, STM32C091CBT6, STM32C091CBU6, STM32C091CCT6, STM32C091CCU6, STM32C091ECY6TR, STM32C091FBP6, STM32C091FCP6, STM32C091GBU6, STM32C091GCU6, STM32C091KBT6, STM32C091KBU6, STM32C091KCT6, STM32C091KCU6, STM32C091RBT6, STM32C091RCI6, STM32C091RCT6, STM32C092CBT6, STM32C092CBU6, STM32C092CCT6, STM32C092CCU6, STM32C092ECY6TR, STM32C092FBP6, STM32C092FCP6, STM32C092GBU6, STM32C092GCU6, STM32C092KBT6, STM32C092KBU6, STM32C092KCT6, STM32C092KCU6, STM32C092RBT6, STM32C092RCI6, STM32C092RCT6, STM32G071K8TXN, STM32G071K8UXN, STM32G081GBU6N, STM32G081KBT6N, STM32G081KBUXN, STM32G0B1CCT6N, STM32G0B1KCT6, STM32G0B1NEY6TR, STM32G0B1RCT6N, STM32G0C1CCT6, STM32G0C1CCT6N, STM32G0C1CCU6N, STM32G0C1CET6N, STM32G0C1CEU6N, STM32G0C1KCT6, STM32G0C1NEY6TR, STM32G0C1RCI6N, STM32G0C1RCT6N, STM32G0C1REI6N, STM32G0C1RET6N, STM32G0C1VCI6, STM32G0C1VEI6, STM32G411C6T3, STM32G411C6T6, STM32G411C6U3, STM32G411C6U6, STM32G411C8T3, STM32G411C8T6, STM32G411C8U3, STM32G411C8U6, STM32G411CBT3, STM32G411CBT6, STM32G411CBU3, STM32G411CBU6, STM32G411CCT3, STM32G411CCT6, STM32G411CCU3, STM32G411CCU6, STM32G411K6T3, STM32G411K6T6, STM32G411K6U3, STM32G411K6U6, STM32G411K8T3, STM32G411K8T6, STM32G411K8U3, STM32G411K8U6, STM32G411KBT3, STM32G411KBT6, STM32G411KBU3, STM32G411KBU6, STM32G411M6T3, STM32G411M6T6, STM32G411M8T3, STM32G411M8T6, STM32G411MBT3, STM32G411MBT6, STM32G411MCT3, STM32G411MCT6, STM32G411R6T3, STM32G411R6T6, STM32G411R8T3, STM32G411R8T6, STM32G411RBT3, STM32G411RBT6, STM32G411RCT3, STM32G411RCT6, STM32G414CBT3, STM32G414CBT6, STM32G414CBU3, STM32G414CBU6, STM32G414CCT3, STM32G414CCT6, STM32G414CCU3, STM32G414CCU6, STM32G414MBT3, STM32G414MBT6, STM32G414MCT3, STM32G414MCT6, STM32G414RBT3, STM32G414RBT6, STM32G414RCT3, STM32G414RCT6, STM32G414VBT3, STM32G414VBT6, STM32G414VCT3, STM32G414VCT6, STM32G431CBT3Z, STM32G431RBT3Z, STM32G471CCT6, STM32G471CCU6, STM32G471CET3, STM32G471CET6, STM32G471CEU3, STM32G471CEU6, STM32G471MCT6, STM32G471MET3, STM32G471MET6, STM32G471MEY6TR, STM32G471QCT6, STM32G471QET3, STM32G471RCT6, STM32G471RET3, STM32G471RET6, STM32G471VCH6, STM32G471VCI6, STM32G471VCT6, STM32G471VEH3, STM32G471VEH6, STM32G471VEI3, STM32G471VEI6, STM32G471VET3, STM32G471VET6, STM32G473QET3Z, STM32G473RET3Z, STM32G474CCT6, STM32G491RET3Z, STM32H503CBT6, STM32H503CBU6, STM32H503EBY6TR, STM32H503KBU6, STM32H503RBT6, STM32H523CCT6, STM32H523CCU6, STM32H523CET6, STM32H523CEU6, STM32H523HEY6TR, STM32H523RCT6, STM32H523RET6, STM32H523VCI6, STM32H523VCT6, STM32H523VEI6, STM32H523VET6, STM32H523ZCJ6, STM32H523ZCT6, STM32H523ZEJ6, STM32H523ZET6, STM32H533CET6, STM32H533CEU6, STM32H533HEY6TR, STM32H533RET6, STM32H533VEI6, STM32H533VET6, STM32H533ZEJ6, STM32H533ZET6, STM32H562AGI6, STM32H562AII6, STM32H562IGK6, STM32H562IGT6, STM32H562IIK6, STM32H562IIT6, STM32H562RGT6, STM32H562RGV6, STM32H562RIT6, STM32H562RIV6, STM32H562VGT6, STM32H562VIT6, STM32H562ZGT6, STM32H562ZIT6, STM32H563AGI6, STM32H563AII3Q, STM32H563AII6, STM32H563IGK6, STM32H563IGT6, STM32H563IIK3Q, STM32H563IIK6, STM32H563IIT3Q, STM32H563IIT6, STM32H563MIY3QTR, STM32H563RGT6, STM32H563RGV6, STM32H563RIT6, STM32H563RIV6, STM32H563VGT6, STM32H563VIT3Q, STM32H563VIT6, STM32H563ZGT6, STM32H563ZIT3Q, STM32H563ZIT6, STM32H573AII3Q, STM32H573AII6, STM32H573I-DK, STM32H573IIK3Q, STM32H573IIK6, STM32H573IIT3Q, STM32H573IIT6, STM32H573MIY3QTR, STM32H573RIT6, STM32H573RIV6, STM32H573VIT3Q, STM32H573VIT6, STM32H573ZIT3Q, STM32H573ZIT6, STM32H7R3A8I6, STM32H7R3I8K6, STM32H7R3I8T6, STM32H7R3L8H6, STM32H7R3L8H6H, STM32H7R3R8V6, STM32H7R3V8H6, STM32H7R3V8T6, STM32H7R3V8Y6TR, STM32H7R3Z8J6, STM32H7R3Z8T6, STM32H7R7A8I6, STM32H7R7I8K6, STM32H7R7I8T6, STM32H7R7L8H6, STM32H7R7L8H6H, STM32H7R7Z8J6, STM32H7S3A8I6, STM32H7S3I8K6, STM32H7S3I8T6, STM32H7S3L8H6, STM32H7S3L8H6H, STM32H7S3R8V6, STM32H7S3V8H6, STM32H7S3V8T6, STM32H7S3V8Y6TR, STM32H7S3Z8J6, STM32H7S3Z8T6, STM32H7S78-DK, STM32H7S7A8I6, STM32H7S7I8K6, STM32H7S7I8T6, STM32H7S7L8H6, STM32H7S7L8H6H, STM32H7S7Z8J6, STM32L4R5QGI6STR, STM32MP131AAE3, STM32MP131AAF3, STM32MP131AAG3, STM32MP131CAE3, STM32MP131CAF3, STM32MP131CAG3, STM32MP131DAE7, STM32MP131DAF7, STM32MP131DAG7, STM32MP131FAE7, STM32MP131FAF7, STM32MP131FAG7, STM32MP133AAE3, STM32MP133AAF3, STM32MP133AAG3, STM32MP133CAE3, STM32MP133CAF3, STM32MP133CAG3, STM32MP133DAE7, STM32MP133DAF7, STM32MP133DAG7, STM32MP133FAE7, STM32MP133FAF7, STM32MP133FAG7, STM32MP135AAE3, STM32MP135AAF3, STM32MP135AAG3, STM32MP135CAE3, STM32MP135CAF3, STM32MP135CAG3, STM32MP135DAE7, STM32MP135DAF7, STM32MP135DAG7, STM32MP135F-DK, STM32MP135FAE7, STM32MP135FAF7, STM32MP135FAF7T, STM32MP135FAF7U, STM32MP135FAG7, STM32MP231AAJ3, STM32MP231AAK3, STM32MP231AAL3, STM32MP231CAJ3, STM32MP231CAK3, STM32MP231CAL3, STM32MP231DAJ3, STM32MP231DAK3, STM32MP231DAL3, STM32MP231FAJ3, STM32MP231FAK3, STM32MP231FAL3, STM32MP233AAJ3, STM32MP233AAK3, STM32MP233AAL3, STM32MP233CAJ3, STM32MP233CAK3, STM32MP233CAL3, STM32MP233DAJ3, STM32MP233DAK3, STM32MP233DAL3, STM32MP233FAJ3, STM32MP233FAK3, STM32MP233FAL3, STM32MP235AAJ3, STM32MP235AAK3, STM32MP235AAL3, STM32MP235CAJ3, STM32MP235CAK3, STM32MP235CAL3, STM32MP235DAJ3, STM32MP235DAK3, STM32MP235DAL3, STM32MP235FAJ3, STM32MP235FAK3, STM32MP235FAL3, STM32MP251AAI3, STM32MP251AAJ3, STM32MP251AAK3, STM32MP251AAL3, STM32MP251CAI3, STM32MP251CAJ3, STM32MP251CAK3, STM32MP251CAL3, STM32MP251DAI3, STM32MP251DAJ3, STM32MP251DAK3, STM32MP251DAL3, STM32MP251FAI3, STM32MP251FAJ3, STM32MP251FAK3, STM32MP251FAL3, STM32MP253AAI3, STM32MP253AAJ3, STM32MP253AAK3, STM32MP253AAL3, STM32MP253CAI3, STM32MP253CAJ3, STM32MP253CAK3, STM32MP253CAL3, STM32MP253DAI3, STM32MP253DAJ3, STM32MP253DAK3, STM32MP253DAL3, STM32MP253FAI3, STM32MP253FAJ3, STM32MP253FAK3, STM32MP253FAL3, STM32MP255AAI3, STM32MP255AAJ3, STM32MP255AAK3, STM32MP255AAL3, STM32MP255CAI3, STM32MP255CAJ3, STM32MP255CAK3, STM32MP255CAL3, STM32MP255DAI3, STM32MP255DAJ3, STM32MP255DAK3, STM32MP255DAL3, STM32MP255FAI3, STM32MP255FAJ3, STM32MP255FAK3, STM32MP255FAL3, STM32MP257AAI3, STM32MP257AAJ3, STM32MP257AAK3, STM32MP257AAL3, STM32MP257CAI3, STM32MP257CAJ3, STM32MP257CAK3, STM32MP257CAL3, STM32MP257DAI3, STM32MP257DAJ3, STM32MP257DAK3, STM32MP257DAL3, STM32MP257F-DK, STM32MP257F-EV1, STM32MP257FAI3, STM32MP257FAJ3, STM32MP257FAK3, STM32MP257FAL3, STM32N645A0H3Q, STM32N645B0H3Q, STM32N645I0H3Q, STM32N645L0H3Q, STM32N645X0H3Q, STM32N645Z0H3Q, STM32N647A0H3Q, STM32N647B0H3Q, STM32N647I0H3Q, STM32N647L0H3Q, STM32N647X0H3Q, STM32N647Z0H3Q, STM32N655A0H3Q, STM32N655B0H3Q, STM32N655I0H3Q, STM32N655L0H3Q, STM32N655X0H3Q, STM32N655Z0H3Q, STM32N6570-DK, STM32N657A0H3Q, STM32N657B0H3Q, STM32N657I0H3Q, STM32N657L0H3Q, STM32N657X0H3Q, STM32N657Z0H3Q, STM32U031C6T6, STM32U031C6U6, STM32U031C8T6, STM32U031C8U6, STM32U031F4P6, STM32U031F6P6, STM32U031F8P6, STM32U031G6Y6TR, STM32U031G8Y6TR, STM32U031K4U6, STM32U031K6U6, STM32U031K8U6, STM32U031R6I6, STM32U031R6T6, STM32U031R8I6, STM32U031R8T6, STM32U073C8T6, STM32U073C8U6, STM32U073CBT6, STM32U073CBU6, STM32U073CCT6, STM32U073CCU6, STM32U073H8Y6TR, STM32U073HBY6TR, STM32U073HCY6TR, STM32U073K8U6, STM32U073KBU6, STM32U073KCU6, STM32U073M8I6, STM32U073M8T6, STM32U073MBI6, STM32U073MBT6, STM32U073MCI6, STM32U073MCT6, STM32U073R8I6, STM32U073R8T6, STM32U073RBI6, STM32U073RBT6, STM32U073RCI6, STM32U073RCT6, STM32U083C-DK, STM32U083CCT6, STM32U083CCU6, STM32U083HCY6TR, STM32U083KCU6, STM32U083MCI6, STM32U083MCT6, STM32U083RCI6, STM32U083RCT6, STM32U375CET6, STM32U375CET6Q, STM32U375CEU6, STM32U375CEU6Q, STM32U375CEY6QTR, STM32U375CGT6, STM32U375CGT6Q, STM32U375CGU6, STM32U375CGU6Q, STM32U375CGY6QTR, STM32U375KEU6, STM32U375KGU6, STM32U375REI6, STM32U375REI6Q, STM32U375RET6, STM32U375RET6Q, STM32U375REY6GTR, STM32U375REY6QTR, STM32U375RGI6, STM32U375RGI6Q, STM32U375RGT6, STM32U375RGT6Q, STM32U375RGY6GTR, STM32U375RGY6QTR, STM32U375VEI6, STM32U375VEI6Q, STM32U375VET6, STM32U375VET6Q, STM32U375VGI6, STM32U375VGI6Q, STM32U375VGT6, STM32U375VGT6Q, STM32U385CGT6, STM32U385CGT6Q, STM32U385CGU6, STM32U385CGU6Q, STM32U385CGY6QTR, STM32U385KGU6, STM32U385RGI6, STM32U385RGI6Q, STM32U385RGT6, STM32U385RGT6Q, STM32U385RGY6GTR, STM32U385RGY6QTR, STM32U385VGI6, STM32U385VGI6Q, STM32U385VGT6, STM32U385VGT6Q, STM32U535CBT6, STM32U535CBT6Q, STM32U535CBU6, STM32U535CBU6Q, STM32U535CCT6, STM32U535CCT6Q, STM32U535CCU6, STM32U535CCU6Q, STM32U535CET6, STM32U535CET6Q, STM32U535CEU6, STM32U535CEU6Q, STM32U535JEY6QTR, STM32U535NCY6QTR, STM32U535NEY6QTR, STM32U535RBI6, STM32U535RBI6Q, STM32U535RBT6, STM32U535RBT6Q, STM32U535RCI6, STM32U535RCI6Q, STM32U535RCT6, STM32U535RCT6Q, STM32U535REI6, STM32U535REI6Q, STM32U535RET6, STM32U535RET6Q, STM32U535VCI6, STM32U535VCI6Q, STM32U535VCT6, STM32U535VCT6Q, STM32U535VEI6, STM32U535VEI6Q, STM32U535VET6, STM32U535VET6Q, STM32U545CET6, STM32U545CET6Q, STM32U545CEU6, STM32U545CEU6Q, STM32U545JEY6QTR, STM32U545NEY6QTR, STM32U545REI6, STM32U545REI6Q, STM32U545RET6, STM32U545RET6Q, STM32U545VEI6, STM32U545VEI6Q, STM32U545VET6, STM32U545VET6Q, STM32U595AIH6, STM32U595AIH6Q, STM32U595AJH6, STM32U595AJH6Q, STM32U595QII6, STM32U595QII6Q, STM32U595QJI6, STM32U595QJI6Q, STM32U595RIT6, STM32U595RIT6Q, STM32U595RJT6, STM32U595RJT6Q, STM32U595VIT6, STM32U595VIT6Q, STM32U595VJT6, STM32U595VJT6Q, STM32U595ZIT6, STM32U595ZIT6Q, STM32U595ZIY6QTR, STM32U595ZJT6, STM32U595ZJT6Q, STM32U595ZJY6QTR, STM32U599BJY6QTR, STM32U599NIH6Q, STM32U599NJH6Q, STM32U599VIT6Q, STM32U599VJT6, STM32U599VJT6Q, STM32U599ZIT6Q, STM32U599ZIY6QTR, STM32U599ZJT6Q, STM32U599ZJY6QTR, STM32U5A5AJH6, STM32U5A5AJH6Q, STM32U5A5QII3Q , STM32U5A5QJI6, STM32U5A5QJI6Q, STM32U5A5RJT6, STM32U5A5RJT6Q, STM32U5A5VJT6, STM32U5A5VJT6Q, STM32U5A5ZJT6, STM32U5A5ZJT6Q, STM32U5A5ZJY6QTR, STM32U5A9BJY6QTR, STM32U5A9J-DK, STM32U5A9NJH6Q, STM32U5A9VJT6Q, STM32U5A9ZJT6Q, STM32U5A9ZJY6QTR, STM32U5F7VIT6, STM32U5F7VIT6Q, STM32U5F7VJT6, STM32U5F7VJT6Q, STM32U5F9BJY6QTR, STM32U5F9NJH6Q, STM32U5F9VIT6Q, STM32U5F9VJT6Q, STM32U5F9ZIJ6QTR, STM32U5F9ZIT6Q, STM32U5F9ZJJ6QTR, STM32U5F9ZJT6Q, STM32U5G7VJT6, STM32U5G7VJT6Q, STM32U5G9BJY6QTR, STM32U5G9J-DK1, STM32U5G9J-DK2, STM32U5G9NJH6Q, STM32U5G9VJT6Q, STM32U5G9ZJJ6QTR, STM32U5G9ZJT6Q, STM32WB05KZV6TR, STM32WB05KZV7TR, STM32WB05TZF6TR, STM32WB05TZF7TR, STM32WB06CCF6TR, STM32WB06CCF7TR, STM32WB06CCV6TR, STM32WB06CCV7TR, STM32WB06KCV6TR, STM32WB06KCV7TR, STM32WB07CCF6TR, STM32WB07CCF7TR, STM32WB07CCV6TR, STM32WB07CCV7TR, STM32WB07KCV6TR, STM32WB07KCV7TR, STM32WB09KEV6TR, STM32WB09KEV7TR, STM32WB09TEF6TR, STM32WB09TEF7TR, STM32WB1MMCH6, STM32WBA50KGU6, STM32WBA50KGU6TR, STM32WBA52CEU6, STM32WBA52CEU6TR, STM32WBA52CEU7, STM32WBA52CEU7TR, STM32WBA52CGU6, STM32WBA52CGU6TR, STM32WBA52CGU6U, STM32WBA52CGU7, STM32WBA52CGU7TR, STM32WBA52KEU6, STM32WBA52KEU6TR, STM32WBA52KGU6, STM32WBA52KGU6TR, STM32WBA54CEU6, STM32WBA54CEU6TR, STM32WBA54CEU7, STM32WBA54CEU7TR, STM32WBA54CGU6, STM32WBA54CGU6TR, STM32WBA54CGU7, STM32WBA54CGU7TR, STM32WBA54KEU6, STM32WBA54KEU6TR, STM32WBA54KEU7, STM32WBA54KEU7TR, STM32WBA54KGU6, STM32WBA54KGU6TR, STM32WBA54KGU7, STM32WBA54KGU7TR, STM32WBA55CEU6, STM32WBA55CEU6TR, STM32WBA55CEU7, STM32WBA55CEU7TR, STM32WBA55CGU6, STM32WBA55CGU6TR, STM32WBA55CGU6U, STM32WBA55CGU7, STM32WBA55CGU7TR, STM32WBA55G-DK1, STM32WBA55HEF6, STM32WBA55HEF7, STM32WBA55HGF6, STM32WBA55HGF7, STM32WBA55UEI6, STM32WBA55UEI6TR, STM32WBA55UEI7, STM32WBA55UEI7TR, STM32WBA55UGI6, STM32WBA55UGI6TR, STM32WBA55UGI7, STM32WBA55UGI7TR, STM32WBA5MJGH6TR, STM32WBA62CGU6, STM32WBA62CIU6, STM32WBA62MGF6, STM32WBA62MIF6, STM32WBA62PGI6, STM32WBA62PII6, STM32WBA63CGU6, STM32WBA63CGU7, STM32WBA63CIU6, STM32WBA63CIU7, STM32WBA64CGU6, STM32WBA64CGU7, STM32WBA64CIU6, STM32WBA64CIU7, STM32WBA65CGU6, STM32WBA65CGU7, STM32WBA65CIU6, STM32WBA65CIU7, STM32WBA65I-DK1, STM32WBA65MGF6, STM32WBA65MGF7, STM32WBA65MIF6, STM32WBA65MIF7, STM32WBA65PGI6, STM32WBA65PGI7, STM32WBA65PII6, STM32WBA65PII7, STM32WBA65RGV6, STM32WBA65RGV7, STM32WBA65RIV6, STM32WBA65RIV7, STM32WL30K8V6, STM32WL30KBV6, STM32WL31C8V6, STM32WL31CBV6, STM32WL31K8V6, STM32WL31KBV6, STM32WL33C8V6, STM32WL33C8V6TR, STM32WL33C8V7, STM32WL33C8V7TR, STM32WL33CBV6, STM32WL33CBV6TR, STM32WL33CBV7, STM32WL33CBV7TR, STM32WL33CCV6, STM32WL33CCV6TR, STM32WL33CCV7, STM32WL33CCV7A, STM32WL33CCV7ATR, STM32WL33CCV7TR, STM32WL33K8V6, STM32WL33K8V6TR, STM32WL33K8V7, STM32WL33K8V7TR, STM32WL33KBV6, STM32WL33KBV6TR, STM32WL33KBV7, STM32WL33KBV7TR, STM32WL33KCV6, STM32WL33KCV6TR, STM32WL33KCV7, STM32WL33KCV7TR, STM32WL5MOCH6, STM32WL5MOCH6TR]
2025-09-23 16:12:07,170 [INFO] BoardInfo:889 - No configuration file found for board P-NUCLEO-WB55
2025-09-23 16:12:07,172 [INFO] DbBoards:161 - Kit is not supported: P-NUCLEO-WB55
2025-09-23 16:12:07,186 [INFO] BoardInfo:889 - No configuration file found for board STEVAL-BFA001V1B
2025-09-23 16:12:07,188 [INFO] DbBoards:161 - Kit is not supported: STEVAL-BFA001V1B
2025-09-23 16:12:07,189 [INFO] BoardInfo:889 - No configuration file found for board STEVAL-BFA001V2B
2025-09-23 16:12:07,192 [INFO] DbBoards:161 - Kit is not supported: STEVAL-BFA001V2B
2025-09-23 16:12:07,556 [INFO] DbBoards:168 - Found 211 boards, 208 are supported
2025-09-23 16:12:07,556 [INFO] DbBoards:169 - Found 211 boards, 43 of them is supported for  Bsp
2025-09-23 16:12:07,559 [INFO] ApiDb:423 - Load user favorites file C:\Users\m-ren/.stm32cubeide/favorites.boards.txt: 5 item(s)
2025-09-23 16:12:07,559 [INFO] ApiDb:427 - User favorites Boards=[NUCLEO-F303K8, NUCLEO-F446RE, NUCLEO-F767ZI, NUCLEO-G431KB, NUCLEO-H563ZI]
2025-09-23 16:12:07,561 [INFO] DbBoards:198 - Set 5 / 5 favorites Boards
2025-09-23 16:12:07,570 [INFO] ApiDb:668 - CubeFinder database Data Model version=2.1
2025-09-23 16:12:07,570 [INFO] ApiDb:669 - CubeFinder database Configuration version=3.0.39
2025-09-23 16:12:07,570 [INFO] ApiDb:670 - CubeFinder database generation date=2025-08-25 (1756130511)
2025-09-23 16:12:07,570 [INFO] ApiDb:671 - CubeFinder database FW Pack versions=[FP-ATR-ASTRA1_V2.0.0, FP-SNS-FLIGHT1_V5.1.0, FP-SNS-MOTENV1_V5.0.0, FP-SNS-MOTENVWB1_V1.4.0, FP-SNS-SMARTAG2_V1.2.0, FP-SNS-STBOX1_V2.1.0, STM32Cube_FW_C0_V1.4.0, STM32Cube_FW_F4_V1.28.3, STM32Cube_FW_F7_V1.17.4, STM32Cube_FW_G0_V1.6.2, STM32Cube_FW_G4_V1.6.1, STM32Cube_FW_H5_V1.5.0, STM32Cube_FW_H7RS_V1.2.0, STM32Cube_FW_H7_V1.12.1, STM32Cube_FW_L0_V1.12.2, STM32Cube_FW_L4_V1.18.1, STM32Cube_FW_L5_V1.5.1, STM32Cube_FW_N6_V1.2.0, STM32Cube_FW_U0_V1.3.0, STM32Cube_FW_U3_V1.2.0, STM32Cube_FW_U5_V1.8.0, STM32Cube_FW_WB0_V1.3.0, STM32Cube_FW_WBA_V1.7.0, STM32Cube_FW_WB_V1.23.0, STM32Cube_FW_WL3_V1.2.0, STM32Cube_FW_WL_V1.3.1, X-CUBE-ALGOBUILD_V1.4.0, X-CUBE-ALS_V1.0.2, X-CUBE-AZRTOS-F4_V1.1.0, X-CUBE-AZRTOS-F7_V1.1.0, X-CUBE-AZRTOS-G0_V1.1.0, X-CUBE-AZRTOS-G4_V2.0.0, X-CUBE-AZRTOS-H7RS_V1.1.0, X-CUBE-AZRTOS-H7_V3.4.0, X-CUBE-AZRTOS-L4_V2.0.0, X-CUBE-AZRTOS-L5_V2.0.0, X-CUBE-AZRTOS-WB_V2.0.0, X-CUBE-AZRTOS-WL_V2.0.0, X-CUBE-BLE1_V7.1.0, X-CUBE-BLE2_V3.3.0, X-CUBE-BLEMGR_V4.1.0, X-CUBE-EEPRMA1_V5.2.0, X-CUBE-FREERTOS_V1.3.1, X-CUBE-GNSS1_V6.0.0, X-CUBE-MEMS1_V11.3.0, X-CUBE-NFC4_V3.0.0, X-CUBE-NFC7_V2.0.0, X-CUBE-SFXS2LP1_V4.0.0, X-CUBE-ST67W61_V1.0.0, X-CUBE-SUBG2_V5.0.0, X-CUBE-TOF1_V3.4.3]
2025-09-23 16:12:08,477 [ERROR] DbExamplesSqlite:437 - Missing JSON key: board_cpn
2025-09-23 16:12:08,477 [ERROR] DbExamplesSqlite:437 - Missing JSON key: board_cpn
2025-09-23 16:12:08,477 [ERROR] DbExamplesSqlite:437 - Missing JSON key: board_cpn
2025-09-23 16:12:08,477 [ERROR] DbExamplesSqlite:437 - Missing JSON key: board_cpn
2025-09-23 16:12:08,993 [ERROR] DbExamplesSqlite:437 - Missing JSON key: board_cpn
2025-09-23 16:12:08,993 [ERROR] DbExamplesSqlite:437 - Missing JSON key: board_cpn
2025-09-23 16:12:08,997 [INFO] DbExamplesSqlite:395 - Ignored 33 examples not supported by CubeIDE
2025-09-23 16:12:08,998 [INFO] DbExamplesSqlite:396 - Found 10871 examples active
2025-09-23 16:12:08,998 [INFO] DbExamplesSqlite:397 - Found 0 examples obsolete
2025-09-23 16:12:08,998 [INFO] DbExamplesSqlite:398 - Found 0 examples under development
2025-09-23 16:12:08,999 [INFO] DbExamplesSqlite:399 - Found 65 examples not building
2025-09-23 16:12:09,005 [INFO] DbExamples:125 - Found 10903 examples
2025-09-23 16:12:09,034 [INFO] DbExamples:222 - Found 134 boards with related examples
2025-09-23 16:12:09,037 [INFO] DbExamples:235 - Found 111 MCUs with related examples
2025-09-23 16:12:09,067 [INFO] ApiDb:414 - User favorites file not found: C:\Users\m-ren/.stm32cubeide/favorites.examples.txt
2025-09-23 16:12:09,068 [INFO] DbExamples:250 - Set 0 / 0 favorites Examples
2025-09-23 16:12:09,354 [INFO] McuFinderGlobals:76 - Set McuFinderConnectedMode to true
2025-09-23 16:12:09,373 [INFO] MultiScanPanel:200 - Auto-refresh data requested => check proxy status ongoing
2025-09-23 16:12:09,378 [INFO] FinderPluginLoader:95 - Searching for filters in installed packs
2025-09-23 16:12:11,524 [INFO] LoadUrlFilesThread:185 - End of LoadServerUrlFiles without Thread
2025-09-23 16:12:11,641 [INFO] DetailPanel:341 - Set advertising image to C:/Users/m-ren/STM32Cube/Repository/\en.2400x1350px.jpeg
2025-09-23 16:12:22,718 [INFO] MultiScanPanel:200 - Auto-refresh data requested => check proxy status ongoing
2025-09-23 16:12:23,120 [INFO] LoadUrlFilesThread:185 - End of LoadServerUrlFiles without Thread
2025-09-23 16:12:23,120 [INFO] DetailPanel:341 - Set advertising image to C:/Users/m-ren/STM32Cube/Repository/\en.2400x1350px.jpeg
2025-09-23 16:12:23,149 [INFO] DbBoards:642 - Loading board mini-images...
2025-09-23 16:12:26,263 [INFO] DbBoards:665 - Loaded 211 board mini-images
2025-09-23 16:13:16,628 [INFO] MainUpdater:2872 - connection check result : 10
2025-09-23 16:13:16,629 [INFO] MainUpdater:2872 - connection check result : 10
2025-09-23 16:13:16,697 [INFO] MicroXplorer:468 - Change Database Path : 
2025-09-23 16:13:16,697 [INFO] MicroXplorer:498 - Change Database Version : DB.6.0.141
2025-09-23 16:13:16,717 [WARN] ThirdParty:871 - waiting for thirdparty lock release [close project]
2025-09-23 16:13:16,718 [INFO] ThirdParty:873 - entering critical section [close project]
2025-09-23 16:13:16,720 [INFO] ThirdParty:883 - exiting critical section [close project]
2025-09-23 16:13:16,729 [INFO] PinOutPanel:1589 - setPackage(No Configuration,No Configuration)
2025-09-23 16:13:16,748 [INFO] UtilMem:75 - Begin LoadConfig() Used Memory: 927457496 Bytes (1073741824)
2025-09-23 16:13:16,761 [INFO] OpenFileManager:354 - Change cursor
2025-09-23 16:13:16,839 [INFO] ProjectFactory:442 - No CPN specified for board NUCLEO-G431KB => set CPN to STM32G431KBT6
2025-09-23 16:13:16,840 [INFO] Mcu:2011 - Initializing MCU STM32G431K(6-8-B)Tx STM32G431KBTx STM32G431KBT6
2025-09-23 16:13:23,328 [INFO] Context:756 - Trying to add GPIOservice into a context  which must be forbidden
2025-09-23 16:13:24,413 [INFO] Rule:225 - rule 117617 - U5Cobra4M][GTZC] default value MPCBB3 and MPCBB5 - Not Secured memory - MPCBB1 is applicable
2025-09-23 16:13:24,413 [INFO] Rule:225 - rule 117617 - U5Cobra4M][GTZC] default value MPCBB3 and MPCBB5 - Not Secured memory - MPCBB1 is applicable
2025-09-23 16:13:24,414 [INFO] Rule:225 - rule 117617 - U5Cobra4M][GTZC] default value MPCBB3 and MPCBB5 - Not Secured memory - MPCBB2 is applicable
2025-09-23 16:13:24,414 [INFO] Rule:225 - rule 117617 - U5Cobra4M][GTZC] default value MPCBB3 and MPCBB5 - Not Secured memory - MPCBB2 is applicable
2025-09-23 16:13:24,415 [INFO] Rule:225 - rule 117617 - U5Cobra4M][GTZC] default value MPCBB3 and MPCBB5 - Not Secured memory - MPCBB3 is applicable
2025-09-23 16:13:24,415 [INFO] Rule:225 - rule 117617 - U5Cobra4M][GTZC] default value MPCBB3 and MPCBB5 - Not Secured memory - MPCBB3 is applicable
2025-09-23 16:13:24,415 [INFO] Rule:225 - rule 117617 - U5Cobra4M][GTZC] default value MPCBB3 and MPCBB5 - Not Secured memory - MPCBB4 is applicable
2025-09-23 16:13:24,415 [INFO] Rule:225 - rule 117617 - U5Cobra4M][GTZC] default value MPCBB3 and MPCBB5 - Not Secured memory - MPCBB4 is applicable
2025-09-23 16:13:24,415 [INFO] Rule:225 - rule 117617 - U5Cobra4M][GTZC] default value MPCBB3 and MPCBB5 - Secured memory - MPCBB1 is applicable
2025-09-23 16:13:24,416 [INFO] Rule:225 - rule 117617 - U5Cobra4M][GTZC] default value MPCBB3 and MPCBB5 - Secured memory - MPCBB2 is applicable
2025-09-23 16:13:24,416 [INFO] Rule:225 - rule 117617 - U5Cobra4M][GTZC] default value MPCBB3 and MPCBB5 - Secured memory - MPCBB3 is applicable
2025-09-23 16:13:24,416 [INFO] Rule:225 - rule 117617 - U5Cobra4M][GTZC] default value MPCBB3 and MPCBB5 - Secured memory - MPCBB4 is applicable
2025-09-23 16:13:24,416 [INFO] Rule:225 - rule 117617 - U5Cobra4M][GTZC] default value MPCBB3 and MPCBB5 - Privileged memory - MPCBB1 is applicable
2025-09-23 16:13:24,416 [INFO] Rule:225 - rule 117617 - U5Cobra4M][GTZC] default value MPCBB3 and MPCBB5 - Privileged memory - MPCBB2 is applicable
2025-09-23 16:13:24,416 [INFO] Rule:225 - rule 117617 - U5Cobra4M][GTZC] default value MPCBB3 and MPCBB5 - Privileged memory - MPCBB3 is applicable
2025-09-23 16:13:24,416 [INFO] Rule:225 - rule 117617 - U5Cobra4M][GTZC] default value MPCBB3 and MPCBB5 - Privileged memory - MPCBB4 is applicable
2025-09-23 16:13:24,416 [INFO] Rule:225 - rule 117617 - U5Cobra4M][GTZC] default value MPCBB3 and MPCBB5 - Not Privileged memory - MPCBB1 is applicable
2025-09-23 16:13:24,417 [INFO] Rule:225 - rule 117617 - U5Cobra4M][GTZC] default value MPCBB3 and MPCBB5 - Not Privileged memory - MPCBB2 is applicable
2025-09-23 16:13:24,417 [INFO] Rule:225 - rule 117617 - U5Cobra4M][GTZC] default value MPCBB3 and MPCBB5 - Not Privileged memory - MPCBB3 is applicable
2025-09-23 16:13:24,417 [INFO] Rule:225 - rule 117617 - U5Cobra4M][GTZC] default value MPCBB3 and MPCBB5 - Not Privileged memory - MPCBB4 is applicable
2025-09-23 16:13:24,417 [INFO] Rule:225 - rule 117617 - U5Cobra4M][GTZC] default value MPCBB3 and MPCBB5 - Privileged memory - MPCBB1 is applicable
2025-09-23 16:13:24,417 [INFO] Rule:225 - rule 117617 - U5Cobra4M][GTZC] default value MPCBB3 and MPCBB5 - Privileged memory - MPCBB2 is applicable
2025-09-23 16:13:24,417 [INFO] Rule:225 - rule 117617 - U5Cobra4M][GTZC] default value MPCBB3 and MPCBB5 - Privileged memory - MPCBB3 is applicable
2025-09-23 16:13:24,417 [INFO] Rule:225 - rule 117617 - U5Cobra4M][GTZC] default value MPCBB3 and MPCBB5 - Privileged memory - MPCBB4 is applicable
2025-09-23 16:13:24,417 [INFO] Rule:225 - rule 117617 - U5Cobra4M][GTZC] default value MPCBB3 and MPCBB5 - Privileged memory - MPCBB1 is applicable
2025-09-23 16:13:24,417 [INFO] Rule:225 - rule 117617 - U5Cobra4M][GTZC] default value MPCBB3 and MPCBB5 - Privileged memory - MPCBB2 is applicable
2025-09-23 16:13:24,418 [INFO] Rule:225 - rule 117617 - U5Cobra4M][GTZC] default value MPCBB3 and MPCBB5 - Privileged memory - MPCBB3 is applicable
2025-09-23 16:13:24,418 [INFO] Rule:225 - rule 117617 - U5Cobra4M][GTZC] default value MPCBB3 and MPCBB5 - Privileged memory - MPCBB4 is applicable
2025-09-23 16:13:24,418 [INFO] Rule:225 - rule 117617 - U5Cobra4M][GTZC] default value MPCBB3 and MPCBB5 - Not Privileged memory - MPCBB1 is applicable
2025-09-23 16:13:24,418 [INFO] Rule:225 - rule 117617 - U5Cobra4M][GTZC] default value MPCBB3 and MPCBB5 - Not Privileged memory - MPCBB2 is applicable
2025-09-23 16:13:24,418 [INFO] Rule:225 - rule 117617 - U5Cobra4M][GTZC] default value MPCBB3 and MPCBB5 - Not Privileged memory - MPCBB3 is applicable
2025-09-23 16:13:24,418 [INFO] Rule:225 - rule 117617 - U5Cobra4M][GTZC] default value MPCBB3 and MPCBB5 - Not Privileged memory - MPCBB4 is applicable
2025-09-23 16:13:24,418 [INFO] Rule:225 - rule 117617 - U5Cobra4M][GTZC] default value MPCBB3 and MPCBB5 - Privileged memory - MPCBB1 is applicable
2025-09-23 16:13:24,418 [INFO] Rule:225 - rule 117617 - U5Cobra4M][GTZC] default value MPCBB3 and MPCBB5 - Privileged memory - MPCBB2 is applicable
2025-09-23 16:13:24,418 [INFO] Rule:225 - rule 117617 - U5Cobra4M][GTZC] default value MPCBB3 and MPCBB5 - Privileged memory - MPCBB3 is applicable
2025-09-23 16:13:24,418 [INFO] Rule:225 - rule 117617 - U5Cobra4M][GTZC] default value MPCBB3 and MPCBB5 - Privileged memory - MPCBB4 is applicable
2025-09-23 16:13:24,418 [INFO] Rule:225 - rule Rename SubGHz_Phy SUBGHZ_APPLICATION SUBGHZ_PINGPONG to SUBGHZ_ADV_APPLICATION is applicable
2025-09-23 16:13:24,418 [INFO] Rule:225 - rule Rename Enabled to IBEACON is applicable
2025-09-23 16:13:24,418 [INFO] Rule:225 - rule GTZC_S instance for project manager is applicable
2025-09-23 16:13:24,419 [INFO] Rule:225 - rule GTZC_S instance for context M33S is applicable
2025-09-23 16:13:24,419 [INFO] Rule:225 - rule GTZC_S instance value for IP GTZC is applicable
2025-09-23 16:13:24,419 [INFO] Rule:225 - rule GTZC_S instance for mcu.IP is applicable
2025-09-23 16:13:24,419 [INFO] Rule:225 - rule GTZC_S instance for VP is applicable
2025-09-23 16:13:24,419 [INFO] Rule:225 - rule GTZC_S instance for signal is applicable
2025-09-23 16:13:24,419 [INFO] Rule:225 - rule GTZC_S instance for mcu.Pin is applicable
2025-09-23 16:13:24,419 [INFO] Rule:225 - rule GTZC_S instance for VP is applicable
2025-09-23 16:13:24,419 [INFO] Rule:225 - rule GTZC_S instance for signal is applicable
2025-09-23 16:13:24,419 [INFO] Rule:225 - rule GTZC_S instance for mcu is applicable
2025-09-23 16:13:24,419 [INFO] Rule:225 - rule GTZC_S instance for mcu.Pin is applicable
2025-09-23 16:13:24,419 [INFO] Rule:225 - rule GTZC_S instance value for IP GTZC is applicable
2025-09-23 16:13:24,419 [INFO] Rule:225 - rule GTZC_S instance for project manager is applicable
2025-09-23 16:13:24,419 [INFO] Rule:225 - rule GTZC_S instance for context M33S is applicable
2025-09-23 16:13:24,420 [INFO] Rule:225 - rule GTZC_S instance for VP is applicable
2025-09-23 16:13:24,420 [INFO] Rule:225 - rule GTZC_S instance for signal is applicable
2025-09-23 16:13:24,420 [INFO] Rule:225 - rule ADC Scan  fix with FW F7 is applicable
2025-09-23 16:13:24,420 [INFO] Rule:225 - rule ADC Scan  fix with FW F7 is applicable
2025-09-23 16:13:24,420 [INFO] Rule:225 - rule WakeUp0 Mode is applicable
2025-09-23 16:13:24,420 [INFO] Rule:225 - rule WakeUp0 SIGNAL is applicable
2025-09-23 16:13:24,420 [INFO] Rule:225 - rule WakeUp1 Mode is applicable
2025-09-23 16:13:24,420 [INFO] Rule:225 - rule WakeUp1 SIGNAL is applicable
2025-09-23 16:13:24,420 [INFO] Rule:225 - rule WakeUp2 Mode is applicable
2025-09-23 16:13:24,420 [INFO] Rule:225 - rule WakeUp2 SIGNAL is applicable
2025-09-23 16:13:24,420 [INFO] Rule:225 - rule WakeUp4 Mode is applicable
2025-09-23 16:13:24,421 [INFO] Rule:225 - rule WakeUp4 SIGNAL is applicable
2025-09-23 16:13:24,421 [INFO] Rule:225 - rule WakeUp5 Mode is applicable
2025-09-23 16:13:24,421 [INFO] Rule:225 - rule WakeUp5 SIGNAL is applicable
2025-09-23 16:13:24,421 [INFO] Rule:225 - rule Change Default Value for LSE Drive Capability for WB family is applicable
2025-09-23 16:13:24,421 [INFO] Rule:225 - rule Change Default Value for ADC Clock Prescaler G0 family is applicable
2025-09-23 16:13:24,422 [INFO] Rule:225 - rule align RCC SDMMC3CLockSelection default value on MP1 is applicable
2025-09-23 16:13:24,422 [INFO] Rule:225 - rule align RCC SDMMC12CLockSelection default value on MP1 is applicable
2025-09-23 16:13:24,422 [INFO] Rule:225 - rule align RCC QSPICLockSelection default value on MP1 is applicable
2025-09-23 16:13:24,422 [INFO] Rule:225 - rule align RCC QSPICLockSelection default value on MP1 is applicable
2025-09-23 16:13:24,422 [INFO] Rule:225 - rule align RCC SPI6CLockSelection default value on MP1 is applicable
2025-09-23 16:13:24,422 [INFO] Rule:225 - rule align RCC LPTIM23CLockSelection default value on MP1 is applicable
2025-09-23 16:13:24,423 [INFO] Rule:225 - rule align RCC LPTIM1CLockSelection default value on MP1 is applicable
2025-09-23 16:13:24,423 [INFO] Rule:225 - rule align RCC USART1CLockSelection default value on MP1 is applicable
2025-09-23 16:13:24,423 [INFO] Rule:225 - rule align RCC USART24CLockSelection default value on MP1 is applicable
2025-09-23 16:13:24,423 [INFO] Rule:225 - rule align RCC USART6CLockSelection default value on MP1 is applicable
2025-09-23 16:13:24,423 [INFO] Rule:225 - rule align RCC UART78CLockSelection default value on MP1 is applicable
2025-09-23 16:13:24,423 [INFO] Rule:225 - rule align RCC USART35CLockSelection default value on MP1 is applicable
2025-09-23 16:13:24,423 [INFO] Rule:225 - rule align RCC SPI45CLockSelection default value on MP1 is applicable
2025-09-23 16:13:24,423 [INFO] Rule:225 - rule align RCC I2C46CLockSelection BCLK value on MP1 is applicable
2025-09-23 16:13:24,423 [INFO] Rule:225 - rule align RCC SPI45CLockSelection default value on MP1 is applicable
2025-09-23 16:13:24,423 [INFO] Rule:225 - rule align RCC I2C12CLockSelection default value on MP1 is applicable
2025-09-23 16:13:24,423 [INFO] Rule:225 - rule align RCC I2C35CLockSelection default value on MP1 is applicable
2025-09-23 16:13:24,423 [INFO] Rule:225 - rule align RCC LPTIM45CLockSelection default value on MP1 is applicable
2025-09-23 16:13:24,424 [INFO] Rule:225 - rule Rename DCMI PIXCK signal is applicable
2025-09-23 16:13:24,424 [INFO] Rule:225 - rule Change Default Value for I2C46CLockSelection MP1 family is applicable
2025-09-23 16:13:24,424 [INFO] Rule:225 - rule Change Default Value for UART for G4, G0 and WB families is applicable
2025-09-23 16:13:24,424 [INFO] Rule:225 - rule Change Default Value for USART for G4, G0 and WB families is applicable
2025-09-23 16:13:24,424 [INFO] Rule:225 - rule Change Default Value for USART for G4 family is applicable
2025-09-23 16:13:24,424 [INFO] Rule:225 - rule Change USART1CLockSelection refparam name for MP1 is applicable
2025-09-23 16:13:24,424 [INFO] Rule:225 - rule Change USART2CLockSelection refparam name for MP1 is applicable
2025-09-23 16:13:24,424 [INFO] Rule:225 - rule Change USART3CLockSelection refparam name for MP1 is applicable
2025-09-23 16:13:24,424 [INFO] Rule:225 - rule Change UART4CLockSelection refparam name for MP1 is applicable
2025-09-23 16:13:24,424 [INFO] Rule:225 - rule Change UART5CLockSelection refparam name for MP1 is applicable
2025-09-23 16:13:24,424 [INFO] Rule:225 - rule Change LPUART1CLockSelection refparam name for MP1 is applicable
2025-09-23 16:13:24,424 [INFO] Rule:225 - rule Change LPTIM1CLockSelection refparam name for MP1 is applicable
2025-09-23 16:13:24,425 [INFO] Rule:225 - rule Change LPTIM2CLockSelection refparam name for MP1 is applicable
2025-09-23 16:13:24,425 [INFO] Rule:225 - rule Change RCC_MCO1Source refparam name for MP1 is applicable
2025-09-23 16:13:24,425 [INFO] Rule:225 - rule Change LSCOSource1 refparam name for MP1 is applicable
2025-09-23 16:13:24,425 [INFO] Rule:225 - rule Change SMPSCLockSelection refparam name for MP1 is applicable
2025-09-23 16:13:24,425 [INFO] Rule:225 - rule Change LPTIM3CLockSelection refparam name for MP1 is applicable
2025-09-23 16:13:24,425 [INFO] Rule:225 - rule Change MPCBB* Default Template Mode to Parameters is applicable
2025-09-23 16:13:24,425 [INFO] Rule:225 - rule Change MPCWM* or MPCBB* Secure Mode to Parameters is applicable
2025-09-23 16:13:24,425 [INFO] Rule:225 - rule Change MPCWM* or MPCBB* No Secure Mode to Parameters is applicable
2025-09-23 16:13:24,425 [INFO] Rule:225 - rule Change TZSC IP Secure Mode to Parameters is applicable
2025-09-23 16:13:24,425 [INFO] Rule:225 - rule Change TZSC IP No Secure Mode to Parameters is applicable
2025-09-23 16:13:24,425 [INFO] Rule:225 - rule Change TZSC IP Privilege Mode to Parameters is applicable
2025-09-23 16:13:24,425 [INFO] Rule:225 - rule Change TZSC IP No Privilege Mode to Parameters is applicable
2025-09-23 16:13:24,425 [INFO] Rule:225 - rule Change TZIC IT Secure Mode to Parameters is applicable
2025-09-23 16:13:24,426 [INFO] Rule:225 - rule Change TZIC IT No Secure Mode to Parameters is applicable
2025-09-23 16:13:24,426 [INFO] Rule:225 - rule Add MPCBB1_NonSecureArea_Start_Address value with referenced to MPCBB1_NonSecureArea_Start value is applicable
2025-09-23 16:13:24,426 [INFO] Rule:225 - rule Add MPCBB2_NonSecureArea_Start_Address value with referenced to MPCBB2_NonSecureArea_Start value is applicable
2025-09-23 16:13:24,426 [INFO] Rule:225 - rule Add MPCWM1_NonSecureArea*_Start_Address value with referenced to MPCWM1_NonSecureArea*_Start value is applicable
2025-09-23 16:13:24,426 [INFO] Rule:225 - rule Add MPCWM2_NonSecureArea*_Start_Address value with referenced to MPCWM2_NonSecureArea*_Start value is applicable
2025-09-23 16:13:24,426 [INFO] Rule:225 - rule Add MPCWM3_NonSecureArea_Start_Address value with referenced to MPCWM3_NonSecureArea_Start value is applicable
2025-09-23 16:13:24,426 [INFO] Rule:225 - rule Change Default Value for PLL1UserDefinedConfig is applicable
2025-09-23 16:13:24,426 [INFO] Rule:225 - rule OPAMP is applicable
2025-09-23 16:13:24,426 [INFO] Rule:225 - rule LPUART IPParameter rename Prescaler parameter to ClockPrescaler for STM32H7 is applicable
2025-09-23 16:13:24,426 [INFO] Rule:225 - rule LPUART IPParameter rename Prescaler parameter to ClockPrescaler for STM32H7 is applicable
2025-09-23 16:13:24,426 [INFO] Rule:225 - rule LPUART IPParameter rename Prescaler parameter to ClockPrescaler for STM32WB is applicable
2025-09-23 16:13:24,426 [INFO] Rule:225 - rule LPUART IPParameter rename Prescaler parameter to ClockPrescaler for STM32WB is applicable
2025-09-23 16:13:24,427 [INFO] Rule:225 - rule LPUART IPParameter rename Prescaler parameter to ClockPrescaler for STM32G4 is applicable
2025-09-23 16:13:24,427 [INFO] Rule:225 - rule LPUART IPParameter rename Prescaler parameter to ClockPrescaler for STM32G4 is applicable
2025-09-23 16:13:24,427 [INFO] Rule:225 - rule LPUART IPParameter rename Prescaler parameter to ClockPrescaler for STM32L5 is applicable
2025-09-23 16:13:24,427 [INFO] Rule:225 - rule LPUART IPParameter rename Prescaler parameter to ClockPrescaler for STM32L5 is applicable
2025-09-23 16:13:24,427 [INFO] Rule:225 - rule LPUART IPParameter rename Prescaler parameter to ClockPrescaler for STM32G4 is applicable
2025-09-23 16:13:24,427 [INFO] Rule:225 - rule LPUART IPParameter rename Prescaler parameter to ClockPrescaler for STM32G4 is applicable
2025-09-23 16:13:24,427 [INFO] Rule:225 - rule USB device lib V2.5.3 for L0 rename USBD_SUPPORT_USER_STRING parameter to USBD_SUPPORT_USER_STRING_DESC4 is applicable
2025-09-23 16:13:24,427 [INFO] Rule:225 - rule I2SCLockSelection clock entry align is applicable
2025-09-23 16:13:24,427 [INFO] Rule:225 - rule Assign TIMx context if used as SYS timebase is applicable
2025-09-23 16:13:24,427 [INFO] Rule:225 - rule Change GPIO_Pu Default Value for I2C is applicable
2025-09-23 16:13:24,427 [INFO] Rule:225 - rule Change GPIO_Pu Default Value for SMBus is applicable
2025-09-23 16:13:24,427 [INFO] Rule:225 - rule change FDCAN default value is applicable
2025-09-23 16:13:24,428 [INFO] Rule:225 - rule Change mode sai is applicable
2025-09-23 16:13:24,428 [INFO] Rule:225 - rule **Change sai mode is applicable
2025-09-23 16:13:24,428 [INFO] Rule:225 - rule Rename STM32WPAN CFG_BLE_IRK to CFG_BLE_IR is applicable
2025-09-23 16:13:24,428 [INFO] Rule:225 - rule Rename STM32WPAN CFG_BLE_ERK to CFG_BLE_ER is applicable
2025-09-23 16:13:24,428 [INFO] Rule:225 - rule Rename STM32WPAN CFG_BLE_IRK_HEX to CFG_BLE_IR_HEX is applicable
2025-09-23 16:13:24,428 [INFO] Rule:225 - rule Rename STM32WPAN CFG_BLE_ERK_HEX to CFG_BLE_ER_HEX is applicable
2025-09-23 16:13:24,428 [INFO] Rule:225 - rule Adapt Old IOC before rework replace old CORTEX_M33/CORTEX_M55 attributes by the new one. is applicable
2025-09-23 16:13:24,428 [INFO] Rule:225 - rule Rename parametre of RCC RCC_APBDBG_DIV2 to RCC_TIMPRES_DIV2 is applicable
2025-09-23 16:13:24,428 [INFO] Rule:225 - rule Rename DIE493 pin PA10 [PA12] -> PA10 is applicable
2025-09-23 16:13:24,428 [INFO] Rule:225 - rule Rename DIE493 pin PA9 [PA11] -> PA9 is applicable
2025-09-23 16:13:24,428 [INFO] Rule:225 - rule Adapt Old IOC CSI. is applicable
2025-09-23 16:13:24,439 [INFO] DbConfProperties:307 - Apply Compatibility (10/146 Rules)
2025-09-23 16:13:24,466 [INFO] ImportTextPane:218 - (OptionalMessage_ERROR) Pin7 (VP_RIF_VS_RIF1) cannot be retrieved for this MCU
2025-09-23 16:13:24,786 [INFO] RtosManager:558 - Registered RTOS mode: class=CMSIS, group=RTOS, mode=CMSIS_V1, owner=FREERTOS
2025-09-23 16:13:24,786 [INFO] RtosManager:558 - Registered RTOS mode: class=CMSIS, group=RTOS2, mode=CMSIS_V2, owner=FREERTOS
2025-09-23 16:13:24,786 [INFO] RtosManager:558 - Registered RTOS mode: class=RTOS, group=Core, mode=CMSIS_V1, owner=FREERTOS
2025-09-23 16:13:24,787 [INFO] RtosManager:558 - Registered RTOS mode: class=RTOS, group=Core, mode=CMSIS_V2, owner=FREERTOS
2025-09-23 16:13:24,787 [WARN] ModelIntegratedComponent:184 - Missing modes for component STMicroelectronics:FreeRTOS:0.0.1:STMicroelectronics:RTOS:FreeRTOS:Core:::10.2.0:
2025-09-23 16:13:24,798 [WARN] ModelIntegratedComponent:63 - No mode defined for component null
2025-09-23 16:13:24,799 [WARN] ModelIntegratedComponent:63 - No mode defined for component null
2025-09-23 16:13:24,799 [WARN] ModelIntegratedComponent:63 - No mode defined for component null
2025-09-23 16:13:24,799 [WARN] ModelIntegratedComponent:63 - No mode defined for component null
2025-09-23 16:13:24,799 [WARN] ModelIntegratedComponent:63 - No mode defined for component null
2025-09-23 16:13:24,799 [WARN] ModelIntegratedComponent:63 - No mode defined for component null
2025-09-23 16:13:24,799 [WARN] ModelIntegratedComponent:63 - No mode defined for component null
2025-09-23 16:13:24,799 [WARN] ModelIntegratedComponent:63 - No mode defined for component null
2025-09-23 16:13:24,799 [WARN] ModelIntegratedComponent:63 - No mode defined for component null
2025-09-23 16:13:24,799 [WARN] ModelIntegratedComponent:63 - No mode defined for component null
2025-09-23 16:13:24,799 [WARN] ModelIntegratedComponent:63 - No mode defined for component null
2025-09-23 16:13:24,799 [WARN] ModelIntegratedComponent:63 - No mode defined for component null
2025-09-23 16:13:24,799 [WARN] ModelIntegratedComponent:63 - No mode defined for component null
2025-09-23 16:13:24,799 [WARN] ModelIntegratedComponent:63 - No mode defined for component null
2025-09-23 16:13:24,799 [WARN] ModelIntegratedComponent:63 - No mode defined for component null
2025-09-23 16:13:24,799 [WARN] ModelIntegratedComponent:63 - No mode defined for component null
2025-09-23 16:13:24,799 [WARN] ModelIntegratedComponent:63 - No mode defined for component null
2025-09-23 16:13:24,799 [WARN] ModelIntegratedComponent:63 - No mode defined for component null
2025-09-23 16:13:24,799 [WARN] ModelIntegratedComponent:63 - No mode defined for component null
2025-09-23 16:13:24,800 [WARN] ModelIntegratedComponent:63 - No mode defined for component null
2025-09-23 16:13:24,800 [WARN] ModelIntegratedComponent:63 - No mode defined for component null
2025-09-23 16:13:24,800 [WARN] ModelIntegratedComponent:63 - No mode defined for component null
2025-09-23 16:13:24,800 [WARN] ModelIntegratedComponent:63 - No mode defined for component null
2025-09-23 16:13:24,800 [WARN] ModelIntegratedComponent:63 - No mode defined for component null
2025-09-23 16:13:24,800 [WARN] ModelIntegratedComponent:63 - No mode defined for component null
2025-09-23 16:13:24,800 [WARN] ModelIntegratedComponent:63 - No mode defined for component null
2025-09-23 16:13:24,800 [WARN] ModelIntegratedComponent:63 - No mode defined for component null
2025-09-23 16:13:24,800 [WARN] ModelIntegratedComponent:63 - No mode defined for component null
2025-09-23 16:13:24,800 [WARN] ModelIntegratedComponent:63 - No mode defined for component null
2025-09-23 16:13:24,800 [WARN] ModelIntegratedComponent:63 - No mode defined for component null
2025-09-23 16:13:24,800 [WARN] ModelIntegratedComponent:63 - No mode defined for component null
2025-09-23 16:13:24,800 [WARN] ModelIntegratedComponent:63 - No mode defined for component null
2025-09-23 16:13:24,800 [WARN] ModelIntegratedComponent:63 - No mode defined for component null
2025-09-23 16:13:24,800 [WARN] ModelIntegratedComponent:63 - No mode defined for component null
2025-09-23 16:13:24,800 [WARN] ModelIntegratedComponent:63 - No mode defined for component null
2025-09-23 16:13:24,800 [WARN] ModelPack:524 - Component already loaded: STMicroelectronics:HAL Drivers:0.0.0:STMicroelectronics:Device:STMicro_Driver:XSPI:HAL::0.0.1:HAL_XSPI
2025-09-23 16:13:25,199 [INFO] ThirdPartyModel:298 - Start build external matchings
2025-09-23 16:13:28,747 [INFO] ThirdPartyModel:316 - End build external matchings
2025-09-23 16:13:29,560 [INFO] ApiDbMcu:508 - Load IP Config File for NUCLEO-G431KB
2025-09-23 16:13:29,869 [INFO] UtilMem:75 - End LoadConfig() Used Memory: 809282808 Bytes (1073741824)
2025-09-23 16:14:09,757 [INFO] BspBoardWizard:580 - Analytics plugin initialized with success
2025-09-23 16:14:09,764 [INFO] BspBoardWizard:580 - Analytics plugin initialized with success
2025-09-23 16:14:09,774 [INFO] BspBoardWizard:580 - Analytics plugin initialized with success
2025-09-23 16:14:09,973 [WARN] ThirdParty:833 - waiting for thirdparty lock release [change project]
2025-09-23 16:14:09,974 [INFO] ThirdParty:835 - entering critical section [change project]
2025-09-23 16:14:09,974 [INFO] ThirdParty:1030 - CMSIS Pack Vendor :STMicroelectronics X-CUBE-PM33A1 1.0.0
2025-09-23 16:14:09,974 [INFO] ThirdParty:1030 - CMSIS Pack Vendor :STMicroelectronics USBPD 4.1
2025-09-23 16:14:09,974 [INFO] ThirdParty:1030 - CMSIS Pack Vendor :STMicroelectronics X-CUBE-GNSS1 6.0.0
2025-09-23 16:14:09,974 [INFO] ThirdParty:1030 - CMSIS Pack Vendor :STMicroelectronics USB_HOST 2.0.0
2025-09-23 16:14:09,974 [INFO] ThirdParty:1030 - CMSIS Pack Vendor :STMicroelectronics FP-SNS-MOTENVWB1 1.4.0
2025-09-23 16:14:09,974 [INFO] ThirdParty:1030 - CMSIS Pack Vendor :STMicroelectronics X-CUBE-AZRTOS-F4 1.1.0
2025-09-23 16:14:09,974 [INFO] ThirdParty:1030 - CMSIS Pack Vendor :STMicroelectronics LIBJPEG 8.0.0
2025-09-23 16:14:09,975 [INFO] ThirdParty:1030 - CMSIS Pack Vendor :STMicroelectronics FP-ATR-ASTRA1 2.0.2
2025-09-23 16:14:09,975 [INFO] ThirdParty:1030 - CMSIS Pack Vendor :STMicroelectronics FP-ATR-ASTRA1 2.0.1
2025-09-23 16:14:09,975 [INFO] ThirdParty:1030 - CMSIS Pack Vendor :Avnet-IotConnect X-CUBE-IoTC-DA16k-PMOD 1.0.0
2025-09-23 16:14:09,975 [INFO] ThirdParty:1030 - CMSIS Pack Vendor :STMicroelectronics X-CUBE-SMBUS 2.1.0
2025-09-23 16:14:09,975 [INFO] ThirdParty:1030 - CMSIS Pack Vendor :STMicroelectronics X-CUBE-WB05N 1.1.0
2025-09-23 16:14:09,975 [INFO] ThirdParty:1030 - CMSIS Pack Vendor :STMicroelectronics X-CUBE-ISPU 2.1.0
2025-09-23 16:14:09,975 [INFO] ThirdParty:1030 - CMSIS Pack Vendor :STMicroelectronics X-CUBE-FREERTOS 1.2.0
2025-09-23 16:14:09,975 [INFO] ThirdParty:1030 - CMSIS Pack Vendor :STMicroelectronics X-CUBE-NFC12 1.0.0
2025-09-23 16:14:09,975 [INFO] ThirdParty:1030 - CMSIS Pack Vendor :STMicroelectronics X-CUBE-TOUCHGFX 4.23.2
2025-09-23 16:14:09,975 [INFO] ThirdParty:1030 - CMSIS Pack Vendor :STMicroelectronics X-CUBE-AZRTOS-F7 1.1.0
2025-09-23 16:14:09,975 [INFO] ThirdParty:1030 - CMSIS Pack Vendor :STMicroelectronics X-CUBE-AZRTOS-L5 2.0.0
2025-09-23 16:14:09,975 [INFO] ThirdParty:1030 - CMSIS Pack Vendor :STMicroelectronics USB_DEVICE 2.0.0
2025-09-23 16:14:09,975 [INFO] ThirdParty:1030 - CMSIS Pack Vendor :STMicroelectronics X-CUBE-NFC6 3.1.0
2025-09-23 16:14:09,975 [INFO] ThirdParty:1030 - CMSIS Pack Vendor :STMicroelectronics X-CUBE-MEMS1 11.0.0
2025-09-23 16:14:09,975 [INFO] ThirdParty:1030 - CMSIS Pack Vendor :STMicroelectronics FreeRTOS 0.0.1
2025-09-23 16:14:09,975 [INFO] ThirdParty:1030 - CMSIS Pack Vendor :STMicroelectronics X-CUBE-DPower 1.2.0
2025-09-23 16:14:09,975 [INFO] ThirdParty:1030 - CMSIS Pack Vendor :STMicroelectronics FP-SNS-FLIGHT1 5.0.2
2025-09-23 16:14:09,975 [INFO] ThirdParty:1030 - CMSIS Pack Vendor :STMicroelectronics X-CUBE-AI 9.0.0
2025-09-23 16:14:09,975 [INFO] ThirdParty:1030 - CMSIS Pack Vendor :STMicroelectronics PDM2PCM 3.3.0
2025-09-23 16:14:09,975 [INFO] ThirdParty:1030 - CMSIS Pack Vendor :STMicroelectronics X-CUBE-AZRTOS-H7 3.4.0
2025-09-23 16:14:09,975 [INFO] ThirdParty:1030 - CMSIS Pack Vendor :STMicroelectronics X-CUBE-DISPLAY 3.0.0
2025-09-23 16:14:09,975 [INFO] ThirdParty:1030 - CMSIS Pack Vendor :STMicroelectronics X-CUBE-BLE1 7.0.0
2025-09-23 16:14:09,975 [INFO] ThirdParty:1030 - CMSIS Pack Vendor :STMicroelectronics X-CUBE-NFC10 1.0.0
2025-09-23 16:14:09,976 [INFO] ThirdParty:1030 - CMSIS Pack Vendor :STMicroelectronics X-CUBE-BLEMGR 4.0.0
2025-09-23 16:14:09,976 [INFO] ThirdParty:1030 - CMSIS Pack Vendor :STMicroelectronics X-CUBE-FREERTOS 1.3.1
2025-09-23 16:14:09,976 [INFO] ThirdParty:1030 - CMSIS Pack Vendor :STMicroelectronics HAL Drivers 0.0.0
2025-09-23 16:14:09,976 [INFO] ThirdParty:1030 - CMSIS Pack Vendor :emotas I-CUBE-CANOPEN 1.3.0
2025-09-23 16:14:09,976 [INFO] ThirdParty:1030 - CMSIS Pack Vendor :STMicroelectronics X-CUBE-FREERTOS 1.3.0
2025-09-23 16:14:09,976 [INFO] ThirdParty:1030 - CMSIS Pack Vendor :STMicroelectronics X-CUBE-NFC7 1.0.1
2025-09-23 16:14:09,976 [INFO] ThirdParty:1030 - CMSIS Pack Vendor :STMicroelectronics MBEDTLS 2.14.1
2025-09-23 16:14:09,976 [INFO] ThirdParty:1030 - CMSIS Pack Vendor :wolfSSL I-CUBE-wolfTPM 3.2.0
2025-09-23 16:14:09,976 [INFO] ThirdParty:1030 - CMSIS Pack Vendor :STMicroelectronics X-CUBE-BLEMGR 3.1.0
2025-09-23 16:14:09,976 [INFO] ThirdParty:1030 - CMSIS Pack Vendor :STMicroelectronics X-CUBE-AI 10.0.0
2025-09-23 16:14:09,976 [INFO] ThirdParty:1030 - CMSIS Pack Vendor :STMicroelectronics FP-SNS-STAIOTCFT 1.0.0
2025-09-23 16:14:09,976 [INFO] ThirdParty:1030 - CMSIS Pack Vendor :STMicroelectronics FP-SNS-SMARTAG2 1.2.0
2025-09-23 16:14:09,976 [INFO] ThirdParty:1030 - CMSIS Pack Vendor :STMicroelectronics FP-SNS-FLIGHT1 5.1.0
2025-09-23 16:14:09,977 [INFO] ThirdParty:1030 - CMSIS Pack Vendor :STMicroelectronics X-CUBE-MEMS1 11.1.0
2025-09-23 16:14:09,977 [INFO] ThirdParty:1030 - CMSIS Pack Vendor :STMicroelectronics X-CUBE-AZRTOS-WL 2.0.0
2025-09-23 16:14:09,977 [INFO] ThirdParty:1030 - CMSIS Pack Vendor :STMicroelectronics X-CUBE-DPower 1.3.0
2025-09-23 16:14:09,977 [INFO] ThirdParty:1030 - CMSIS Pack Vendor :STMicroelectronics FP-SNS-MOTENV1 5.0.0
2025-09-23 16:14:09,977 [INFO] ThirdParty:1030 - CMSIS Pack Vendor :STMicroelectronics USB_DEVICE 1.0.0
2025-09-23 16:14:09,977 [INFO] ThirdParty:1030 - CMSIS Pack Vendor :wolfSSL I-CUBE-wolfMQTT 1.19.0
2025-09-23 16:14:09,977 [INFO] ThirdParty:1030 - CMSIS Pack Vendor :STMicroelectronics X-CUBE-AZRTOS-L4 2.0.0
2025-09-23 16:14:09,977 [INFO] ThirdParty:1030 - CMSIS Pack Vendor :STMicroelectronics ThreadX 0.0.2
2025-09-23 16:14:09,977 [INFO] ThirdParty:1030 - CMSIS Pack Vendor :WES I-CUBE-Cesium 1.3.0
2025-09-23 16:14:09,977 [INFO] ThirdParty:1030 - CMSIS Pack Vendor :STMicroelectronics lwIP 2.1.2
2025-09-23 16:14:09,977 [INFO] ThirdParty:1030 - CMSIS Pack Vendor :STMicroelectronics X-CUBE-SFXS2LP1 4.0.0
2025-09-23 16:14:09,977 [INFO] ThirdParty:1030 - CMSIS Pack Vendor :STMicroelectronics X-CUBE-BLE2 3.3.0
2025-09-23 16:14:09,978 [INFO] ThirdParty:1030 - CMSIS Pack Vendor :STMicroelectronics PDM2PCM 3.2.0
2025-09-23 16:14:09,978 [INFO] ThirdParty:1030 - CMSIS Pack Vendor :STMicroelectronics X-CUBE-AZRTOS-H7 3.3.0
2025-09-23 16:14:09,978 [INFO] ThirdParty:1030 - CMSIS Pack Vendor :STMicroelectronics X-CUBE-NFC9 1.0.0
2025-09-23 16:14:09,978 [INFO] ThirdParty:1030 - CMSIS Pack Vendor :STMicroelectronics X-CUBE-BLE1 7.1.0
2025-09-23 16:14:09,978 [INFO] ThirdParty:1030 - CMSIS Pack Vendor :STMicroelectronics USB_DEVICE 3.0.0
2025-09-23 16:14:09,978 [INFO] ThirdParty:1030 - CMSIS Pack Vendor :STMicroelectronics X-CUBE-TCPP 4.1.0
2025-09-23 16:14:09,978 [INFO] ThirdParty:1030 - CMSIS Pack Vendor :STMicroelectronics X-CUBE-EEPRMA1 5.2.0
2025-09-23 16:14:09,978 [INFO] ThirdParty:1030 - CMSIS Pack Vendor :STMicroelectronics X-CUBE-BLEMGR 4.1.0
2025-09-23 16:14:09,978 [INFO] ThirdParty:1030 - CMSIS Pack Vendor :STMicroelectronics X-CUBE-IPS 3.0.0
2025-09-23 16:14:09,978 [INFO] ThirdParty:1030 - CMSIS Pack Vendor :STMicroelectronics X-CUBE-AZRTOS-WB 2.0.0
2025-09-23 16:14:09,978 [INFO] ThirdParty:1030 - CMSIS Pack Vendor :STMicroelectronics X-CUBE-GNSS1 7.0.0
2025-09-23 16:14:09,978 [INFO] ThirdParty:1030 - CMSIS Pack Vendor :STMicroelectronics X-CUBE-GNSS1 7.0.1
2025-09-23 16:14:09,978 [INFO] ThirdParty:1030 - CMSIS Pack Vendor :STMicroelectronics X-CUBE-TOUCHGFX 4.25.0
2025-09-23 16:14:09,978 [INFO] ThirdParty:1030 - CMSIS Pack Vendor :STMicroelectronics X-CUBE-AI 10.1.0
2025-09-23 16:14:09,978 [INFO] ThirdParty:1030 - CMSIS Pack Vendor :STMicroelectronics FP-SNS-STBOX1 2.0.0
2025-09-23 16:14:09,978 [INFO] ThirdParty:1030 - CMSIS Pack Vendor :STMicroelectronics X-CUBE-MEMS1 11.2.0
2025-09-23 16:14:09,978 [INFO] ThirdParty:1030 - CMSIS Pack Vendor :STMicroelectronics X-CUBE-AZRTOS-G0 1.1.0
2025-09-23 16:14:09,978 [INFO] ThirdParty:1030 - CMSIS Pack Vendor :STMicroelectronics X-CUBE-SAFEA1 1.2.2
2025-09-23 16:14:09,978 [INFO] ThirdParty:1030 - CMSIS Pack Vendor :STMicroelectronics X-CUBE-NFC4 3.0.0
2025-09-23 16:14:09,979 [INFO] ThirdParty:1030 - CMSIS Pack Vendor :STMicroelectronics X-CUBE-SUBG2 5.0.0
2025-09-23 16:14:09,979 [INFO] ThirdParty:1030 - CMSIS Pack Vendor :STMicroelectronics X-CUBE-AZRTOS-H7RS 1.1.0
2025-09-23 16:14:09,979 [INFO] ThirdParty:1030 - CMSIS Pack Vendor :STMicroelectronics STM32_WPAN 1.0.0
2025-09-23 16:14:09,979 [INFO] ThirdParty:1030 - CMSIS Pack Vendor :EmbeddedOffice I-CUBE-FS-RTOS 1.0.1
2025-09-23 16:14:09,979 [INFO] ThirdParty:1030 - CMSIS Pack Vendor :STMicroelectronics lwIP 2.0.3
2025-09-23 16:14:09,979 [INFO] ThirdParty:1030 - CMSIS Pack Vendor :Cesanta I-CUBE-Mongoose 7.13.0
2025-09-23 16:14:09,979 [INFO] ThirdParty:1030 - CMSIS Pack Vendor :STMicroelectronics USB_HOST 1.0.0
2025-09-23 16:14:09,979 [INFO] ThirdParty:1030 - CMSIS Pack Vendor :STMicroelectronics X-CUBE-AZRTOS-G4 2.0.0
2025-09-23 16:14:09,979 [INFO] ThirdParty:1030 - CMSIS Pack Vendor :STMicroelectronics X-CUBE-WB05N 2.0.0
2025-09-23 16:14:09,979 [INFO] ThirdParty:1030 - CMSIS Pack Vendor :STMicroelectronics PDM2PCM 3.1.0
2025-09-23 16:14:09,979 [INFO] ThirdParty:1030 - CMSIS Pack Vendor :STMicroelectronics X-CUBE-NFC7 2.0.0
2025-09-23 16:14:09,979 [INFO] ThirdParty:1030 - CMSIS Pack Vendor :STMicroelectronics X-CUBE-TCPP 4.2.0
2025-09-23 16:14:09,979 [INFO] ThirdParty:1030 - CMSIS Pack Vendor :RealThread X-CUBE-RT-Thread_Nano 4.1.1
2025-09-23 16:14:09,979 [INFO] ThirdParty:1030 - CMSIS Pack Vendor :wolfSSL I-CUBE-wolfSSL 5.7.0
2025-09-23 16:14:09,979 [INFO] ThirdParty:1030 - CMSIS Pack Vendor :STMicroelectronics FP-ATR-SIGFOX1 3.2.0
2025-09-23 16:14:09,979 [INFO] ThirdParty:1030 - CMSIS Pack Vendor :quantropi X-CUBE-qispace-sdk-base 1.9.3
2025-09-23 16:14:09,979 [INFO] ThirdParty:1030 - CMSIS Pack Vendor :STMicroelectronics X-CUBE-ISPU 2.0.0
2025-09-23 16:14:09,979 [INFO] ThirdParty:1030 - CMSIS Pack Vendor :STMicroelectronics X-CUBE-EEPRMA1 5.1.0
2025-09-23 16:14:09,979 [INFO] ThirdParty:1030 - CMSIS Pack Vendor :STMicroelectronics MBEDTLS 2.16.2
2025-09-23 16:14:09,979 [INFO] ThirdParty:1030 - CMSIS Pack Vendor :STMicroelectronics X-CUBE-IPS 3.1.0
2025-09-23 16:14:09,979 [INFO] ThirdParty:1030 - CMSIS Pack Vendor :STMicroelectronics X-CUBE-ALS 1.0.2
2025-09-23 16:14:09,979 [INFO] ThirdParty:1030 - CMSIS Pack Vendor :STMicroelectronics X-CUBE-MEMS1 10.0.0
2025-09-23 16:14:09,979 [INFO] ThirdParty:1030 - CMSIS Pack Vendor :STMicroelectronics X-CUBE-TOUCHGFX 4.24.0
2025-09-23 16:14:09,979 [INFO] ThirdParty:1030 - CMSIS Pack Vendor :ITTIA_DB I-CUBE-ITTIADB 8.9.0
2025-09-23 16:14:09,979 [INFO] ThirdParty:1030 - CMSIS Pack Vendor :STMicroelectronics X-CUBE-TOUCHGFX 4.24.2
2025-09-23 16:14:09,980 [INFO] ThirdParty:1030 - CMSIS Pack Vendor :STMicroelectronics X-CUBE-TOUCHGFX 4.24.1
2025-09-23 16:14:09,980 [INFO] ThirdParty:1030 - CMSIS Pack Vendor :STMicroelectronics X-CUBE-STSE01 1.0.0
2025-09-23 16:14:09,980 [INFO] ThirdParty:1030 - CMSIS Pack Vendor :portGmbH I-Cube-SoM-uGOAL 1.1.0
2025-09-23 16:14:09,980 [INFO] ThirdParty:1030 - CMSIS Pack Vendor :STMicroelectronics X-CUBE-ST67W61 1.0.0
2025-09-23 16:14:09,980 [INFO] ThirdParty:1030 - CMSIS Pack Vendor :STMicroelectronics X-CUBE-AI 10.2.0
2025-09-23 16:14:09,980 [INFO] ThirdParty:1030 - CMSIS Pack Vendor :STMicroelectronics ThreadX 1.0.0
2025-09-23 16:14:09,980 [INFO] ThirdParty:1030 - CMSIS Pack Vendor :SEGGER I-CUBE-embOS 1.3.1
2025-09-23 16:14:09,980 [INFO] ThirdParty:1030 - CMSIS Pack Vendor :STMicroelectronics X-CUBE-ALGOBUILD 1.4.0
2025-09-23 16:14:09,980 [INFO] ThirdParty:1030 - CMSIS Pack Vendor :STMicroelectronics X-CUBE-MEMS1 11.3.0
2025-09-23 16:14:09,980 [INFO] ThirdParty:1030 - CMSIS Pack Vendor :STMicroelectronics X-CUBE-AZRTOS-H7RS 1.0.0
2025-09-23 16:14:09,980 [INFO] ThirdParty:1030 - CMSIS Pack Vendor :STMicroelectronics FP-ATR-ASTRA1 2.0.0
2025-09-23 16:14:09,980 [INFO] ThirdParty:1030 - CMSIS Pack Vendor :STMicroelectronics X-CUBE-TOF1 3.4.2
2025-09-23 16:14:09,980 [INFO] ThirdParty:1030 - CMSIS Pack Vendor :STMicroelectronics X-CUBE-TOF1 3.4.3
2025-09-23 16:14:09,980 [INFO] ThirdParty:1030 - CMSIS Pack Vendor :STMicroelectronics X-CUBE-AI 9.1.0
2025-09-23 16:14:09,980 [INFO] ThirdParty:1030 - CMSIS Pack Vendor :STMicroelectronics X-CUBE-TOF1 3.4.1
2025-09-23 16:14:09,980 [INFO] ThirdParty:1030 - CMSIS Pack Vendor :STMicroelectronics X-CUBE-AZRTOS-H7 3.2.0
2025-09-23 16:14:09,980 [INFO] ThirdParty:1030 - CMSIS Pack Vendor :Infineon AIROC-Wi-Fi-Bluetooth-STM32 1.6.0
2025-09-23 16:14:09,981 [INFO] ThirdParty:1030 - CMSIS Pack Vendor :wolfSSL I-CUBE-wolfSSH 1.4.17
2025-09-23 16:14:09,981 [INFO] ThirdParty:841 - exiting critical section [change project]
2025-09-23 16:14:10,553 [INFO] PinOutPanel:1589 - setPackage(No Configuration,No Configuration)
2025-09-23 16:14:10,555 [INFO] PinOutPanel:1589 - setPackage(STM32G431KBTx,LQFP32)
2025-09-23 16:14:11,286 [INFO] UtilMem:75 - Before build in PCC Used Memory: 863454320 Bytes (1073741824)
2025-09-23 16:14:12,692 [INFO] UtilMem:75 - After build in PCC Used Memory: 980321920 Bytes (1073741824)
2025-09-23 16:14:12,759 [INFO] IPUIPlugin:80 - create IPUIPlugin
2025-09-23 16:14:12,759 [INFO] IPUIPlugin:80 - create IPUIPlugin
2025-09-23 16:14:12,759 [INFO] IPUIPlugin:80 - create IPUIPlugin
2025-09-23 16:14:12,759 [INFO] IPUIPlugin:80 - create IPUIPlugin
2025-09-23 16:14:12,759 [INFO] IPUIPlugin:80 - create IPUIPlugin
2025-09-23 16:14:12,760 [INFO] IPUIPlugin:80 - create IPUIPlugin
2025-09-23 16:14:12,760 [INFO] IPUIPlugin:80 - create IPUIPlugin
2025-09-23 16:14:12,760 [INFO] IPUIPlugin:80 - create IPUIPlugin
2025-09-23 16:14:12,760 [INFO] IPUIPlugin:80 - create IPUIPlugin
2025-09-23 16:14:12,760 [INFO] IPUIPlugin:80 - create IPUIPlugin
2025-09-23 16:14:12,760 [INFO] IPUIPlugin:80 - create IPUIPlugin
2025-09-23 16:14:12,760 [INFO] IPUIPlugin:80 - create IPUIPlugin
2025-09-23 16:14:12,761 [INFO] IPUIPlugin:80 - create IPUIPlugin
2025-09-23 16:14:12,761 [INFO] IPUIPlugin:80 - create IPUIPlugin
2025-09-23 16:14:12,761 [INFO] IPUIPlugin:80 - create IPUIPlugin
2025-09-23 16:14:12,761 [INFO] IPUIPlugin:80 - create IPUIPlugin
2025-09-23 16:14:12,761 [INFO] IPUIPlugin:80 - create IPUIPlugin
2025-09-23 16:14:12,761 [INFO] IPUIPlugin:80 - create IPUIPlugin
2025-09-23 16:14:12,761 [INFO] IPUIPlugin:80 - create IPUIPlugin
2025-09-23 16:14:12,762 [INFO] IPUIPlugin:80 - create IPUIPlugin
2025-09-23 16:14:12,762 [INFO] IPUIPlugin:80 - create IPUIPlugin
2025-09-23 16:14:12,762 [INFO] IPUIPlugin:80 - create IPUIPlugin
2025-09-23 16:14:12,762 [INFO] IPUIPlugin:80 - create IPUIPlugin
2025-09-23 16:14:12,762 [INFO] IPUIPlugin:80 - create IPUIPlugin
2025-09-23 16:14:12,762 [INFO] IPUIPlugin:80 - create IPUIPlugin
2025-09-23 16:14:12,763 [INFO] IPUIPlugin:80 - create IPUIPlugin
2025-09-23 16:14:12,763 [INFO] IPUIPlugin:80 - create IPUIPlugin
2025-09-23 16:14:12,763 [INFO] IPUIPlugin:80 - create IPUIPlugin
2025-09-23 16:14:12,763 [INFO] IPUIPlugin:80 - create IPUIPlugin
2025-09-23 16:14:12,763 [INFO] IPUIPlugin:80 - create IPUIPlugin
2025-09-23 16:14:12,763 [INFO] IPUIPlugin:80 - create IPUIPlugin
2025-09-23 16:14:12,764 [INFO] IPUIPlugin:80 - create IPUIPlugin
2025-09-23 16:14:12,764 [INFO] IPUIPlugin:80 - create IPUIPlugin
2025-09-23 16:14:12,764 [INFO] IPUIPlugin:80 - create IPUIPlugin
2025-09-23 16:14:12,778 [INFO] IPUIPlugin:80 - create IPUIPlugin
2025-09-23 16:14:12,779 [INFO] IPUIPlugin:80 - create IPUIPlugin
2025-09-23 16:14:12,779 [INFO] IPUIPlugin:80 - create IPUIPlugin
2025-09-23 16:14:12,779 [INFO] IPUIPlugin:80 - create IPUIPlugin
2025-09-23 16:14:12,779 [INFO] IPUIPlugin:80 - create IPUIPlugin
2025-09-23 16:14:12,780 [INFO] IPUIPlugin:80 - create IPUIPlugin
2025-09-23 16:14:12,780 [INFO] IPUIPlugin:80 - create IPUIPlugin
2025-09-23 16:14:12,780 [INFO] IPUIPlugin:80 - create IPUIPlugin
2025-09-23 16:14:12,781 [INFO] IPUIPlugin:80 - create IPUIPlugin
2025-09-23 16:14:12,781 [INFO] IPUIPlugin:80 - create IPUIPlugin
2025-09-23 16:14:12,781 [INFO] IPUIPlugin:80 - create IPUIPlugin
2025-09-23 16:14:12,782 [INFO] IPUIPlugin:80 - create IPUIPlugin
2025-09-23 16:14:12,782 [INFO] IPUIPlugin:80 - create IPUIPlugin
2025-09-23 16:14:12,782 [INFO] IPUIPlugin:80 - create IPUIPlugin
2025-09-23 16:14:12,782 [INFO] IPUIPlugin:80 - create IPUIPlugin
2025-09-23 16:14:12,783 [INFO] IPUIPlugin:80 - create IPUIPlugin
2025-09-23 16:14:12,783 [INFO] IPUIPlugin:80 - create IPUIPlugin
2025-09-23 16:14:12,783 [INFO] IPUIPlugin:80 - create IPUIPlugin
2025-09-23 16:14:12,784 [INFO] IPUIPlugin:80 - create IPUIPlugin
2025-09-23 16:14:12,784 [INFO] IPUIPlugin:80 - create IPUIPlugin
2025-09-23 16:14:12,784 [INFO] IPUIPlugin:80 - create IPUIPlugin
2025-09-23 16:14:12,785 [INFO] IPUIPlugin:80 - create IPUIPlugin
2025-09-23 16:14:12,785 [INFO] IPUIPlugin:80 - create IPUIPlugin
2025-09-23 16:14:13,294 [INFO] CADModel:165 - CPN selected for project levelSTM32G431KBT6
2025-09-23 16:14:13,294 [INFO] CADModel:114 - Register for checkConnection events
2025-09-23 16:14:13,369 [INFO] OpenFileManager:385 - Restore cursor
2025-09-23 16:14:15,109 [INFO] UtilMem:75 - End SaveConfig() Used Memory: 894469248 Bytes (1073741824)
2025-09-23 16:14:15,295 [INFO] UtilMem:75 - End SaveConfig() Used Memory: 913377096 Bytes (1073741824)
2025-09-23 16:14:16,061 [INFO] BlockDiagram:2775 - set Specific Code input for plugin: SYS
2025-09-23 16:14:16,061 [INFO] BlockDiagram:2775 - set Specific Code input for plugin: RCC
2025-09-23 16:14:16,061 [INFO] BlockDiagram:2775 - set Specific Code input for plugin: NVIC
2025-09-23 16:14:16,063 [INFO] BlockDiagram:2775 - set Specific Code input for plugin: GPIO
2025-09-23 16:14:16,067 [INFO] CodeGenerator:882 - code generatio: config db path: C:\ST\STM32CubeIDE_1.15.1\STM32CubeIDE\plugins\com.st.stm32cube.common.mx_6.14.1.202504091515\\db\
2025-09-23 16:14:16,327 [INFO] CodeEngine:263 - oldGeneratedFile, C:\create\MyProjects\IndependentResearch\LRA-Dynamics\NucleoG431KB-AFT14A903A\MXTmpFiles\license.tmp_save
2025-09-23 16:14:16,953 [INFO] CodeEngine:287 - Generated code: C:\create\MyProjects\IndependentResearch\LRA-Dynamics\NucleoG431KB-AFT14A903A\MXTmpFiles\license.tmp
2025-09-23 16:14:17,078 [INFO] CodeEngine:263 - oldGeneratedFile, C:\create\MyProjects\IndependentResearch\LRA-Dynamics\NucleoG431KB-AFT14A903A\MXTmpFiles\gpio.tmp_save
2025-09-23 16:14:17,289 [INFO] CodeEngine:287 - Generated code: C:\create\MyProjects\IndependentResearch\LRA-Dynamics\NucleoG431KB-AFT14A903A\MXTmpFiles\gpio.tmp
2025-09-23 16:14:17,352 [INFO] CodeEngine:263 - oldGeneratedFile, C:\create\MyProjects\IndependentResearch\LRA-Dynamics\NucleoG431KB-AFT14A903A\Core\Src\stm32g4xx_it.c_save
2025-09-23 16:14:17,508 [INFO] CodeEngine:287 - Generated code: C:\create\MyProjects\IndependentResearch\LRA-Dynamics\NucleoG431KB-AFT14A903A\Core\Src\stm32g4xx_it.c
2025-09-23 16:14:17,515 [INFO] CodeEngine:263 - oldGeneratedFile, C:\create\MyProjects\IndependentResearch\LRA-Dynamics\NucleoG431KB-AFT14A903A\Core\Inc\stm32g4xx_it.h_save
2025-09-23 16:14:17,606 [INFO] CodeEngine:287 - Generated code: C:\create\MyProjects\IndependentResearch\LRA-Dynamics\NucleoG431KB-AFT14A903A\Core\Inc\stm32g4xx_it.h
2025-09-23 16:14:17,627 [INFO] CodeEngine:263 - oldGeneratedFile, C:\create\MyProjects\IndependentResearch\LRA-Dynamics\NucleoG431KB-AFT14A903A\Core\Src\stm32g4xx_hal_msp.c_save
2025-09-23 16:14:17,802 [INFO] CodeEngine:287 - Generated code: C:\create\MyProjects\IndependentResearch\LRA-Dynamics\NucleoG431KB-AFT14A903A\Core\Src\stm32g4xx_hal_msp.c
2025-09-23 16:14:17,809 [INFO] CodeEngine:263 - oldGeneratedFile, C:\create\MyProjects\IndependentResearch\LRA-Dynamics\NucleoG431KB-AFT14A903A\MXTmpFiles\system.tmp_save
2025-09-23 16:14:17,916 [INFO] CodeEngine:287 - Generated code: C:\create\MyProjects\IndependentResearch\LRA-Dynamics\NucleoG431KB-AFT14A903A\MXTmpFiles\system.tmp
2025-09-23 16:14:17,958 [INFO] CodeEngine:319 - oldGeneratedFile, C:\create\MyProjects\IndependentResearch\LRA-Dynamics\NucleoG431KB-AFT14A903A\Core\Inc\stm32g4xx_hal_conf.h_save
2025-09-23 16:14:18,086 [INFO] CodeEngine:343 - Generated code: C:\create\MyProjects\IndependentResearch\LRA-Dynamics\NucleoG431KB-AFT14A903A\Core\Inc\stm32g4xx_hal_conf.h
2025-09-23 16:14:18,127 [WARN] IPConfigManager:3217 - Warning: the RefConfig RCC_CommonPeriphClockConfig is not available in your config.xml file
2025-09-23 16:14:18,136 [INFO] ApiDbMcu:508 - Load IP Config File for RCC
2025-09-23 16:14:18,153 [INFO] CodeEngine:263 - oldGeneratedFile, C:\create\MyProjects\IndependentResearch\LRA-Dynamics\NucleoG431KB-AFT14A903A\Core\Inc\main.h_save
2025-09-23 16:14:18,276 [INFO] CodeEngine:287 - Generated code: C:\create\MyProjects\IndependentResearch\LRA-Dynamics\NucleoG431KB-AFT14A903A\Core\Inc\main.h
2025-09-23 16:14:18,284 [INFO] CodeEngine:263 - oldGeneratedFile, C:\create\MyProjects\IndependentResearch\LRA-Dynamics\NucleoG431KB-AFT14A903A\Core\Src\main.c_save
2025-09-23 16:14:18,502 [INFO] CodeEngine:287 - Generated code: C:\create\MyProjects\IndependentResearch\LRA-Dynamics\NucleoG431KB-AFT14A903A\Core\Src\main.c
2025-09-23 16:14:19,126 [INFO] ProjectBuilder:3324 - Time for Copy HAL[1] : 318mS.
2025-09-23 16:14:19,141 [INFO] ProjectBuilder:4912 - Project Generator version: 4.6.0.1-B1
2025-09-23 16:14:19,293 [INFO] ConfigFileManager:1590 - The Die is : DIE468
2025-09-23 16:14:19,323 [INFO] ApiDbMcu:508 - Load IP Config File for FATFS
2025-09-23 16:14:19,335 [INFO] ApiDbMcu:508 - Load IP Config File for FREERTOS
2025-09-23 16:14:19,349 [INFO] ApiDbMcu:508 - Load IP Config File for USBPD
2025-09-23 16:14:19,366 [INFO] ApiDbMcu:508 - Load IP Config File for USB_DEVICE
2025-09-23 16:14:20,015 [INFO] LogOutputStream:77 - [STDOUT_REDIRECT] 
2025-09-23 16:14:25,561 [INFO] ProjectBuilder:5191 - Time for Generating toolchain IDE Files: 6419mS.
2025-09-23 16:14:25,563 [INFO] ProjectBuilder:3181 - Time for Copy CMSIS : 1mS.
2025-09-23 16:14:25,566 [INFO] ProjectBuilder:3181 - Time for Copy CMSIS : 1mS.
2025-09-23 16:14:26,657 [INFO] McuFinderGlobals:76 - Set McuFinderConnectedMode to true
2025-09-23 16:14:26,664 [INFO] ApiDb:448 - Save user favorites file C:\Users\m-ren/.stm32cubeide/favorites.mcus.txt: 3 item(s)
2025-09-23 16:14:26,665 [INFO] ApiDb:452 - User favorites MCUs=[STM32F303K8T6, STM32F446RET6, STM32G431KBT6]
2025-09-23 16:14:26,670 [INFO] ApiDb:448 - Save user favorites file C:\Users\m-ren/.stm32cubeide/favorites.boards.txt: 5 item(s)
2025-09-23 16:14:26,671 [INFO] ApiDb:452 - User favorites Boards=[NUCLEO-F303K8, NUCLEO-F446RE, NUCLEO-F767ZI, NUCLEO-G431KB, NUCLEO-H563ZI]
2025-09-23 16:27:10,650 [INFO] UtilMem:75 - End SaveConfig() Used Memory: 831817752 Bytes (1073741824)
2025-09-23 16:27:13,679 [INFO] UtilMem:75 - End SaveConfig() Used Memory: 851167416 Bytes (1073741824)
2025-09-23 16:27:20,883 [INFO] UtilMem:75 - End SaveConfig() Used Memory: 994296024 Bytes (1073741824)
2025-09-23 16:27:21,586 [INFO] BlockDiagram:2775 - set Specific Code input for plugin: SYS
2025-09-23 16:27:21,588 [INFO] BlockDiagram:2775 - set Specific Code input for plugin: RCC
2025-09-23 16:27:21,588 [INFO] BlockDiagram:2775 - set Specific Code input for plugin: NVIC
2025-09-23 16:27:21,588 [INFO] BlockDiagram:2775 - set Specific Code input for plugin: GPIO
2025-09-23 16:27:21,593 [INFO] CodeGenerator:882 - code generatio: config db path: C:\ST\STM32CubeIDE_1.15.1\STM32CubeIDE\plugins\com.st.stm32cube.common.mx_6.14.1.202504091515\\db\
2025-09-23 16:27:21,785 [INFO] CodeEngine:263 - oldGeneratedFile, C:\create\MyProjects\IndependentResearch\LRA-Dynamics\NucleoG431KB-AFT14A903A\MXTmpFiles\license.tmp_save
2025-09-23 16:27:21,952 [INFO] CodeEngine:287 - Generated code: C:\create\MyProjects\IndependentResearch\LRA-Dynamics\NucleoG431KB-AFT14A903A\MXTmpFiles\license.tmp
2025-09-23 16:27:22,044 [INFO] CodeEngine:263 - oldGeneratedFile, C:\create\MyProjects\IndependentResearch\LRA-Dynamics\NucleoG431KB-AFT14A903A\MXTmpFiles\gpio.tmp_save
2025-09-23 16:27:22,179 [INFO] CodeEngine:287 - Generated code: C:\create\MyProjects\IndependentResearch\LRA-Dynamics\NucleoG431KB-AFT14A903A\MXTmpFiles\gpio.tmp
2025-09-23 16:27:22,269 [INFO] CodeEngine:263 - oldGeneratedFile, C:\create\MyProjects\IndependentResearch\LRA-Dynamics\NucleoG431KB-AFT14A903A\Core\Src\stm32g4xx_it.c_save
2025-09-23 16:27:22,405 [INFO] CodeEngine:287 - Generated code: C:\create\MyProjects\IndependentResearch\LRA-Dynamics\NucleoG431KB-AFT14A903A\Core\Src\stm32g4xx_it.c
2025-09-23 16:27:22,416 [INFO] CodeEngine:263 - oldGeneratedFile, C:\create\MyProjects\IndependentResearch\LRA-Dynamics\NucleoG431KB-AFT14A903A\Core\Inc\stm32g4xx_it.h_save
2025-09-23 16:27:22,528 [INFO] CodeEngine:287 - Generated code: C:\create\MyProjects\IndependentResearch\LRA-Dynamics\NucleoG431KB-AFT14A903A\Core\Inc\stm32g4xx_it.h
2025-09-23 16:27:22,562 [INFO] CodeEngine:263 - oldGeneratedFile, C:\create\MyProjects\IndependentResearch\LRA-Dynamics\NucleoG431KB-AFT14A903A\Core\Src\stm32g4xx_hal_msp.c_save
2025-09-23 16:27:22,708 [INFO] CodeEngine:287 - Generated code: C:\create\MyProjects\IndependentResearch\LRA-Dynamics\NucleoG431KB-AFT14A903A\Core\Src\stm32g4xx_hal_msp.c
2025-09-23 16:27:22,714 [INFO] CodeEngine:263 - oldGeneratedFile, C:\create\MyProjects\IndependentResearch\LRA-Dynamics\NucleoG431KB-AFT14A903A\MXTmpFiles\system.tmp_save
2025-09-23 16:27:22,782 [INFO] CodeEngine:287 - Generated code: C:\create\MyProjects\IndependentResearch\LRA-Dynamics\NucleoG431KB-AFT14A903A\MXTmpFiles\system.tmp
2025-09-23 16:27:22,797 [INFO] CodeEngine:319 - oldGeneratedFile, C:\create\MyProjects\IndependentResearch\LRA-Dynamics\NucleoG431KB-AFT14A903A\Core\Inc\stm32g4xx_hal_conf.h_save
2025-09-23 16:27:22,879 [INFO] CodeEngine:343 - Generated code: C:\create\MyProjects\IndependentResearch\LRA-Dynamics\NucleoG431KB-AFT14A903A\Core\Inc\stm32g4xx_hal_conf.h
2025-09-23 16:27:22,909 [WARN] IPConfigManager:3217 - Warning: the RefConfig RCC_CommonPeriphClockConfig is not available in your config.xml file
2025-09-23 16:27:22,946 [INFO] CodeEngine:263 - oldGeneratedFile, C:\create\MyProjects\IndependentResearch\LRA-Dynamics\NucleoG431KB-AFT14A903A\Core\Inc\main.h_save
2025-09-23 16:27:23,026 [INFO] CodeEngine:287 - Generated code: C:\create\MyProjects\IndependentResearch\LRA-Dynamics\NucleoG431KB-AFT14A903A\Core\Inc\main.h
2025-09-23 16:27:23,034 [INFO] CodeEngine:263 - oldGeneratedFile, C:\create\MyProjects\IndependentResearch\LRA-Dynamics\NucleoG431KB-AFT14A903A\Core\Src\main.c_save
2025-09-23 16:27:23,137 [INFO] CodeEngine:287 - Generated code: C:\create\MyProjects\IndependentResearch\LRA-Dynamics\NucleoG431KB-AFT14A903A\Core\Src\main.c
2025-09-23 16:27:23,597 [INFO] ProjectBuilder:3324 - Time for Copy HAL[1] : 238mS.
2025-09-23 16:27:23,611 [INFO] ProjectBuilder:4912 - Project Generator version: 4.6.0.1-B1
2025-09-23 16:27:23,712 [INFO] ConfigFileManager:1590 - The Die is : DIE468
2025-09-23 16:27:25,437 [INFO] ProjectBuilder:5191 - Time for Generating toolchain IDE Files: 1825mS.
2025-09-23 16:27:25,443 [INFO] ProjectBuilder:3181 - Time for Copy CMSIS : 1mS.
2025-09-23 16:27:25,448 [INFO] ProjectBuilder:3181 - Time for Copy CMSIS : 0mS.
2025-09-23 16:27:37,082 [ERROR] LogOutputStream:75 - [STDERR_REDIRECT] 
2025-09-23 16:36:21,069 [INFO] Activator:176 - 


2025-09-23 16:36:21,075 [INFO] Activator:177 - !SESSION log4j initialized
2025-09-23 16:36:33,712 [INFO] LogOutputStream:77 - [STDOUT_REDIRECT] 
2025-09-23 16:36:35,805 [INFO] ApplicationProperties:184 - Using Application install path: C:\ST\STM32CubeIDE_1.15.1\STM32CubeIDE\plugins\com.st.stm32cube.common.mx_6.14.1.202504091515
2025-09-23 16:36:35,848 [INFO] DbMcusXml:78 - Set database path to: C:\ST\STM32CubeIDE_1.15.1\STM32CubeIDE\plugins\com.st.stm32cube.common.mx_6.14.1.202504091515\\db\/mcu/
2025-09-23 16:36:35,849 [INFO] ApiDb:274 - Set plugin database path to: C:\ST\STM32CubeIDE_1.15.1\STM32CubeIDE\plugins\com.st.stm32cube.common.mx_6.14.1.202504091515\\db\/plugins/boardmanager/
2025-09-23 16:36:35,850 [WARN] ApiDb:259 - Overriding images path with different value:  => C:\ST\STM32CubeIDE_1.15.1\STM32CubeIDE\plugins\com.st.stm32cube.common.mx_6.14.1.202504091515\\db\/plugins/mcufinder/images/
2025-09-23 16:36:35,869 [INFO] ApiDb:250 - Set database path to: C:\Users\m-ren\.stmcufinder\plugins\mcufinder//mcu/
2025-09-23 16:36:35,874 [INFO] DbMcusAds:125 - Set database path to: C:\Users\m-ren\.stmcufinder\plugins\mcufinder//mcu/
2025-09-23 16:36:35,879 [INFO] CrossReferenceDbSqlite:203 - Set database path to: C:\Users\m-ren\.stmcufinder\plugins\mcufinder//mcu/cs/
2025-09-23 16:36:36,121 [INFO] RulesReader:64 - Compatibility file has been processed (302 Rules)
2025-09-23 16:36:36,290 [INFO] DbMcusXml:78 - Set database path to: C:\ST\STM32CubeIDE_1.15.1\STM32CubeIDE\plugins\com.st.stm32cube.common.mx_6.14.1.202504091515\\db\/mcu/
2025-09-23 16:36:36,290 [INFO] ApiDb:274 - Set plugin database path to: C:\ST\STM32CubeIDE_1.15.1\STM32CubeIDE\plugins\com.st.stm32cube.common.mx_6.14.1.202504091515\\db\/plugins/boardmanager/
2025-09-23 16:36:36,290 [INFO] ApiDb:261 - Set plugin images path to: C:\ST\STM32CubeIDE_1.15.1\STM32CubeIDE\plugins\com.st.stm32cube.common.mx_6.14.1.202504091515\\db\/plugins/mcufinder/images/
2025-09-23 16:36:36,292 [WARN] DbFile:41 - Overriding database path with different value: C:\Users\m-ren\.stmcufinder\plugins\mcufinder/ => C:\Users\m-ren\.stmcufinder\plugins\mcufinder
2025-09-23 16:36:36,292 [INFO] ApiDb:250 - Set database path to: C:\Users\m-ren\.stmcufinder\plugins\mcufinder//mcu/
2025-09-23 16:36:36,292 [WARN] DbFile:41 - Overriding database path with different value: C:\Users\m-ren\.stmcufinder\plugins\mcufinder/ => C:\Users\m-ren\.stmcufinder\plugins\mcufinder
2025-09-23 16:36:36,292 [INFO] DbMcusAds:125 - Set database path to: C:\Users\m-ren\.stmcufinder\plugins\mcufinder//mcu/
2025-09-23 16:36:36,292 [WARN] DbFile:41 - Overriding database path with different value: C:\Users\m-ren\.stmcufinder\plugins\mcufinder/ => C:\Users\m-ren\.stmcufinder\plugins\mcufinder
2025-09-23 16:36:36,293 [WARN] DbFile:41 - Overriding database path with different value: C:\Users\m-ren\.stmcufinder\plugins\mcufinder/ => C:\Users\m-ren\.stmcufinder\plugins\mcufinder
2025-09-23 16:36:36,293 [INFO] CrossReferenceDbSqlite:203 - Set database path to: C:\Users\m-ren\.stmcufinder\plugins\mcufinder//mcu/cs/
2025-09-23 16:36:36,463 [INFO] MainPanel:272 - HeapMemory: 268435456
2025-09-23 16:36:36,811 [INFO] DbMcusXml:78 - Set database path to: C:\ST\STM32CubeIDE_1.15.1\STM32CubeIDE\plugins\com.st.stm32cube.common.mx_6.14.1.202504091515\\db\/mcu/
2025-09-23 16:36:36,811 [INFO] ApiDb:274 - Set plugin database path to: C:\ST\STM32CubeIDE_1.15.1\STM32CubeIDE\plugins\com.st.stm32cube.common.mx_6.14.1.202504091515\\db\/plugins/boardmanager/
2025-09-23 16:36:36,811 [INFO] ApiDb:261 - Set plugin images path to: C:\ST\STM32CubeIDE_1.15.1\STM32CubeIDE\plugins\com.st.stm32cube.common.mx_6.14.1.202504091515\\db\/plugins/mcufinder/images/
2025-09-23 16:36:36,812 [WARN] DbFile:41 - Overriding database path with different value: C:\Users\m-ren\.stmcufinder\plugins\mcufinder/ => C:\Users\m-ren\.stmcufinder\plugins\mcufinder
2025-09-23 16:36:36,812 [INFO] ApiDb:250 - Set database path to: C:\Users\m-ren\.stmcufinder\plugins\mcufinder//mcu/
2025-09-23 16:36:36,812 [WARN] DbFile:41 - Overriding database path with different value: C:\Users\m-ren\.stmcufinder\plugins\mcufinder/ => C:\Users\m-ren\.stmcufinder\plugins\mcufinder
2025-09-23 16:36:36,813 [INFO] DbMcusAds:125 - Set database path to: C:\Users\m-ren\.stmcufinder\plugins\mcufinder//mcu/
2025-09-23 16:36:36,813 [WARN] DbFile:41 - Overriding database path with different value: C:\Users\m-ren\.stmcufinder\plugins\mcufinder/ => C:\Users\m-ren\.stmcufinder\plugins\mcufinder
2025-09-23 16:36:36,813 [WARN] DbFile:41 - Overriding database path with different value: C:\Users\m-ren\.stmcufinder\plugins\mcufinder/ => C:\Users\m-ren\.stmcufinder\plugins\mcufinder
2025-09-23 16:36:36,814 [INFO] CrossReferenceDbSqlite:203 - Set database path to: C:\Users\m-ren\.stmcufinder\plugins\mcufinder//mcu/cs/
2025-09-23 16:36:36,848 [INFO] ApplicationProperties:184 - Using Application install path: C:\ST\STM32CubeIDE_1.15.1\STM32CubeIDE\plugins\com.st.stm32cube.common.mx_6.14.1.202504091515
2025-09-23 16:36:36,851 [INFO] PluginManage:196 - Search for loadable plugins [exclusion list=, ]
2025-09-23 16:36:36,855 [INFO] PluginManage:310 - Check plugin analytics
2025-09-23 16:36:37,293 [INFO] AnalyticsPlugin:253 - Accepted Software Licenses: STM32CubeMX.6.9.1,STM32CubeMX.6.11.1
2025-09-23 16:36:37,293 [INFO] AnalyticsPlugin:255 - Accepted CMSIS Pack Licenses: 
2025-09-23 16:36:37,293 [INFO] AnalyticsPlugin:257 - Accepted Firmware Licenses: FW.F7.1.17.0,FW.F4.1.28.0,FW.H5.1.5.0,FW.C0.1.4.0
2025-09-23 16:36:37,301 [INFO] PluginManage:359 - Loaded plugin analytics (category:tool,tabindex:-1)
2025-09-23 16:36:37,302 [INFO] PluginManage:310 - Check plugin cadmodel
2025-09-23 16:36:37,313 [INFO] CADModel:105 - Init CAD model plugin
2025-09-23 16:36:37,314 [INFO] PluginManage:359 - Loaded plugin cadmodel (category:power,tabindex:5)
2025-09-23 16:36:37,314 [INFO] PluginManage:310 - Check plugin clock
2025-09-23 16:36:37,337 [INFO] PluginManage:359 - Loaded plugin clock (category:base,tabindex:2)
2025-09-23 16:36:37,337 [INFO] PluginManage:310 - Check plugin ddr
2025-09-23 16:36:37,342 [INFO] PluginManage:359 - Loaded plugin ddr (category:tool,tabindex:6)
2025-09-23 16:36:37,343 [INFO] PluginManage:310 - Check plugin filemanager
2025-09-23 16:36:37,678 [INFO] PluginManage:359 - Loaded plugin filemanager (category:base,tabindex:10)
2025-09-23 16:36:37,679 [INFO] PluginManage:310 - Check plugin ipmanager
2025-09-23 16:36:37,693 [INFO] PluginManage:359 - Loaded plugin ipmanager (category:base,tabindex:5)
2025-09-23 16:36:37,693 [INFO] PluginManage:310 - Check plugin lpbam
2025-09-23 16:36:37,713 [INFO] PluginManage:359 - Loaded plugin lpbam (category:base,tabindex:0)
2025-09-23 16:36:37,713 [INFO] PluginManage:310 - Check plugin memorymap
2025-09-23 16:36:37,755 [INFO] PluginManage:359 - Loaded plugin memorymap (category:base,tabindex:4)
2025-09-23 16:36:37,756 [INFO] PluginManage:310 - Check plugin pinoutandconfiguration
2025-09-23 16:36:37,777 [INFO] PluginManage:359 - Loaded plugin pinoutandconfiguration (category:base,tabindex:1)
2025-09-23 16:36:37,777 [INFO] PluginManage:310 - Check plugin pinoutconfig
2025-09-23 16:36:38,014 [WARN] SupportedApi:132 - Cannot load RTOS API schema: s4s-elt-must-match.1: The content of 'definitions' must match (annotation?, (simpleType | complexType)?, (unique | key | keyref)*)). A problem was found starting at: attribute.
2025-09-23 16:36:38,329 [INFO] PluginManage:359 - Loaded plugin pinoutconfig (category:base,tabindex:0)
2025-09-23 16:36:38,330 [INFO] PluginManage:310 - Check plugin power
2025-09-23 16:36:38,354 [INFO] PluginManage:359 - Loaded plugin power (category:power,tabindex:4)
2025-09-23 16:36:38,354 [INFO] PluginManage:310 - Check plugin projectmanager
2025-09-23 16:36:38,392 [INFO] PluginManage:359 - Loaded plugin projectmanager (category:projectmanager,tabindex:4)
2025-09-23 16:36:38,393 [INFO] PluginManage:310 - Check plugin rif
2025-09-23 16:36:38,414 [INFO] PluginManage:359 - Loaded plugin rif (category:base,tabindex:3)
2025-09-23 16:36:38,415 [INFO] PluginManage:310 - Check plugin thirdparty
2025-09-23 16:36:38,737 [INFO] PluginManage:359 - Loaded plugin thirdparty (category:base,tabindex:-1)
2025-09-23 16:36:38,737 [WARN] IntegrityCheckThread:84 - waiting for thirdparty lock release [integrity check]
2025-09-23 16:36:38,737 [INFO] IntegrityCheckThread:86 - entering critical section [integrity check]
2025-09-23 16:36:38,737 [INFO] PluginManage:310 - Check plugin tools
2025-09-23 16:36:38,739 [INFO] ThirdPartyUpdaterWithRetryManager:70 - Updater plugin not ready yet. [1/15]
2025-09-23 16:36:38,744 [INFO] PluginManage:359 - Loaded plugin tools (category:base,tabindex:7)
2025-09-23 16:36:38,744 [INFO] PluginManage:310 - Check plugin tutovideos
2025-09-23 16:36:39,173 [INFO] PluginManage:359 - Loaded plugin tutovideos (category:base,tabindex:-1)
2025-09-23 16:36:39,174 [INFO] PluginManage:310 - Check plugin updater
2025-09-23 16:36:39,218 [INFO] PluginManage:359 - Loaded plugin updater (category:base,tabindex:12)
2025-09-23 16:36:39,219 [INFO] PluginManage:310 - Check plugin userauth
2025-09-23 16:36:39,229 [INFO] UserAuth:118 - Init User Auth plugin
2025-09-23 16:36:39,231 [INFO] PluginManage:359 - Loaded plugin userauth (category:base,tabindex:14)
2025-09-23 16:36:39,233 [INFO] PluginManage:283 - PluginManage : Loaded plugins [18]
2025-09-23 16:36:39,665 [INFO] PinOutPanel:1589 - setPackage(No Configuration,No Configuration)
2025-09-23 16:36:39,849 [INFO] CADModel:165 - CPN selected for project level
2025-09-23 16:36:39,849 [INFO] CADModel:114 - Register for checkConnection events
2025-09-23 16:36:39,898 [INFO] IPUIPlugin:80 - create IPUIPlugin
2025-09-23 16:36:39,899 [INFO] PluginManager:220 - loadIPPluginJar : add adc
2025-09-23 16:36:39,905 [INFO] IPUIPlugin:80 - create IPUIPlugin
2025-09-23 16:36:39,906 [INFO] PluginManager:220 - loadIPPluginJar : add aes
2025-09-23 16:36:39,913 [INFO] IPUIPlugin:80 - create IPUIPlugin
2025-09-23 16:36:39,914 [INFO] PluginManager:220 - loadIPPluginJar : add can
2025-09-23 16:36:39,916 [INFO] IPUIPlugin:80 - create IPUIPlugin
2025-09-23 16:36:39,916 [INFO] PluginManager:220 - loadIPPluginJar : add comp
2025-09-23 16:36:39,924 [INFO] IPUIPlugin:80 - create IPUIPlugin
2025-09-23 16:36:39,924 [INFO] PluginManager:220 - loadIPPluginJar : add cryp
2025-09-23 16:36:39,933 [INFO] IPUIPlugin:80 - create IPUIPlugin
2025-09-23 16:36:39,934 [INFO] PluginManager:220 - loadIPPluginJar : add ddr_ctrl_phy
2025-09-23 16:36:39,940 [INFO] IPUIPlugin:80 - create IPUIPlugin
2025-09-23 16:36:39,940 [INFO] PluginManager:220 - loadIPPluginJar : add dfsdm
2025-09-23 16:36:39,954 [INFO] IPUIPlugin:80 - create IPUIPlugin
2025-09-23 16:36:39,955 [INFO] PluginManager:220 - loadIPPluginJar : add dma
2025-09-23 16:36:39,962 [INFO] IPUIPlugin:80 - create IPUIPlugin
2025-09-23 16:36:39,962 [INFO] PluginManager:220 - loadIPPluginJar : add dma3
2025-09-23 16:36:39,970 [INFO] IPUIPlugin:80 - create IPUIPlugin
2025-09-23 16:36:39,971 [INFO] PluginManager:220 - loadIPPluginJar : add extmemmanager
2025-09-23 16:36:39,975 [INFO] IPUIPlugin:80 - create IPUIPlugin
2025-09-23 16:36:39,975 [INFO] PluginManager:220 - loadIPPluginJar : add fatfs
2025-09-23 16:36:39,987 [INFO] IPUIPlugin:80 - create IPUIPlugin
2025-09-23 16:36:39,988 [INFO] PluginManager:220 - loadIPPluginJar : add fmc
2025-09-23 16:36:40,004 [INFO] IPUIPlugin:80 - create IPUIPlugin
2025-09-23 16:36:40,005 [INFO] PluginManager:220 - loadIPPluginJar : add freertos
2025-09-23 16:36:40,008 [INFO] IPUIPlugin:80 - create IPUIPlugin
2025-09-23 16:36:40,009 [INFO] PluginManager:220 - loadIPPluginJar : add genericplugin
2025-09-23 16:36:40,014 [INFO] IPUIPlugin:80 - create IPUIPlugin
2025-09-23 16:36:40,015 [INFO] PluginManager:220 - loadIPPluginJar : add gfxmmu
2025-09-23 16:36:40,027 [INFO] IPUIPlugin:80 - create IPUIPlugin
2025-09-23 16:36:40,027 [INFO] PluginManager:220 - loadIPPluginJar : add gic
2025-09-23 16:36:40,038 [INFO] IPUIPlugin:80 - create IPUIPlugin
2025-09-23 16:36:40,039 [INFO] PluginManager:220 - loadIPPluginJar : add gpio
2025-09-23 16:36:40,046 [INFO] IPUIPlugin:80 - create IPUIPlugin
2025-09-23 16:36:40,047 [INFO] PluginManager:220 - loadIPPluginJar : add gtzc
2025-09-23 16:36:40,053 [INFO] IPUIPlugin:80 - create IPUIPlugin
2025-09-23 16:36:40,054 [INFO] PluginManager:220 - loadIPPluginJar : add hash
2025-09-23 16:36:40,059 [INFO] IPUIPlugin:80 - create IPUIPlugin
2025-09-23 16:36:40,060 [INFO] PluginManager:220 - loadIPPluginJar : add i2c
2025-09-23 16:36:40,067 [INFO] IPUIPlugin:80 - create IPUIPlugin
2025-09-23 16:36:40,067 [INFO] PluginManager:220 - loadIPPluginJar : add i2s
2025-09-23 16:36:40,075 [INFO] IPUIPlugin:80 - create IPUIPlugin
2025-09-23 16:36:40,075 [INFO] PluginManager:220 - loadIPPluginJar : add i3c
2025-09-23 16:36:40,084 [INFO] IPUIPlugin:80 - create IPUIPlugin
2025-09-23 16:36:40,084 [INFO] PluginManager:220 - loadIPPluginJar : add ipddr
2025-09-23 16:36:40,101 [INFO] IPUIPlugin:80 - create IPUIPlugin
2025-09-23 16:36:40,102 [INFO] PluginManager:220 - loadIPPluginJar : add linkedlist
2025-09-23 16:36:40,109 [INFO] IPUIPlugin:80 - create IPUIPlugin
2025-09-23 16:36:40,109 [INFO] PluginManager:220 - loadIPPluginJar : add lorawan
2025-09-23 16:36:40,112 [INFO] IPUIPlugin:80 - create IPUIPlugin
2025-09-23 16:36:40,112 [INFO] PluginManager:220 - loadIPPluginJar : add ltdc
2025-09-23 16:36:40,127 [INFO] IPUIPlugin:80 - create IPUIPlugin
2025-09-23 16:36:40,128 [INFO] PluginManager:220 - loadIPPluginJar : add mdma
2025-09-23 16:36:40,139 [INFO] IPUIPlugin:80 - create IPUIPlugin
2025-09-23 16:36:40,139 [INFO] PluginManager:220 - loadIPPluginJar : add nvic
2025-09-23 16:36:40,147 [INFO] IPUIPlugin:80 - create IPUIPlugin
2025-09-23 16:36:40,147 [INFO] PluginManager:220 - loadIPPluginJar : add opamp
2025-09-23 16:36:40,155 [INFO] IPUIPlugin:80 - create IPUIPlugin
2025-09-23 16:36:40,156 [INFO] PluginManager:220 - loadIPPluginJar : add openamp
2025-09-23 16:36:40,164 [INFO] IPUIPlugin:80 - create IPUIPlugin
2025-09-23 16:36:40,164 [INFO] PluginManager:220 - loadIPPluginJar : add pdm2pcm
2025-09-23 16:36:40,179 [INFO] IPUIPlugin:80 - create IPUIPlugin
2025-09-23 16:36:40,184 [INFO] PluginManager:220 - loadIPPluginJar : add plateformsettings
2025-09-23 16:36:40,188 [INFO] IPUIPlugin:80 - create IPUIPlugin
2025-09-23 16:36:40,188 [INFO] PluginManager:220 - loadIPPluginJar : add quadspi
2025-09-23 16:36:40,192 [INFO] IPUIPlugin:80 - create IPUIPlugin
2025-09-23 16:36:40,198 [INFO] PluginManager:220 - loadIPPluginJar : add radio
2025-09-23 16:36:40,207 [INFO] IPUIPlugin:80 - create IPUIPlugin
2025-09-23 16:36:40,207 [INFO] PluginManager:220 - loadIPPluginJar : add resmgrutility
2025-09-23 16:36:40,215 [INFO] IPUIPlugin:80 - create IPUIPlugin
2025-09-23 16:36:40,215 [INFO] PluginManager:220 - loadIPPluginJar : add sai
2025-09-23 16:36:40,221 [INFO] IPUIPlugin:80 - create IPUIPlugin
2025-09-23 16:36:40,221 [INFO] PluginManager:220 - loadIPPluginJar : add spi
2025-09-23 16:36:40,235 [INFO] IPUIPlugin:80 - create IPUIPlugin
2025-09-23 16:36:40,235 [INFO] PluginManager:220 - loadIPPluginJar : add stm32_wpan
2025-09-23 16:36:40,240 [INFO] IPUIPlugin:80 - create IPUIPlugin
2025-09-23 16:36:40,240 [INFO] PluginManager:220 - loadIPPluginJar : add tim
2025-09-23 16:36:40,246 [INFO] IPUIPlugin:80 - create IPUIPlugin
2025-09-23 16:36:40,247 [INFO] PluginManager:220 - loadIPPluginJar : add touchsensing
2025-09-23 16:36:40,252 [INFO] IPUIPlugin:80 - create IPUIPlugin
2025-09-23 16:36:40,253 [INFO] PluginManager:220 - loadIPPluginJar : add tracer_emb
2025-09-23 16:36:40,258 [INFO] IPUIPlugin:80 - create IPUIPlugin
2025-09-23 16:36:40,258 [INFO] PluginManager:220 - loadIPPluginJar : add ts
2025-09-23 16:36:40,263 [INFO] IPUIPlugin:80 - create IPUIPlugin
2025-09-23 16:36:40,263 [INFO] PluginManager:220 - loadIPPluginJar : add tsc
2025-09-23 16:36:40,267 [INFO] IPUIPlugin:80 - create IPUIPlugin
2025-09-23 16:36:40,268 [INFO] PluginManager:220 - loadIPPluginJar : add ucpd
2025-09-23 16:36:40,274 [INFO] IPUIPlugin:80 - create IPUIPlugin
2025-09-23 16:36:40,274 [INFO] PluginManager:220 - loadIPPluginJar : add usart
2025-09-23 16:36:40,281 [INFO] IPUIPlugin:80 - create IPUIPlugin
2025-09-23 16:36:40,282 [INFO] PluginManager:220 - loadIPPluginJar : add usbx
2025-09-23 16:36:40,454 [FATAL] Updater:351 - Updater called before beeing initialized
2025-09-23 16:36:40,518 [INFO] RulesReader:64 - Compatibility file has been processed (302 Rules)
2025-09-23 16:36:40,534 [INFO] RulesReader:64 - Compatibility file has been processed (302 Rules)
2025-09-23 16:36:40,556 [INFO] CADModel:165 - CPN selected for project level
2025-09-23 16:36:40,556 [INFO] CADModel:114 - Register for checkConnection events
2025-09-23 16:36:40,557 [FATAL] Updater:351 - Updater called before beeing initialized
2025-09-23 16:36:40,557 [ERROR] CADModel:125 - Updater not yet initialized, retry later 
2025-09-23 16:36:40,864 [FATAL] Updater:351 - Updater called before beeing initialized
2025-09-23 16:36:40,869 [INFO] CADModel:165 - CPN selected for project level
2025-09-23 16:36:40,870 [INFO] CADModel:114 - Register for checkConnection events
2025-09-23 16:36:40,870 [FATAL] Updater:351 - Updater called before beeing initialized
2025-09-23 16:36:40,870 [ERROR] CADModel:125 - Updater not yet initialized, retry later 
2025-09-23 16:36:40,880 [FATAL] Updater:351 - Updater called before beeing initialized
2025-09-23 16:36:41,130 [FATAL] Updater:351 - Updater called before beeing initialized
2025-09-23 16:36:41,137 [INFO] DbMcusAds:53 - JSON generation date=Tue Jul 08 17:14:27 JST 2025 (1751962467633)
2025-09-23 16:36:41,138 [FATAL] Updater:351 - Updater called before beeing initialized
2025-09-23 16:36:41,196 [WARN] DetailPanel:346 - Failed to get advertising image, set to default
2025-09-23 16:36:41,561 [FATAL] Updater:351 - Updater called before beeing initialized
2025-09-23 16:36:41,566 [FATAL] Updater:351 - Updater called before beeing initialized
2025-09-23 16:36:41,566 [FATAL] Updater:351 - Updater called before beeing initialized
2025-09-23 16:36:41,566 [WARN] DetailPanel:346 - Failed to get advertising image, set to default
2025-09-23 16:36:41,568 [FATAL] Updater:351 - Updater called before beeing initialized
2025-09-23 16:36:41,643 [ERROR] Updater:1198 - MainUpdater not yet initialized. External WinMGr cannot be set.
2025-09-23 16:36:41,648 [INFO] Updater:1134 - Updater Version found : 6.14.1
2025-09-23 16:36:41,685 [INFO] ApplicationProperties:184 - Using Application install path: C:\ST\STM32CubeIDE_1.15.1\STM32CubeIDE\plugins\com.st.stm32cube.common.mx_6.14.1.202504091515
2025-09-23 16:36:41,740 [INFO] ThirdPartyUpdaterWithRetryManager:70 - Updater plugin not ready yet. [2/15]
2025-09-23 16:36:42,371 [INFO] MainUpdater:2872 - connection check result : 10
2025-09-23 16:36:42,372 [INFO] MainUpdater:289 - Updater Check For Update Now.
2025-09-23 16:36:42,372 [INFO] MicroXplorer:498 - Change Database Version : DB.6.0.141
2025-09-23 16:36:42,387 [INFO] McuFinderGlobals:63 - Set McuFinder mode to 2 (CubeIDE integrated)
2025-09-23 16:36:42,389 [INFO] UserAuth:484 - Internet connection configuration mode: 1
2025-09-23 16:36:42,448 [INFO] JxBrowserEngine:152 - Initiate JxBrowser Engine with user profile folder
2025-09-23 16:36:42,603 [INFO] CheckServerUpdateThread:120 - End of CheckServer Thread
2025-09-23 16:36:43,783 [INFO] WebApp:169 - Instantiating new browser for Auth
2025-09-23 16:36:45,277 [INFO] WebApp:463 - Apply proxy settings
2025-09-23 16:36:45,278 [INFO] WebApp:548 - Chromium requires no authentication
2025-09-23 16:36:45,298 [INFO] WebApp:491 - Direct internet connection detected
2025-09-23 16:36:45,328 [WARN] PackLoader:240 - Cannot read IP mode file for STMicroelectronics.FP-SNS-MOTENVWB1.1.4.0
2025-09-23 16:36:45,352 [WARN] PackLoader:240 - Cannot read IP mode file for STMicroelectronics.FP-ATR-ASTRA1.2.0.2
2025-09-23 16:36:45,359 [WARN] PackLoader:240 - Cannot read IP mode file for STMicroelectronics.FP-ATR-ASTRA1.2.0.1
2025-09-23 16:36:45,378 [WARN] PackLoader:240 - Cannot read IP mode file for STMicroelectronics.X-CUBE-SMBUS.2.1.0
2025-09-23 16:36:45,387 [INFO] WebApp:894 - Register for checkConnection events
2025-09-23 16:36:45,388 [INFO] WebApp:463 - Apply proxy settings
2025-09-23 16:36:45,388 [INFO] WebApp:548 - Chromium requires no authentication
2025-09-23 16:36:45,390 [INFO] WebApp:491 - Direct internet connection detected
2025-09-23 16:36:45,393 [WARN] PackLoader:240 - Cannot read IP mode file for STMicroelectronics.X-CUBE-WB05N.1.1.0
2025-09-23 16:36:45,403 [WARN] PackLoader:240 - Cannot read IP mode file for STMicroelectronics.X-CUBE-TOUCHGFX.4.23.2
2025-09-23 16:36:45,447 [WARN] PackLoader:240 - Cannot read IP mode file for STMicroelectronics.X-CUBE-AZRTOS-F7.1.1.0
2025-09-23 16:36:45,539 [WARN] PackLoader:240 - Cannot read IP mode file for STMicroelectronics.X-CUBE-MEMS1.11.0.0
2025-09-23 16:36:45,691 [WARN] PackLoader:240 - Cannot read IP mode file for STMicroelectronics.FP-SNS-FLIGHT1.5.0.2
2025-09-23 16:36:45,716 [WARN] PackLoader:240 - Cannot read IP mode file for STMicroelectronics.X-CUBE-AZRTOS-H7.3.4.0
2025-09-23 16:36:45,732 [WARN] PackLoader:240 - Cannot read IP mode file for STMicroelectronics.X-CUBE-DISPLAY.3.0.0
2025-09-23 16:36:45,746 [WARN] PackLoader:240 - Cannot read IP mode file for STMicroelectronics.X-CUBE-BLE1.7.0.0
2025-09-23 16:36:45,756 [WARN] PackLoader:240 - Cannot read IP mode file for STMicroelectronics.X-CUBE-NFC10.1.0.0
2025-09-23 16:36:45,783 [WARN] PackLoader:240 - Cannot read IP mode file for STMicroelectronics.X-CUBE-BLEMGR.4.0.0
2025-09-23 16:36:45,801 [WARN] PackLoader:240 - Cannot read IP mode file for emotas.I-CUBE-CANOPEN.1.3.0
2025-09-23 16:36:45,818 [WARN] PackLoader:240 - Cannot read IP mode file for STMicroelectronics.X-CUBE-BLEMGR.3.1.0
2025-09-23 16:36:45,831 [WARN] PackLoader:240 - Cannot read IP mode file for STMicroelectronics.X-CUBE-AI.10.0.0
2025-09-23 16:36:45,840 [ERROR] Engine:466 - C:\Users\m-ren\.stm32cubemx\thirdparties\pdsc\STMicroelectronics.FP-SNS-STBOX1.2.1.0.pdsc: PDSC version is not supported
2025-09-23 16:36:45,849 [WARN] PackLoader:240 - Cannot read IP mode file for STMicroelectronics.FP-SNS-SMARTAG2.1.2.0
2025-09-23 16:36:45,911 [WARN] PackLoader:240 - Cannot read IP mode file for STMicroelectronics.FP-SNS-FLIGHT1.5.1.0
2025-09-23 16:36:45,989 [WARN] PackLoader:240 - Cannot read IP mode file for STMicroelectronics.X-CUBE-MEMS1.11.1.0
2025-09-23 16:36:46,136 [INFO] LogOutputStream:77 - [STDOUT_REDIRECT] 1 : Invalid condition id : UX_CORESTACK_Condition cause : null
2025-09-23 16:36:46,138 [INFO] LogOutputStream:77 - [STDOUT_REDIRECT] 1 : Invalid condition id : UX_CORESTACK_Condition cause : null
2025-09-23 16:36:46,140 [INFO] LogOutputStream:77 - [STDOUT_REDIRECT] 1 : Invalid condition id : UX_CORESTACK_Condition cause : null
2025-09-23 16:36:46,143 [INFO] LogOutputStream:77 - [STDOUT_REDIRECT] 1 : Invalid condition id : UX_CORESTACK_Condition cause : null
2025-09-23 16:36:46,145 [INFO] LogOutputStream:77 - [STDOUT_REDIRECT] 1 : Invalid condition id : UX_CORESTACK_Condition cause : null
2025-09-23 16:36:46,148 [WARN] PackLoader:240 - Cannot read IP mode file for STMicroelectronics.X-CUBE-AZRTOS-WL.2.0.0
2025-09-23 16:36:46,157 [WARN] PackLoader:240 - Cannot read IP mode file for STMicroelectronics.FP-SNS-MOTENV1.5.0.0
2025-09-23 16:36:46,167 [WARN] PackLoader:240 - Cannot read IP mode file for wolfSSL.I-CUBE-wolfMQTT.1.19.0
2025-09-23 16:36:46,181 [WARN] PackLoader:240 - Cannot read IP mode file for WES.I-CUBE-Cesium.1.3.0
2025-09-23 16:36:46,191 [WARN] PackLoader:240 - Cannot read IP mode file for STMicroelectronics.X-CUBE-BLE2.3.3.0
2025-09-23 16:36:46,200 [WARN] PackLoader:240 - Cannot read IP mode file for STMicroelectronics.X-CUBE-NFC9.1.0.0
2025-09-23 16:36:46,208 [WARN] PackLoader:240 - Cannot read IP mode file for STMicroelectronics.X-CUBE-BLE1.7.1.0
2025-09-23 16:36:46,215 [WARN] PackLoader:240 - Cannot read IP mode file for STMicroelectronics.X-CUBE-TCPP.4.1.0
2025-09-23 16:36:46,226 [WARN] PackLoader:240 - Cannot read IP mode file for STMicroelectronics.X-CUBE-EEPRMA1.5.2.0
2025-09-23 16:36:46,232 [WARN] PackLoader:240 - Cannot read IP mode file for STMicroelectronics.X-CUBE-AI.10.1.0
2025-09-23 16:36:46,265 [INFO] WebApp:225 - Starting web application
2025-09-23 16:36:46,266 [INFO] WebApp:593 - Web application path used C:\ST\STM32CubeIDE_1.15.1\STM32CubeIDE\plugins\com.st.stm32cube.common.mx_6.14.1.202504091515\db\plugins\mcufinder\reactClient1\index.html
2025-09-23 16:36:46,279 [WARN] PackLoader:240 - Cannot read IP mode file for STMicroelectronics.X-CUBE-MEMS1.11.2.0
2025-09-23 16:36:46,418 [WARN] PackLoader:240 - Cannot read IP mode file for STMicroelectronics.X-CUBE-AZRTOS-G0.1.1.0
2025-09-23 16:36:46,429 [WARN] PackLoader:240 - Cannot read IP mode file for STMicroelectronics.X-CUBE-SAFEA1.1.2.2
2025-09-23 16:36:46,438 [WARN] PackLoader:240 - Cannot read IP mode file for STMicroelectronics.X-CUBE-NFC4.3.0.0
2025-09-23 16:36:46,453 [WARN] PackLoader:240 - Cannot read IP mode file for EmbeddedOffice.I-CUBE-FS-RTOS.1.0.1
2025-09-23 16:36:46,462 [WARN] PackLoader:240 - Cannot read IP mode file for STMicroelectronics.X-CUBE-WB05N.2.0.0
2025-09-23 16:36:46,471 [WARN] PackLoader:240 - Cannot read IP mode file for STMicroelectronics.X-CUBE-TCPP.4.2.0
2025-09-23 16:36:46,481 [WARN] PackLoader:240 - Cannot read IP mode file for RealThread.X-CUBE-RT-Thread_Nano.4.1.1
2025-09-23 16:36:46,490 [WARN] PackLoader:240 - Cannot read IP mode file for wolfSSL.I-CUBE-wolfSSL.5.7.0
2025-09-23 16:36:46,493 [INFO] UserAuth:484 - Internet connection configuration mode: 1
2025-09-23 16:36:46,500 [WARN] PackLoader:240 - Cannot read IP mode file for STMicroelectronics.FP-ATR-SIGFOX1.3.2.0
2025-09-23 16:36:46,508 [WARN] ConditionMgr:438 - getConditionDescription Invalid condition id : Cortex-A Device cause : null
2025-09-23 16:36:46,546 [WARN] ConditionMgr:1044 - genDependencies : Invalid condition id : Cortex-A Device cause : null
2025-09-23 16:36:46,547 [WARN] ConditionMgr:1044 - genDependencies : Invalid condition id : Cortex-A Device cause : null
2025-09-23 16:36:46,548 [WARN] ConditionMgr:1044 - genDependencies : Invalid condition id : Cortex-A Device cause : null
2025-09-23 16:36:46,560 [WARN] PackLoader:240 - Cannot read IP mode file for STMicroelectronics.X-CUBE-EEPRMA1.5.1.0
2025-09-23 16:36:46,577 [WARN] PackLoader:240 - Cannot read IP mode file for ITTIA_DB.I-CUBE-ITTIADB.8.9.0
2025-09-23 16:36:46,597 [WARN] PackLoader:240 - Cannot read IP mode file for STMicroelectronics.X-CUBE-ST67W61.1.0.0
2025-09-23 16:36:46,606 [WARN] PackLoader:240 - Cannot read IP mode file for STMicroelectronics.X-CUBE-AI.10.2.0
2025-09-23 16:36:46,672 [WARN] PackLoader:240 - Cannot read IP mode file for SEGGER.I-CUBE-embOS.1.3.1
2025-09-23 16:36:46,716 [WARN] PackLoader:240 - Cannot read IP mode file for STMicroelectronics.X-CUBE-ALGOBUILD.1.4.0
2025-09-23 16:36:46,772 [WARN] PackLoader:240 - Cannot read IP mode file for STMicroelectronics.X-CUBE-MEMS1.11.3.0
2025-09-23 16:36:46,886 [WARN] PackLoader:240 - Cannot read IP mode file for STMicroelectronics.X-CUBE-AI.9.1.0
2025-09-23 16:36:46,895 [WARN] PackLoader:240 - Cannot read IP mode file for STMicroelectronics.X-CUBE-PM33A1.1.0.0
2025-09-23 16:36:46,905 [WARN] PackLoader:240 - Cannot read IP mode file for STMicroelectronics.X-CUBE-GNSS1.6.0.0
2025-09-23 16:36:46,928 [WARN] PackLoader:240 - Cannot read IP mode file for STMicroelectronics.X-CUBE-AZRTOS-F4.1.1.0
2025-09-23 16:36:46,937 [WARN] PackLoader:240 - Cannot read IP mode file for Avnet-IotConnect.X-CUBE-IoTC-DA16k-PMOD.1.0.0
2025-09-23 16:36:46,946 [WARN] PackLoader:240 - Cannot read IP mode file for STMicroelectronics.X-CUBE-ISPU.2.1.0
2025-09-23 16:36:46,957 [WARN] PackLoader:240 - Cannot read IP mode file for STMicroelectronics.X-CUBE-FREERTOS.1.2.0
2025-09-23 16:36:46,968 [WARN] PackLoader:240 - Cannot read IP mode file for STMicroelectronics.X-CUBE-NFC12.1.0.0
2025-09-23 16:36:46,989 [WARN] PackLoader:240 - Cannot read IP mode file for STMicroelectronics.X-CUBE-AZRTOS-L5.2.0.0
2025-09-23 16:36:46,999 [WARN] PackLoader:240 - Cannot read IP mode file for STMicroelectronics.X-CUBE-NFC6.3.1.0
2025-09-23 16:36:47,016 [WARN] PackLoader:240 - Cannot read IP mode file for STMicroelectronics.X-CUBE-DPower.1.2.0
2025-09-23 16:36:47,023 [WARN] PackLoader:240 - Cannot read IP mode file for STMicroelectronics.X-CUBE-AI.9.0.0
2025-09-23 16:36:47,036 [WARN] PackLoader:240 - Cannot read IP mode file for STMicroelectronics.X-CUBE-FREERTOS.1.3.1
2025-09-23 16:36:47,209 [WARN] PackLoader:240 - Cannot read IP mode file for STMicroelectronics.X-CUBE-FREERTOS.1.3.0
2025-09-23 16:36:47,219 [WARN] PackLoader:240 - Cannot read IP mode file for STMicroelectronics.X-CUBE-NFC7.1.0.1
2025-09-23 16:36:47,226 [WARN] PackLoader:240 - Cannot read IP mode file for wolfSSL.I-CUBE-wolfTPM.3.2.0
2025-09-23 16:36:47,234 [WARN] PackLoader:240 - Cannot read IP mode file for STMicroelectronics.FP-SNS-STAIOTCFT.1.0.0
2025-09-23 16:36:47,240 [WARN] PackLoader:240 - Cannot read IP mode file for STMicroelectronics.X-CUBE-DPower.1.3.0
2025-09-23 16:36:47,260 [WARN] ConditionMgr:438 - getConditionDescription Invalid condition id : LAN8742 Phy interface Condition cause : null
2025-09-23 16:36:47,261 [WARN] PackLoader:240 - Cannot read IP mode file for STMicroelectronics.X-CUBE-AZRTOS-L4.2.0.0
2025-09-23 16:36:47,262 [WARN] ConditionMgr:1044 - genDependencies : Invalid condition id : LAN8742 Phy interface Condition cause : null
2025-09-23 16:36:47,262 [WARN] ConditionMgr:1044 - genDependencies : Invalid condition id : LAN8742 Phy interface Condition cause : null
2025-09-23 16:36:47,263 [WARN] ConditionMgr:1044 - genDependencies : Invalid condition id : LAN8742 Phy interface Condition cause : null
2025-09-23 16:36:47,275 [WARN] PackLoader:240 - Cannot read IP mode file for STMicroelectronics.X-CUBE-SFXS2LP1.4.0.0
2025-09-23 16:36:47,303 [WARN] PackLoader:240 - Cannot read IP mode file for STMicroelectronics.X-CUBE-AZRTOS-H7.3.3.0
2025-09-23 16:36:47,322 [WARN] PackLoader:240 - Cannot read IP mode file for STMicroelectronics.X-CUBE-BLEMGR.4.1.0
2025-09-23 16:36:47,344 [WARN] PackLoader:240 - Cannot read IP mode file for STMicroelectronics.X-CUBE-IPS.3.0.0
2025-09-23 16:36:47,363 [WARN] ConditionMgr:438 - getConditionDescription Invalid condition id : UX DEVICE CLASS RTOS Condition cause : null
2025-09-23 16:36:47,363 [WARN] ConditionMgr:438 - getConditionDescription Invalid condition id : UX DEVICE CLASS RTOS Condition cause : null
2025-09-23 16:36:47,365 [WARN] PackLoader:240 - Cannot read IP mode file for STMicroelectronics.X-CUBE-AZRTOS-WB.2.0.0
2025-09-23 16:36:47,366 [WARN] ConditionMgr:1044 - genDependencies : Invalid condition id : UX DEVICE CLASS RTOS Condition cause : null
2025-09-23 16:36:47,367 [WARN] ConditionMgr:1044 - genDependencies : Invalid condition id : UX DEVICE CLASS RTOS Condition cause : null
2025-09-23 16:36:47,367 [WARN] ConditionMgr:1044 - genDependencies : Invalid condition id : UX DEVICE CLASS RTOS Condition cause : null
2025-09-23 16:36:47,368 [WARN] ConditionMgr:1044 - genDependencies : Invalid condition id : UX DEVICE CLASS RTOS Condition cause : null
2025-09-23 16:36:47,368 [WARN] ConditionMgr:1044 - genDependencies : Invalid condition id : UX DEVICE CLASS RTOS Condition cause : null
2025-09-23 16:36:47,377 [WARN] PackLoader:240 - Cannot read IP mode file for STMicroelectronics.X-CUBE-GNSS1.7.0.0
2025-09-23 16:36:47,386 [WARN] PackLoader:240 - Cannot read IP mode file for STMicroelectronics.X-CUBE-GNSS1.7.0.1
2025-09-23 16:36:47,392 [WARN] PackLoader:240 - Cannot read IP mode file for STMicroelectronics.X-CUBE-TOUCHGFX.4.25.0
2025-09-23 16:36:47,402 [WARN] PackLoader:240 - Cannot read IP mode file for STMicroelectronics.FP-SNS-STBOX1.2.0.0
2025-09-23 16:36:47,416 [WARN] PackLoader:240 - Cannot read IP mode file for STMicroelectronics.X-CUBE-SUBG2.5.0.0
2025-09-23 16:36:47,440 [WARN] PackLoader:240 - Cannot read IP mode file for STMicroelectronics.X-CUBE-AZRTOS-H7RS.1.1.0
2025-09-23 16:36:47,448 [WARN] PackLoader:240 - Cannot read IP mode file for Cesanta.I-CUBE-Mongoose.7.13.0
2025-09-23 16:36:47,463 [WARN] PackLoader:240 - Cannot read IP mode file for STMicroelectronics.X-CUBE-AZRTOS-G4.2.0.0
2025-09-23 16:36:47,473 [WARN] PackLoader:240 - Cannot read IP mode file for STMicroelectronics.X-CUBE-NFC7.2.0.0
2025-09-23 16:36:47,480 [WARN] PackLoader:240 - Cannot read IP mode file for STMicroelectronics.X-CUBE-ISPU.2.0.0
2025-09-23 16:36:47,494 [WARN] PackLoader:240 - Cannot read IP mode file for STMicroelectronics.X-CUBE-IPS.3.1.0
2025-09-23 16:36:47,518 [WARN] PackLoader:240 - Cannot read IP mode file for STMicroelectronics.X-CUBE-ALS.1.0.2
2025-09-23 16:36:47,566 [WARN] PackLoader:240 - Cannot read IP mode file for STMicroelectronics.X-CUBE-MEMS1.10.0.0
2025-09-23 16:36:47,740 [WARN] PackLoader:240 - Cannot read IP mode file for STMicroelectronics.X-CUBE-TOUCHGFX.4.24.0
2025-09-23 16:36:47,747 [WARN] PackLoader:240 - Cannot read IP mode file for STMicroelectronics.X-CUBE-TOUCHGFX.4.24.2
2025-09-23 16:36:47,755 [WARN] PackLoader:240 - Cannot read IP mode file for STMicroelectronics.X-CUBE-TOUCHGFX.4.24.1
2025-09-23 16:36:47,769 [WARN] PackLoader:240 - Cannot read IP mode file for STMicroelectronics.X-CUBE-STSE01.1.0.0
2025-09-23 16:36:47,784 [WARN] PackLoader:240 - Cannot read IP mode file for portGmbH.I-Cube-SoM-uGOAL.1.1.0
2025-09-23 16:36:47,811 [WARN] PackLoader:240 - Cannot read IP mode file for STMicroelectronics.X-CUBE-AZRTOS-H7RS.1.0.0
2025-09-23 16:36:47,821 [INFO] WebApp:191 - Connection restablished
2025-09-23 16:36:47,831 [WARN] PackLoader:240 - Cannot read IP mode file for STMicroelectronics.FP-ATR-ASTRA1.2.0.0
2025-09-23 16:36:47,849 [WARN] PackLoader:240 - Cannot read IP mode file for STMicroelectronics.X-CUBE-TOF1.3.4.2
2025-09-23 16:36:47,877 [WARN] PackLoader:240 - Cannot read IP mode file for STMicroelectronics.X-CUBE-TOF1.3.4.3
2025-09-23 16:36:47,906 [WARN] PackLoader:240 - Cannot read IP mode file for STMicroelectronics.X-CUBE-TOF1.3.4.1
2025-09-23 16:36:47,942 [WARN] PackLoader:240 - Cannot read IP mode file for STMicroelectronics.X-CUBE-AZRTOS-H7.3.2.0
2025-09-23 16:36:47,969 [WARN] PackLoader:240 - Cannot read IP mode file for Infineon.AIROC-Wi-Fi-Bluetooth-STM32.1.6.0
2025-09-23 16:36:47,982 [WARN] PackLoader:240 - Cannot read IP mode file for wolfSSL.I-CUBE-wolfSSH.1.4.17
2025-09-23 16:36:47,985 [INFO] ThirdParty:978 - Integrity check success = true
2025-09-23 16:36:47,986 [INFO] IntegrityCheckThread:100 - exiting critical section [integrity check]
2025-09-23 16:36:47,986 [INFO] IntegrityCheckThread:103 - End integrity checks thread
2025-09-23 16:37:28,037 [ERROR] LogOutputStream:75 - [STDERR_REDIRECT] 
2025-09-23 16:37:38,920 [INFO] Activator:176 - 


2025-09-23 16:37:38,923 [INFO] Activator:177 - !SESSION log4j initialized
2025-09-23 16:37:48,670 [INFO] LogOutputStream:77 - [STDOUT_REDIRECT] 
2025-09-23 16:37:50,360 [INFO] ApplicationProperties:184 - Using Application install path: C:\ST\STM32CubeIDE_1.15.1\STM32CubeIDE\plugins\com.st.stm32cube.common.mx_6.14.1.202504091515
2025-09-23 16:37:50,394 [INFO] DbMcusXml:78 - Set database path to: C:\ST\STM32CubeIDE_1.15.1\STM32CubeIDE\plugins\com.st.stm32cube.common.mx_6.14.1.202504091515\\db\/mcu/
2025-09-23 16:37:50,395 [INFO] ApiDb:274 - Set plugin database path to: C:\ST\STM32CubeIDE_1.15.1\STM32CubeIDE\plugins\com.st.stm32cube.common.mx_6.14.1.202504091515\\db\/plugins/boardmanager/
2025-09-23 16:37:50,396 [WARN] ApiDb:259 - Overriding images path with different value:  => C:\ST\STM32CubeIDE_1.15.1\STM32CubeIDE\plugins\com.st.stm32cube.common.mx_6.14.1.202504091515\\db\/plugins/mcufinder/images/
2025-09-23 16:37:50,406 [INFO] ApiDb:250 - Set database path to: C:\Users\m-ren\.stmcufinder\plugins\mcufinder//mcu/
2025-09-23 16:37:50,409 [INFO] DbMcusAds:125 - Set database path to: C:\Users\m-ren\.stmcufinder\plugins\mcufinder//mcu/
2025-09-23 16:37:50,414 [INFO] CrossReferenceDbSqlite:203 - Set database path to: C:\Users\m-ren\.stmcufinder\plugins\mcufinder//mcu/cs/
2025-09-23 16:37:50,625 [INFO] RulesReader:64 - Compatibility file has been processed (302 Rules)
2025-09-23 16:37:50,784 [INFO] DbMcusXml:78 - Set database path to: C:\ST\STM32CubeIDE_1.15.1\STM32CubeIDE\plugins\com.st.stm32cube.common.mx_6.14.1.202504091515\\db\/mcu/
2025-09-23 16:37:50,784 [INFO] ApiDb:274 - Set plugin database path to: C:\ST\STM32CubeIDE_1.15.1\STM32CubeIDE\plugins\com.st.stm32cube.common.mx_6.14.1.202504091515\\db\/plugins/boardmanager/
2025-09-23 16:37:50,786 [INFO] ApiDb:261 - Set plugin images path to: C:\ST\STM32CubeIDE_1.15.1\STM32CubeIDE\plugins\com.st.stm32cube.common.mx_6.14.1.202504091515\\db\/plugins/mcufinder/images/
2025-09-23 16:37:50,787 [WARN] DbFile:41 - Overriding database path with different value: C:\Users\m-ren\.stmcufinder\plugins\mcufinder/ => C:\Users\m-ren\.stmcufinder\plugins\mcufinder
2025-09-23 16:37:50,787 [INFO] ApiDb:250 - Set database path to: C:\Users\m-ren\.stmcufinder\plugins\mcufinder//mcu/
2025-09-23 16:37:50,787 [WARN] DbFile:41 - Overriding database path with different value: C:\Users\m-ren\.stmcufinder\plugins\mcufinder/ => C:\Users\m-ren\.stmcufinder\plugins\mcufinder
2025-09-23 16:37:50,787 [INFO] DbMcusAds:125 - Set database path to: C:\Users\m-ren\.stmcufinder\plugins\mcufinder//mcu/
2025-09-23 16:37:50,787 [WARN] DbFile:41 - Overriding database path with different value: C:\Users\m-ren\.stmcufinder\plugins\mcufinder/ => C:\Users\m-ren\.stmcufinder\plugins\mcufinder
2025-09-23 16:37:50,787 [WARN] DbFile:41 - Overriding database path with different value: C:\Users\m-ren\.stmcufinder\plugins\mcufinder/ => C:\Users\m-ren\.stmcufinder\plugins\mcufinder
2025-09-23 16:37:50,788 [INFO] CrossReferenceDbSqlite:203 - Set database path to: C:\Users\m-ren\.stmcufinder\plugins\mcufinder//mcu/cs/
2025-09-23 16:37:50,925 [INFO] MainPanel:272 - HeapMemory: 268435456
2025-09-23 16:37:51,147 [INFO] DbMcusXml:78 - Set database path to: C:\ST\STM32CubeIDE_1.15.1\STM32CubeIDE\plugins\com.st.stm32cube.common.mx_6.14.1.202504091515\\db\/mcu/
2025-09-23 16:37:51,148 [INFO] ApiDb:274 - Set plugin database path to: C:\ST\STM32CubeIDE_1.15.1\STM32CubeIDE\plugins\com.st.stm32cube.common.mx_6.14.1.202504091515\\db\/plugins/boardmanager/
2025-09-23 16:37:51,148 [INFO] ApiDb:261 - Set plugin images path to: C:\ST\STM32CubeIDE_1.15.1\STM32CubeIDE\plugins\com.st.stm32cube.common.mx_6.14.1.202504091515\\db\/plugins/mcufinder/images/
2025-09-23 16:37:51,149 [WARN] DbFile:41 - Overriding database path with different value: C:\Users\m-ren\.stmcufinder\plugins\mcufinder/ => C:\Users\m-ren\.stmcufinder\plugins\mcufinder
2025-09-23 16:37:51,149 [INFO] ApiDb:250 - Set database path to: C:\Users\m-ren\.stmcufinder\plugins\mcufinder//mcu/
2025-09-23 16:37:51,149 [WARN] DbFile:41 - Overriding database path with different value: C:\Users\m-ren\.stmcufinder\plugins\mcufinder/ => C:\Users\m-ren\.stmcufinder\plugins\mcufinder
2025-09-23 16:37:51,149 [INFO] DbMcusAds:125 - Set database path to: C:\Users\m-ren\.stmcufinder\plugins\mcufinder//mcu/
2025-09-23 16:37:51,149 [WARN] DbFile:41 - Overriding database path with different value: C:\Users\m-ren\.stmcufinder\plugins\mcufinder/ => C:\Users\m-ren\.stmcufinder\plugins\mcufinder
2025-09-23 16:37:51,149 [WARN] DbFile:41 - Overriding database path with different value: C:\Users\m-ren\.stmcufinder\plugins\mcufinder/ => C:\Users\m-ren\.stmcufinder\plugins\mcufinder
2025-09-23 16:37:51,149 [INFO] CrossReferenceDbSqlite:203 - Set database path to: C:\Users\m-ren\.stmcufinder\plugins\mcufinder//mcu/cs/
2025-09-23 16:37:51,205 [INFO] ApplicationProperties:184 - Using Application install path: C:\ST\STM32CubeIDE_1.15.1\STM32CubeIDE\plugins\com.st.stm32cube.common.mx_6.14.1.202504091515
2025-09-23 16:37:51,208 [INFO] PluginManage:196 - Search for loadable plugins [exclusion list=, ]
2025-09-23 16:37:51,211 [INFO] PluginManage:310 - Check plugin analytics
2025-09-23 16:37:51,574 [INFO] AnalyticsPlugin:253 - Accepted Software Licenses: STM32CubeMX.6.9.1,STM32CubeMX.6.11.1
2025-09-23 16:37:51,575 [INFO] AnalyticsPlugin:255 - Accepted CMSIS Pack Licenses: 
2025-09-23 16:37:51,575 [INFO] AnalyticsPlugin:257 - Accepted Firmware Licenses: FW.F7.1.17.0,FW.F4.1.28.0,FW.H5.1.5.0,FW.C0.1.4.0
2025-09-23 16:37:51,581 [INFO] PluginManage:359 - Loaded plugin analytics (category:tool,tabindex:-1)
2025-09-23 16:37:51,582 [INFO] PluginManage:310 - Check plugin cadmodel
2025-09-23 16:37:51,590 [INFO] CADModel:105 - Init CAD model plugin
2025-09-23 16:37:51,591 [INFO] PluginManage:359 - Loaded plugin cadmodel (category:power,tabindex:5)
2025-09-23 16:37:51,591 [INFO] PluginManage:310 - Check plugin clock
2025-09-23 16:37:51,607 [INFO] PluginManage:359 - Loaded plugin clock (category:base,tabindex:2)
2025-09-23 16:37:51,608 [INFO] PluginManage:310 - Check plugin ddr
2025-09-23 16:37:51,612 [INFO] PluginManage:359 - Loaded plugin ddr (category:tool,tabindex:6)
2025-09-23 16:37:51,612 [INFO] PluginManage:310 - Check plugin filemanager
2025-09-23 16:37:51,913 [INFO] PluginManage:359 - Loaded plugin filemanager (category:base,tabindex:10)
2025-09-23 16:37:51,914 [INFO] PluginManage:310 - Check plugin ipmanager
2025-09-23 16:37:51,926 [INFO] PluginManage:359 - Loaded plugin ipmanager (category:base,tabindex:5)
2025-09-23 16:37:51,927 [INFO] PluginManage:310 - Check plugin lpbam
2025-09-23 16:37:51,953 [INFO] PluginManage:359 - Loaded plugin lpbam (category:base,tabindex:0)
2025-09-23 16:37:51,953 [INFO] PluginManage:310 - Check plugin memorymap
2025-09-23 16:37:51,975 [INFO] PluginManage:359 - Loaded plugin memorymap (category:base,tabindex:4)
2025-09-23 16:37:51,975 [INFO] PluginManage:310 - Check plugin pinoutandconfiguration
2025-09-23 16:37:51,990 [INFO] PluginManage:359 - Loaded plugin pinoutandconfiguration (category:base,tabindex:1)
2025-09-23 16:37:51,990 [INFO] PluginManage:310 - Check plugin pinoutconfig
2025-09-23 16:37:52,185 [WARN] SupportedApi:132 - Cannot load RTOS API schema: s4s-elt-must-match.1: The content of 'definitions' must match (annotation?, (simpleType | complexType)?, (unique | key | keyref)*)). A problem was found starting at: attribute.
2025-09-23 16:37:52,445 [INFO] PluginManage:359 - Loaded plugin pinoutconfig (category:base,tabindex:0)
2025-09-23 16:37:52,445 [INFO] PluginManage:310 - Check plugin power
2025-09-23 16:37:52,464 [INFO] PluginManage:359 - Loaded plugin power (category:power,tabindex:4)
2025-09-23 16:37:52,464 [INFO] PluginManage:310 - Check plugin projectmanager
2025-09-23 16:37:52,493 [INFO] PluginManage:359 - Loaded plugin projectmanager (category:projectmanager,tabindex:4)
2025-09-23 16:37:52,494 [INFO] PluginManage:310 - Check plugin rif
2025-09-23 16:37:52,508 [INFO] PluginManage:359 - Loaded plugin rif (category:base,tabindex:3)
2025-09-23 16:37:52,509 [INFO] PluginManage:310 - Check plugin thirdparty
2025-09-23 16:37:52,779 [WARN] IntegrityCheckThread:84 - waiting for thirdparty lock release [integrity check]
2025-09-23 16:37:52,779 [INFO] IntegrityCheckThread:86 - entering critical section [integrity check]
2025-09-23 16:37:52,780 [INFO] ThirdPartyUpdaterWithRetryManager:70 - Updater plugin not ready yet. [1/15]
2025-09-23 16:37:52,780 [INFO] PluginManage:359 - Loaded plugin thirdparty (category:base,tabindex:-1)
2025-09-23 16:37:52,781 [INFO] PluginManage:310 - Check plugin tools
2025-09-23 16:37:52,789 [INFO] PluginManage:359 - Loaded plugin tools (category:base,tabindex:7)
2025-09-23 16:37:52,790 [INFO] PluginManage:310 - Check plugin tutovideos
2025-09-23 16:37:53,110 [INFO] PluginManage:359 - Loaded plugin tutovideos (category:base,tabindex:-1)
2025-09-23 16:37:53,110 [INFO] PluginManage:310 - Check plugin updater
2025-09-23 16:37:53,174 [INFO] PluginManage:359 - Loaded plugin updater (category:base,tabindex:12)
2025-09-23 16:37:53,174 [INFO] PluginManage:310 - Check plugin userauth
2025-09-23 16:37:53,184 [INFO] UserAuth:118 - Init User Auth plugin
2025-09-23 16:37:53,187 [INFO] PluginManage:359 - Loaded plugin userauth (category:base,tabindex:14)
2025-09-23 16:37:53,189 [INFO] PluginManage:283 - PluginManage : Loaded plugins [18]
2025-09-23 16:37:53,611 [INFO] PinOutPanel:1589 - setPackage(No Configuration,No Configuration)
2025-09-23 16:37:53,777 [INFO] CADModel:165 - CPN selected for project level
2025-09-23 16:37:53,777 [INFO] CADModel:114 - Register for checkConnection events
2025-09-23 16:37:53,817 [INFO] IPUIPlugin:80 - create IPUIPlugin
2025-09-23 16:37:53,818 [INFO] PluginManager:220 - loadIPPluginJar : add adc
2025-09-23 16:37:53,823 [INFO] IPUIPlugin:80 - create IPUIPlugin
2025-09-23 16:37:53,824 [INFO] PluginManager:220 - loadIPPluginJar : add aes
2025-09-23 16:37:53,828 [INFO] IPUIPlugin:80 - create IPUIPlugin
2025-09-23 16:37:53,829 [INFO] PluginManager:220 - loadIPPluginJar : add can
2025-09-23 16:37:53,832 [INFO] IPUIPlugin:80 - create IPUIPlugin
2025-09-23 16:37:53,832 [INFO] PluginManager:220 - loadIPPluginJar : add comp
2025-09-23 16:37:53,837 [INFO] IPUIPlugin:80 - create IPUIPlugin
2025-09-23 16:37:53,837 [INFO] PluginManager:220 - loadIPPluginJar : add cryp
2025-09-23 16:37:53,841 [INFO] IPUIPlugin:80 - create IPUIPlugin
2025-09-23 16:37:53,841 [INFO] PluginManager:220 - loadIPPluginJar : add ddr_ctrl_phy
2025-09-23 16:37:53,845 [INFO] IPUIPlugin:80 - create IPUIPlugin
2025-09-23 16:37:53,846 [INFO] PluginManager:220 - loadIPPluginJar : add dfsdm
2025-09-23 16:37:53,858 [INFO] IPUIPlugin:80 - create IPUIPlugin
2025-09-23 16:37:53,859 [INFO] PluginManager:220 - loadIPPluginJar : add dma
2025-09-23 16:37:53,864 [INFO] IPUIPlugin:80 - create IPUIPlugin
2025-09-23 16:37:53,864 [INFO] PluginManager:220 - loadIPPluginJar : add dma3
2025-09-23 16:37:53,871 [INFO] IPUIPlugin:80 - create IPUIPlugin
2025-09-23 16:37:53,872 [INFO] PluginManager:220 - loadIPPluginJar : add extmemmanager
2025-09-23 16:37:53,875 [INFO] IPUIPlugin:80 - create IPUIPlugin
2025-09-23 16:37:53,875 [INFO] PluginManager:220 - loadIPPluginJar : add fatfs
2025-09-23 16:37:53,885 [INFO] IPUIPlugin:80 - create IPUIPlugin
2025-09-23 16:37:53,886 [INFO] PluginManager:220 - loadIPPluginJar : add fmc
2025-09-23 16:37:53,899 [INFO] IPUIPlugin:80 - create IPUIPlugin
2025-09-23 16:37:53,900 [INFO] PluginManager:220 - loadIPPluginJar : add freertos
2025-09-23 16:37:53,904 [INFO] IPUIPlugin:80 - create IPUIPlugin
2025-09-23 16:37:53,904 [INFO] PluginManager:220 - loadIPPluginJar : add genericplugin
2025-09-23 16:37:53,910 [INFO] IPUIPlugin:80 - create IPUIPlugin
2025-09-23 16:37:53,910 [INFO] PluginManager:220 - loadIPPluginJar : add gfxmmu
2025-09-23 16:37:53,924 [INFO] IPUIPlugin:80 - create IPUIPlugin
2025-09-23 16:37:53,924 [INFO] PluginManager:220 - loadIPPluginJar : add gic
2025-09-23 16:37:53,938 [INFO] IPUIPlugin:80 - create IPUIPlugin
2025-09-23 16:37:53,938 [INFO] PluginManager:220 - loadIPPluginJar : add gpio
2025-09-23 16:37:53,946 [INFO] IPUIPlugin:80 - create IPUIPlugin
2025-09-23 16:37:53,946 [INFO] PluginManager:220 - loadIPPluginJar : add gtzc
2025-09-23 16:37:53,952 [INFO] IPUIPlugin:80 - create IPUIPlugin
2025-09-23 16:37:53,952 [INFO] PluginManager:220 - loadIPPluginJar : add hash
2025-09-23 16:37:53,959 [INFO] IPUIPlugin:80 - create IPUIPlugin
2025-09-23 16:37:53,959 [INFO] PluginManager:220 - loadIPPluginJar : add i2c
2025-09-23 16:37:53,964 [INFO] IPUIPlugin:80 - create IPUIPlugin
2025-09-23 16:37:53,964 [INFO] PluginManager:220 - loadIPPluginJar : add i2s
2025-09-23 16:37:53,970 [INFO] IPUIPlugin:80 - create IPUIPlugin
2025-09-23 16:37:53,978 [INFO] PluginManager:220 - loadIPPluginJar : add i3c
2025-09-23 16:37:53,985 [INFO] IPUIPlugin:80 - create IPUIPlugin
2025-09-23 16:37:53,985 [INFO] PluginManager:220 - loadIPPluginJar : add ipddr
2025-09-23 16:37:54,002 [INFO] IPUIPlugin:80 - create IPUIPlugin
2025-09-23 16:37:54,002 [INFO] PluginManager:220 - loadIPPluginJar : add linkedlist
2025-09-23 16:37:54,008 [INFO] IPUIPlugin:80 - create IPUIPlugin
2025-09-23 16:37:54,009 [INFO] PluginManager:220 - loadIPPluginJar : add lorawan
2025-09-23 16:37:54,012 [INFO] IPUIPlugin:80 - create IPUIPlugin
2025-09-23 16:37:54,012 [INFO] PluginManager:220 - loadIPPluginJar : add ltdc
2025-09-23 16:37:54,025 [INFO] IPUIPlugin:80 - create IPUIPlugin
2025-09-23 16:37:54,025 [INFO] PluginManager:220 - loadIPPluginJar : add mdma
2025-09-23 16:37:54,033 [INFO] IPUIPlugin:80 - create IPUIPlugin
2025-09-23 16:37:54,034 [INFO] PluginManager:220 - loadIPPluginJar : add nvic
2025-09-23 16:37:54,040 [INFO] IPUIPlugin:80 - create IPUIPlugin
2025-09-23 16:37:54,040 [INFO] PluginManager:220 - loadIPPluginJar : add opamp
2025-09-23 16:37:54,046 [INFO] IPUIPlugin:80 - create IPUIPlugin
2025-09-23 16:37:54,046 [INFO] PluginManager:220 - loadIPPluginJar : add openamp
2025-09-23 16:37:54,050 [INFO] IPUIPlugin:80 - create IPUIPlugin
2025-09-23 16:37:54,051 [INFO] PluginManager:220 - loadIPPluginJar : add pdm2pcm
2025-09-23 16:37:54,061 [INFO] IPUIPlugin:80 - create IPUIPlugin
2025-09-23 16:37:54,065 [INFO] PluginManager:220 - loadIPPluginJar : add plateformsettings
2025-09-23 16:37:54,069 [INFO] IPUIPlugin:80 - create IPUIPlugin
2025-09-23 16:37:54,070 [INFO] PluginManager:220 - loadIPPluginJar : add quadspi
2025-09-23 16:37:54,073 [INFO] IPUIPlugin:80 - create IPUIPlugin
2025-09-23 16:37:54,077 [INFO] PluginManager:220 - loadIPPluginJar : add radio
2025-09-23 16:37:54,084 [INFO] IPUIPlugin:80 - create IPUIPlugin
2025-09-23 16:37:54,085 [INFO] PluginManager:220 - loadIPPluginJar : add resmgrutility
2025-09-23 16:37:54,090 [INFO] IPUIPlugin:80 - create IPUIPlugin
2025-09-23 16:37:54,091 [INFO] PluginManager:220 - loadIPPluginJar : add sai
2025-09-23 16:37:54,093 [INFO] IPUIPlugin:80 - create IPUIPlugin
2025-09-23 16:37:54,094 [INFO] PluginManager:220 - loadIPPluginJar : add spi
2025-09-23 16:37:54,106 [INFO] IPUIPlugin:80 - create IPUIPlugin
2025-09-23 16:37:54,106 [INFO] PluginManager:220 - loadIPPluginJar : add stm32_wpan
2025-09-23 16:37:54,110 [INFO] IPUIPlugin:80 - create IPUIPlugin
2025-09-23 16:37:54,110 [INFO] PluginManager:220 - loadIPPluginJar : add tim
2025-09-23 16:37:54,116 [INFO] IPUIPlugin:80 - create IPUIPlugin
2025-09-23 16:37:54,116 [INFO] PluginManager:220 - loadIPPluginJar : add touchsensing
2025-09-23 16:37:54,121 [INFO] IPUIPlugin:80 - create IPUIPlugin
2025-09-23 16:37:54,121 [INFO] PluginManager:220 - loadIPPluginJar : add tracer_emb
2025-09-23 16:37:54,125 [INFO] IPUIPlugin:80 - create IPUIPlugin
2025-09-23 16:37:54,126 [INFO] PluginManager:220 - loadIPPluginJar : add ts
2025-09-23 16:37:54,129 [INFO] IPUIPlugin:80 - create IPUIPlugin
2025-09-23 16:37:54,130 [INFO] PluginManager:220 - loadIPPluginJar : add tsc
2025-09-23 16:37:54,133 [INFO] IPUIPlugin:80 - create IPUIPlugin
2025-09-23 16:37:54,134 [INFO] PluginManager:220 - loadIPPluginJar : add ucpd
2025-09-23 16:37:54,139 [INFO] IPUIPlugin:80 - create IPUIPlugin
2025-09-23 16:37:54,140 [INFO] PluginManager:220 - loadIPPluginJar : add usart
2025-09-23 16:37:54,145 [INFO] IPUIPlugin:80 - create IPUIPlugin
2025-09-23 16:37:54,145 [INFO] PluginManager:220 - loadIPPluginJar : add usbx
2025-09-23 16:37:54,303 [FATAL] Updater:351 - Updater called before beeing initialized
2025-09-23 16:37:54,347 [INFO] RulesReader:64 - Compatibility file has been processed (302 Rules)
2025-09-23 16:37:54,362 [INFO] RulesReader:64 - Compatibility file has been processed (302 Rules)
2025-09-23 16:37:54,378 [INFO] CADModel:165 - CPN selected for project level
2025-09-23 16:37:54,378 [INFO] CADModel:114 - Register for checkConnection events
2025-09-23 16:37:54,379 [FATAL] Updater:351 - Updater called before beeing initialized
2025-09-23 16:37:54,380 [ERROR] CADModel:125 - Updater not yet initialized, retry later 
2025-09-23 16:37:54,666 [FATAL] Updater:351 - Updater called before beeing initialized
2025-09-23 16:37:54,669 [INFO] CADModel:165 - CPN selected for project level
2025-09-23 16:37:54,670 [INFO] CADModel:114 - Register for checkConnection events
2025-09-23 16:37:54,670 [FATAL] Updater:351 - Updater called before beeing initialized
2025-09-23 16:37:54,670 [ERROR] CADModel:125 - Updater not yet initialized, retry later 
2025-09-23 16:37:54,715 [FATAL] Updater:351 - Updater called before beeing initialized
2025-09-23 16:37:54,901 [FATAL] Updater:351 - Updater called before beeing initialized
2025-09-23 16:37:54,907 [INFO] DbMcusAds:53 - JSON generation date=Tue Jul 08 17:14:27 JST 2025 (1751962467633)
2025-09-23 16:37:54,907 [FATAL] Updater:351 - Updater called before beeing initialized
2025-09-23 16:37:54,949 [WARN] DetailPanel:346 - Failed to get advertising image, set to default
2025-09-23 16:37:55,275 [FATAL] Updater:351 - Updater called before beeing initialized
2025-09-23 16:37:55,278 [FATAL] Updater:351 - Updater called before beeing initialized
2025-09-23 16:37:55,278 [FATAL] Updater:351 - Updater called before beeing initialized
2025-09-23 16:37:55,278 [WARN] DetailPanel:346 - Failed to get advertising image, set to default
2025-09-23 16:37:55,280 [FATAL] Updater:351 - Updater called before beeing initialized
2025-09-23 16:37:55,376 [ERROR] Updater:1198 - MainUpdater not yet initialized. External WinMGr cannot be set.
2025-09-23 16:37:55,379 [INFO] Updater:1134 - Updater Version found : 6.14.1
2025-09-23 16:37:55,406 [INFO] ApplicationProperties:184 - Using Application install path: C:\ST\STM32CubeIDE_1.15.1\STM32CubeIDE\plugins\com.st.stm32cube.common.mx_6.14.1.202504091515
2025-09-23 16:37:55,783 [INFO] ThirdPartyUpdaterWithRetryManager:70 - Updater plugin not ready yet. [2/15]
2025-09-23 16:37:56,875 [INFO] MainUpdater:2872 - connection check result : 10
2025-09-23 16:37:56,876 [INFO] MainUpdater:289 - Updater Check For Update Now.
2025-09-23 16:37:56,876 [INFO] MicroXplorer:498 - Change Database Version : DB.6.0.141
2025-09-23 16:37:56,886 [INFO] McuFinderGlobals:63 - Set McuFinder mode to 2 (CubeIDE integrated)
2025-09-23 16:37:56,887 [INFO] UserAuth:484 - Internet connection configuration mode: 1
2025-09-23 16:37:56,940 [INFO] JxBrowserEngine:152 - Initiate JxBrowser Engine with user profile folder
2025-09-23 16:37:57,102 [INFO] CheckServerUpdateThread:120 - End of CheckServer Thread
2025-09-23 16:37:58,002 [INFO] WebApp:169 - Instantiating new browser for Auth
2025-09-23 16:37:59,132 [INFO] WebApp:463 - Apply proxy settings
2025-09-23 16:37:59,132 [INFO] WebApp:548 - Chromium requires no authentication
2025-09-23 16:37:59,148 [INFO] WebApp:491 - Direct internet connection detected
2025-09-23 16:37:59,213 [INFO] WebApp:894 - Register for checkConnection events
2025-09-23 16:37:59,214 [INFO] WebApp:463 - Apply proxy settings
2025-09-23 16:37:59,214 [INFO] WebApp:548 - Chromium requires no authentication
2025-09-23 16:37:59,215 [INFO] WebApp:491 - Direct internet connection detected
2025-09-23 16:37:59,242 [WARN] PackLoader:240 - Cannot read IP mode file for STMicroelectronics.FP-SNS-MOTENVWB1.1.4.0
2025-09-23 16:37:59,259 [WARN] PackLoader:240 - Cannot read IP mode file for STMicroelectronics.FP-ATR-ASTRA1.2.0.2
2025-09-23 16:37:59,264 [WARN] PackLoader:240 - Cannot read IP mode file for STMicroelectronics.FP-ATR-ASTRA1.2.0.1
2025-09-23 16:37:59,296 [WARN] PackLoader:240 - Cannot read IP mode file for STMicroelectronics.X-CUBE-SMBUS.2.1.0
2025-09-23 16:37:59,313 [WARN] PackLoader:240 - Cannot read IP mode file for STMicroelectronics.X-CUBE-WB05N.1.1.0
2025-09-23 16:37:59,325 [WARN] PackLoader:240 - Cannot read IP mode file for STMicroelectronics.X-CUBE-TOUCHGFX.4.23.2
2025-09-23 16:37:59,368 [WARN] PackLoader:240 - Cannot read IP mode file for STMicroelectronics.X-CUBE-AZRTOS-F7.1.1.0
2025-09-23 16:37:59,445 [WARN] PackLoader:240 - Cannot read IP mode file for STMicroelectronics.X-CUBE-MEMS1.11.0.0
2025-09-23 16:37:59,610 [WARN] PackLoader:240 - Cannot read IP mode file for STMicroelectronics.FP-SNS-FLIGHT1.5.0.2
2025-09-23 16:37:59,632 [WARN] PackLoader:240 - Cannot read IP mode file for STMicroelectronics.X-CUBE-AZRTOS-H7.3.4.0
2025-09-23 16:37:59,645 [WARN] PackLoader:240 - Cannot read IP mode file for STMicroelectronics.X-CUBE-DISPLAY.3.0.0
2025-09-23 16:37:59,656 [WARN] PackLoader:240 - Cannot read IP mode file for STMicroelectronics.X-CUBE-BLE1.7.0.0
2025-09-23 16:37:59,666 [WARN] PackLoader:240 - Cannot read IP mode file for STMicroelectronics.X-CUBE-NFC10.1.0.0
2025-09-23 16:37:59,690 [WARN] PackLoader:240 - Cannot read IP mode file for STMicroelectronics.X-CUBE-BLEMGR.4.0.0
2025-09-23 16:37:59,707 [WARN] PackLoader:240 - Cannot read IP mode file for emotas.I-CUBE-CANOPEN.1.3.0
2025-09-23 16:37:59,720 [WARN] PackLoader:240 - Cannot read IP mode file for STMicroelectronics.X-CUBE-BLEMGR.3.1.0
2025-09-23 16:37:59,728 [WARN] PackLoader:240 - Cannot read IP mode file for STMicroelectronics.X-CUBE-AI.10.0.0
2025-09-23 16:37:59,737 [ERROR] Engine:466 - C:\Users\m-ren\.stm32cubemx\thirdparties\pdsc\STMicroelectronics.FP-SNS-STBOX1.2.1.0.pdsc: PDSC version is not supported
2025-09-23 16:37:59,744 [WARN] PackLoader:240 - Cannot read IP mode file for STMicroelectronics.FP-SNS-SMARTAG2.1.2.0
2025-09-23 16:37:59,751 [WARN] PackLoader:240 - Cannot read IP mode file for STMicroelectronics.FP-SNS-FLIGHT1.5.1.0
2025-09-23 16:37:59,854 [WARN] PackLoader:240 - Cannot read IP mode file for STMicroelectronics.X-CUBE-MEMS1.11.1.0
2025-09-23 16:37:59,949 [INFO] WebApp:225 - Starting web application
2025-09-23 16:37:59,949 [INFO] WebApp:593 - Web application path used C:\ST\STM32CubeIDE_1.15.1\STM32CubeIDE\plugins\com.st.stm32cube.common.mx_6.14.1.202504091515\db\plugins\mcufinder\reactClient1\index.html
2025-09-23 16:38:00,027 [INFO] LogOutputStream:77 - [STDOUT_REDIRECT] 1 : Invalid condition id : UX_CORESTACK_Condition cause : null
2025-09-23 16:38:00,028 [INFO] LogOutputStream:77 - [STDOUT_REDIRECT] 1 : Invalid condition id : UX_CORESTACK_Condition cause : null
2025-09-23 16:38:00,030 [INFO] LogOutputStream:77 - [STDOUT_REDIRECT] 1 : Invalid condition id : UX_CORESTACK_Condition cause : null
2025-09-23 16:38:00,031 [INFO] LogOutputStream:77 - [STDOUT_REDIRECT] 1 : Invalid condition id : UX_CORESTACK_Condition cause : null
2025-09-23 16:38:00,034 [INFO] LogOutputStream:77 - [STDOUT_REDIRECT] 1 : Invalid condition id : UX_CORESTACK_Condition cause : null
2025-09-23 16:38:00,037 [WARN] PackLoader:240 - Cannot read IP mode file for STMicroelectronics.X-CUBE-AZRTOS-WL.2.0.0
2025-09-23 16:38:00,044 [WARN] PackLoader:240 - Cannot read IP mode file for STMicroelectronics.FP-SNS-MOTENV1.5.0.0
2025-09-23 16:38:00,049 [WARN] PackLoader:240 - Cannot read IP mode file for wolfSSL.I-CUBE-wolfMQTT.1.19.0
2025-09-23 16:38:00,062 [WARN] PackLoader:240 - Cannot read IP mode file for WES.I-CUBE-Cesium.1.3.0
2025-09-23 16:38:00,069 [WARN] PackLoader:240 - Cannot read IP mode file for STMicroelectronics.X-CUBE-BLE2.3.3.0
2025-09-23 16:38:00,080 [WARN] PackLoader:240 - Cannot read IP mode file for STMicroelectronics.X-CUBE-NFC9.1.0.0
2025-09-23 16:38:00,089 [WARN] PackLoader:240 - Cannot read IP mode file for STMicroelectronics.X-CUBE-BLE1.7.1.0
2025-09-23 16:38:00,098 [WARN] PackLoader:240 - Cannot read IP mode file for STMicroelectronics.X-CUBE-TCPP.4.1.0
2025-09-23 16:38:00,108 [WARN] PackLoader:240 - Cannot read IP mode file for STMicroelectronics.X-CUBE-EEPRMA1.5.2.0
2025-09-23 16:38:00,115 [WARN] PackLoader:240 - Cannot read IP mode file for STMicroelectronics.X-CUBE-AI.10.1.0
2025-09-23 16:38:00,161 [WARN] PackLoader:240 - Cannot read IP mode file for STMicroelectronics.X-CUBE-MEMS1.11.2.0
2025-09-23 16:38:00,222 [INFO] UserAuth:484 - Internet connection configuration mode: 1
2025-09-23 16:38:00,282 [WARN] PackLoader:240 - Cannot read IP mode file for STMicroelectronics.X-CUBE-AZRTOS-G0.1.1.0
2025-09-23 16:38:00,292 [WARN] PackLoader:240 - Cannot read IP mode file for STMicroelectronics.X-CUBE-SAFEA1.1.2.2
2025-09-23 16:38:00,301 [WARN] PackLoader:240 - Cannot read IP mode file for STMicroelectronics.X-CUBE-NFC4.3.0.0
2025-09-23 16:38:00,311 [WARN] PackLoader:240 - Cannot read IP mode file for EmbeddedOffice.I-CUBE-FS-RTOS.1.0.1
2025-09-23 16:38:00,318 [WARN] PackLoader:240 - Cannot read IP mode file for STMicroelectronics.X-CUBE-WB05N.2.0.0
2025-09-23 16:38:00,324 [WARN] PackLoader:240 - Cannot read IP mode file for STMicroelectronics.X-CUBE-TCPP.4.2.0
2025-09-23 16:38:00,330 [WARN] PackLoader:240 - Cannot read IP mode file for RealThread.X-CUBE-RT-Thread_Nano.4.1.1
2025-09-23 16:38:00,336 [WARN] PackLoader:240 - Cannot read IP mode file for wolfSSL.I-CUBE-wolfSSL.5.7.0
2025-09-23 16:38:00,341 [WARN] PackLoader:240 - Cannot read IP mode file for STMicroelectronics.FP-ATR-SIGFOX1.3.2.0
2025-09-23 16:38:00,347 [WARN] ConditionMgr:438 - getConditionDescription Invalid condition id : Cortex-A Device cause : null
2025-09-23 16:38:00,368 [WARN] ConditionMgr:1044 - genDependencies : Invalid condition id : Cortex-A Device cause : null
2025-09-23 16:38:00,369 [WARN] ConditionMgr:1044 - genDependencies : Invalid condition id : Cortex-A Device cause : null
2025-09-23 16:38:00,369 [WARN] ConditionMgr:1044 - genDependencies : Invalid condition id : Cortex-A Device cause : null
2025-09-23 16:38:00,375 [WARN] PackLoader:240 - Cannot read IP mode file for STMicroelectronics.X-CUBE-EEPRMA1.5.1.0
2025-09-23 16:38:00,396 [WARN] PackLoader:240 - Cannot read IP mode file for ITTIA_DB.I-CUBE-ITTIADB.8.9.0
2025-09-23 16:38:00,407 [WARN] PackLoader:240 - Cannot read IP mode file for STMicroelectronics.X-CUBE-ST67W61.1.0.0
2025-09-23 16:38:00,415 [WARN] PackLoader:240 - Cannot read IP mode file for STMicroelectronics.X-CUBE-AI.10.2.0
2025-09-23 16:38:00,462 [WARN] PackLoader:240 - Cannot read IP mode file for SEGGER.I-CUBE-embOS.1.3.1
2025-09-23 16:38:00,528 [WARN] PackLoader:240 - Cannot read IP mode file for STMicroelectronics.X-CUBE-ALGOBUILD.1.4.0
2025-09-23 16:38:00,573 [WARN] PackLoader:240 - Cannot read IP mode file for STMicroelectronics.X-CUBE-MEMS1.11.3.0
2025-09-23 16:38:00,662 [WARN] PackLoader:240 - Cannot read IP mode file for STMicroelectronics.X-CUBE-AI.9.1.0
2025-09-23 16:38:00,667 [WARN] PackLoader:240 - Cannot read IP mode file for STMicroelectronics.X-CUBE-PM33A1.1.0.0
2025-09-23 16:38:00,673 [WARN] PackLoader:240 - Cannot read IP mode file for STMicroelectronics.X-CUBE-GNSS1.6.0.0
2025-09-23 16:38:00,687 [WARN] PackLoader:240 - Cannot read IP mode file for STMicroelectronics.X-CUBE-AZRTOS-F4.1.1.0
2025-09-23 16:38:00,693 [WARN] PackLoader:240 - Cannot read IP mode file for Avnet-IotConnect.X-CUBE-IoTC-DA16k-PMOD.1.0.0
2025-09-23 16:38:00,697 [WARN] PackLoader:240 - Cannot read IP mode file for STMicroelectronics.X-CUBE-ISPU.2.1.0
2025-09-23 16:38:00,704 [WARN] PackLoader:240 - Cannot read IP mode file for STMicroelectronics.X-CUBE-FREERTOS.1.2.0
2025-09-23 16:38:00,710 [WARN] PackLoader:240 - Cannot read IP mode file for STMicroelectronics.X-CUBE-NFC12.1.0.0
2025-09-23 16:38:00,727 [WARN] PackLoader:240 - Cannot read IP mode file for STMicroelectronics.X-CUBE-AZRTOS-L5.2.0.0
2025-09-23 16:38:00,737 [WARN] PackLoader:240 - Cannot read IP mode file for STMicroelectronics.X-CUBE-NFC6.3.1.0
2025-09-23 16:38:00,744 [WARN] PackLoader:240 - Cannot read IP mode file for STMicroelectronics.X-CUBE-DPower.1.2.0
2025-09-23 16:38:00,748 [WARN] PackLoader:240 - Cannot read IP mode file for STMicroelectronics.X-CUBE-AI.9.0.0
2025-09-23 16:38:00,757 [WARN] PackLoader:240 - Cannot read IP mode file for STMicroelectronics.X-CUBE-FREERTOS.1.3.1
2025-09-23 16:38:00,924 [WARN] PackLoader:240 - Cannot read IP mode file for STMicroelectronics.X-CUBE-FREERTOS.1.3.0
2025-09-23 16:38:00,930 [WARN] PackLoader:240 - Cannot read IP mode file for STMicroelectronics.X-CUBE-NFC7.1.0.1
2025-09-23 16:38:00,938 [WARN] PackLoader:240 - Cannot read IP mode file for wolfSSL.I-CUBE-wolfTPM.3.2.0
2025-09-23 16:38:00,947 [WARN] PackLoader:240 - Cannot read IP mode file for STMicroelectronics.FP-SNS-STAIOTCFT.1.0.0
2025-09-23 16:38:00,955 [WARN] PackLoader:240 - Cannot read IP mode file for STMicroelectronics.X-CUBE-DPower.1.3.0
2025-09-23 16:38:00,974 [WARN] ConditionMgr:438 - getConditionDescription Invalid condition id : LAN8742 Phy interface Condition cause : null
2025-09-23 16:38:00,975 [WARN] PackLoader:240 - Cannot read IP mode file for STMicroelectronics.X-CUBE-AZRTOS-L4.2.0.0
2025-09-23 16:38:00,976 [WARN] ConditionMgr:1044 - genDependencies : Invalid condition id : LAN8742 Phy interface Condition cause : null
2025-09-23 16:38:00,977 [WARN] ConditionMgr:1044 - genDependencies : Invalid condition id : LAN8742 Phy interface Condition cause : null
2025-09-23 16:38:00,977 [WARN] ConditionMgr:1044 - genDependencies : Invalid condition id : LAN8742 Phy interface Condition cause : null
2025-09-23 16:38:00,995 [WARN] PackLoader:240 - Cannot read IP mode file for STMicroelectronics.X-CUBE-SFXS2LP1.4.0.0
2025-09-23 16:38:01,014 [WARN] PackLoader:240 - Cannot read IP mode file for STMicroelectronics.X-CUBE-AZRTOS-H7.3.3.0
2025-09-23 16:38:01,028 [WARN] PackLoader:240 - Cannot read IP mode file for STMicroelectronics.X-CUBE-BLEMGR.4.1.0
2025-09-23 16:38:01,041 [WARN] PackLoader:240 - Cannot read IP mode file for STMicroelectronics.X-CUBE-IPS.3.0.0
2025-09-23 16:38:01,055 [WARN] ConditionMgr:438 - getConditionDescription Invalid condition id : UX DEVICE CLASS RTOS Condition cause : null
2025-09-23 16:38:01,055 [WARN] ConditionMgr:438 - getConditionDescription Invalid condition id : UX DEVICE CLASS RTOS Condition cause : null
2025-09-23 16:38:01,057 [WARN] PackLoader:240 - Cannot read IP mode file for STMicroelectronics.X-CUBE-AZRTOS-WB.2.0.0
2025-09-23 16:38:01,058 [WARN] ConditionMgr:1044 - genDependencies : Invalid condition id : UX DEVICE CLASS RTOS Condition cause : null
2025-09-23 16:38:01,058 [WARN] ConditionMgr:1044 - genDependencies : Invalid condition id : UX DEVICE CLASS RTOS Condition cause : null
2025-09-23 16:38:01,058 [WARN] ConditionMgr:1044 - genDependencies : Invalid condition id : UX DEVICE CLASS RTOS Condition cause : null
2025-09-23 16:38:01,058 [WARN] ConditionMgr:1044 - genDependencies : Invalid condition id : UX DEVICE CLASS RTOS Condition cause : null
2025-09-23 16:38:01,058 [WARN] ConditionMgr:1044 - genDependencies : Invalid condition id : UX DEVICE CLASS RTOS Condition cause : null
2025-09-23 16:38:01,063 [WARN] PackLoader:240 - Cannot read IP mode file for STMicroelectronics.X-CUBE-GNSS1.7.0.0
2025-09-23 16:38:01,070 [WARN] PackLoader:240 - Cannot read IP mode file for STMicroelectronics.X-CUBE-GNSS1.7.0.1
2025-09-23 16:38:01,074 [WARN] PackLoader:240 - Cannot read IP mode file for STMicroelectronics.X-CUBE-TOUCHGFX.4.25.0
2025-09-23 16:38:01,080 [WARN] PackLoader:240 - Cannot read IP mode file for STMicroelectronics.FP-SNS-STBOX1.2.0.0
2025-09-23 16:38:01,090 [WARN] PackLoader:240 - Cannot read IP mode file for STMicroelectronics.X-CUBE-SUBG2.5.0.0
2025-09-23 16:38:01,110 [WARN] PackLoader:240 - Cannot read IP mode file for STMicroelectronics.X-CUBE-AZRTOS-H7RS.1.1.0
2025-09-23 16:38:01,116 [WARN] PackLoader:240 - Cannot read IP mode file for Cesanta.I-CUBE-Mongoose.7.13.0
2025-09-23 16:38:01,129 [WARN] PackLoader:240 - Cannot read IP mode file for STMicroelectronics.X-CUBE-AZRTOS-G4.2.0.0
2025-09-23 16:38:01,135 [WARN] PackLoader:240 - Cannot read IP mode file for STMicroelectronics.X-CUBE-NFC7.2.0.0
2025-09-23 16:38:01,139 [WARN] PackLoader:240 - Cannot read IP mode file for STMicroelectronics.X-CUBE-ISPU.2.0.0
2025-09-23 16:38:01,147 [WARN] PackLoader:240 - Cannot read IP mode file for STMicroelectronics.X-CUBE-IPS.3.1.0
2025-09-23 16:38:01,156 [WARN] PackLoader:240 - Cannot read IP mode file for STMicroelectronics.X-CUBE-ALS.1.0.2
2025-09-23 16:38:01,181 [WARN] PackLoader:240 - Cannot read IP mode file for STMicroelectronics.X-CUBE-MEMS1.10.0.0
2025-09-23 16:38:01,292 [WARN] PackLoader:240 - Cannot read IP mode file for STMicroelectronics.X-CUBE-TOUCHGFX.4.24.0
2025-09-23 16:38:01,298 [WARN] PackLoader:240 - Cannot read IP mode file for STMicroelectronics.X-CUBE-TOUCHGFX.4.24.2
2025-09-23 16:38:01,304 [WARN] PackLoader:240 - Cannot read IP mode file for STMicroelectronics.X-CUBE-TOUCHGFX.4.24.1
2025-09-23 16:38:01,331 [WARN] PackLoader:240 - Cannot read IP mode file for STMicroelectronics.X-CUBE-STSE01.1.0.0
2025-09-23 16:38:01,345 [WARN] PackLoader:240 - Cannot read IP mode file for portGmbH.I-Cube-SoM-uGOAL.1.1.0
2025-09-23 16:38:01,366 [WARN] PackLoader:240 - Cannot read IP mode file for STMicroelectronics.X-CUBE-AZRTOS-H7RS.1.0.0
2025-09-23 16:38:01,377 [WARN] PackLoader:240 - Cannot read IP mode file for STMicroelectronics.FP-ATR-ASTRA1.2.0.0
2025-09-23 16:38:01,394 [WARN] PackLoader:240 - Cannot read IP mode file for STMicroelectronics.X-CUBE-TOF1.3.4.2
2025-09-23 16:38:01,420 [WARN] PackLoader:240 - Cannot read IP mode file for STMicroelectronics.X-CUBE-TOF1.3.4.3
2025-09-23 16:38:01,444 [WARN] PackLoader:240 - Cannot read IP mode file for STMicroelectronics.X-CUBE-TOF1.3.4.1
2025-09-23 16:38:01,472 [WARN] PackLoader:240 - Cannot read IP mode file for STMicroelectronics.X-CUBE-AZRTOS-H7.3.2.0
2025-09-23 16:38:01,488 [WARN] PackLoader:240 - Cannot read IP mode file for Infineon.AIROC-Wi-Fi-Bluetooth-STM32.1.6.0
2025-09-23 16:38:01,496 [WARN] PackLoader:240 - Cannot read IP mode file for wolfSSL.I-CUBE-wolfSSH.1.4.17
2025-09-23 16:38:01,497 [INFO] ThirdParty:978 - Integrity check success = true
2025-09-23 16:38:01,498 [INFO] IntegrityCheckThread:100 - exiting critical section [integrity check]
2025-09-23 16:38:01,498 [INFO] IntegrityCheckThread:103 - End integrity checks thread
2025-09-23 16:38:01,540 [INFO] WebApp:191 - Connection restablished
2025-09-23 16:38:07,212 [INFO] McuFinderGlobals:63 - Set McuFinder mode to 2 (CubeIDE integrated)
2025-09-23 16:38:07,224 [INFO] MainUpdater:2872 - connection check result : 10
2025-09-23 16:38:07,226 [INFO] MainUpdater:2872 - connection check result : 10
2025-09-23 16:38:07,330 [INFO] MicroXplorer:468 - Change Database Path : 
2025-09-23 16:38:07,330 [INFO] MicroXplorer:498 - Change Database Version : DB.6.0.141
2025-09-23 16:38:07,358 [WARN] ThirdParty:871 - waiting for thirdparty lock release [close project]
2025-09-23 16:38:07,359 [INFO] ThirdParty:873 - entering critical section [close project]
2025-09-23 16:38:07,364 [INFO] ThirdParty:883 - exiting critical section [close project]
2025-09-23 16:38:07,369 [INFO] PinOutPanel:1589 - setPackage(No Configuration,No Configuration)
2025-09-23 16:38:07,387 [INFO] UtilMem:75 - Begin LoadConfig() Used Memory: 176555376 Bytes (355467264)
2025-09-23 16:38:07,394 [INFO] MicroXplorer:468 - Change Database Path : 
2025-09-23 16:38:07,394 [INFO] MicroXplorer:498 - Change Database Version : DB.6.0.141
2025-09-23 16:38:07,394 [INFO] OpenFileManager:354 - Change cursor
2025-09-23 16:38:07,449 [INFO] Mcu:2011 - Initializing MCU STM32G431K(6-8-B)Tx STM32G431KBTx STM32G431KBT6
2025-09-23 16:38:12,598 [INFO] Context:756 - Trying to add GPIOservice into a context  which must be forbidden
2025-09-23 16:38:13,950 [INFO] ApiDbMcu:508 - Load IP Config File for NUCLEO-G431KB
2025-09-23 16:38:14,125 [INFO] ImportTextPane:218 - (OptionalMessage_ERROR) Pin8 (VP_RIF_VS_RIF1) cannot be retrieved for this MCU
2025-09-23 16:38:14,484 [INFO] RtosManager:558 - Registered RTOS mode: class=CMSIS, group=RTOS, mode=CMSIS_V1, owner=FREERTOS
2025-09-23 16:38:14,485 [INFO] RtosManager:558 - Registered RTOS mode: class=CMSIS, group=RTOS2, mode=CMSIS_V2, owner=FREERTOS
2025-09-23 16:38:14,485 [INFO] RtosManager:558 - Registered RTOS mode: class=RTOS, group=Core, mode=CMSIS_V1, owner=FREERTOS
2025-09-23 16:38:14,485 [INFO] RtosManager:558 - Registered RTOS mode: class=RTOS, group=Core, mode=CMSIS_V2, owner=FREERTOS
2025-09-23 16:38:14,486 [WARN] ModelIntegratedComponent:184 - Missing modes for component STMicroelectronics:FreeRTOS:0.0.1:STMicroelectronics:RTOS:FreeRTOS:Core:::10.2.0:
2025-09-23 16:38:14,498 [WARN] ModelIntegratedComponent:63 - No mode defined for component null
2025-09-23 16:38:14,498 [WARN] ModelIntegratedComponent:63 - No mode defined for component null
2025-09-23 16:38:14,498 [WARN] ModelIntegratedComponent:63 - No mode defined for component null
2025-09-23 16:38:14,498 [WARN] ModelIntegratedComponent:63 - No mode defined for component null
2025-09-23 16:38:14,498 [WARN] ModelIntegratedComponent:63 - No mode defined for component null
2025-09-23 16:38:14,498 [WARN] ModelIntegratedComponent:63 - No mode defined for component null
2025-09-23 16:38:14,498 [WARN] ModelIntegratedComponent:63 - No mode defined for component null
2025-09-23 16:38:14,498 [WARN] ModelIntegratedComponent:63 - No mode defined for component null
2025-09-23 16:38:14,498 [WARN] ModelIntegratedComponent:63 - No mode defined for component null
2025-09-23 16:38:14,498 [WARN] ModelIntegratedComponent:63 - No mode defined for component null
2025-09-23 16:38:14,498 [WARN] ModelIntegratedComponent:63 - No mode defined for component null
2025-09-23 16:38:14,499 [WARN] ModelIntegratedComponent:63 - No mode defined for component null
2025-09-23 16:38:14,499 [WARN] ModelIntegratedComponent:63 - No mode defined for component null
2025-09-23 16:38:14,499 [WARN] ModelIntegratedComponent:63 - No mode defined for component null
2025-09-23 16:38:14,499 [WARN] ModelIntegratedComponent:63 - No mode defined for component null
2025-09-23 16:38:14,499 [WARN] ModelIntegratedComponent:63 - No mode defined for component null
2025-09-23 16:38:14,499 [WARN] ModelIntegratedComponent:63 - No mode defined for component null
2025-09-23 16:38:14,499 [WARN] ModelIntegratedComponent:63 - No mode defined for component null
2025-09-23 16:38:14,499 [WARN] ModelIntegratedComponent:63 - No mode defined for component null
2025-09-23 16:38:14,499 [WARN] ModelIntegratedComponent:63 - No mode defined for component null
2025-09-23 16:38:14,499 [WARN] ModelIntegratedComponent:63 - No mode defined for component null
2025-09-23 16:38:14,499 [WARN] ModelIntegratedComponent:63 - No mode defined for component null
2025-09-23 16:38:14,499 [WARN] ModelIntegratedComponent:63 - No mode defined for component null
2025-09-23 16:38:14,499 [WARN] ModelIntegratedComponent:63 - No mode defined for component null
2025-09-23 16:38:14,499 [WARN] ModelIntegratedComponent:63 - No mode defined for component null
2025-09-23 16:38:14,499 [WARN] ModelIntegratedComponent:63 - No mode defined for component null
2025-09-23 16:38:14,499 [WARN] ModelIntegratedComponent:63 - No mode defined for component null
2025-09-23 16:38:14,499 [WARN] ModelIntegratedComponent:63 - No mode defined for component null
2025-09-23 16:38:14,500 [WARN] ModelIntegratedComponent:63 - No mode defined for component null
2025-09-23 16:38:14,501 [WARN] ModelIntegratedComponent:63 - No mode defined for component null
2025-09-23 16:38:14,501 [WARN] ModelIntegratedComponent:63 - No mode defined for component null
2025-09-23 16:38:14,502 [WARN] ModelIntegratedComponent:63 - No mode defined for component null
2025-09-23 16:38:14,502 [WARN] ModelIntegratedComponent:63 - No mode defined for component null
2025-09-23 16:38:14,502 [WARN] ModelIntegratedComponent:63 - No mode defined for component null
2025-09-23 16:38:14,503 [WARN] ModelIntegratedComponent:63 - No mode defined for component null
2025-09-23 16:38:14,503 [WARN] ModelPack:524 - Component already loaded: STMicroelectronics:HAL Drivers:0.0.0:STMicroelectronics:Device:STMicro_Driver:XSPI:HAL::0.0.1:HAL_XSPI
2025-09-23 16:38:14,842 [INFO] ThirdPartyModel:298 - Start build external matchings
2025-09-23 16:38:16,934 [INFO] ThirdPartyModel:316 - End build external matchings
2025-09-23 16:38:17,756 [INFO] ApiDb:581 - Connected to CubeFinder SQLite database (C:\Users\m-ren\.stmcufinder\plugins\mcufinder\mcu\cube-finder-db.db)
2025-09-23 16:38:17,925 [INFO] ApiDb:668 - CubeFinder database Data Model version=2.1
2025-09-23 16:38:17,926 [INFO] ApiDb:669 - CubeFinder database Configuration version=3.0.39
2025-09-23 16:38:17,926 [INFO] ApiDb:670 - CubeFinder database generation date=2025-08-25 (1756130511)
2025-09-23 16:38:17,926 [INFO] ApiDb:671 - CubeFinder database FW Pack versions=[FP-ATR-ASTRA1_V2.0.0, FP-SNS-FLIGHT1_V5.1.0, FP-SNS-MOTENV1_V5.0.0, FP-SNS-MOTENVWB1_V1.4.0, FP-SNS-SMARTAG2_V1.2.0, FP-SNS-STBOX1_V2.1.0, STM32Cube_FW_C0_V1.4.0, STM32Cube_FW_F4_V1.28.3, STM32Cube_FW_F7_V1.17.4, STM32Cube_FW_G0_V1.6.2, STM32Cube_FW_G4_V1.6.1, STM32Cube_FW_H5_V1.5.0, STM32Cube_FW_H7RS_V1.2.0, STM32Cube_FW_H7_V1.12.1, STM32Cube_FW_L0_V1.12.2, STM32Cube_FW_L4_V1.18.1, STM32Cube_FW_L5_V1.5.1, STM32Cube_FW_N6_V1.2.0, STM32Cube_FW_U0_V1.3.0, STM32Cube_FW_U3_V1.2.0, STM32Cube_FW_U5_V1.8.0, STM32Cube_FW_WB0_V1.3.0, STM32Cube_FW_WBA_V1.7.0, STM32Cube_FW_WB_V1.23.0, STM32Cube_FW_WL3_V1.2.0, STM32Cube_FW_WL_V1.3.1, X-CUBE-ALGOBUILD_V1.4.0, X-CUBE-ALS_V1.0.2, X-CUBE-AZRTOS-F4_V1.1.0, X-CUBE-AZRTOS-F7_V1.1.0, X-CUBE-AZRTOS-G0_V1.1.0, X-CUBE-AZRTOS-G4_V2.0.0, X-CUBE-AZRTOS-H7RS_V1.1.0, X-CUBE-AZRTOS-H7_V3.4.0, X-CUBE-AZRTOS-L4_V2.0.0, X-CUBE-AZRTOS-L5_V2.0.0, X-CUBE-AZRTOS-WB_V2.0.0, X-CUBE-AZRTOS-WL_V2.0.0, X-CUBE-BLE1_V7.1.0, X-CUBE-BLE2_V3.3.0, X-CUBE-BLEMGR_V4.1.0, X-CUBE-EEPRMA1_V5.2.0, X-CUBE-FREERTOS_V1.3.1, X-CUBE-GNSS1_V6.0.0, X-CUBE-MEMS1_V11.3.0, X-CUBE-NFC4_V3.0.0, X-CUBE-NFC7_V2.0.0, X-CUBE-SFXS2LP1_V4.0.0, X-CUBE-ST67W61_V1.0.0, X-CUBE-SUBG2_V5.0.0, X-CUBE-TOF1_V3.4.3]
2025-09-23 16:38:18,178 [INFO] DbBoardsSqlite:226 - include board P-NUCLEO-WB55-NUCLEO as a kit item of type 'Nucleo-64'
2025-09-23 16:38:18,179 [INFO] DbBoardsSqlite:226 - include board P-NUCLEO-WB55-USBDONGLE as a kit item of type 'Nucleo USB Dongle'
2025-09-23 16:38:18,183 [INFO] DbBoardsSqlite:226 - include board STEVAL-IDP005V1 as a kit item of type 'Evaluation Board'
2025-09-23 16:38:18,183 [INFO] DbBoardsSqlite:226 - include board STEVAL-IDP005V2 as a kit item of type 'Evaluation Board'
2025-09-23 16:38:19,445 [INFO] ApiDb:240 - Found 895 in-development CPN: [B-G473E-ZEST1S, B-WB1M-WPAN1, B-WBA5M-WPAN, B-WL5M-SUBG1, NUCLEO-C031C6, NUCLEO-C051C8, NUCLEO-C071RB, NUCLEO-C092RC, NUCLEO-H503RB, NUCLEO-H533RE, NUCLEO-H563ZI, NUCLEO-H7S3L8, NUCLEO-N657X0-Q, NUCLEO-U031R8, NUCLEO-U083RC, NUCLEO-U385RG-Q, NUCLEO-U545RE-Q, NUCLEO-U5A5ZJ-Q, NUCLEO-WB05KZ, NUCLEO-WB07CC, NUCLEO-WB09KE, NUCLEO-WBA52CG, NUCLEO-WBA55CG, NUCLEO-WBA65RI, NUCLEO-WL33CC1, NUCLEO-WL33CC2, STEVAL-PROTEUS1, STEVAL-SMARTAG2, STEVAL-STWINBX1, STM320518-EVAL, STM32C0116-DK, STM32C011D6Y3TR, STM32C011D6Y6TR, STM32C011F4P3, STM32C011F4P6, STM32C011F4U3, STM32C011F4U6TR, STM32C011F6P3, STM32C011F6P6, STM32C011F6U3, STM32C011F6U6TR, STM32C011J4M3, STM32C011J4M6, STM32C011J6M3, STM32C011J6M6, STM32C0316-DK, STM32C031C4T3, STM32C031C4T6, STM32C031C4U3, STM32C031C4U6, STM32C031C6T3, STM32C031C6T6, STM32C031C6U3, STM32C031C6U6, STM32C031F4P3, STM32C031F4P6, STM32C031F6P3, STM32C031F6P6, STM32C031G4U3, STM32C031G4U6, STM32C031G6U3, STM32C031G6U6, STM32C031K4T3, STM32C031K4T6, STM32C031K4U3, STM32C031K4U6, STM32C031K6T3, STM32C031K6T6, STM32C031K6U3, STM32C031K6U6, STM32C051C6T6, STM32C051C6U6, STM32C051C8T6, STM32C051C8U6, STM32C051D8Y6TR, STM32C051F6P6, STM32C051F8P6, STM32C051G6U6, STM32C051G8U6, STM32C051K6T6, STM32C051K6U6, STM32C051K8T6, STM32C071C8T6, STM32C071C8T6N, STM32C071C8U6, STM32C071C8U6N, STM32C071CBT6, STM32C071CBT6N, STM32C071CBU6, STM32C071CBU6N, STM32C071F8P6, STM32C071F8P6N, STM32C071FBP6, STM32C071FBP6N, STM32C071FBY6TR, STM32C071G8U6, STM32C071G8U6N, STM32C071GBU6, STM32C071GBU6N, STM32C071K8T6, STM32C071K8T6N, STM32C071K8U6, STM32C071K8U6N, STM32C071KBT6, STM32C071KBT6N, STM32C071KBU6, STM32C071KBU6N, STM32C071R8T6, STM32C071R8T6N, STM32C071RBI6N, STM32C071RBT6, STM32C071RBT6N, STM32C091CBT6, STM32C091CBU6, STM32C091CCT6, STM32C091CCU6, STM32C091ECY6TR, STM32C091FBP6, STM32C091FCP6, STM32C091GBU6, STM32C091GCU6, STM32C091KBT6, STM32C091KBU6, STM32C091KCT6, STM32C091KCU6, STM32C091RBT6, STM32C091RCI6, STM32C091RCT6, STM32C092CBT6, STM32C092CBU6, STM32C092CCT6, STM32C092CCU6, STM32C092ECY6TR, STM32C092FBP6, STM32C092FCP6, STM32C092GBU6, STM32C092GCU6, STM32C092KBT6, STM32C092KBU6, STM32C092KCT6, STM32C092KCU6, STM32C092RBT6, STM32C092RCI6, STM32C092RCT6, STM32G071K8TXN, STM32G071K8UXN, STM32G081GBU6N, STM32G081KBT6N, STM32G081KBUXN, STM32G0B1CCT6N, STM32G0B1KCT6, STM32G0B1NEY6TR, STM32G0B1RCT6N, STM32G0C1CCT6, STM32G0C1CCT6N, STM32G0C1CCU6N, STM32G0C1CET6N, STM32G0C1CEU6N, STM32G0C1KCT6, STM32G0C1NEY6TR, STM32G0C1RCI6N, STM32G0C1RCT6N, STM32G0C1REI6N, STM32G0C1RET6N, STM32G0C1VCI6, STM32G0C1VEI6, STM32G411C6T3, STM32G411C6T6, STM32G411C6U3, STM32G411C6U6, STM32G411C8T3, STM32G411C8T6, STM32G411C8U3, STM32G411C8U6, STM32G411CBT3, STM32G411CBT6, STM32G411CBU3, STM32G411CBU6, STM32G411CCT3, STM32G411CCT6, STM32G411CCU3, STM32G411CCU6, STM32G411K6T3, STM32G411K6T6, STM32G411K6U3, STM32G411K6U6, STM32G411K8T3, STM32G411K8T6, STM32G411K8U3, STM32G411K8U6, STM32G411KBT3, STM32G411KBT6, STM32G411KBU3, STM32G411KBU6, STM32G411M6T3, STM32G411M6T6, STM32G411M8T3, STM32G411M8T6, STM32G411MBT3, STM32G411MBT6, STM32G411MCT3, STM32G411MCT6, STM32G411R6T3, STM32G411R6T6, STM32G411R8T3, STM32G411R8T6, STM32G411RBT3, STM32G411RBT6, STM32G411RCT3, STM32G411RCT6, STM32G414CBT3, STM32G414CBT6, STM32G414CBU3, STM32G414CBU6, STM32G414CCT3, STM32G414CCT6, STM32G414CCU3, STM32G414CCU6, STM32G414MBT3, STM32G414MBT6, STM32G414MCT3, STM32G414MCT6, STM32G414RBT3, STM32G414RBT6, STM32G414RCT3, STM32G414RCT6, STM32G414VBT3, STM32G414VBT6, STM32G414VCT3, STM32G414VCT6, STM32G431CBT3Z, STM32G431RBT3Z, STM32G471CCT6, STM32G471CCU6, STM32G471CET3, STM32G471CET6, STM32G471CEU3, STM32G471CEU6, STM32G471MCT6, STM32G471MET3, STM32G471MET6, STM32G471MEY6TR, STM32G471QCT6, STM32G471QET3, STM32G471RCT6, STM32G471RET3, STM32G471RET6, STM32G471VCH6, STM32G471VCI6, STM32G471VCT6, STM32G471VEH3, STM32G471VEH6, STM32G471VEI3, STM32G471VEI6, STM32G471VET3, STM32G471VET6, STM32G473QET3Z, STM32G473RET3Z, STM32G474CCT6, STM32G491RET3Z, STM32H503CBT6, STM32H503CBU6, STM32H503EBY6TR, STM32H503KBU6, STM32H503RBT6, STM32H523CCT6, STM32H523CCU6, STM32H523CET6, STM32H523CEU6, STM32H523HEY6TR, STM32H523RCT6, STM32H523RET6, STM32H523VCI6, STM32H523VCT6, STM32H523VEI6, STM32H523VET6, STM32H523ZCJ6, STM32H523ZCT6, STM32H523ZEJ6, STM32H523ZET6, STM32H533CET6, STM32H533CEU6, STM32H533HEY6TR, STM32H533RET6, STM32H533VEI6, STM32H533VET6, STM32H533ZEJ6, STM32H533ZET6, STM32H562AGI6, STM32H562AII6, STM32H562IGK6, STM32H562IGT6, STM32H562IIK6, STM32H562IIT6, STM32H562RGT6, STM32H562RGV6, STM32H562RIT6, STM32H562RIV6, STM32H562VGT6, STM32H562VIT6, STM32H562ZGT6, STM32H562ZIT6, STM32H563AGI6, STM32H563AII3Q, STM32H563AII6, STM32H563IGK6, STM32H563IGT6, STM32H563IIK3Q, STM32H563IIK6, STM32H563IIT3Q, STM32H563IIT6, STM32H563MIY3QTR, STM32H563RGT6, STM32H563RGV6, STM32H563RIT6, STM32H563RIV6, STM32H563VGT6, STM32H563VIT3Q, STM32H563VIT6, STM32H563ZGT6, STM32H563ZIT3Q, STM32H563ZIT6, STM32H573AII3Q, STM32H573AII6, STM32H573I-DK, STM32H573IIK3Q, STM32H573IIK6, STM32H573IIT3Q, STM32H573IIT6, STM32H573MIY3QTR, STM32H573RIT6, STM32H573RIV6, STM32H573VIT3Q, STM32H573VIT6, STM32H573ZIT3Q, STM32H573ZIT6, STM32H7R3A8I6, STM32H7R3I8K6, STM32H7R3I8T6, STM32H7R3L8H6, STM32H7R3L8H6H, STM32H7R3R8V6, STM32H7R3V8H6, STM32H7R3V8T6, STM32H7R3V8Y6TR, STM32H7R3Z8J6, STM32H7R3Z8T6, STM32H7R7A8I6, STM32H7R7I8K6, STM32H7R7I8T6, STM32H7R7L8H6, STM32H7R7L8H6H, STM32H7R7Z8J6, STM32H7S3A8I6, STM32H7S3I8K6, STM32H7S3I8T6, STM32H7S3L8H6, STM32H7S3L8H6H, STM32H7S3R8V6, STM32H7S3V8H6, STM32H7S3V8T6, STM32H7S3V8Y6TR, STM32H7S3Z8J6, STM32H7S3Z8T6, STM32H7S78-DK, STM32H7S7A8I6, STM32H7S7I8K6, STM32H7S7I8T6, STM32H7S7L8H6, STM32H7S7L8H6H, STM32H7S7Z8J6, STM32L4R5QGI6STR, STM32MP131AAE3, STM32MP131AAF3, STM32MP131AAG3, STM32MP131CAE3, STM32MP131CAF3, STM32MP131CAG3, STM32MP131DAE7, STM32MP131DAF7, STM32MP131DAG7, STM32MP131FAE7, STM32MP131FAF7, STM32MP131FAG7, STM32MP133AAE3, STM32MP133AAF3, STM32MP133AAG3, STM32MP133CAE3, STM32MP133CAF3, STM32MP133CAG3, STM32MP133DAE7, STM32MP133DAF7, STM32MP133DAG7, STM32MP133FAE7, STM32MP133FAF7, STM32MP133FAG7, STM32MP135AAE3, STM32MP135AAF3, STM32MP135AAG3, STM32MP135CAE3, STM32MP135CAF3, STM32MP135CAG3, STM32MP135DAE7, STM32MP135DAF7, STM32MP135DAG7, STM32MP135F-DK, STM32MP135FAE7, STM32MP135FAF7, STM32MP135FAF7T, STM32MP135FAF7U, STM32MP135FAG7, STM32MP231AAJ3, STM32MP231AAK3, STM32MP231AAL3, STM32MP231CAJ3, STM32MP231CAK3, STM32MP231CAL3, STM32MP231DAJ3, STM32MP231DAK3, STM32MP231DAL3, STM32MP231FAJ3, STM32MP231FAK3, STM32MP231FAL3, STM32MP233AAJ3, STM32MP233AAK3, STM32MP233AAL3, STM32MP233CAJ3, STM32MP233CAK3, STM32MP233CAL3, STM32MP233DAJ3, STM32MP233DAK3, STM32MP233DAL3, STM32MP233FAJ3, STM32MP233FAK3, STM32MP233FAL3, STM32MP235AAJ3, STM32MP235AAK3, STM32MP235AAL3, STM32MP235CAJ3, STM32MP235CAK3, STM32MP235CAL3, STM32MP235DAJ3, STM32MP235DAK3, STM32MP235DAL3, STM32MP235FAJ3, STM32MP235FAK3, STM32MP235FAL3, STM32MP251AAI3, STM32MP251AAJ3, STM32MP251AAK3, STM32MP251AAL3, STM32MP251CAI3, STM32MP251CAJ3, STM32MP251CAK3, STM32MP251CAL3, STM32MP251DAI3, STM32MP251DAJ3, STM32MP251DAK3, STM32MP251DAL3, STM32MP251FAI3, STM32MP251FAJ3, STM32MP251FAK3, STM32MP251FAL3, STM32MP253AAI3, STM32MP253AAJ3, STM32MP253AAK3, STM32MP253AAL3, STM32MP253CAI3, STM32MP253CAJ3, STM32MP253CAK3, STM32MP253CAL3, STM32MP253DAI3, STM32MP253DAJ3, STM32MP253DAK3, STM32MP253DAL3, STM32MP253FAI3, STM32MP253FAJ3, STM32MP253FAK3, STM32MP253FAL3, STM32MP255AAI3, STM32MP255AAJ3, STM32MP255AAK3, STM32MP255AAL3, STM32MP255CAI3, STM32MP255CAJ3, STM32MP255CAK3, STM32MP255CAL3, STM32MP255DAI3, STM32MP255DAJ3, STM32MP255DAK3, STM32MP255DAL3, STM32MP255FAI3, STM32MP255FAJ3, STM32MP255FAK3, STM32MP255FAL3, STM32MP257AAI3, STM32MP257AAJ3, STM32MP257AAK3, STM32MP257AAL3, STM32MP257CAI3, STM32MP257CAJ3, STM32MP257CAK3, STM32MP257CAL3, STM32MP257DAI3, STM32MP257DAJ3, STM32MP257DAK3, STM32MP257DAL3, STM32MP257F-DK, STM32MP257F-EV1, STM32MP257FAI3, STM32MP257FAJ3, STM32MP257FAK3, STM32MP257FAL3, STM32N645A0H3Q, STM32N645B0H3Q, STM32N645I0H3Q, STM32N645L0H3Q, STM32N645X0H3Q, STM32N645Z0H3Q, STM32N647A0H3Q, STM32N647B0H3Q, STM32N647I0H3Q, STM32N647L0H3Q, STM32N647X0H3Q, STM32N647Z0H3Q, STM32N655A0H3Q, STM32N655B0H3Q, STM32N655I0H3Q, STM32N655L0H3Q, STM32N655X0H3Q, STM32N655Z0H3Q, STM32N6570-DK, STM32N657A0H3Q, STM32N657B0H3Q, STM32N657I0H3Q, STM32N657L0H3Q, STM32N657X0H3Q, STM32N657Z0H3Q, STM32U031C6T6, STM32U031C6U6, STM32U031C8T6, STM32U031C8U6, STM32U031F4P6, STM32U031F6P6, STM32U031F8P6, STM32U031G6Y6TR, STM32U031G8Y6TR, STM32U031K4U6, STM32U031K6U6, STM32U031K8U6, STM32U031R6I6, STM32U031R6T6, STM32U031R8I6, STM32U031R8T6, STM32U073C8T6, STM32U073C8U6, STM32U073CBT6, STM32U073CBU6, STM32U073CCT6, STM32U073CCU6, STM32U073H8Y6TR, STM32U073HBY6TR, STM32U073HCY6TR, STM32U073K8U6, STM32U073KBU6, STM32U073KCU6, STM32U073M8I6, STM32U073M8T6, STM32U073MBI6, STM32U073MBT6, STM32U073MCI6, STM32U073MCT6, STM32U073R8I6, STM32U073R8T6, STM32U073RBI6, STM32U073RBT6, STM32U073RCI6, STM32U073RCT6, STM32U083C-DK, STM32U083CCT6, STM32U083CCU6, STM32U083HCY6TR, STM32U083KCU6, STM32U083MCI6, STM32U083MCT6, STM32U083RCI6, STM32U083RCT6, STM32U375CET6, STM32U375CET6Q, STM32U375CEU6, STM32U375CEU6Q, STM32U375CEY6QTR, STM32U375CGT6, STM32U375CGT6Q, STM32U375CGU6, STM32U375CGU6Q, STM32U375CGY6QTR, STM32U375KEU6, STM32U375KGU6, STM32U375REI6, STM32U375REI6Q, STM32U375RET6, STM32U375RET6Q, STM32U375REY6GTR, STM32U375REY6QTR, STM32U375RGI6, STM32U375RGI6Q, STM32U375RGT6, STM32U375RGT6Q, STM32U375RGY6GTR, STM32U375RGY6QTR, STM32U375VEI6, STM32U375VEI6Q, STM32U375VET6, STM32U375VET6Q, STM32U375VGI6, STM32U375VGI6Q, STM32U375VGT6, STM32U375VGT6Q, STM32U385CGT6, STM32U385CGT6Q, STM32U385CGU6, STM32U385CGU6Q, STM32U385CGY6QTR, STM32U385KGU6, STM32U385RGI6, STM32U385RGI6Q, STM32U385RGT6, STM32U385RGT6Q, STM32U385RGY6GTR, STM32U385RGY6QTR, STM32U385VGI6, STM32U385VGI6Q, STM32U385VGT6, STM32U385VGT6Q, STM32U535CBT6, STM32U535CBT6Q, STM32U535CBU6, STM32U535CBU6Q, STM32U535CCT6, STM32U535CCT6Q, STM32U535CCU6, STM32U535CCU6Q, STM32U535CET6, STM32U535CET6Q, STM32U535CEU6, STM32U535CEU6Q, STM32U535JEY6QTR, STM32U535NCY6QTR, STM32U535NEY6QTR, STM32U535RBI6, STM32U535RBI6Q, STM32U535RBT6, STM32U535RBT6Q, STM32U535RCI6, STM32U535RCI6Q, STM32U535RCT6, STM32U535RCT6Q, STM32U535REI6, STM32U535REI6Q, STM32U535RET6, STM32U535RET6Q, STM32U535VCI6, STM32U535VCI6Q, STM32U535VCT6, STM32U535VCT6Q, STM32U535VEI6, STM32U535VEI6Q, STM32U535VET6, STM32U535VET6Q, STM32U545CET6, STM32U545CET6Q, STM32U545CEU6, STM32U545CEU6Q, STM32U545JEY6QTR, STM32U545NEY6QTR, STM32U545REI6, STM32U545REI6Q, STM32U545RET6, STM32U545RET6Q, STM32U545VEI6, STM32U545VEI6Q, STM32U545VET6, STM32U545VET6Q, STM32U595AIH6, STM32U595AIH6Q, STM32U595AJH6, STM32U595AJH6Q, STM32U595QII6, STM32U595QII6Q, STM32U595QJI6, STM32U595QJI6Q, STM32U595RIT6, STM32U595RIT6Q, STM32U595RJT6, STM32U595RJT6Q, STM32U595VIT6, STM32U595VIT6Q, STM32U595VJT6, STM32U595VJT6Q, STM32U595ZIT6, STM32U595ZIT6Q, STM32U595ZIY6QTR, STM32U595ZJT6, STM32U595ZJT6Q, STM32U595ZJY6QTR, STM32U599BJY6QTR, STM32U599NIH6Q, STM32U599NJH6Q, STM32U599VIT6Q, STM32U599VJT6, STM32U599VJT6Q, STM32U599ZIT6Q, STM32U599ZIY6QTR, STM32U599ZJT6Q, STM32U599ZJY6QTR, STM32U5A5AJH6, STM32U5A5AJH6Q, STM32U5A5QII3Q , STM32U5A5QJI6, STM32U5A5QJI6Q, STM32U5A5RJT6, STM32U5A5RJT6Q, STM32U5A5VJT6, STM32U5A5VJT6Q, STM32U5A5ZJT6, STM32U5A5ZJT6Q, STM32U5A5ZJY6QTR, STM32U5A9BJY6QTR, STM32U5A9J-DK, STM32U5A9NJH6Q, STM32U5A9VJT6Q, STM32U5A9ZJT6Q, STM32U5A9ZJY6QTR, STM32U5F7VIT6, STM32U5F7VIT6Q, STM32U5F7VJT6, STM32U5F7VJT6Q, STM32U5F9BJY6QTR, STM32U5F9NJH6Q, STM32U5F9VIT6Q, STM32U5F9VJT6Q, STM32U5F9ZIJ6QTR, STM32U5F9ZIT6Q, STM32U5F9ZJJ6QTR, STM32U5F9ZJT6Q, STM32U5G7VJT6, STM32U5G7VJT6Q, STM32U5G9BJY6QTR, STM32U5G9J-DK1, STM32U5G9J-DK2, STM32U5G9NJH6Q, STM32U5G9VJT6Q, STM32U5G9ZJJ6QTR, STM32U5G9ZJT6Q, STM32WB05KZV6TR, STM32WB05KZV7TR, STM32WB05TZF6TR, STM32WB05TZF7TR, STM32WB06CCF6TR, STM32WB06CCF7TR, STM32WB06CCV6TR, STM32WB06CCV7TR, STM32WB06KCV6TR, STM32WB06KCV7TR, STM32WB07CCF6TR, STM32WB07CCF7TR, STM32WB07CCV6TR, STM32WB07CCV7TR, STM32WB07KCV6TR, STM32WB07KCV7TR, STM32WB09KEV6TR, STM32WB09KEV7TR, STM32WB09TEF6TR, STM32WB09TEF7TR, STM32WB1MMCH6, STM32WBA50KGU6, STM32WBA50KGU6TR, STM32WBA52CEU6, STM32WBA52CEU6TR, STM32WBA52CEU7, STM32WBA52CEU7TR, STM32WBA52CGU6, STM32WBA52CGU6TR, STM32WBA52CGU6U, STM32WBA52CGU7, STM32WBA52CGU7TR, STM32WBA52KEU6, STM32WBA52KEU6TR, STM32WBA52KGU6, STM32WBA52KGU6TR, STM32WBA54CEU6, STM32WBA54CEU6TR, STM32WBA54CEU7, STM32WBA54CEU7TR, STM32WBA54CGU6, STM32WBA54CGU6TR, STM32WBA54CGU7, STM32WBA54CGU7TR, STM32WBA54KEU6, STM32WBA54KEU6TR, STM32WBA54KEU7, STM32WBA54KEU7TR, STM32WBA54KGU6, STM32WBA54KGU6TR, STM32WBA54KGU7, STM32WBA54KGU7TR, STM32WBA55CEU6, STM32WBA55CEU6TR, STM32WBA55CEU7, STM32WBA55CEU7TR, STM32WBA55CGU6, STM32WBA55CGU6TR, STM32WBA55CGU6U, STM32WBA55CGU7, STM32WBA55CGU7TR, STM32WBA55G-DK1, STM32WBA55HEF6, STM32WBA55HEF7, STM32WBA55HGF6, STM32WBA55HGF7, STM32WBA55UEI6, STM32WBA55UEI6TR, STM32WBA55UEI7, STM32WBA55UEI7TR, STM32WBA55UGI6, STM32WBA55UGI6TR, STM32WBA55UGI7, STM32WBA55UGI7TR, STM32WBA5MJGH6TR, STM32WBA62CGU6, STM32WBA62CIU6, STM32WBA62MGF6, STM32WBA62MIF6, STM32WBA62PGI6, STM32WBA62PII6, STM32WBA63CGU6, STM32WBA63CGU7, STM32WBA63CIU6, STM32WBA63CIU7, STM32WBA64CGU6, STM32WBA64CGU7, STM32WBA64CIU6, STM32WBA64CIU7, STM32WBA65CGU6, STM32WBA65CGU7, STM32WBA65CIU6, STM32WBA65CIU7, STM32WBA65I-DK1, STM32WBA65MGF6, STM32WBA65MGF7, STM32WBA65MIF6, STM32WBA65MIF7, STM32WBA65PGI6, STM32WBA65PGI7, STM32WBA65PII6, STM32WBA65PII7, STM32WBA65RGV6, STM32WBA65RGV7, STM32WBA65RIV6, STM32WBA65RIV7, STM32WL30K8V6, STM32WL30KBV6, STM32WL31C8V6, STM32WL31CBV6, STM32WL31K8V6, STM32WL31KBV6, STM32WL33C8V6, STM32WL33C8V6TR, STM32WL33C8V7, STM32WL33C8V7TR, STM32WL33CBV6, STM32WL33CBV6TR, STM32WL33CBV7, STM32WL33CBV7TR, STM32WL33CCV6, STM32WL33CCV6TR, STM32WL33CCV7, STM32WL33CCV7A, STM32WL33CCV7ATR, STM32WL33CCV7TR, STM32WL33K8V6, STM32WL33K8V6TR, STM32WL33K8V7, STM32WL33K8V7TR, STM32WL33KBV6, STM32WL33KBV6TR, STM32WL33KBV7, STM32WL33KBV7TR, STM32WL33KCV6, STM32WL33KCV6TR, STM32WL33KCV7, STM32WL33KCV7TR, STM32WL5MOCH6, STM32WL5MOCH6TR]
2025-09-23 16:38:19,456 [INFO] ApiDb:668 - CubeFinder database Data Model version=2.1
2025-09-23 16:38:19,456 [INFO] ApiDb:669 - CubeFinder database Configuration version=3.0.39
2025-09-23 16:38:19,457 [INFO] ApiDb:670 - CubeFinder database generation date=2025-08-25 (1756130511)
2025-09-23 16:38:19,457 [INFO] ApiDb:671 - CubeFinder database FW Pack versions=[FP-ATR-ASTRA1_V2.0.0, FP-SNS-FLIGHT1_V5.1.0, FP-SNS-MOTENV1_V5.0.0, FP-SNS-MOTENVWB1_V1.4.0, FP-SNS-SMARTAG2_V1.2.0, FP-SNS-STBOX1_V2.1.0, STM32Cube_FW_C0_V1.4.0, STM32Cube_FW_F4_V1.28.3, STM32Cube_FW_F7_V1.17.4, STM32Cube_FW_G0_V1.6.2, STM32Cube_FW_G4_V1.6.1, STM32Cube_FW_H5_V1.5.0, STM32Cube_FW_H7RS_V1.2.0, STM32Cube_FW_H7_V1.12.1, STM32Cube_FW_L0_V1.12.2, STM32Cube_FW_L4_V1.18.1, STM32Cube_FW_L5_V1.5.1, STM32Cube_FW_N6_V1.2.0, STM32Cube_FW_U0_V1.3.0, STM32Cube_FW_U3_V1.2.0, STM32Cube_FW_U5_V1.8.0, STM32Cube_FW_WB0_V1.3.0, STM32Cube_FW_WBA_V1.7.0, STM32Cube_FW_WB_V1.23.0, STM32Cube_FW_WL3_V1.2.0, STM32Cube_FW_WL_V1.3.1, X-CUBE-ALGOBUILD_V1.4.0, X-CUBE-ALS_V1.0.2, X-CUBE-AZRTOS-F4_V1.1.0, X-CUBE-AZRTOS-F7_V1.1.0, X-CUBE-AZRTOS-G0_V1.1.0, X-CUBE-AZRTOS-G4_V2.0.0, X-CUBE-AZRTOS-H7RS_V1.1.0, X-CUBE-AZRTOS-H7_V3.4.0, X-CUBE-AZRTOS-L4_V2.0.0, X-CUBE-AZRTOS-L5_V2.0.0, X-CUBE-AZRTOS-WB_V2.0.0, X-CUBE-AZRTOS-WL_V2.0.0, X-CUBE-BLE1_V7.1.0, X-CUBE-BLE2_V3.3.0, X-CUBE-BLEMGR_V4.1.0, X-CUBE-EEPRMA1_V5.2.0, X-CUBE-FREERTOS_V1.3.1, X-CUBE-GNSS1_V6.0.0, X-CUBE-MEMS1_V11.3.0, X-CUBE-NFC4_V3.0.0, X-CUBE-NFC7_V2.0.0, X-CUBE-SFXS2LP1_V4.0.0, X-CUBE-ST67W61_V1.0.0, X-CUBE-SUBG2_V5.0.0, X-CUBE-TOF1_V3.4.3]
2025-09-23 16:38:22,676 [INFO] ApiDb:240 - Found 895 in-development CPN: [B-G473E-ZEST1S, B-WB1M-WPAN1, B-WBA5M-WPAN, B-WL5M-SUBG1, NUCLEO-C031C6, NUCLEO-C051C8, NUCLEO-C071RB, NUCLEO-C092RC, NUCLEO-H503RB, NUCLEO-H533RE, NUCLEO-H563ZI, NUCLEO-H7S3L8, NUCLEO-N657X0-Q, NUCLEO-U031R8, NUCLEO-U083RC, NUCLEO-U385RG-Q, NUCLEO-U545RE-Q, NUCLEO-U5A5ZJ-Q, NUCLEO-WB05KZ, NUCLEO-WB07CC, NUCLEO-WB09KE, NUCLEO-WBA52CG, NUCLEO-WBA55CG, NUCLEO-WBA65RI, NUCLEO-WL33CC1, NUCLEO-WL33CC2, STEVAL-PROTEUS1, STEVAL-SMARTAG2, STEVAL-STWINBX1, STM320518-EVAL, STM32C0116-DK, STM32C011D6Y3TR, STM32C011D6Y6TR, STM32C011F4P3, STM32C011F4P6, STM32C011F4U3, STM32C011F4U6TR, STM32C011F6P3, STM32C011F6P6, STM32C011F6U3, STM32C011F6U6TR, STM32C011J4M3, STM32C011J4M6, STM32C011J6M3, STM32C011J6M6, STM32C0316-DK, STM32C031C4T3, STM32C031C4T6, STM32C031C4U3, STM32C031C4U6, STM32C031C6T3, STM32C031C6T6, STM32C031C6U3, STM32C031C6U6, STM32C031F4P3, STM32C031F4P6, STM32C031F6P3, STM32C031F6P6, STM32C031G4U3, STM32C031G4U6, STM32C031G6U3, STM32C031G6U6, STM32C031K4T3, STM32C031K4T6, STM32C031K4U3, STM32C031K4U6, STM32C031K6T3, STM32C031K6T6, STM32C031K6U3, STM32C031K6U6, STM32C051C6T6, STM32C051C6U6, STM32C051C8T6, STM32C051C8U6, STM32C051D8Y6TR, STM32C051F6P6, STM32C051F8P6, STM32C051G6U6, STM32C051G8U6, STM32C051K6T6, STM32C051K6U6, STM32C051K8T6, STM32C071C8T6, STM32C071C8T6N, STM32C071C8U6, STM32C071C8U6N, STM32C071CBT6, STM32C071CBT6N, STM32C071CBU6, STM32C071CBU6N, STM32C071F8P6, STM32C071F8P6N, STM32C071FBP6, STM32C071FBP6N, STM32C071FBY6TR, STM32C071G8U6, STM32C071G8U6N, STM32C071GBU6, STM32C071GBU6N, STM32C071K8T6, STM32C071K8T6N, STM32C071K8U6, STM32C071K8U6N, STM32C071KBT6, STM32C071KBT6N, STM32C071KBU6, STM32C071KBU6N, STM32C071R8T6, STM32C071R8T6N, STM32C071RBI6N, STM32C071RBT6, STM32C071RBT6N, STM32C091CBT6, STM32C091CBU6, STM32C091CCT6, STM32C091CCU6, STM32C091ECY6TR, STM32C091FBP6, STM32C091FCP6, STM32C091GBU6, STM32C091GCU6, STM32C091KBT6, STM32C091KBU6, STM32C091KCT6, STM32C091KCU6, STM32C091RBT6, STM32C091RCI6, STM32C091RCT6, STM32C092CBT6, STM32C092CBU6, STM32C092CCT6, STM32C092CCU6, STM32C092ECY6TR, STM32C092FBP6, STM32C092FCP6, STM32C092GBU6, STM32C092GCU6, STM32C092KBT6, STM32C092KBU6, STM32C092KCT6, STM32C092KCU6, STM32C092RBT6, STM32C092RCI6, STM32C092RCT6, STM32G071K8TXN, STM32G071K8UXN, STM32G081GBU6N, STM32G081KBT6N, STM32G081KBUXN, STM32G0B1CCT6N, STM32G0B1KCT6, STM32G0B1NEY6TR, STM32G0B1RCT6N, STM32G0C1CCT6, STM32G0C1CCT6N, STM32G0C1CCU6N, STM32G0C1CET6N, STM32G0C1CEU6N, STM32G0C1KCT6, STM32G0C1NEY6TR, STM32G0C1RCI6N, STM32G0C1RCT6N, STM32G0C1REI6N, STM32G0C1RET6N, STM32G0C1VCI6, STM32G0C1VEI6, STM32G411C6T3, STM32G411C6T6, STM32G411C6U3, STM32G411C6U6, STM32G411C8T3, STM32G411C8T6, STM32G411C8U3, STM32G411C8U6, STM32G411CBT3, STM32G411CBT6, STM32G411CBU3, STM32G411CBU6, STM32G411CCT3, STM32G411CCT6, STM32G411CCU3, STM32G411CCU6, STM32G411K6T3, STM32G411K6T6, STM32G411K6U3, STM32G411K6U6, STM32G411K8T3, STM32G411K8T6, STM32G411K8U3, STM32G411K8U6, STM32G411KBT3, STM32G411KBT6, STM32G411KBU3, STM32G411KBU6, STM32G411M6T3, STM32G411M6T6, STM32G411M8T3, STM32G411M8T6, STM32G411MBT3, STM32G411MBT6, STM32G411MCT3, STM32G411MCT6, STM32G411R6T3, STM32G411R6T6, STM32G411R8T3, STM32G411R8T6, STM32G411RBT3, STM32G411RBT6, STM32G411RCT3, STM32G411RCT6, STM32G414CBT3, STM32G414CBT6, STM32G414CBU3, STM32G414CBU6, STM32G414CCT3, STM32G414CCT6, STM32G414CCU3, STM32G414CCU6, STM32G414MBT3, STM32G414MBT6, STM32G414MCT3, STM32G414MCT6, STM32G414RBT3, STM32G414RBT6, STM32G414RCT3, STM32G414RCT6, STM32G414VBT3, STM32G414VBT6, STM32G414VCT3, STM32G414VCT6, STM32G431CBT3Z, STM32G431RBT3Z, STM32G471CCT6, STM32G471CCU6, STM32G471CET3, STM32G471CET6, STM32G471CEU3, STM32G471CEU6, STM32G471MCT6, STM32G471MET3, STM32G471MET6, STM32G471MEY6TR, STM32G471QCT6, STM32G471QET3, STM32G471RCT6, STM32G471RET3, STM32G471RET6, STM32G471VCH6, STM32G471VCI6, STM32G471VCT6, STM32G471VEH3, STM32G471VEH6, STM32G471VEI3, STM32G471VEI6, STM32G471VET3, STM32G471VET6, STM32G473QET3Z, STM32G473RET3Z, STM32G474CCT6, STM32G491RET3Z, STM32H503CBT6, STM32H503CBU6, STM32H503EBY6TR, STM32H503KBU6, STM32H503RBT6, STM32H523CCT6, STM32H523CCU6, STM32H523CET6, STM32H523CEU6, STM32H523HEY6TR, STM32H523RCT6, STM32H523RET6, STM32H523VCI6, STM32H523VCT6, STM32H523VEI6, STM32H523VET6, STM32H523ZCJ6, STM32H523ZCT6, STM32H523ZEJ6, STM32H523ZET6, STM32H533CET6, STM32H533CEU6, STM32H533HEY6TR, STM32H533RET6, STM32H533VEI6, STM32H533VET6, STM32H533ZEJ6, STM32H533ZET6, STM32H562AGI6, STM32H562AII6, STM32H562IGK6, STM32H562IGT6, STM32H562IIK6, STM32H562IIT6, STM32H562RGT6, STM32H562RGV6, STM32H562RIT6, STM32H562RIV6, STM32H562VGT6, STM32H562VIT6, STM32H562ZGT6, STM32H562ZIT6, STM32H563AGI6, STM32H563AII3Q, STM32H563AII6, STM32H563IGK6, STM32H563IGT6, STM32H563IIK3Q, STM32H563IIK6, STM32H563IIT3Q, STM32H563IIT6, STM32H563MIY3QTR, STM32H563RGT6, STM32H563RGV6, STM32H563RIT6, STM32H563RIV6, STM32H563VGT6, STM32H563VIT3Q, STM32H563VIT6, STM32H563ZGT6, STM32H563ZIT3Q, STM32H563ZIT6, STM32H573AII3Q, STM32H573AII6, STM32H573I-DK, STM32H573IIK3Q, STM32H573IIK6, STM32H573IIT3Q, STM32H573IIT6, STM32H573MIY3QTR, STM32H573RIT6, STM32H573RIV6, STM32H573VIT3Q, STM32H573VIT6, STM32H573ZIT3Q, STM32H573ZIT6, STM32H7R3A8I6, STM32H7R3I8K6, STM32H7R3I8T6, STM32H7R3L8H6, STM32H7R3L8H6H, STM32H7R3R8V6, STM32H7R3V8H6, STM32H7R3V8T6, STM32H7R3V8Y6TR, STM32H7R3Z8J6, STM32H7R3Z8T6, STM32H7R7A8I6, STM32H7R7I8K6, STM32H7R7I8T6, STM32H7R7L8H6, STM32H7R7L8H6H, STM32H7R7Z8J6, STM32H7S3A8I6, STM32H7S3I8K6, STM32H7S3I8T6, STM32H7S3L8H6, STM32H7S3L8H6H, STM32H7S3R8V6, STM32H7S3V8H6, STM32H7S3V8T6, STM32H7S3V8Y6TR, STM32H7S3Z8J6, STM32H7S3Z8T6, STM32H7S78-DK, STM32H7S7A8I6, STM32H7S7I8K6, STM32H7S7I8T6, STM32H7S7L8H6, STM32H7S7L8H6H, STM32H7S7Z8J6, STM32L4R5QGI6STR, STM32MP131AAE3, STM32MP131AAF3, STM32MP131AAG3, STM32MP131CAE3, STM32MP131CAF3, STM32MP131CAG3, STM32MP131DAE7, STM32MP131DAF7, STM32MP131DAG7, STM32MP131FAE7, STM32MP131FAF7, STM32MP131FAG7, STM32MP133AAE3, STM32MP133AAF3, STM32MP133AAG3, STM32MP133CAE3, STM32MP133CAF3, STM32MP133CAG3, STM32MP133DAE7, STM32MP133DAF7, STM32MP133DAG7, STM32MP133FAE7, STM32MP133FAF7, STM32MP133FAG7, STM32MP135AAE3, STM32MP135AAF3, STM32MP135AAG3, STM32MP135CAE3, STM32MP135CAF3, STM32MP135CAG3, STM32MP135DAE7, STM32MP135DAF7, STM32MP135DAG7, STM32MP135F-DK, STM32MP135FAE7, STM32MP135FAF7, STM32MP135FAF7T, STM32MP135FAF7U, STM32MP135FAG7, STM32MP231AAJ3, STM32MP231AAK3, STM32MP231AAL3, STM32MP231CAJ3, STM32MP231CAK3, STM32MP231CAL3, STM32MP231DAJ3, STM32MP231DAK3, STM32MP231DAL3, STM32MP231FAJ3, STM32MP231FAK3, STM32MP231FAL3, STM32MP233AAJ3, STM32MP233AAK3, STM32MP233AAL3, STM32MP233CAJ3, STM32MP233CAK3, STM32MP233CAL3, STM32MP233DAJ3, STM32MP233DAK3, STM32MP233DAL3, STM32MP233FAJ3, STM32MP233FAK3, STM32MP233FAL3, STM32MP235AAJ3, STM32MP235AAK3, STM32MP235AAL3, STM32MP235CAJ3, STM32MP235CAK3, STM32MP235CAL3, STM32MP235DAJ3, STM32MP235DAK3, STM32MP235DAL3, STM32MP235FAJ3, STM32MP235FAK3, STM32MP235FAL3, STM32MP251AAI3, STM32MP251AAJ3, STM32MP251AAK3, STM32MP251AAL3, STM32MP251CAI3, STM32MP251CAJ3, STM32MP251CAK3, STM32MP251CAL3, STM32MP251DAI3, STM32MP251DAJ3, STM32MP251DAK3, STM32MP251DAL3, STM32MP251FAI3, STM32MP251FAJ3, STM32MP251FAK3, STM32MP251FAL3, STM32MP253AAI3, STM32MP253AAJ3, STM32MP253AAK3, STM32MP253AAL3, STM32MP253CAI3, STM32MP253CAJ3, STM32MP253CAK3, STM32MP253CAL3, STM32MP253DAI3, STM32MP253DAJ3, STM32MP253DAK3, STM32MP253DAL3, STM32MP253FAI3, STM32MP253FAJ3, STM32MP253FAK3, STM32MP253FAL3, STM32MP255AAI3, STM32MP255AAJ3, STM32MP255AAK3, STM32MP255AAL3, STM32MP255CAI3, STM32MP255CAJ3, STM32MP255CAK3, STM32MP255CAL3, STM32MP255DAI3, STM32MP255DAJ3, STM32MP255DAK3, STM32MP255DAL3, STM32MP255FAI3, STM32MP255FAJ3, STM32MP255FAK3, STM32MP255FAL3, STM32MP257AAI3, STM32MP257AAJ3, STM32MP257AAK3, STM32MP257AAL3, STM32MP257CAI3, STM32MP257CAJ3, STM32MP257CAK3, STM32MP257CAL3, STM32MP257DAI3, STM32MP257DAJ3, STM32MP257DAK3, STM32MP257DAL3, STM32MP257F-DK, STM32MP257F-EV1, STM32MP257FAI3, STM32MP257FAJ3, STM32MP257FAK3, STM32MP257FAL3, STM32N645A0H3Q, STM32N645B0H3Q, STM32N645I0H3Q, STM32N645L0H3Q, STM32N645X0H3Q, STM32N645Z0H3Q, STM32N647A0H3Q, STM32N647B0H3Q, STM32N647I0H3Q, STM32N647L0H3Q, STM32N647X0H3Q, STM32N647Z0H3Q, STM32N655A0H3Q, STM32N655B0H3Q, STM32N655I0H3Q, STM32N655L0H3Q, STM32N655X0H3Q, STM32N655Z0H3Q, STM32N6570-DK, STM32N657A0H3Q, STM32N657B0H3Q, STM32N657I0H3Q, STM32N657L0H3Q, STM32N657X0H3Q, STM32N657Z0H3Q, STM32U031C6T6, STM32U031C6U6, STM32U031C8T6, STM32U031C8U6, STM32U031F4P6, STM32U031F6P6, STM32U031F8P6, STM32U031G6Y6TR, STM32U031G8Y6TR, STM32U031K4U6, STM32U031K6U6, STM32U031K8U6, STM32U031R6I6, STM32U031R6T6, STM32U031R8I6, STM32U031R8T6, STM32U073C8T6, STM32U073C8U6, STM32U073CBT6, STM32U073CBU6, STM32U073CCT6, STM32U073CCU6, STM32U073H8Y6TR, STM32U073HBY6TR, STM32U073HCY6TR, STM32U073K8U6, STM32U073KBU6, STM32U073KCU6, STM32U073M8I6, STM32U073M8T6, STM32U073MBI6, STM32U073MBT6, STM32U073MCI6, STM32U073MCT6, STM32U073R8I6, STM32U073R8T6, STM32U073RBI6, STM32U073RBT6, STM32U073RCI6, STM32U073RCT6, STM32U083C-DK, STM32U083CCT6, STM32U083CCU6, STM32U083HCY6TR, STM32U083KCU6, STM32U083MCI6, STM32U083MCT6, STM32U083RCI6, STM32U083RCT6, STM32U375CET6, STM32U375CET6Q, STM32U375CEU6, STM32U375CEU6Q, STM32U375CEY6QTR, STM32U375CGT6, STM32U375CGT6Q, STM32U375CGU6, STM32U375CGU6Q, STM32U375CGY6QTR, STM32U375KEU6, STM32U375KGU6, STM32U375REI6, STM32U375REI6Q, STM32U375RET6, STM32U375RET6Q, STM32U375REY6GTR, STM32U375REY6QTR, STM32U375RGI6, STM32U375RGI6Q, STM32U375RGT6, STM32U375RGT6Q, STM32U375RGY6GTR, STM32U375RGY6QTR, STM32U375VEI6, STM32U375VEI6Q, STM32U375VET6, STM32U375VET6Q, STM32U375VGI6, STM32U375VGI6Q, STM32U375VGT6, STM32U375VGT6Q, STM32U385CGT6, STM32U385CGT6Q, STM32U385CGU6, STM32U385CGU6Q, STM32U385CGY6QTR, STM32U385KGU6, STM32U385RGI6, STM32U385RGI6Q, STM32U385RGT6, STM32U385RGT6Q, STM32U385RGY6GTR, STM32U385RGY6QTR, STM32U385VGI6, STM32U385VGI6Q, STM32U385VGT6, STM32U385VGT6Q, STM32U535CBT6, STM32U535CBT6Q, STM32U535CBU6, STM32U535CBU6Q, STM32U535CCT6, STM32U535CCT6Q, STM32U535CCU6, STM32U535CCU6Q, STM32U535CET6, STM32U535CET6Q, STM32U535CEU6, STM32U535CEU6Q, STM32U535JEY6QTR, STM32U535NCY6QTR, STM32U535NEY6QTR, STM32U535RBI6, STM32U535RBI6Q, STM32U535RBT6, STM32U535RBT6Q, STM32U535RCI6, STM32U535RCI6Q, STM32U535RCT6, STM32U535RCT6Q, STM32U535REI6, STM32U535REI6Q, STM32U535RET6, STM32U535RET6Q, STM32U535VCI6, STM32U535VCI6Q, STM32U535VCT6, STM32U535VCT6Q, STM32U535VEI6, STM32U535VEI6Q, STM32U535VET6, STM32U535VET6Q, STM32U545CET6, STM32U545CET6Q, STM32U545CEU6, STM32U545CEU6Q, STM32U545JEY6QTR, STM32U545NEY6QTR, STM32U545REI6, STM32U545REI6Q, STM32U545RET6, STM32U545RET6Q, STM32U545VEI6, STM32U545VEI6Q, STM32U545VET6, STM32U545VET6Q, STM32U595AIH6, STM32U595AIH6Q, STM32U595AJH6, STM32U595AJH6Q, STM32U595QII6, STM32U595QII6Q, STM32U595QJI6, STM32U595QJI6Q, STM32U595RIT6, STM32U595RIT6Q, STM32U595RJT6, STM32U595RJT6Q, STM32U595VIT6, STM32U595VIT6Q, STM32U595VJT6, STM32U595VJT6Q, STM32U595ZIT6, STM32U595ZIT6Q, STM32U595ZIY6QTR, STM32U595ZJT6, STM32U595ZJT6Q, STM32U595ZJY6QTR, STM32U599BJY6QTR, STM32U599NIH6Q, STM32U599NJH6Q, STM32U599VIT6Q, STM32U599VJT6, STM32U599VJT6Q, STM32U599ZIT6Q, STM32U599ZIY6QTR, STM32U599ZJT6Q, STM32U599ZJY6QTR, STM32U5A5AJH6, STM32U5A5AJH6Q, STM32U5A5QII3Q , STM32U5A5QJI6, STM32U5A5QJI6Q, STM32U5A5RJT6, STM32U5A5RJT6Q, STM32U5A5VJT6, STM32U5A5VJT6Q, STM32U5A5ZJT6, STM32U5A5ZJT6Q, STM32U5A5ZJY6QTR, STM32U5A9BJY6QTR, STM32U5A9J-DK, STM32U5A9NJH6Q, STM32U5A9VJT6Q, STM32U5A9ZJT6Q, STM32U5A9ZJY6QTR, STM32U5F7VIT6, STM32U5F7VIT6Q, STM32U5F7VJT6, STM32U5F7VJT6Q, STM32U5F9BJY6QTR, STM32U5F9NJH6Q, STM32U5F9VIT6Q, STM32U5F9VJT6Q, STM32U5F9ZIJ6QTR, STM32U5F9ZIT6Q, STM32U5F9ZJJ6QTR, STM32U5F9ZJT6Q, STM32U5G7VJT6, STM32U5G7VJT6Q, STM32U5G9BJY6QTR, STM32U5G9J-DK1, STM32U5G9J-DK2, STM32U5G9NJH6Q, STM32U5G9VJT6Q, STM32U5G9ZJJ6QTR, STM32U5G9ZJT6Q, STM32WB05KZV6TR, STM32WB05KZV7TR, STM32WB05TZF6TR, STM32WB05TZF7TR, STM32WB06CCF6TR, STM32WB06CCF7TR, STM32WB06CCV6TR, STM32WB06CCV7TR, STM32WB06KCV6TR, STM32WB06KCV7TR, STM32WB07CCF6TR, STM32WB07CCF7TR, STM32WB07CCV6TR, STM32WB07CCV7TR, STM32WB07KCV6TR, STM32WB07KCV7TR, STM32WB09KEV6TR, STM32WB09KEV7TR, STM32WB09TEF6TR, STM32WB09TEF7TR, STM32WB1MMCH6, STM32WBA50KGU6, STM32WBA50KGU6TR, STM32WBA52CEU6, STM32WBA52CEU6TR, STM32WBA52CEU7, STM32WBA52CEU7TR, STM32WBA52CGU6, STM32WBA52CGU6TR, STM32WBA52CGU6U, STM32WBA52CGU7, STM32WBA52CGU7TR, STM32WBA52KEU6, STM32WBA52KEU6TR, STM32WBA52KGU6, STM32WBA52KGU6TR, STM32WBA54CEU6, STM32WBA54CEU6TR, STM32WBA54CEU7, STM32WBA54CEU7TR, STM32WBA54CGU6, STM32WBA54CGU6TR, STM32WBA54CGU7, STM32WBA54CGU7TR, STM32WBA54KEU6, STM32WBA54KEU6TR, STM32WBA54KEU7, STM32WBA54KEU7TR, STM32WBA54KGU6, STM32WBA54KGU6TR, STM32WBA54KGU7, STM32WBA54KGU7TR, STM32WBA55CEU6, STM32WBA55CEU6TR, STM32WBA55CEU7, STM32WBA55CEU7TR, STM32WBA55CGU6, STM32WBA55CGU6TR, STM32WBA55CGU6U, STM32WBA55CGU7, STM32WBA55CGU7TR, STM32WBA55G-DK1, STM32WBA55HEF6, STM32WBA55HEF7, STM32WBA55HGF6, STM32WBA55HGF7, STM32WBA55UEI6, STM32WBA55UEI6TR, STM32WBA55UEI7, STM32WBA55UEI7TR, STM32WBA55UGI6, STM32WBA55UGI6TR, STM32WBA55UGI7, STM32WBA55UGI7TR, STM32WBA5MJGH6TR, STM32WBA62CGU6, STM32WBA62CIU6, STM32WBA62MGF6, STM32WBA62MIF6, STM32WBA62PGI6, STM32WBA62PII6, STM32WBA63CGU6, STM32WBA63CGU7, STM32WBA63CIU6, STM32WBA63CIU7, STM32WBA64CGU6, STM32WBA64CGU7, STM32WBA64CIU6, STM32WBA64CIU7, STM32WBA65CGU6, STM32WBA65CGU7, STM32WBA65CIU6, STM32WBA65CIU7, STM32WBA65I-DK1, STM32WBA65MGF6, STM32WBA65MGF7, STM32WBA65MIF6, STM32WBA65MIF7, STM32WBA65PGI6, STM32WBA65PGI7, STM32WBA65PII6, STM32WBA65PII7, STM32WBA65RGV6, STM32WBA65RGV7, STM32WBA65RIV6, STM32WBA65RIV7, STM32WL30K8V6, STM32WL30KBV6, STM32WL31C8V6, STM32WL31CBV6, STM32WL31K8V6, STM32WL31KBV6, STM32WL33C8V6, STM32WL33C8V6TR, STM32WL33C8V7, STM32WL33C8V7TR, STM32WL33CBV6, STM32WL33CBV6TR, STM32WL33CBV7, STM32WL33CBV7TR, STM32WL33CCV6, STM32WL33CCV6TR, STM32WL33CCV7, STM32WL33CCV7A, STM32WL33CCV7ATR, STM32WL33CCV7TR, STM32WL33K8V6, STM32WL33K8V6TR, STM32WL33K8V7, STM32WL33K8V7TR, STM32WL33KBV6, STM32WL33KBV6TR, STM32WL33KBV7, STM32WL33KBV7TR, STM32WL33KCV6, STM32WL33KCV6TR, STM32WL33KCV7, STM32WL33KCV7TR, STM32WL5MOCH6, STM32WL5MOCH6TR]
2025-09-23 16:38:22,691 [INFO] DbMcus:218 - Found 4747 MCUs, 4747 are supported
2025-09-23 16:38:22,692 [INFO] ApiDb:423 - Load user favorites file C:\Users\m-ren/.stm32cubeide/favorites.mcus.txt: 3 item(s)
2025-09-23 16:38:22,692 [INFO] ApiDb:427 - User favorites MCUs=[STM32F303K8T6, STM32F446RET6, STM32G431KBT6]
2025-09-23 16:38:22,692 [INFO] DbMcus:224 - Set 3 / 3 favorites MCUs
2025-09-23 16:38:23,899 [INFO] BoardInfo:889 - No configuration file found for board P-NUCLEO-WB55
2025-09-23 16:38:23,903 [INFO] DbBoards:161 - Kit is not supported: P-NUCLEO-WB55
2025-09-23 16:38:23,913 [INFO] BoardInfo:889 - No configuration file found for board STEVAL-BFA001V1B
2025-09-23 16:38:23,915 [INFO] DbBoards:161 - Kit is not supported: STEVAL-BFA001V1B
2025-09-23 16:38:23,916 [INFO] BoardInfo:889 - No configuration file found for board STEVAL-BFA001V2B
2025-09-23 16:38:23,920 [INFO] DbBoards:161 - Kit is not supported: STEVAL-BFA001V2B
2025-09-23 16:38:24,429 [INFO] DbBoards:168 - Found 211 boards, 208 are supported
2025-09-23 16:38:24,429 [INFO] DbBoards:169 - Found 211 boards, 43 of them is supported for  Bsp
2025-09-23 16:38:24,435 [INFO] ApiDb:423 - Load user favorites file C:\Users\m-ren/.stm32cubeide/favorites.boards.txt: 5 item(s)
2025-09-23 16:38:24,435 [INFO] ApiDb:427 - User favorites Boards=[NUCLEO-F303K8, NUCLEO-F446RE, NUCLEO-F767ZI, NUCLEO-G431KB, NUCLEO-H563ZI]
2025-09-23 16:38:24,435 [INFO] DbBoards:198 - Set 5 / 5 favorites Boards
2025-09-23 16:38:24,586 [INFO] UtilMem:75 - End LoadConfig() Used Memory: 398505944 Bytes (482344960)
2025-09-23 16:38:24,812 [WARN] ThirdParty:833 - waiting for thirdparty lock release [change project]
2025-09-23 16:38:24,812 [INFO] ThirdParty:835 - entering critical section [change project]
2025-09-23 16:38:24,812 [INFO] ThirdParty:1030 - CMSIS Pack Vendor :STMicroelectronics X-CUBE-PM33A1 1.0.0
2025-09-23 16:38:24,812 [INFO] ThirdParty:1030 - CMSIS Pack Vendor :STMicroelectronics USBPD 4.1
2025-09-23 16:38:24,813 [INFO] ThirdParty:1030 - CMSIS Pack Vendor :STMicroelectronics X-CUBE-GNSS1 6.0.0
2025-09-23 16:38:24,813 [INFO] ThirdParty:1030 - CMSIS Pack Vendor :STMicroelectronics USB_HOST 2.0.0
2025-09-23 16:38:24,813 [INFO] ThirdParty:1030 - CMSIS Pack Vendor :STMicroelectronics FP-SNS-MOTENVWB1 1.4.0
2025-09-23 16:38:24,813 [INFO] ThirdParty:1030 - CMSIS Pack Vendor :STMicroelectronics X-CUBE-AZRTOS-F4 1.1.0
2025-09-23 16:38:24,813 [INFO] ThirdParty:1030 - CMSIS Pack Vendor :STMicroelectronics LIBJPEG 8.0.0
2025-09-23 16:38:24,813 [INFO] ThirdParty:1030 - CMSIS Pack Vendor :STMicroelectronics FP-ATR-ASTRA1 2.0.2
2025-09-23 16:38:24,813 [INFO] ThirdParty:1030 - CMSIS Pack Vendor :STMicroelectronics FP-ATR-ASTRA1 2.0.1
2025-09-23 16:38:24,813 [INFO] ThirdParty:1030 - CMSIS Pack Vendor :Avnet-IotConnect X-CUBE-IoTC-DA16k-PMOD 1.0.0
2025-09-23 16:38:24,813 [INFO] ThirdParty:1030 - CMSIS Pack Vendor :STMicroelectronics X-CUBE-SMBUS 2.1.0
2025-09-23 16:38:24,813 [INFO] ThirdParty:1030 - CMSIS Pack Vendor :STMicroelectronics X-CUBE-WB05N 1.1.0
2025-09-23 16:38:24,813 [INFO] ThirdParty:1030 - CMSIS Pack Vendor :STMicroelectronics X-CUBE-ISPU 2.1.0
2025-09-23 16:38:24,813 [INFO] ThirdParty:1030 - CMSIS Pack Vendor :STMicroelectronics X-CUBE-FREERTOS 1.2.0
2025-09-23 16:38:24,813 [INFO] ThirdParty:1030 - CMSIS Pack Vendor :STMicroelectronics X-CUBE-NFC12 1.0.0
2025-09-23 16:38:24,813 [INFO] ThirdParty:1030 - CMSIS Pack Vendor :STMicroelectronics X-CUBE-TOUCHGFX 4.23.2
2025-09-23 16:38:24,813 [INFO] ThirdParty:1030 - CMSIS Pack Vendor :STMicroelectronics X-CUBE-AZRTOS-F7 1.1.0
2025-09-23 16:38:24,813 [INFO] ThirdParty:1030 - CMSIS Pack Vendor :STMicroelectronics X-CUBE-AZRTOS-L5 2.0.0
2025-09-23 16:38:24,813 [INFO] ThirdParty:1030 - CMSIS Pack Vendor :STMicroelectronics USB_DEVICE 2.0.0
2025-09-23 16:38:24,813 [INFO] ThirdParty:1030 - CMSIS Pack Vendor :STMicroelectronics X-CUBE-NFC6 3.1.0
2025-09-23 16:38:24,813 [INFO] ThirdParty:1030 - CMSIS Pack Vendor :STMicroelectronics X-CUBE-MEMS1 11.0.0
2025-09-23 16:38:24,813 [INFO] ThirdParty:1030 - CMSIS Pack Vendor :STMicroelectronics FreeRTOS 0.0.1
2025-09-23 16:38:24,813 [INFO] ThirdParty:1030 - CMSIS Pack Vendor :STMicroelectronics X-CUBE-DPower 1.2.0
2025-09-23 16:38:24,813 [INFO] ThirdParty:1030 - CMSIS Pack Vendor :STMicroelectronics FP-SNS-FLIGHT1 5.0.2
2025-09-23 16:38:24,814 [INFO] ThirdParty:1030 - CMSIS Pack Vendor :STMicroelectronics X-CUBE-AI 9.0.0
2025-09-23 16:38:24,814 [INFO] ThirdParty:1030 - CMSIS Pack Vendor :STMicroelectronics PDM2PCM 3.3.0
2025-09-23 16:38:24,814 [INFO] ThirdParty:1030 - CMSIS Pack Vendor :STMicroelectronics X-CUBE-AZRTOS-H7 3.4.0
2025-09-23 16:38:24,814 [INFO] ThirdParty:1030 - CMSIS Pack Vendor :STMicroelectronics X-CUBE-DISPLAY 3.0.0
2025-09-23 16:38:24,814 [INFO] ThirdParty:1030 - CMSIS Pack Vendor :STMicroelectronics X-CUBE-BLE1 7.0.0
2025-09-23 16:38:24,814 [INFO] ThirdParty:1030 - CMSIS Pack Vendor :STMicroelectronics X-CUBE-NFC10 1.0.0
2025-09-23 16:38:24,814 [INFO] ThirdParty:1030 - CMSIS Pack Vendor :STMicroelectronics X-CUBE-BLEMGR 4.0.0
2025-09-23 16:38:24,814 [INFO] ThirdParty:1030 - CMSIS Pack Vendor :STMicroelectronics X-CUBE-FREERTOS 1.3.1
2025-09-23 16:38:24,814 [INFO] ThirdParty:1030 - CMSIS Pack Vendor :STMicroelectronics HAL Drivers 0.0.0
2025-09-23 16:38:24,814 [INFO] ThirdParty:1030 - CMSIS Pack Vendor :emotas I-CUBE-CANOPEN 1.3.0
2025-09-23 16:38:24,814 [INFO] ThirdParty:1030 - CMSIS Pack Vendor :STMicroelectronics X-CUBE-FREERTOS 1.3.0
2025-09-23 16:38:24,814 [INFO] ThirdParty:1030 - CMSIS Pack Vendor :STMicroelectronics X-CUBE-NFC7 1.0.1
2025-09-23 16:38:24,814 [INFO] ThirdParty:1030 - CMSIS Pack Vendor :STMicroelectronics MBEDTLS 2.14.1
2025-09-23 16:38:24,814 [INFO] ThirdParty:1030 - CMSIS Pack Vendor :wolfSSL I-CUBE-wolfTPM 3.2.0
2025-09-23 16:38:24,814 [INFO] ThirdParty:1030 - CMSIS Pack Vendor :STMicroelectronics X-CUBE-BLEMGR 3.1.0
2025-09-23 16:38:24,814 [INFO] ThirdParty:1030 - CMSIS Pack Vendor :STMicroelectronics X-CUBE-AI 10.0.0
2025-09-23 16:38:24,814 [INFO] ThirdParty:1030 - CMSIS Pack Vendor :STMicroelectronics FP-SNS-STAIOTCFT 1.0.0
2025-09-23 16:38:24,814 [INFO] ThirdParty:1030 - CMSIS Pack Vendor :STMicroelectronics FP-SNS-SMARTAG2 1.2.0
2025-09-23 16:38:24,814 [INFO] ThirdParty:1030 - CMSIS Pack Vendor :STMicroelectronics FP-SNS-FLIGHT1 5.1.0
2025-09-23 16:38:24,814 [INFO] ThirdParty:1030 - CMSIS Pack Vendor :STMicroelectronics X-CUBE-MEMS1 11.1.0
2025-09-23 16:38:24,814 [INFO] ThirdParty:1030 - CMSIS Pack Vendor :STMicroelectronics X-CUBE-AZRTOS-WL 2.0.0
2025-09-23 16:38:24,814 [INFO] ThirdParty:1030 - CMSIS Pack Vendor :STMicroelectronics X-CUBE-DPower 1.3.0
2025-09-23 16:38:24,814 [INFO] ThirdParty:1030 - CMSIS Pack Vendor :STMicroelectronics FP-SNS-MOTENV1 5.0.0
2025-09-23 16:38:24,814 [INFO] ThirdParty:1030 - CMSIS Pack Vendor :STMicroelectronics USB_DEVICE 1.0.0
2025-09-23 16:38:24,814 [INFO] ThirdParty:1030 - CMSIS Pack Vendor :wolfSSL I-CUBE-wolfMQTT 1.19.0
2025-09-23 16:38:24,814 [INFO] ThirdParty:1030 - CMSIS Pack Vendor :STMicroelectronics X-CUBE-AZRTOS-L4 2.0.0
2025-09-23 16:38:24,814 [INFO] ThirdParty:1030 - CMSIS Pack Vendor :STMicroelectronics ThreadX 0.0.2
2025-09-23 16:38:24,814 [INFO] ThirdParty:1030 - CMSIS Pack Vendor :WES I-CUBE-Cesium 1.3.0
2025-09-23 16:38:24,814 [INFO] ThirdParty:1030 - CMSIS Pack Vendor :STMicroelectronics lwIP 2.1.2
2025-09-23 16:38:24,814 [INFO] ThirdParty:1030 - CMSIS Pack Vendor :STMicroelectronics X-CUBE-SFXS2LP1 4.0.0
2025-09-23 16:38:24,815 [INFO] ThirdParty:1030 - CMSIS Pack Vendor :STMicroelectronics X-CUBE-BLE2 3.3.0
2025-09-23 16:38:24,815 [INFO] ThirdParty:1030 - CMSIS Pack Vendor :STMicroelectronics PDM2PCM 3.2.0
2025-09-23 16:38:24,815 [INFO] ThirdParty:1030 - CMSIS Pack Vendor :STMicroelectronics X-CUBE-AZRTOS-H7 3.3.0
2025-09-23 16:38:24,815 [INFO] ThirdParty:1030 - CMSIS Pack Vendor :STMicroelectronics X-CUBE-NFC9 1.0.0
2025-09-23 16:38:24,815 [INFO] ThirdParty:1030 - CMSIS Pack Vendor :STMicroelectronics X-CUBE-BLE1 7.1.0
2025-09-23 16:38:24,815 [INFO] ThirdParty:1030 - CMSIS Pack Vendor :STMicroelectronics USB_DEVICE 3.0.0
2025-09-23 16:38:24,815 [INFO] ThirdParty:1030 - CMSIS Pack Vendor :STMicroelectronics X-CUBE-TCPP 4.1.0
2025-09-23 16:38:24,815 [INFO] ThirdParty:1030 - CMSIS Pack Vendor :STMicroelectronics X-CUBE-EEPRMA1 5.2.0
2025-09-23 16:38:24,815 [INFO] ThirdParty:1030 - CMSIS Pack Vendor :STMicroelectronics X-CUBE-BLEMGR 4.1.0
2025-09-23 16:38:24,816 [INFO] ThirdParty:1030 - CMSIS Pack Vendor :STMicroelectronics X-CUBE-IPS 3.0.0
2025-09-23 16:38:24,816 [INFO] ThirdParty:1030 - CMSIS Pack Vendor :STMicroelectronics X-CUBE-AZRTOS-WB 2.0.0
2025-09-23 16:38:24,816 [INFO] ThirdParty:1030 - CMSIS Pack Vendor :STMicroelectronics X-CUBE-GNSS1 7.0.0
2025-09-23 16:38:24,816 [INFO] ThirdParty:1030 - CMSIS Pack Vendor :STMicroelectronics X-CUBE-GNSS1 7.0.1
2025-09-23 16:38:24,816 [INFO] ThirdParty:1030 - CMSIS Pack Vendor :STMicroelectronics X-CUBE-TOUCHGFX 4.25.0
2025-09-23 16:38:24,816 [INFO] ThirdParty:1030 - CMSIS Pack Vendor :STMicroelectronics X-CUBE-AI 10.1.0
2025-09-23 16:38:24,816 [INFO] ThirdParty:1030 - CMSIS Pack Vendor :STMicroelectronics FP-SNS-STBOX1 2.0.0
2025-09-23 16:38:24,816 [INFO] ThirdParty:1030 - CMSIS Pack Vendor :STMicroelectronics X-CUBE-MEMS1 11.2.0
2025-09-23 16:38:24,816 [INFO] ThirdParty:1030 - CMSIS Pack Vendor :STMicroelectronics X-CUBE-AZRTOS-G0 1.1.0
2025-09-23 16:38:24,816 [INFO] ThirdParty:1030 - CMSIS Pack Vendor :STMicroelectronics X-CUBE-SAFEA1 1.2.2
2025-09-23 16:38:24,816 [INFO] ThirdParty:1030 - CMSIS Pack Vendor :STMicroelectronics X-CUBE-NFC4 3.0.0
2025-09-23 16:38:24,816 [INFO] ThirdParty:1030 - CMSIS Pack Vendor :STMicroelectronics X-CUBE-SUBG2 5.0.0
2025-09-23 16:38:24,816 [INFO] ThirdParty:1030 - CMSIS Pack Vendor :STMicroelectronics X-CUBE-AZRTOS-H7RS 1.1.0
2025-09-23 16:38:24,816 [INFO] ThirdParty:1030 - CMSIS Pack Vendor :STMicroelectronics STM32_WPAN 1.0.0
2025-09-23 16:38:24,816 [INFO] ThirdParty:1030 - CMSIS Pack Vendor :EmbeddedOffice I-CUBE-FS-RTOS 1.0.1
2025-09-23 16:38:24,816 [INFO] ThirdParty:1030 - CMSIS Pack Vendor :STMicroelectronics lwIP 2.0.3
2025-09-23 16:38:24,816 [INFO] ThirdParty:1030 - CMSIS Pack Vendor :Cesanta I-CUBE-Mongoose 7.13.0
2025-09-23 16:38:24,816 [INFO] ThirdParty:1030 - CMSIS Pack Vendor :STMicroelectronics USB_HOST 1.0.0
2025-09-23 16:38:24,816 [INFO] ThirdParty:1030 - CMSIS Pack Vendor :STMicroelectronics X-CUBE-AZRTOS-G4 2.0.0
2025-09-23 16:38:24,816 [INFO] ThirdParty:1030 - CMSIS Pack Vendor :STMicroelectronics X-CUBE-WB05N 2.0.0
2025-09-23 16:38:24,816 [INFO] ThirdParty:1030 - CMSIS Pack Vendor :STMicroelectronics PDM2PCM 3.1.0
2025-09-23 16:38:24,817 [INFO] ThirdParty:1030 - CMSIS Pack Vendor :STMicroelectronics X-CUBE-NFC7 2.0.0
2025-09-23 16:38:24,817 [INFO] ThirdParty:1030 - CMSIS Pack Vendor :STMicroelectronics X-CUBE-TCPP 4.2.0
2025-09-23 16:38:24,818 [INFO] ThirdParty:1030 - CMSIS Pack Vendor :RealThread X-CUBE-RT-Thread_Nano 4.1.1
2025-09-23 16:38:24,818 [INFO] ThirdParty:1030 - CMSIS Pack Vendor :wolfSSL I-CUBE-wolfSSL 5.7.0
2025-09-23 16:38:24,818 [INFO] ThirdParty:1030 - CMSIS Pack Vendor :STMicroelectronics FP-ATR-SIGFOX1 3.2.0
2025-09-23 16:38:24,819 [INFO] ThirdParty:1030 - CMSIS Pack Vendor :quantropi X-CUBE-qispace-sdk-base 1.9.3
2025-09-23 16:38:24,819 [INFO] ThirdParty:1030 - CMSIS Pack Vendor :STMicroelectronics X-CUBE-ISPU 2.0.0
2025-09-23 16:38:24,819 [INFO] ThirdParty:1030 - CMSIS Pack Vendor :STMicroelectronics X-CUBE-EEPRMA1 5.1.0
2025-09-23 16:38:24,819 [INFO] ThirdParty:1030 - CMSIS Pack Vendor :STMicroelectronics MBEDTLS 2.16.2
2025-09-23 16:38:24,819 [INFO] ThirdParty:1030 - CMSIS Pack Vendor :STMicroelectronics X-CUBE-IPS 3.1.0
2025-09-23 16:38:24,819 [INFO] ThirdParty:1030 - CMSIS Pack Vendor :STMicroelectronics X-CUBE-ALS 1.0.2
2025-09-23 16:38:24,819 [INFO] ThirdParty:1030 - CMSIS Pack Vendor :STMicroelectronics X-CUBE-MEMS1 10.0.0
2025-09-23 16:38:24,819 [INFO] ThirdParty:1030 - CMSIS Pack Vendor :STMicroelectronics X-CUBE-TOUCHGFX 4.24.0
2025-09-23 16:38:24,819 [INFO] ThirdParty:1030 - CMSIS Pack Vendor :ITTIA_DB I-CUBE-ITTIADB 8.9.0
2025-09-23 16:38:24,819 [INFO] ThirdParty:1030 - CMSIS Pack Vendor :STMicroelectronics X-CUBE-TOUCHGFX 4.24.2
2025-09-23 16:38:24,819 [INFO] ThirdParty:1030 - CMSIS Pack Vendor :STMicroelectronics X-CUBE-TOUCHGFX 4.24.1
2025-09-23 16:38:24,819 [INFO] ThirdParty:1030 - CMSIS Pack Vendor :STMicroelectronics X-CUBE-STSE01 1.0.0
2025-09-23 16:38:24,819 [INFO] ThirdParty:1030 - CMSIS Pack Vendor :portGmbH I-Cube-SoM-uGOAL 1.1.0
2025-09-23 16:38:24,819 [INFO] ThirdParty:1030 - CMSIS Pack Vendor :STMicroelectronics X-CUBE-ST67W61 1.0.0
2025-09-23 16:38:24,819 [INFO] ThirdParty:1030 - CMSIS Pack Vendor :STMicroelectronics X-CUBE-AI 10.2.0
2025-09-23 16:38:24,819 [INFO] ThirdParty:1030 - CMSIS Pack Vendor :STMicroelectronics ThreadX 1.0.0
2025-09-23 16:38:24,819 [INFO] ThirdParty:1030 - CMSIS Pack Vendor :SEGGER I-CUBE-embOS 1.3.1
2025-09-23 16:38:24,819 [INFO] ThirdParty:1030 - CMSIS Pack Vendor :STMicroelectronics X-CUBE-ALGOBUILD 1.4.0
2025-09-23 16:38:24,820 [INFO] ThirdParty:1030 - CMSIS Pack Vendor :STMicroelectronics X-CUBE-MEMS1 11.3.0
2025-09-23 16:38:24,820 [INFO] ThirdParty:1030 - CMSIS Pack Vendor :STMicroelectronics X-CUBE-AZRTOS-H7RS 1.0.0
2025-09-23 16:38:24,820 [INFO] ThirdParty:1030 - CMSIS Pack Vendor :STMicroelectronics FP-ATR-ASTRA1 2.0.0
2025-09-23 16:38:24,820 [INFO] ThirdParty:1030 - CMSIS Pack Vendor :STMicroelectronics X-CUBE-TOF1 3.4.2
2025-09-23 16:38:24,820 [INFO] ThirdParty:1030 - CMSIS Pack Vendor :STMicroelectronics X-CUBE-TOF1 3.4.3
2025-09-23 16:38:24,820 [INFO] ThirdParty:1030 - CMSIS Pack Vendor :STMicroelectronics X-CUBE-AI 9.1.0
2025-09-23 16:38:24,820 [INFO] ThirdParty:1030 - CMSIS Pack Vendor :STMicroelectronics X-CUBE-TOF1 3.4.1
2025-09-23 16:38:24,820 [INFO] ThirdParty:1030 - CMSIS Pack Vendor :STMicroelectronics X-CUBE-AZRTOS-H7 3.2.0
2025-09-23 16:38:24,820 [INFO] ThirdParty:1030 - CMSIS Pack Vendor :Infineon AIROC-Wi-Fi-Bluetooth-STM32 1.6.0
2025-09-23 16:38:24,820 [INFO] ThirdParty:1030 - CMSIS Pack Vendor :wolfSSL I-CUBE-wolfSSH 1.4.17
2025-09-23 16:38:24,821 [INFO] ThirdParty:841 - exiting critical section [change project]
2025-09-23 16:38:25,635 [INFO] PinOutPanel:1589 - setPackage(No Configuration,No Configuration)
2025-09-23 16:38:25,638 [INFO] PinOutPanel:1589 - setPackage(STM32G431KBTx,LQFP32)
2025-09-23 16:38:26,398 [INFO] UtilMem:75 - Before build in PCC Used Memory: 437921184 Bytes (488636416)
2025-09-23 16:38:28,248 [INFO] UtilMem:75 - After build in PCC Used Memory: 380844344 Bytes (508559360)
2025-09-23 16:38:28,319 [INFO] IPUIPlugin:80 - create IPUIPlugin
2025-09-23 16:38:28,320 [INFO] IPUIPlugin:80 - create IPUIPlugin
2025-09-23 16:38:28,320 [INFO] IPUIPlugin:80 - create IPUIPlugin
2025-09-23 16:38:28,320 [INFO] IPUIPlugin:80 - create IPUIPlugin
2025-09-23 16:38:28,320 [INFO] IPUIPlugin:80 - create IPUIPlugin
2025-09-23 16:38:28,320 [INFO] IPUIPlugin:80 - create IPUIPlugin
2025-09-23 16:38:28,320 [INFO] IPUIPlugin:80 - create IPUIPlugin
2025-09-23 16:38:28,321 [INFO] IPUIPlugin:80 - create IPUIPlugin
2025-09-23 16:38:28,321 [INFO] IPUIPlugin:80 - create IPUIPlugin
2025-09-23 16:38:28,321 [INFO] IPUIPlugin:80 - create IPUIPlugin
2025-09-23 16:38:28,321 [INFO] IPUIPlugin:80 - create IPUIPlugin
2025-09-23 16:38:28,321 [INFO] IPUIPlugin:80 - create IPUIPlugin
2025-09-23 16:38:28,321 [INFO] IPUIPlugin:80 - create IPUIPlugin
2025-09-23 16:38:28,321 [INFO] IPUIPlugin:80 - create IPUIPlugin
2025-09-23 16:38:28,321 [INFO] IPUIPlugin:80 - create IPUIPlugin
2025-09-23 16:38:28,322 [INFO] IPUIPlugin:80 - create IPUIPlugin
2025-09-23 16:38:28,322 [INFO] IPUIPlugin:80 - create IPUIPlugin
2025-09-23 16:38:28,322 [INFO] IPUIPlugin:80 - create IPUIPlugin
2025-09-23 16:38:28,322 [INFO] IPUIPlugin:80 - create IPUIPlugin
2025-09-23 16:38:28,322 [INFO] IPUIPlugin:80 - create IPUIPlugin
2025-09-23 16:38:28,322 [INFO] IPUIPlugin:80 - create IPUIPlugin
2025-09-23 16:38:28,322 [INFO] IPUIPlugin:80 - create IPUIPlugin
2025-09-23 16:38:28,323 [INFO] IPUIPlugin:80 - create IPUIPlugin
2025-09-23 16:38:28,323 [INFO] IPUIPlugin:80 - create IPUIPlugin
2025-09-23 16:38:28,323 [INFO] IPUIPlugin:80 - create IPUIPlugin
2025-09-23 16:38:28,323 [INFO] IPUIPlugin:80 - create IPUIPlugin
2025-09-23 16:38:28,323 [INFO] IPUIPlugin:80 - create IPUIPlugin
2025-09-23 16:38:28,324 [INFO] IPUIPlugin:80 - create IPUIPlugin
2025-09-23 16:38:28,324 [INFO] IPUIPlugin:80 - create IPUIPlugin
2025-09-23 16:38:28,324 [INFO] IPUIPlugin:80 - create IPUIPlugin
2025-09-23 16:38:28,324 [INFO] IPUIPlugin:80 - create IPUIPlugin
2025-09-23 16:38:28,324 [INFO] IPUIPlugin:80 - create IPUIPlugin
2025-09-23 16:38:28,324 [INFO] IPUIPlugin:80 - create IPUIPlugin
2025-09-23 16:38:28,325 [INFO] IPUIPlugin:80 - create IPUIPlugin
2025-09-23 16:38:28,325 [INFO] IPUIPlugin:80 - create IPUIPlugin
2025-09-23 16:38:28,325 [INFO] IPUIPlugin:80 - create IPUIPlugin
2025-09-23 16:38:28,325 [INFO] IPUIPlugin:80 - create IPUIPlugin
2025-09-23 16:38:28,325 [INFO] IPUIPlugin:80 - create IPUIPlugin
2025-09-23 16:38:28,326 [INFO] IPUIPlugin:80 - create IPUIPlugin
2025-09-23 16:38:28,326 [INFO] IPUIPlugin:80 - create IPUIPlugin
2025-09-23 16:38:28,326 [INFO] IPUIPlugin:80 - create IPUIPlugin
2025-09-23 16:38:28,326 [INFO] IPUIPlugin:80 - create IPUIPlugin
2025-09-23 16:38:28,327 [INFO] IPUIPlugin:80 - create IPUIPlugin
2025-09-23 16:38:28,327 [INFO] IPUIPlugin:80 - create IPUIPlugin
2025-09-23 16:38:28,327 [INFO] IPUIPlugin:80 - create IPUIPlugin
2025-09-23 16:38:28,327 [INFO] IPUIPlugin:80 - create IPUIPlugin
2025-09-23 16:38:28,328 [INFO] IPUIPlugin:80 - create IPUIPlugin
2025-09-23 16:38:28,328 [INFO] IPUIPlugin:80 - create IPUIPlugin
2025-09-23 16:38:28,328 [INFO] IPUIPlugin:80 - create IPUIPlugin
2025-09-23 16:38:28,328 [INFO] IPUIPlugin:80 - create IPUIPlugin
2025-09-23 16:38:28,329 [INFO] IPUIPlugin:80 - create IPUIPlugin
2025-09-23 16:38:28,329 [INFO] IPUIPlugin:80 - create IPUIPlugin
2025-09-23 16:38:28,329 [INFO] IPUIPlugin:80 - create IPUIPlugin
2025-09-23 16:38:28,329 [INFO] IPUIPlugin:80 - create IPUIPlugin
2025-09-23 16:38:28,330 [INFO] IPUIPlugin:80 - create IPUIPlugin
2025-09-23 16:38:28,330 [INFO] IPUIPlugin:80 - create IPUIPlugin
2025-09-23 16:38:28,330 [INFO] IPUIPlugin:80 - create IPUIPlugin
2025-09-23 16:38:28,765 [INFO] CADModel:165 - CPN selected for project levelSTM32G431KBT6
2025-09-23 16:38:28,765 [INFO] CADModel:114 - Register for checkConnection events
2025-09-23 16:38:28,886 [INFO] OpenFileManager:385 - Restore cursor
2025-09-23 16:45:12,778 [WARN] IP:2250 - PWR_Regulator_Voltage_Scale not found: check if there is a RefParameter without a condition.
2025-09-23 16:46:42,214 [WARN] IP:2250 - PWR_Regulator_Voltage_Scale not found: check if there is a RefParameter without a condition.
2025-09-23 16:46:49,667 [WARN] IP:2250 - PWR_Regulator_Voltage_Scale not found: check if there is a RefParameter without a condition.
2025-09-23 16:46:56,742 [WARN] IP:2250 - PWR_Regulator_Voltage_Scale not found: check if there is a RefParameter without a condition.
2025-09-23 16:47:01,402 [WARN] IP:2250 - PWR_Regulator_Voltage_Scale not found: check if there is a RefParameter without a condition.
2025-09-23 16:47:13,244 [WARN] IP:2250 - PWR_Regulator_Voltage_Scale not found: check if there is a RefParameter without a condition.
2025-09-23 16:51:49,557 [WARN] IP:2250 - PWR_Regulator_Voltage_Scale not found: check if there is a RefParameter without a condition.
2025-09-23 16:52:08,095 [INFO] NvicIntPanel:101 - NVIC parent = com.st.microxplorer.plugins.ip.nvic.MultiNvicIntPanel[,0,0,0x0,invalid,layout=javax.swing.BoxLayout,alignmentX=0.0,alignmentY=0.0,border=,flags=9,maximumSize=,minimumSize=,preferredSize=]
2025-09-23 16:52:39,194 [INFO] NvicIntPanel:101 - NVIC parent = com.st.microxplorer.plugins.ip.nvic.MultiNvicIntPanel[,0,0,0x0,invalid,layout=javax.swing.BoxLayout,alignmentX=0.0,alignmentY=0.0,border=,flags=9,maximumSize=,minimumSize=,preferredSize=]
2025-09-23 16:52:57,655 [INFO] NvicIntPanel:101 - NVIC parent = com.st.microxplorer.plugins.ip.nvic.MultiNvicIntPanel[,0,0,0x0,invalid,layout=javax.swing.BoxLayout,alignmentX=0.0,alignmentY=0.0,border=,flags=9,maximumSize=,minimumSize=,preferredSize=]
2025-09-23 16:53:00,162 [INFO] NvicIntPanel:101 - NVIC parent = com.st.microxplorer.plugins.ip.nvic.MultiNvicIntPanel[,0,0,0x0,invalid,layout=javax.swing.BoxLayout,alignmentX=0.0,alignmentY=0.0,border=,flags=9,maximumSize=,minimumSize=,preferredSize=]
2025-09-23 16:56:13,705 [INFO] NvicIntPanel:101 - NVIC parent = com.st.microxplorer.plugins.ip.nvic.MultiNvicIntPanel[,0,0,0x0,invalid,layout=javax.swing.BoxLayout,alignmentX=0.0,alignmentY=0.0,border=,flags=9,maximumSize=,minimumSize=,preferredSize=]
2025-09-23 16:56:35,322 [INFO] UtilMem:75 - End SaveConfig() Used Memory: 842921560 Bytes (1073741824)
2025-09-23 16:56:37,388 [INFO] UtilMem:75 - End SaveConfig() Used Memory: 864403112 Bytes (1073741824)
2025-09-23 16:56:38,633 [INFO] UtilMem:75 - End SaveConfig() Used Memory: 949330592 Bytes (1073741824)
2025-09-23 16:56:39,332 [INFO] BlockDiagram:2775 - set Specific Code input for plugin: TIM1_8G4
2025-09-23 16:56:39,333 [INFO] BlockDiagram:2775 - set Specific Code input for plugin: TIM1_8G4
2025-09-23 16:56:39,333 [INFO] BlockDiagram:2775 - set Specific Code input for plugin: SYS
2025-09-23 16:56:39,333 [INFO] BlockDiagram:2775 - set Specific Code input for plugin: RCC
2025-09-23 16:56:39,333 [INFO] BlockDiagram:2775 - set Specific Code input for plugin: NVIC
2025-09-23 16:56:39,334 [INFO] BlockDiagram:2775 - set Specific Code input for plugin: GPIO
2025-09-23 16:56:39,336 [INFO] CodeGenerator:882 - code generatio: config db path: C:\ST\STM32CubeIDE_1.15.1\STM32CubeIDE\plugins\com.st.stm32cube.common.mx_6.14.1.202504091515\\db\
2025-09-23 16:56:39,611 [INFO] CodeEngine:263 - oldGeneratedFile, C:\create\MyProjects\IndependentResearch\LRA-Dynamics\NucleoG431KB-AFT14A903A\MXTmpFiles\license.tmp_save
2025-09-23 16:56:40,411 [INFO] CodeEngine:287 - Generated code: C:\create\MyProjects\IndependentResearch\LRA-Dynamics\NucleoG431KB-AFT14A903A\MXTmpFiles\license.tmp
2025-09-23 16:56:40,575 [INFO] CodeEngine:263 - oldGeneratedFile, C:\create\MyProjects\IndependentResearch\LRA-Dynamics\NucleoG431KB-AFT14A903A\MXTmpFiles\gpio.tmp_save
2025-09-23 16:56:40,787 [INFO] CodeEngine:287 - Generated code: C:\create\MyProjects\IndependentResearch\LRA-Dynamics\NucleoG431KB-AFT14A903A\MXTmpFiles\gpio.tmp
2025-09-23 16:56:41,042 [INFO] CodeEngine:263 - oldGeneratedFile, C:\create\MyProjects\IndependentResearch\LRA-Dynamics\NucleoG431KB-AFT14A903A\Core\Src\stm32g4xx_it.c_save
2025-09-23 16:56:41,203 [INFO] CodeEngine:287 - Generated code: C:\create\MyProjects\IndependentResearch\LRA-Dynamics\NucleoG431KB-AFT14A903A\Core\Src\stm32g4xx_it.c
2025-09-23 16:56:41,215 [INFO] CodeEngine:263 - oldGeneratedFile, C:\create\MyProjects\IndependentResearch\LRA-Dynamics\NucleoG431KB-AFT14A903A\Core\Inc\stm32g4xx_it.h_save
2025-09-23 16:56:41,305 [INFO] CodeEngine:287 - Generated code: C:\create\MyProjects\IndependentResearch\LRA-Dynamics\NucleoG431KB-AFT14A903A\Core\Inc\stm32g4xx_it.h
2025-09-23 16:56:41,327 [INFO] CodeEngine:263 - oldGeneratedFile, C:\create\MyProjects\IndependentResearch\LRA-Dynamics\NucleoG431KB-AFT14A903A\Core\Src\stm32g4xx_hal_msp.c_save
2025-09-23 16:56:41,529 [INFO] CodeEngine:287 - Generated code: C:\create\MyProjects\IndependentResearch\LRA-Dynamics\NucleoG431KB-AFT14A903A\Core\Src\stm32g4xx_hal_msp.c
2025-09-23 16:56:41,538 [INFO] CodeEngine:263 - oldGeneratedFile, C:\create\MyProjects\IndependentResearch\LRA-Dynamics\NucleoG431KB-AFT14A903A\MXTmpFiles\system.tmp_save
2025-09-23 16:56:41,615 [INFO] CodeEngine:287 - Generated code: C:\create\MyProjects\IndependentResearch\LRA-Dynamics\NucleoG431KB-AFT14A903A\MXTmpFiles\system.tmp
2025-09-23 16:56:41,637 [INFO] CodeEngine:319 - oldGeneratedFile, C:\create\MyProjects\IndependentResearch\LRA-Dynamics\NucleoG431KB-AFT14A903A\Core\Inc\stm32g4xx_hal_conf.h_save
2025-09-23 16:56:41,763 [INFO] CodeEngine:343 - Generated code: C:\create\MyProjects\IndependentResearch\LRA-Dynamics\NucleoG431KB-AFT14A903A\Core\Inc\stm32g4xx_hal_conf.h
2025-09-23 16:56:41,806 [WARN] IPConfigManager:3217 - Warning: the RefConfig RCC_CommonPeriphClockConfig is not available in your config.xml file
2025-09-23 16:56:41,832 [INFO] ApiDbMcu:508 - Load IP Config File for TIM2
2025-09-23 16:56:41,857 [INFO] ApiDbMcu:508 - Load IP Config File for TIM3
2025-09-23 16:56:41,861 [INFO] ApiDbMcu:508 - Load IP Config File for RCC
2025-09-23 16:56:41,866 [WARN] IPConfigManager:3790 - IP not found : TIM
2025-09-23 16:56:41,868 [WARN] CodeGenerator:4198 - IP not found : null
2025-09-23 16:56:41,884 [INFO] CodeEngine:263 - oldGeneratedFile, C:\create\MyProjects\IndependentResearch\LRA-Dynamics\NucleoG431KB-AFT14A903A\Core\Inc\main.h_save
2025-09-23 16:56:42,001 [INFO] CodeEngine:287 - Generated code: C:\create\MyProjects\IndependentResearch\LRA-Dynamics\NucleoG431KB-AFT14A903A\Core\Inc\main.h
2025-09-23 16:56:42,010 [INFO] CodeEngine:263 - oldGeneratedFile, C:\create\MyProjects\IndependentResearch\LRA-Dynamics\NucleoG431KB-AFT14A903A\Core\Src\main.c_save
2025-09-23 16:56:42,212 [INFO] CodeEngine:287 - Generated code: C:\create\MyProjects\IndependentResearch\LRA-Dynamics\NucleoG431KB-AFT14A903A\Core\Src\main.c
2025-09-23 16:56:43,033 [INFO] ProjectBuilder:3324 - Time for Copy HAL[1] : 462mS.
2025-09-23 16:56:43,045 [INFO] ProjectBuilder:4912 - Project Generator version: 4.6.0.1-B1
2025-09-23 16:56:43,224 [INFO] ConfigFileManager:1590 - The Die is : DIE468
2025-09-23 16:56:43,252 [INFO] ApiDbMcu:508 - Load IP Config File for FATFS
2025-09-23 16:56:43,259 [INFO] ApiDbMcu:508 - Load IP Config File for FREERTOS
2025-09-23 16:56:43,268 [INFO] ApiDbMcu:508 - Load IP Config File for USBPD
2025-09-23 16:56:43,293 [INFO] ApiDbMcu:508 - Load IP Config File for USB_DEVICE
2025-09-23 16:56:43,903 [INFO] LogOutputStream:77 - [STDOUT_REDIRECT] 
2025-09-23 16:56:45,487 [INFO] ProjectBuilder:5191 - Time for Generating toolchain IDE Files: 2439mS.
2025-09-23 16:56:45,489 [INFO] ProjectBuilder:3181 - Time for Copy CMSIS : 1mS.
2025-09-23 16:56:45,493 [INFO] ProjectBuilder:3181 - Time for Copy CMSIS : 0mS.
2025-09-23 18:04:26,200 [INFO] WebApp:194 - Connection lost
2025-09-23 18:04:31,806 [INFO] WebApp:191 - Connection restablished
2025-09-23 19:46:08,449 [INFO] WebApp:194 - Connection lost
2025-09-23 19:46:08,896 [INFO] WebApp:191 - Connection restablished
2025-09-23 22:05:55,028 [INFO] WebApp:194 - Connection lost
2025-09-23 22:05:55,677 [INFO] WebApp:191 - Connection restablished
