2025-10-02 22:22:35,895 [INFO] Activator:176 - 


2025-10-02 22:22:35,904 [INFO] Activator:177 - !SESSION log4j initialized
2025-10-02 22:22:41,916 [INFO] LogOutputStream:77 - [STDOUT_REDIRECT] 
2025-10-02 22:22:42,882 [INFO] ApplicationProperties:184 - Using Application install path: C:\ST\STM32CubeIDE_1.15.1\STM32CubeIDE\plugins\com.st.stm32cube.common.mx_6.14.1.202504091515
2025-10-02 22:22:42,899 [INFO] DbMcusXml:78 - Set database path to: C:\ST\STM32CubeIDE_1.15.1\STM32CubeIDE\plugins\com.st.stm32cube.common.mx_6.14.1.202504091515\\db\/mcu/
2025-10-02 22:22:42,899 [INFO] ApiDb:274 - Set plugin database path to: C:\ST\STM32CubeIDE_1.15.1\STM32CubeIDE\plugins\com.st.stm32cube.common.mx_6.14.1.202504091515\\db\/plugins/boardmanager/
2025-10-02 22:22:42,899 [WARN] ApiDb:259 - Overriding images path with different value:  => C:\ST\STM32CubeIDE_1.15.1\STM32CubeIDE\plugins\com.st.stm32cube.common.mx_6.14.1.202504091515\\db\/plugins/mcufinder/images/
2025-10-02 22:22:42,909 [INFO] ApiDb:250 - Set database path to: C:\Users\m-ren\.stmcufinder\plugins\mcufinder//mcu/
2025-10-02 22:22:42,910 [INFO] DbMcusAds:125 - Set database path to: C:\Users\m-ren\.stmcufinder\plugins\mcufinder//mcu/
2025-10-02 22:22:42,912 [INFO] CrossReferenceDbSqlite:203 - Set database path to: C:\Users\m-ren\.stmcufinder\plugins\mcufinder//mcu/cs/
2025-10-02 22:22:43,013 [INFO] RulesReader:64 - Compatibility file has been processed (302 Rules)
2025-10-02 22:22:43,078 [INFO] DbMcusXml:78 - Set database path to: C:\ST\STM32CubeIDE_1.15.1\STM32CubeIDE\plugins\com.st.stm32cube.common.mx_6.14.1.202504091515\\db\/mcu/
2025-10-02 22:22:43,078 [INFO] ApiDb:274 - Set plugin database path to: C:\ST\STM32CubeIDE_1.15.1\STM32CubeIDE\plugins\com.st.stm32cube.common.mx_6.14.1.202504091515\\db\/plugins/boardmanager/
2025-10-02 22:22:43,078 [INFO] ApiDb:261 - Set plugin images path to: C:\ST\STM32CubeIDE_1.15.1\STM32CubeIDE\plugins\com.st.stm32cube.common.mx_6.14.1.202504091515\\db\/plugins/mcufinder/images/
2025-10-02 22:22:43,078 [WARN] DbFile:41 - Overriding database path with different value: C:\Users\m-ren\.stmcufinder\plugins\mcufinder/ => C:\Users\m-ren\.stmcufinder\plugins\mcufinder
2025-10-02 22:22:43,078 [INFO] ApiDb:250 - Set database path to: C:\Users\m-ren\.stmcufinder\plugins\mcufinder//mcu/
2025-10-02 22:22:43,078 [WARN] DbFile:41 - Overriding database path with different value: C:\Users\m-ren\.stmcufinder\plugins\mcufinder/ => C:\Users\m-ren\.stmcufinder\plugins\mcufinder
2025-10-02 22:22:43,078 [INFO] DbMcusAds:125 - Set database path to: C:\Users\m-ren\.stmcufinder\plugins\mcufinder//mcu/
2025-10-02 22:22:43,078 [WARN] DbFile:41 - Overriding database path with different value: C:\Users\m-ren\.stmcufinder\plugins\mcufinder/ => C:\Users\m-ren\.stmcufinder\plugins\mcufinder
2025-10-02 22:22:43,078 [WARN] DbFile:41 - Overriding database path with different value: C:\Users\m-ren\.stmcufinder\plugins\mcufinder/ => C:\Users\m-ren\.stmcufinder\plugins\mcufinder
2025-10-02 22:22:43,079 [INFO] CrossReferenceDbSqlite:203 - Set database path to: C:\Users\m-ren\.stmcufinder\plugins\mcufinder//mcu/cs/
2025-10-02 22:22:43,148 [INFO] MainPanel:272 - HeapMemory: 268435456
2025-10-02 22:22:43,288 [INFO] DbMcusXml:78 - Set database path to: C:\ST\STM32CubeIDE_1.15.1\STM32CubeIDE\plugins\com.st.stm32cube.common.mx_6.14.1.202504091515\\db\/mcu/
2025-10-02 22:22:43,288 [INFO] ApiDb:274 - Set plugin database path to: C:\ST\STM32CubeIDE_1.15.1\STM32CubeIDE\plugins\com.st.stm32cube.common.mx_6.14.1.202504091515\\db\/plugins/boardmanager/
2025-10-02 22:22:43,288 [INFO] ApiDb:261 - Set plugin images path to: C:\ST\STM32CubeIDE_1.15.1\STM32CubeIDE\plugins\com.st.stm32cube.common.mx_6.14.1.202504091515\\db\/plugins/mcufinder/images/
2025-10-02 22:22:43,289 [WARN] DbFile:41 - Overriding database path with different value: C:\Users\m-ren\.stmcufinder\plugins\mcufinder/ => C:\Users\m-ren\.stmcufinder\plugins\mcufinder
2025-10-02 22:22:43,289 [INFO] ApiDb:250 - Set database path to: C:\Users\m-ren\.stmcufinder\plugins\mcufinder//mcu/
2025-10-02 22:22:43,289 [WARN] DbFile:41 - Overriding database path with different value: C:\Users\m-ren\.stmcufinder\plugins\mcufinder/ => C:\Users\m-ren\.stmcufinder\plugins\mcufinder
2025-10-02 22:22:43,289 [INFO] DbMcusAds:125 - Set database path to: C:\Users\m-ren\.stmcufinder\plugins\mcufinder//mcu/
2025-10-02 22:22:43,289 [WARN] DbFile:41 - Overriding database path with different value: C:\Users\m-ren\.stmcufinder\plugins\mcufinder/ => C:\Users\m-ren\.stmcufinder\plugins\mcufinder
2025-10-02 22:22:43,289 [WARN] DbFile:41 - Overriding database path with different value: C:\Users\m-ren\.stmcufinder\plugins\mcufinder/ => C:\Users\m-ren\.stmcufinder\plugins\mcufinder
2025-10-02 22:22:43,289 [INFO] CrossReferenceDbSqlite:203 - Set database path to: C:\Users\m-ren\.stmcufinder\plugins\mcufinder//mcu/cs/
2025-10-02 22:22:43,306 [INFO] ApplicationProperties:184 - Using Application install path: C:\ST\STM32CubeIDE_1.15.1\STM32CubeIDE\plugins\com.st.stm32cube.common.mx_6.14.1.202504091515
2025-10-02 22:22:43,307 [INFO] PluginManage:196 - Search for loadable plugins [exclusion list=, ]
2025-10-02 22:22:43,308 [INFO] PluginManage:310 - Check plugin analytics
2025-10-02 22:22:43,535 [INFO] AnalyticsPlugin:253 - Accepted Software Licenses: STM32CubeMX.6.9.1,STM32CubeMX.6.11.1
2025-10-02 22:22:43,535 [INFO] AnalyticsPlugin:255 - Accepted CMSIS Pack Licenses: 
2025-10-02 22:22:43,535 [INFO] AnalyticsPlugin:257 - Accepted Firmware Licenses: FW.F7.1.17.0,FW.F4.1.28.0,FW.H5.1.5.0,FW.C0.1.4.0
2025-10-02 22:22:43,539 [INFO] PluginManage:359 - Loaded plugin analytics (category:tool,tabindex:-1)
2025-10-02 22:22:43,539 [INFO] PluginManage:310 - Check plugin cadmodel
2025-10-02 22:22:43,548 [INFO] CADModel:105 - Init CAD model plugin
2025-10-02 22:22:43,548 [INFO] PluginManage:359 - Loaded plugin cadmodel (category:power,tabindex:5)
2025-10-02 22:22:43,548 [INFO] PluginManage:310 - Check plugin clock
2025-10-02 22:22:43,564 [INFO] PluginManage:359 - Loaded plugin clock (category:base,tabindex:2)
2025-10-02 22:22:43,564 [INFO] PluginManage:310 - Check plugin ddr
2025-10-02 22:22:43,569 [INFO] PluginManage:359 - Loaded plugin ddr (category:tool,tabindex:6)
2025-10-02 22:22:43,569 [INFO] PluginManage:310 - Check plugin filemanager
2025-10-02 22:22:43,759 [INFO] PluginManage:359 - Loaded plugin filemanager (category:base,tabindex:10)
2025-10-02 22:22:43,760 [INFO] PluginManage:310 - Check plugin ipmanager
2025-10-02 22:22:43,767 [INFO] PluginManage:359 - Loaded plugin ipmanager (category:base,tabindex:5)
2025-10-02 22:22:43,767 [INFO] PluginManage:310 - Check plugin lpbam
2025-10-02 22:22:43,777 [INFO] PluginManage:359 - Loaded plugin lpbam (category:base,tabindex:0)
2025-10-02 22:22:43,777 [INFO] PluginManage:310 - Check plugin memorymap
2025-10-02 22:22:43,795 [INFO] PluginManage:359 - Loaded plugin memorymap (category:base,tabindex:4)
2025-10-02 22:22:43,795 [INFO] PluginManage:310 - Check plugin pinoutandconfiguration
2025-10-02 22:22:43,808 [INFO] PluginManage:359 - Loaded plugin pinoutandconfiguration (category:base,tabindex:1)
2025-10-02 22:22:43,808 [INFO] PluginManage:310 - Check plugin pinoutconfig
2025-10-02 22:22:43,916 [WARN] SupportedApi:132 - Cannot load RTOS API schema: s4s-elt-must-match.1: The content of 'definitions' must match (annotation?, (simpleType | complexType)?, (unique | key | keyref)*)). A problem was found starting at: attribute.
2025-10-02 22:22:44,063 [INFO] PluginManage:359 - Loaded plugin pinoutconfig (category:base,tabindex:0)
2025-10-02 22:22:44,063 [INFO] PluginManage:310 - Check plugin power
2025-10-02 22:22:44,075 [INFO] PluginManage:359 - Loaded plugin power (category:power,tabindex:4)
2025-10-02 22:22:44,075 [INFO] PluginManage:310 - Check plugin projectmanager
2025-10-02 22:22:44,089 [INFO] PluginManage:359 - Loaded plugin projectmanager (category:projectmanager,tabindex:4)
2025-10-02 22:22:44,089 [INFO] PluginManage:310 - Check plugin rif
2025-10-02 22:22:44,099 [INFO] PluginManage:359 - Loaded plugin rif (category:base,tabindex:3)
2025-10-02 22:22:44,099 [INFO] PluginManage:310 - Check plugin thirdparty
2025-10-02 22:22:44,285 [INFO] PluginManage:359 - Loaded plugin thirdparty (category:base,tabindex:-1)
2025-10-02 22:22:44,285 [INFO] PluginManage:310 - Check plugin tools
2025-10-02 22:22:44,285 [WARN] IntegrityCheckThread:84 - waiting for thirdparty lock release [integrity check]
2025-10-02 22:22:44,286 [INFO] IntegrityCheckThread:86 - entering critical section [integrity check]
2025-10-02 22:22:44,286 [INFO] ThirdPartyUpdaterWithRetryManager:70 - Updater plugin not ready yet. [1/15]
2025-10-02 22:22:44,289 [INFO] PluginManage:359 - Loaded plugin tools (category:base,tabindex:7)
2025-10-02 22:22:44,290 [INFO] PluginManage:310 - Check plugin tutovideos
2025-10-02 22:22:44,520 [INFO] PluginManage:359 - Loaded plugin tutovideos (category:base,tabindex:-1)
2025-10-02 22:22:44,520 [INFO] PluginManage:310 - Check plugin updater
2025-10-02 22:22:44,548 [INFO] PluginManage:359 - Loaded plugin updater (category:base,tabindex:12)
2025-10-02 22:22:44,548 [INFO] PluginManage:310 - Check plugin userauth
2025-10-02 22:22:44,556 [INFO] UserAuth:118 - Init User Auth plugin
2025-10-02 22:22:44,558 [INFO] PluginManage:359 - Loaded plugin userauth (category:base,tabindex:14)
2025-10-02 22:22:44,559 [INFO] PluginManage:283 - PluginManage : Loaded plugins [18]
2025-10-02 22:22:44,853 [INFO] PinOutPanel:1589 - setPackage(No Configuration,No Configuration)
2025-10-02 22:22:44,926 [INFO] CADModel:165 - CPN selected for project level
2025-10-02 22:22:44,926 [INFO] CADModel:114 - Register for checkConnection events
2025-10-02 22:22:44,949 [INFO] IPUIPlugin:80 - create IPUIPlugin
2025-10-02 22:22:44,950 [INFO] PluginManager:220 - loadIPPluginJar : add adc
2025-10-02 22:22:44,953 [INFO] IPUIPlugin:80 - create IPUIPlugin
2025-10-02 22:22:44,953 [INFO] PluginManager:220 - loadIPPluginJar : add aes
2025-10-02 22:22:44,957 [INFO] IPUIPlugin:80 - create IPUIPlugin
2025-10-02 22:22:44,958 [INFO] PluginManager:220 - loadIPPluginJar : add can
2025-10-02 22:22:44,961 [INFO] IPUIPlugin:80 - create IPUIPlugin
2025-10-02 22:22:44,961 [INFO] PluginManager:220 - loadIPPluginJar : add comp
2025-10-02 22:22:44,964 [INFO] IPUIPlugin:80 - create IPUIPlugin
2025-10-02 22:22:44,964 [INFO] PluginManager:220 - loadIPPluginJar : add cryp
2025-10-02 22:22:44,968 [INFO] IPUIPlugin:80 - create IPUIPlugin
2025-10-02 22:22:44,968 [INFO] PluginManager:220 - loadIPPluginJar : add ddr_ctrl_phy
2025-10-02 22:22:44,972 [INFO] IPUIPlugin:80 - create IPUIPlugin
2025-10-02 22:22:44,972 [INFO] PluginManager:220 - loadIPPluginJar : add dfsdm
2025-10-02 22:22:44,978 [INFO] IPUIPlugin:80 - create IPUIPlugin
2025-10-02 22:22:44,980 [INFO] PluginManager:220 - loadIPPluginJar : add dma
2025-10-02 22:22:44,983 [INFO] IPUIPlugin:80 - create IPUIPlugin
2025-10-02 22:22:44,983 [INFO] PluginManager:220 - loadIPPluginJar : add dma3
2025-10-02 22:22:44,987 [INFO] IPUIPlugin:80 - create IPUIPlugin
2025-10-02 22:22:44,988 [INFO] PluginManager:220 - loadIPPluginJar : add extmemmanager
2025-10-02 22:22:44,990 [INFO] IPUIPlugin:80 - create IPUIPlugin
2025-10-02 22:22:44,990 [INFO] PluginManager:220 - loadIPPluginJar : add fatfs
2025-10-02 22:22:44,997 [INFO] IPUIPlugin:80 - create IPUIPlugin
2025-10-02 22:22:44,997 [INFO] PluginManager:220 - loadIPPluginJar : add fmc
2025-10-02 22:22:45,006 [INFO] IPUIPlugin:80 - create IPUIPlugin
2025-10-02 22:22:45,008 [INFO] PluginManager:220 - loadIPPluginJar : add freertos
2025-10-02 22:22:45,010 [INFO] IPUIPlugin:80 - create IPUIPlugin
2025-10-02 22:22:45,010 [INFO] PluginManager:220 - loadIPPluginJar : add genericplugin
2025-10-02 22:22:45,013 [INFO] IPUIPlugin:80 - create IPUIPlugin
2025-10-02 22:22:45,013 [INFO] PluginManager:220 - loadIPPluginJar : add gfxmmu
2025-10-02 22:22:45,020 [INFO] IPUIPlugin:80 - create IPUIPlugin
2025-10-02 22:22:45,020 [INFO] PluginManager:220 - loadIPPluginJar : add gic
2025-10-02 22:22:45,027 [INFO] IPUIPlugin:80 - create IPUIPlugin
2025-10-02 22:22:45,027 [INFO] PluginManager:220 - loadIPPluginJar : add gpio
2025-10-02 22:22:45,031 [INFO] IPUIPlugin:80 - create IPUIPlugin
2025-10-02 22:22:45,031 [INFO] PluginManager:220 - loadIPPluginJar : add gtzc
2025-10-02 22:22:45,035 [INFO] IPUIPlugin:80 - create IPUIPlugin
2025-10-02 22:22:45,035 [INFO] PluginManager:220 - loadIPPluginJar : add hash
2025-10-02 22:22:45,040 [INFO] IPUIPlugin:80 - create IPUIPlugin
2025-10-02 22:22:45,040 [INFO] PluginManager:220 - loadIPPluginJar : add i2c
2025-10-02 22:22:45,044 [INFO] IPUIPlugin:80 - create IPUIPlugin
2025-10-02 22:22:45,044 [INFO] PluginManager:220 - loadIPPluginJar : add i2s
2025-10-02 22:22:45,049 [INFO] IPUIPlugin:80 - create IPUIPlugin
2025-10-02 22:22:45,049 [INFO] PluginManager:220 - loadIPPluginJar : add i3c
2025-10-02 22:22:45,052 [INFO] IPUIPlugin:80 - create IPUIPlugin
2025-10-02 22:22:45,053 [INFO] PluginManager:220 - loadIPPluginJar : add ipddr
2025-10-02 22:22:45,059 [INFO] IPUIPlugin:80 - create IPUIPlugin
2025-10-02 22:22:45,059 [INFO] PluginManager:220 - loadIPPluginJar : add linkedlist
2025-10-02 22:22:45,063 [INFO] IPUIPlugin:80 - create IPUIPlugin
2025-10-02 22:22:45,063 [INFO] PluginManager:220 - loadIPPluginJar : add lorawan
2025-10-02 22:22:45,065 [INFO] IPUIPlugin:80 - create IPUIPlugin
2025-10-02 22:22:45,065 [INFO] PluginManager:220 - loadIPPluginJar : add ltdc
2025-10-02 22:22:45,070 [INFO] IPUIPlugin:80 - create IPUIPlugin
2025-10-02 22:22:45,071 [INFO] PluginManager:220 - loadIPPluginJar : add mdma
2025-10-02 22:22:45,073 [INFO] IPUIPlugin:80 - create IPUIPlugin
2025-10-02 22:22:45,073 [INFO] PluginManager:220 - loadIPPluginJar : add nvic
2025-10-02 22:22:45,076 [INFO] IPUIPlugin:80 - create IPUIPlugin
2025-10-02 22:22:45,076 [INFO] PluginManager:220 - loadIPPluginJar : add opamp
2025-10-02 22:22:45,079 [INFO] IPUIPlugin:80 - create IPUIPlugin
2025-10-02 22:22:45,080 [INFO] PluginManager:220 - loadIPPluginJar : add openamp
2025-10-02 22:22:45,082 [INFO] IPUIPlugin:80 - create IPUIPlugin
2025-10-02 22:22:45,082 [INFO] PluginManager:220 - loadIPPluginJar : add pdm2pcm
2025-10-02 22:22:45,087 [INFO] IPUIPlugin:80 - create IPUIPlugin
2025-10-02 22:22:45,089 [INFO] PluginManager:220 - loadIPPluginJar : add plateformsettings
2025-10-02 22:22:45,090 [INFO] IPUIPlugin:80 - create IPUIPlugin
2025-10-02 22:22:45,090 [INFO] PluginManager:220 - loadIPPluginJar : add quadspi
2025-10-02 22:22:45,092 [INFO] IPUIPlugin:80 - create IPUIPlugin
2025-10-02 22:22:45,093 [INFO] PluginManager:220 - loadIPPluginJar : add radio
2025-10-02 22:22:45,098 [INFO] IPUIPlugin:80 - create IPUIPlugin
2025-10-02 22:22:45,098 [INFO] PluginManager:220 - loadIPPluginJar : add resmgrutility
2025-10-02 22:22:45,100 [INFO] IPUIPlugin:80 - create IPUIPlugin
2025-10-02 22:22:45,100 [INFO] PluginManager:220 - loadIPPluginJar : add sai
2025-10-02 22:22:45,102 [INFO] IPUIPlugin:80 - create IPUIPlugin
2025-10-02 22:22:45,102 [INFO] PluginManager:220 - loadIPPluginJar : add spi
2025-10-02 22:22:45,107 [INFO] IPUIPlugin:80 - create IPUIPlugin
2025-10-02 22:22:45,107 [INFO] PluginManager:220 - loadIPPluginJar : add stm32_wpan
2025-10-02 22:22:45,108 [INFO] IPUIPlugin:80 - create IPUIPlugin
2025-10-02 22:22:45,108 [INFO] PluginManager:220 - loadIPPluginJar : add tim
2025-10-02 22:22:45,110 [INFO] IPUIPlugin:80 - create IPUIPlugin
2025-10-02 22:22:45,111 [INFO] PluginManager:220 - loadIPPluginJar : add touchsensing
2025-10-02 22:22:45,112 [INFO] IPUIPlugin:80 - create IPUIPlugin
2025-10-02 22:22:45,112 [INFO] PluginManager:220 - loadIPPluginJar : add tracer_emb
2025-10-02 22:22:45,115 [INFO] IPUIPlugin:80 - create IPUIPlugin
2025-10-02 22:22:45,115 [INFO] PluginManager:220 - loadIPPluginJar : add ts
2025-10-02 22:22:45,117 [INFO] IPUIPlugin:80 - create IPUIPlugin
2025-10-02 22:22:45,117 [INFO] PluginManager:220 - loadIPPluginJar : add tsc
2025-10-02 22:22:45,118 [INFO] IPUIPlugin:80 - create IPUIPlugin
2025-10-02 22:22:45,118 [INFO] PluginManager:220 - loadIPPluginJar : add ucpd
2025-10-02 22:22:45,120 [INFO] IPUIPlugin:80 - create IPUIPlugin
2025-10-02 22:22:45,120 [INFO] PluginManager:220 - loadIPPluginJar : add usart
2025-10-02 22:22:45,123 [INFO] IPUIPlugin:80 - create IPUIPlugin
2025-10-02 22:22:45,123 [INFO] PluginManager:220 - loadIPPluginJar : add usbx
2025-10-02 22:22:45,241 [FATAL] Updater:351 - Updater called before beeing initialized
2025-10-02 22:22:45,267 [INFO] RulesReader:64 - Compatibility file has been processed (302 Rules)
2025-10-02 22:22:45,276 [INFO] RulesReader:64 - Compatibility file has been processed (302 Rules)
2025-10-02 22:22:45,286 [INFO] CADModel:165 - CPN selected for project level
2025-10-02 22:22:45,286 [INFO] CADModel:114 - Register for checkConnection events
2025-10-02 22:22:45,287 [FATAL] Updater:351 - Updater called before beeing initialized
2025-10-02 22:22:45,287 [ERROR] CADModel:125 - Updater not yet initialized, retry later 
2025-10-02 22:22:45,505 [FATAL] Updater:351 - Updater called before beeing initialized
2025-10-02 22:22:45,508 [INFO] CADModel:165 - CPN selected for project level
2025-10-02 22:22:45,508 [INFO] CADModel:114 - Register for checkConnection events
2025-10-02 22:22:45,508 [FATAL] Updater:351 - Updater called before beeing initialized
2025-10-02 22:22:45,508 [ERROR] CADModel:125 - Updater not yet initialized, retry later 
2025-10-02 22:22:45,516 [FATAL] Updater:351 - Updater called before beeing initialized
2025-10-02 22:22:45,656 [FATAL] Updater:351 - Updater called before beeing initialized
2025-10-02 22:22:45,660 [INFO] DbMcusAds:53 - JSON generation date=Tue Jul 08 17:14:27 JST 2025 (1751962467633)
2025-10-02 22:22:45,660 [FATAL] Updater:351 - Updater called before beeing initialized
2025-10-02 22:22:45,689 [WARN] DetailPanel:346 - Failed to get advertising image, set to default
2025-10-02 22:22:45,853 [FATAL] Updater:351 - Updater called before beeing initialized
2025-10-02 22:22:45,855 [FATAL] Updater:351 - Updater called before beeing initialized
2025-10-02 22:22:45,855 [FATAL] Updater:351 - Updater called before beeing initialized
2025-10-02 22:22:45,855 [WARN] DetailPanel:346 - Failed to get advertising image, set to default
2025-10-02 22:22:45,856 [FATAL] Updater:351 - Updater called before beeing initialized
2025-10-02 22:22:45,894 [ERROR] Updater:1198 - MainUpdater not yet initialized. External WinMGr cannot be set.
2025-10-02 22:22:45,896 [INFO] Updater:1134 - Updater Version found : 6.14.1
2025-10-02 22:22:45,917 [INFO] ApplicationProperties:184 - Using Application install path: C:\ST\STM32CubeIDE_1.15.1\STM32CubeIDE\plugins\com.st.stm32cube.common.mx_6.14.1.202504091515
2025-10-02 22:22:46,309 [INFO] MainUpdater:2872 - connection check result : 10
2025-10-02 22:22:46,311 [INFO] MainUpdater:289 - Updater Check For Update Now.
2025-10-02 22:22:46,311 [INFO] MicroXplorer:498 - Change Database Version : DB.6.0.141
2025-10-02 22:22:46,323 [INFO] McuFinderGlobals:63 - Set McuFinder mode to 2 (CubeIDE integrated)
2025-10-02 22:22:46,324 [INFO] UserAuth:484 - Internet connection configuration mode: 1
2025-10-02 22:22:46,355 [INFO] JxBrowserEngine:152 - Initiate JxBrowser Engine with user profile folder
2025-10-02 22:22:46,475 [INFO] CheckServerUpdateThread:120 - End of CheckServer Thread
2025-10-02 22:22:47,653 [INFO] WebApp:169 - Instantiating new browser for Auth
2025-10-02 22:22:47,681 [WARN] PackLoader:240 - Cannot read IP mode file for STMicroelectronics.FP-SNS-MOTENVWB1.1.4.0
2025-10-02 22:22:47,700 [WARN] PackLoader:240 - Cannot read IP mode file for STMicroelectronics.FP-ATR-ASTRA1.2.0.2
2025-10-02 22:22:47,711 [WARN] PackLoader:240 - Cannot read IP mode file for STMicroelectronics.FP-ATR-ASTRA1.2.0.1
2025-10-02 22:22:47,736 [WARN] PackLoader:240 - Cannot read IP mode file for STMicroelectronics.X-CUBE-SMBUS.2.1.0
2025-10-02 22:22:47,749 [WARN] PackLoader:240 - Cannot read IP mode file for STMicroelectronics.X-CUBE-WB05N.1.1.0
2025-10-02 22:22:47,756 [WARN] PackLoader:240 - Cannot read IP mode file for STMicroelectronics.X-CUBE-TOUCHGFX.4.23.2
2025-10-02 22:22:47,789 [WARN] PackLoader:240 - Cannot read IP mode file for STMicroelectronics.X-CUBE-AZRTOS-F7.1.1.0
2025-10-02 22:22:47,843 [WARN] PackLoader:240 - Cannot read IP mode file for STMicroelectronics.X-CUBE-MEMS1.11.0.0
2025-10-02 22:22:47,973 [WARN] PackLoader:240 - Cannot read IP mode file for STMicroelectronics.FP-SNS-FLIGHT1.5.0.2
2025-10-02 22:22:47,992 [WARN] PackLoader:240 - Cannot read IP mode file for STMicroelectronics.X-CUBE-AZRTOS-H7.3.4.0
2025-10-02 22:22:48,003 [WARN] PackLoader:240 - Cannot read IP mode file for STMicroelectronics.X-CUBE-DISPLAY.3.0.0
2025-10-02 22:22:48,013 [WARN] PackLoader:240 - Cannot read IP mode file for STMicroelectronics.X-CUBE-BLE1.7.0.0
2025-10-02 22:22:48,023 [WARN] PackLoader:240 - Cannot read IP mode file for STMicroelectronics.X-CUBE-NFC10.1.0.0
2025-10-02 22:22:48,050 [WARN] PackLoader:240 - Cannot read IP mode file for STMicroelectronics.X-CUBE-BLEMGR.4.0.0
2025-10-02 22:22:48,071 [WARN] PackLoader:240 - Cannot read IP mode file for emotas.I-CUBE-CANOPEN.1.3.0
2025-10-02 22:22:48,085 [WARN] PackLoader:240 - Cannot read IP mode file for STMicroelectronics.X-CUBE-BLEMGR.3.1.0
2025-10-02 22:22:48,093 [WARN] PackLoader:240 - Cannot read IP mode file for STMicroelectronics.X-CUBE-AI.10.0.0
2025-10-02 22:22:48,104 [ERROR] Engine:466 - C:\Users\m-ren\.stm32cubemx\thirdparties\pdsc\STMicroelectronics.FP-SNS-STBOX1.2.1.0.pdsc: PDSC version is not supported
2025-10-02 22:22:48,116 [WARN] PackLoader:240 - Cannot read IP mode file for STMicroelectronics.FP-SNS-SMARTAG2.1.2.0
2025-10-02 22:22:48,151 [WARN] PackLoader:240 - Cannot read IP mode file for STMicroelectronics.FP-SNS-FLIGHT1.5.1.0
2025-10-02 22:22:48,211 [WARN] PackLoader:240 - Cannot read IP mode file for STMicroelectronics.X-CUBE-MEMS1.11.1.0
2025-10-02 22:22:48,291 [INFO] LogOutputStream:77 - [STDOUT_REDIRECT] 1 : Invalid condition id : UX_CORESTACK_Condition cause : null
2025-10-02 22:22:48,292 [INFO] LogOutputStream:77 - [STDOUT_REDIRECT] 1 : Invalid condition id : UX_CORESTACK_Condition cause : null
2025-10-02 22:22:48,293 [INFO] LogOutputStream:77 - [STDOUT_REDIRECT] 1 : Invalid condition id : UX_CORESTACK_Condition cause : null
2025-10-02 22:22:48,294 [INFO] LogOutputStream:77 - [STDOUT_REDIRECT] 1 : Invalid condition id : UX_CORESTACK_Condition cause : null
2025-10-02 22:22:48,295 [INFO] LogOutputStream:77 - [STDOUT_REDIRECT] 1 : Invalid condition id : UX_CORESTACK_Condition cause : null
2025-10-02 22:22:48,297 [WARN] PackLoader:240 - Cannot read IP mode file for STMicroelectronics.X-CUBE-AZRTOS-WL.2.0.0
2025-10-02 22:22:48,303 [WARN] PackLoader:240 - Cannot read IP mode file for STMicroelectronics.FP-SNS-MOTENV1.5.0.0
2025-10-02 22:22:48,308 [WARN] PackLoader:240 - Cannot read IP mode file for wolfSSL.I-CUBE-wolfMQTT.1.19.0
2025-10-02 22:22:48,317 [WARN] PackLoader:240 - Cannot read IP mode file for WES.I-CUBE-Cesium.1.3.0
2025-10-02 22:22:48,321 [WARN] PackLoader:240 - Cannot read IP mode file for STMicroelectronics.X-CUBE-BLE2.3.3.0
2025-10-02 22:22:48,326 [WARN] PackLoader:240 - Cannot read IP mode file for STMicroelectronics.X-CUBE-NFC9.1.0.0
2025-10-02 22:22:48,331 [WARN] PackLoader:240 - Cannot read IP mode file for STMicroelectronics.X-CUBE-BLE1.7.1.0
2025-10-02 22:22:48,335 [WARN] PackLoader:240 - Cannot read IP mode file for STMicroelectronics.X-CUBE-TCPP.4.1.0
2025-10-02 22:22:48,341 [WARN] PackLoader:240 - Cannot read IP mode file for STMicroelectronics.X-CUBE-EEPRMA1.5.2.0
2025-10-02 22:22:48,345 [WARN] PackLoader:240 - Cannot read IP mode file for STMicroelectronics.X-CUBE-AI.10.1.0
2025-10-02 22:22:48,369 [WARN] PackLoader:240 - Cannot read IP mode file for STMicroelectronics.X-CUBE-MEMS1.11.2.0
2025-10-02 22:22:48,444 [WARN] PackLoader:240 - Cannot read IP mode file for STMicroelectronics.X-CUBE-AZRTOS-G0.1.1.0
2025-10-02 22:22:48,450 [WARN] PackLoader:240 - Cannot read IP mode file for STMicroelectronics.X-CUBE-SAFEA1.1.2.2
2025-10-02 22:22:48,455 [WARN] PackLoader:240 - Cannot read IP mode file for STMicroelectronics.X-CUBE-NFC4.3.0.0
2025-10-02 22:22:48,461 [WARN] PackLoader:240 - Cannot read IP mode file for EmbeddedOffice.I-CUBE-FS-RTOS.1.0.1
2025-10-02 22:22:48,465 [WARN] PackLoader:240 - Cannot read IP mode file for STMicroelectronics.X-CUBE-WB05N.2.0.0
2025-10-02 22:22:48,470 [WARN] PackLoader:240 - Cannot read IP mode file for STMicroelectronics.X-CUBE-TCPP.4.2.0
2025-10-02 22:22:48,478 [WARN] PackLoader:240 - Cannot read IP mode file for RealThread.X-CUBE-RT-Thread_Nano.4.1.1
2025-10-02 22:22:48,484 [WARN] PackLoader:240 - Cannot read IP mode file for wolfSSL.I-CUBE-wolfSSL.5.7.0
2025-10-02 22:22:48,489 [WARN] PackLoader:240 - Cannot read IP mode file for STMicroelectronics.FP-ATR-SIGFOX1.3.2.0
2025-10-02 22:22:48,494 [WARN] ConditionMgr:438 - getConditionDescription Invalid condition id : Cortex-A Device cause : null
2025-10-02 22:22:48,508 [WARN] ConditionMgr:1044 - genDependencies : Invalid condition id : Cortex-A Device cause : null
2025-10-02 22:22:48,509 [WARN] ConditionMgr:1044 - genDependencies : Invalid condition id : Cortex-A Device cause : null
2025-10-02 22:22:48,509 [WARN] ConditionMgr:1044 - genDependencies : Invalid condition id : Cortex-A Device cause : null
2025-10-02 22:22:48,515 [WARN] PackLoader:240 - Cannot read IP mode file for STMicroelectronics.X-CUBE-EEPRMA1.5.1.0
2025-10-02 22:22:48,525 [WARN] PackLoader:240 - Cannot read IP mode file for ITTIA_DB.I-CUBE-ITTIADB.8.9.0
2025-10-02 22:22:48,533 [WARN] PackLoader:240 - Cannot read IP mode file for STMicroelectronics.X-CUBE-ST67W61.1.0.0
2025-10-02 22:22:48,538 [WARN] PackLoader:240 - Cannot read IP mode file for STMicroelectronics.X-CUBE-AI.10.2.0
2025-10-02 22:22:48,573 [WARN] PackLoader:240 - Cannot read IP mode file for SEGGER.I-CUBE-embOS.1.3.1
2025-10-02 22:22:48,625 [WARN] PackLoader:240 - Cannot read IP mode file for STMicroelectronics.X-CUBE-ALGOBUILD.1.4.0
2025-10-02 22:22:48,697 [WARN] PackLoader:240 - Cannot read IP mode file for STMicroelectronics.X-CUBE-MEMS1.11.3.0
2025-10-02 22:22:48,783 [WARN] PackLoader:240 - Cannot read IP mode file for STMicroelectronics.X-CUBE-AI.9.1.0
2025-10-02 22:22:48,787 [WARN] PackLoader:240 - Cannot read IP mode file for STMicroelectronics.X-CUBE-PM33A1.1.0.0
2025-10-02 22:22:48,791 [WARN] PackLoader:240 - Cannot read IP mode file for STMicroelectronics.X-CUBE-GNSS1.6.0.0
2025-10-02 22:22:48,800 [WARN] PackLoader:240 - Cannot read IP mode file for STMicroelectronics.X-CUBE-AZRTOS-F4.1.1.0
2025-10-02 22:22:48,806 [WARN] PackLoader:240 - Cannot read IP mode file for Avnet-IotConnect.X-CUBE-IoTC-DA16k-PMOD.1.0.0
2025-10-02 22:22:48,810 [WARN] PackLoader:240 - Cannot read IP mode file for STMicroelectronics.X-CUBE-ISPU.2.1.0
2025-10-02 22:22:48,816 [WARN] PackLoader:240 - Cannot read IP mode file for STMicroelectronics.X-CUBE-FREERTOS.1.2.0
2025-10-02 22:22:48,820 [WARN] PackLoader:240 - Cannot read IP mode file for STMicroelectronics.X-CUBE-NFC12.1.0.0
2025-10-02 22:22:48,829 [WARN] PackLoader:240 - Cannot read IP mode file for STMicroelectronics.X-CUBE-AZRTOS-L5.2.0.0
2025-10-02 22:22:48,835 [WARN] PackLoader:240 - Cannot read IP mode file for STMicroelectronics.X-CUBE-NFC6.3.1.0
2025-10-02 22:22:48,840 [WARN] PackLoader:240 - Cannot read IP mode file for STMicroelectronics.X-CUBE-DPower.1.2.0
2025-10-02 22:22:48,843 [WARN] PackLoader:240 - Cannot read IP mode file for STMicroelectronics.X-CUBE-AI.9.0.0
2025-10-02 22:22:48,851 [WARN] PackLoader:240 - Cannot read IP mode file for STMicroelectronics.X-CUBE-FREERTOS.1.3.1
2025-10-02 22:22:48,997 [WARN] PackLoader:240 - Cannot read IP mode file for STMicroelectronics.X-CUBE-FREERTOS.1.3.0
2025-10-02 22:22:49,008 [WARN] PackLoader:240 - Cannot read IP mode file for STMicroelectronics.X-CUBE-NFC7.1.0.1
2025-10-02 22:22:49,018 [WARN] PackLoader:240 - Cannot read IP mode file for wolfSSL.I-CUBE-wolfTPM.3.2.0
2025-10-02 22:22:49,024 [WARN] PackLoader:240 - Cannot read IP mode file for STMicroelectronics.X-CUBE-TOUCHGFX.4.26.0
2025-10-02 22:22:49,032 [WARN] PackLoader:240 - Cannot read IP mode file for STMicroelectronics.FP-SNS-STAIOTCFT.1.0.0
2025-10-02 22:22:49,040 [WARN] PackLoader:240 - Cannot read IP mode file for STMicroelectronics.X-CUBE-DPower.1.3.0
2025-10-02 22:22:49,061 [WARN] ConditionMgr:438 - getConditionDescription Invalid condition id : LAN8742 Phy interface Condition cause : null
2025-10-02 22:22:49,061 [WARN] PackLoader:240 - Cannot read IP mode file for STMicroelectronics.X-CUBE-AZRTOS-L4.2.0.0
2025-10-02 22:22:49,063 [WARN] ConditionMgr:1044 - genDependencies : Invalid condition id : LAN8742 Phy interface Condition cause : null
2025-10-02 22:22:49,063 [WARN] ConditionMgr:1044 - genDependencies : Invalid condition id : LAN8742 Phy interface Condition cause : null
2025-10-02 22:22:49,063 [WARN] ConditionMgr:1044 - genDependencies : Invalid condition id : LAN8742 Phy interface Condition cause : null
2025-10-02 22:22:49,076 [WARN] PackLoader:240 - Cannot read IP mode file for STMicroelectronics.X-CUBE-SFXS2LP1.4.0.0
2025-10-02 22:22:49,104 [WARN] PackLoader:240 - Cannot read IP mode file for STMicroelectronics.X-CUBE-AZRTOS-H7.3.3.0
2025-10-02 22:22:49,120 [WARN] PackLoader:240 - Cannot read IP mode file for STMicroelectronics.X-CUBE-BLEMGR.4.1.0
2025-10-02 22:22:49,135 [WARN] PackLoader:240 - Cannot read IP mode file for STMicroelectronics.X-CUBE-IPS.3.0.0
2025-10-02 22:22:49,159 [INFO] WebApp:463 - Apply proxy settings
2025-10-02 22:22:49,159 [WARN] ConditionMgr:438 - getConditionDescription Invalid condition id : UX DEVICE CLASS RTOS Condition cause : null
2025-10-02 22:22:49,159 [WARN] ConditionMgr:438 - getConditionDescription Invalid condition id : UX DEVICE CLASS RTOS Condition cause : null
2025-10-02 22:22:49,159 [INFO] WebApp:548 - Chromium requires no authentication
2025-10-02 22:22:49,162 [WARN] PackLoader:240 - Cannot read IP mode file for STMicroelectronics.X-CUBE-AZRTOS-WB.2.0.0
2025-10-02 22:22:49,162 [WARN] ConditionMgr:1044 - genDependencies : Invalid condition id : UX DEVICE CLASS RTOS Condition cause : null
2025-10-02 22:22:49,162 [WARN] ConditionMgr:1044 - genDependencies : Invalid condition id : UX DEVICE CLASS RTOS Condition cause : null
2025-10-02 22:22:49,163 [WARN] ConditionMgr:1044 - genDependencies : Invalid condition id : UX DEVICE CLASS RTOS Condition cause : null
2025-10-02 22:22:49,163 [WARN] ConditionMgr:1044 - genDependencies : Invalid condition id : UX DEVICE CLASS RTOS Condition cause : null
2025-10-02 22:22:49,163 [WARN] ConditionMgr:1044 - genDependencies : Invalid condition id : UX DEVICE CLASS RTOS Condition cause : null
2025-10-02 22:22:49,174 [WARN] PackLoader:240 - Cannot read IP mode file for STMicroelectronics.X-CUBE-GNSS1.7.0.0
2025-10-02 22:22:49,176 [INFO] WebApp:491 - Direct internet connection detected
2025-10-02 22:22:49,182 [WARN] PackLoader:240 - Cannot read IP mode file for STMicroelectronics.X-CUBE-GNSS1.7.0.1
2025-10-02 22:22:49,188 [WARN] PackLoader:240 - Cannot read IP mode file for STMicroelectronics.X-CUBE-TOUCHGFX.4.25.0
2025-10-02 22:22:49,198 [WARN] PackLoader:240 - Cannot read IP mode file for STMicroelectronics.FP-SNS-STBOX1.2.0.0
2025-10-02 22:22:49,210 [WARN] PackLoader:240 - Cannot read IP mode file for STMicroelectronics.X-CUBE-SUBG2.5.0.0
2025-10-02 22:22:49,233 [INFO] WebApp:894 - Register for checkConnection events
2025-10-02 22:22:49,235 [INFO] WebApp:463 - Apply proxy settings
2025-10-02 22:22:49,235 [INFO] WebApp:548 - Chromium requires no authentication
2025-10-02 22:22:49,236 [INFO] WebApp:491 - Direct internet connection detected
2025-10-02 22:22:49,236 [WARN] PackLoader:240 - Cannot read IP mode file for STMicroelectronics.X-CUBE-AZRTOS-H7RS.1.1.0
2025-10-02 22:22:49,245 [WARN] PackLoader:240 - Cannot read IP mode file for Cesanta.I-CUBE-Mongoose.7.13.0
2025-10-02 22:22:49,258 [WARN] PackLoader:240 - Cannot read IP mode file for STMicroelectronics.X-CUBE-AZRTOS-G4.2.0.0
2025-10-02 22:22:49,265 [WARN] PackLoader:240 - Cannot read IP mode file for STMicroelectronics.X-CUBE-NFC7.2.0.0
2025-10-02 22:22:49,271 [WARN] PackLoader:240 - Cannot read IP mode file for STMicroelectronics.X-CUBE-ISPU.2.0.0
2025-10-02 22:22:49,280 [WARN] PackLoader:240 - Cannot read IP mode file for STMicroelectronics.X-CUBE-IPS.3.1.0
2025-10-02 22:22:49,291 [WARN] PackLoader:240 - Cannot read IP mode file for STMicroelectronics.X-CUBE-ALS.1.0.2
2025-10-02 22:22:49,318 [WARN] PackLoader:240 - Cannot read IP mode file for STMicroelectronics.X-CUBE-MEMS1.10.0.0
2025-10-02 22:22:49,394 [WARN] PackLoader:240 - Cannot read IP mode file for STMicroelectronics.X-CUBE-TOUCHGFX.4.24.0
2025-10-02 22:22:49,399 [WARN] PackLoader:240 - Cannot read IP mode file for STMicroelectronics.X-CUBE-TOUCHGFX.4.24.2
2025-10-02 22:22:49,403 [WARN] PackLoader:240 - Cannot read IP mode file for STMicroelectronics.X-CUBE-TOUCHGFX.4.24.1
2025-10-02 22:22:49,423 [WARN] PackLoader:240 - Cannot read IP mode file for STMicroelectronics.X-CUBE-STSE01.1.0.0
2025-10-02 22:22:49,428 [INFO] WebApp:191 - Connection restablished
2025-10-02 22:22:49,436 [WARN] PackLoader:240 - Cannot read IP mode file for portGmbH.I-Cube-SoM-uGOAL.1.1.0
2025-10-02 22:22:49,458 [WARN] PackLoader:240 - Cannot read IP mode file for STMicroelectronics.X-CUBE-AZRTOS-H7RS.1.0.0
2025-10-02 22:22:49,469 [WARN] PackLoader:240 - Cannot read IP mode file for STMicroelectronics.FP-ATR-ASTRA1.2.0.0
2025-10-02 22:22:49,488 [WARN] PackLoader:240 - Cannot read IP mode file for STMicroelectronics.X-CUBE-TOF1.3.4.2
2025-10-02 22:22:49,533 [WARN] PackLoader:240 - Cannot read IP mode file for STMicroelectronics.X-CUBE-TOF1.3.4.3
2025-10-02 22:22:49,557 [WARN] PackLoader:240 - Cannot read IP mode file for STMicroelectronics.X-CUBE-TOF1.3.4.1
2025-10-02 22:22:49,595 [WARN] PackLoader:240 - Cannot read IP mode file for STMicroelectronics.X-CUBE-AZRTOS-H7.3.2.0
2025-10-02 22:22:49,614 [WARN] PackLoader:240 - Cannot read IP mode file for Infineon.AIROC-Wi-Fi-Bluetooth-STM32.1.6.0
2025-10-02 22:22:49,624 [WARN] PackLoader:240 - Cannot read IP mode file for wolfSSL.I-CUBE-wolfSSH.1.4.17
2025-10-02 22:22:49,626 [INFO] ThirdParty:978 - Integrity check success = true
2025-10-02 22:22:49,626 [INFO] IntegrityCheckThread:100 - exiting critical section [integrity check]
2025-10-02 22:22:49,626 [INFO] IntegrityCheckThread:103 - End integrity checks thread
2025-10-02 22:22:49,766 [INFO] WebApp:225 - Starting web application
2025-10-02 22:22:49,767 [INFO] WebApp:593 - Web application path used C:\ST\STM32CubeIDE_1.15.1\STM32CubeIDE\plugins\com.st.stm32cube.common.mx_6.14.1.202504091515\db\plugins\mcufinder\reactClient1\index.html
2025-10-02 22:22:50,022 [INFO] UserAuth:484 - Internet connection configuration mode: 1
2025-10-02 22:24:04,868 [INFO] WebApp:194 - Connection lost
2025-10-02 22:24:05,151 [INFO] WebApp:191 - Connection restablished
2025-10-02 22:25:13,498 [INFO] McuFinderGlobals:63 - Set McuFinder mode to 2 (CubeIDE integrated)
2025-10-02 22:25:13,508 [INFO] MainUpdater:2872 - connection check result : 10
2025-10-02 22:25:13,509 [INFO] MainUpdater:2872 - connection check result : 10
2025-10-02 22:25:13,591 [INFO] MicroXplorer:468 - Change Database Path : 
2025-10-02 22:25:13,591 [INFO] MicroXplorer:498 - Change Database Version : DB.6.0.141
2025-10-02 22:25:13,609 [WARN] ThirdParty:871 - waiting for thirdparty lock release [close project]
2025-10-02 22:25:13,609 [INFO] ThirdParty:873 - entering critical section [close project]
2025-10-02 22:25:13,611 [INFO] ThirdParty:883 - exiting critical section [close project]
2025-10-02 22:25:13,617 [INFO] PinOutPanel:1589 - setPackage(No Configuration,No Configuration)
2025-10-02 22:25:13,628 [INFO] UtilMem:75 - Begin LoadConfig() Used Memory: 474595160 Bytes (612368384)
2025-10-02 22:25:13,630 [INFO] MicroXplorer:468 - Change Database Path : 
2025-10-02 22:25:13,630 [INFO] MicroXplorer:498 - Change Database Version : DB.6.0.141
2025-10-02 22:25:13,630 [INFO] OpenFileManager:354 - Change cursor
2025-10-02 22:25:13,702 [INFO] Mcu:2011 - Initializing MCU STM32G431K(6-8-B)Tx STM32G431KBTx STM32G431KBT6
2025-10-02 22:25:17,072 [INFO] Context:756 - Trying to add GPIOservice into a context  which must be forbidden
2025-10-02 22:25:17,837 [INFO] ApiDbMcu:508 - Load IP Config File for NUCLEO-G431KB
2025-10-02 22:25:17,954 [INFO] ImportTextPane:218 - (OptionalMessage_ERROR) Pin13 (VP_RIF_VS_RIF1) cannot be retrieved for this MCU
2025-10-02 22:25:18,135 [INFO] RtosManager:558 - Registered RTOS mode: class=CMSIS, group=RTOS, mode=CMSIS_V1, owner=FREERTOS
2025-10-02 22:25:18,136 [INFO] RtosManager:558 - Registered RTOS mode: class=CMSIS, group=RTOS2, mode=CMSIS_V2, owner=FREERTOS
2025-10-02 22:25:18,136 [INFO] RtosManager:558 - Registered RTOS mode: class=RTOS, group=Core, mode=CMSIS_V1, owner=FREERTOS
2025-10-02 22:25:18,136 [INFO] RtosManager:558 - Registered RTOS mode: class=RTOS, group=Core, mode=CMSIS_V2, owner=FREERTOS
2025-10-02 22:25:18,136 [WARN] ModelIntegratedComponent:184 - Missing modes for component STMicroelectronics:FreeRTOS:0.0.1:STMicroelectronics:RTOS:FreeRTOS:Core:::10.2.0:
2025-10-02 22:25:18,142 [WARN] ModelIntegratedComponent:63 - No mode defined for component null
2025-10-02 22:25:18,142 [WARN] ModelIntegratedComponent:63 - No mode defined for component null
2025-10-02 22:25:18,142 [WARN] ModelIntegratedComponent:63 - No mode defined for component null
2025-10-02 22:25:18,142 [WARN] ModelIntegratedComponent:63 - No mode defined for component null
2025-10-02 22:25:18,142 [WARN] ModelIntegratedComponent:63 - No mode defined for component null
2025-10-02 22:25:18,142 [WARN] ModelIntegratedComponent:63 - No mode defined for component null
2025-10-02 22:25:18,142 [WARN] ModelIntegratedComponent:63 - No mode defined for component null
2025-10-02 22:25:18,142 [WARN] ModelIntegratedComponent:63 - No mode defined for component null
2025-10-02 22:25:18,142 [WARN] ModelIntegratedComponent:63 - No mode defined for component null
2025-10-02 22:25:18,142 [WARN] ModelIntegratedComponent:63 - No mode defined for component null
2025-10-02 22:25:18,142 [WARN] ModelIntegratedComponent:63 - No mode defined for component null
2025-10-02 22:25:18,143 [WARN] ModelIntegratedComponent:63 - No mode defined for component null
2025-10-02 22:25:18,143 [WARN] ModelIntegratedComponent:63 - No mode defined for component null
2025-10-02 22:25:18,143 [WARN] ModelIntegratedComponent:63 - No mode defined for component null
2025-10-02 22:25:18,143 [WARN] ModelIntegratedComponent:63 - No mode defined for component null
2025-10-02 22:25:18,143 [WARN] ModelIntegratedComponent:63 - No mode defined for component null
2025-10-02 22:25:18,143 [WARN] ModelIntegratedComponent:63 - No mode defined for component null
2025-10-02 22:25:18,143 [WARN] ModelIntegratedComponent:63 - No mode defined for component null
2025-10-02 22:25:18,143 [WARN] ModelIntegratedComponent:63 - No mode defined for component null
2025-10-02 22:25:18,143 [WARN] ModelIntegratedComponent:63 - No mode defined for component null
2025-10-02 22:25:18,143 [WARN] ModelIntegratedComponent:63 - No mode defined for component null
2025-10-02 22:25:18,143 [WARN] ModelIntegratedComponent:63 - No mode defined for component null
2025-10-02 22:25:18,143 [WARN] ModelIntegratedComponent:63 - No mode defined for component null
2025-10-02 22:25:18,143 [WARN] ModelIntegratedComponent:63 - No mode defined for component null
2025-10-02 22:25:18,143 [WARN] ModelIntegratedComponent:63 - No mode defined for component null
2025-10-02 22:25:18,143 [WARN] ModelIntegratedComponent:63 - No mode defined for component null
2025-10-02 22:25:18,143 [WARN] ModelIntegratedComponent:63 - No mode defined for component null
2025-10-02 22:25:18,143 [WARN] ModelIntegratedComponent:63 - No mode defined for component null
2025-10-02 22:25:18,143 [WARN] ModelIntegratedComponent:63 - No mode defined for component null
2025-10-02 22:25:18,143 [WARN] ModelIntegratedComponent:63 - No mode defined for component null
2025-10-02 22:25:18,143 [WARN] ModelIntegratedComponent:63 - No mode defined for component null
2025-10-02 22:25:18,143 [WARN] ModelIntegratedComponent:63 - No mode defined for component null
2025-10-02 22:25:18,143 [WARN] ModelIntegratedComponent:63 - No mode defined for component null
2025-10-02 22:25:18,143 [WARN] ModelIntegratedComponent:63 - No mode defined for component null
2025-10-02 22:25:18,143 [WARN] ModelIntegratedComponent:63 - No mode defined for component null
2025-10-02 22:25:18,143 [WARN] ModelPack:524 - Component already loaded: STMicroelectronics:HAL Drivers:0.0.0:STMicroelectronics:Device:STMicro_Driver:XSPI:HAL::0.0.1:HAL_XSPI
2025-10-02 22:25:18,400 [INFO] ThirdPartyModel:298 - Start build external matchings
2025-10-02 22:25:19,717 [INFO] ThirdPartyModel:316 - End build external matchings
2025-10-02 22:25:20,443 [INFO] ApiDb:581 - Connected to CubeFinder SQLite database (C:\Users\m-ren\.stmcufinder\plugins\mcufinder\mcu\cube-finder-db.db)
2025-10-02 22:25:20,619 [INFO] ApiDb:668 - CubeFinder database Data Model version=2.1
2025-10-02 22:25:20,619 [INFO] ApiDb:669 - CubeFinder database Configuration version=3.0.39
2025-10-02 22:25:20,619 [INFO] ApiDb:670 - CubeFinder database generation date=2025-08-25 (1756130511)
2025-10-02 22:25:20,619 [INFO] ApiDb:671 - CubeFinder database FW Pack versions=[FP-ATR-ASTRA1_V2.0.0, FP-SNS-FLIGHT1_V5.1.0, FP-SNS-MOTENV1_V5.0.0, FP-SNS-MOTENVWB1_V1.4.0, FP-SNS-SMARTAG2_V1.2.0, FP-SNS-STBOX1_V2.1.0, STM32Cube_FW_C0_V1.4.0, STM32Cube_FW_F4_V1.28.3, STM32Cube_FW_F7_V1.17.4, STM32Cube_FW_G0_V1.6.2, STM32Cube_FW_G4_V1.6.1, STM32Cube_FW_H5_V1.5.0, STM32Cube_FW_H7RS_V1.2.0, STM32Cube_FW_H7_V1.12.1, STM32Cube_FW_L0_V1.12.2, STM32Cube_FW_L4_V1.18.1, STM32Cube_FW_L5_V1.5.1, STM32Cube_FW_N6_V1.2.0, STM32Cube_FW_U0_V1.3.0, STM32Cube_FW_U3_V1.2.0, STM32Cube_FW_U5_V1.8.0, STM32Cube_FW_WB0_V1.3.0, STM32Cube_FW_WBA_V1.7.0, STM32Cube_FW_WB_V1.23.0, STM32Cube_FW_WL3_V1.2.0, STM32Cube_FW_WL_V1.3.1, X-CUBE-ALGOBUILD_V1.4.0, X-CUBE-ALS_V1.0.2, X-CUBE-AZRTOS-F4_V1.1.0, X-CUBE-AZRTOS-F7_V1.1.0, X-CUBE-AZRTOS-G0_V1.1.0, X-CUBE-AZRTOS-G4_V2.0.0, X-CUBE-AZRTOS-H7RS_V1.1.0, X-CUBE-AZRTOS-H7_V3.4.0, X-CUBE-AZRTOS-L4_V2.0.0, X-CUBE-AZRTOS-L5_V2.0.0, X-CUBE-AZRTOS-WB_V2.0.0, X-CUBE-AZRTOS-WL_V2.0.0, X-CUBE-BLE1_V7.1.0, X-CUBE-BLE2_V3.3.0, X-CUBE-BLEMGR_V4.1.0, X-CUBE-EEPRMA1_V5.2.0, X-CUBE-FREERTOS_V1.3.1, X-CUBE-GNSS1_V6.0.0, X-CUBE-MEMS1_V11.3.0, X-CUBE-NFC4_V3.0.0, X-CUBE-NFC7_V2.0.0, X-CUBE-SFXS2LP1_V4.0.0, X-CUBE-ST67W61_V1.0.0, X-CUBE-SUBG2_V5.0.0, X-CUBE-TOF1_V3.4.3]
2025-10-02 22:25:20,752 [INFO] DbBoardsSqlite:226 - include board P-NUCLEO-WB55-NUCLEO as a kit item of type 'Nucleo-64'
2025-10-02 22:25:20,752 [INFO] DbBoardsSqlite:226 - include board P-NUCLEO-WB55-USBDONGLE as a kit item of type 'Nucleo USB Dongle'
2025-10-02 22:25:20,754 [INFO] DbBoardsSqlite:226 - include board STEVAL-IDP005V1 as a kit item of type 'Evaluation Board'
2025-10-02 22:25:20,754 [INFO] DbBoardsSqlite:226 - include board STEVAL-IDP005V2 as a kit item of type 'Evaluation Board'
2025-10-02 22:25:21,184 [INFO] ApiDb:240 - Found 895 in-development CPN: [B-G473E-ZEST1S, B-WB1M-WPAN1, B-WBA5M-WPAN, B-WL5M-SUBG1, NUCLEO-C031C6, NUCLEO-C051C8, NUCLEO-C071RB, NUCLEO-C092RC, NUCLEO-H503RB, NUCLEO-H533RE, NUCLEO-H563ZI, NUCLEO-H7S3L8, NUCLEO-N657X0-Q, NUCLEO-U031R8, NUCLEO-U083RC, NUCLEO-U385RG-Q, NUCLEO-U545RE-Q, NUCLEO-U5A5ZJ-Q, NUCLEO-WB05KZ, NUCLEO-WB07CC, NUCLEO-WB09KE, NUCLEO-WBA52CG, NUCLEO-WBA55CG, NUCLEO-WBA65RI, NUCLEO-WL33CC1, NUCLEO-WL33CC2, STEVAL-PROTEUS1, STEVAL-SMARTAG2, STEVAL-STWINBX1, STM320518-EVAL, STM32C0116-DK, STM32C011D6Y3TR, STM32C011D6Y6TR, STM32C011F4P3, STM32C011F4P6, STM32C011F4U3, STM32C011F4U6TR, STM32C011F6P3, STM32C011F6P6, STM32C011F6U3, STM32C011F6U6TR, STM32C011J4M3, STM32C011J4M6, STM32C011J6M3, STM32C011J6M6, STM32C0316-DK, STM32C031C4T3, STM32C031C4T6, STM32C031C4U3, STM32C031C4U6, STM32C031C6T3, STM32C031C6T6, STM32C031C6U3, STM32C031C6U6, STM32C031F4P3, STM32C031F4P6, STM32C031F6P3, STM32C031F6P6, STM32C031G4U3, STM32C031G4U6, STM32C031G6U3, STM32C031G6U6, STM32C031K4T3, STM32C031K4T6, STM32C031K4U3, STM32C031K4U6, STM32C031K6T3, STM32C031K6T6, STM32C031K6U3, STM32C031K6U6, STM32C051C6T6, STM32C051C6U6, STM32C051C8T6, STM32C051C8U6, STM32C051D8Y6TR, STM32C051F6P6, STM32C051F8P6, STM32C051G6U6, STM32C051G8U6, STM32C051K6T6, STM32C051K6U6, STM32C051K8T6, STM32C071C8T6, STM32C071C8T6N, STM32C071C8U6, STM32C071C8U6N, STM32C071CBT6, STM32C071CBT6N, STM32C071CBU6, STM32C071CBU6N, STM32C071F8P6, STM32C071F8P6N, STM32C071FBP6, STM32C071FBP6N, STM32C071FBY6TR, STM32C071G8U6, STM32C071G8U6N, STM32C071GBU6, STM32C071GBU6N, STM32C071K8T6, STM32C071K8T6N, STM32C071K8U6, STM32C071K8U6N, STM32C071KBT6, STM32C071KBT6N, STM32C071KBU6, STM32C071KBU6N, STM32C071R8T6, STM32C071R8T6N, STM32C071RBI6N, STM32C071RBT6, STM32C071RBT6N, STM32C091CBT6, STM32C091CBU6, STM32C091CCT6, STM32C091CCU6, STM32C091ECY6TR, STM32C091FBP6, STM32C091FCP6, STM32C091GBU6, STM32C091GCU6, STM32C091KBT6, STM32C091KBU6, STM32C091KCT6, STM32C091KCU6, STM32C091RBT6, STM32C091RCI6, STM32C091RCT6, STM32C092CBT6, STM32C092CBU6, STM32C092CCT6, STM32C092CCU6, STM32C092ECY6TR, STM32C092FBP6, STM32C092FCP6, STM32C092GBU6, STM32C092GCU6, STM32C092KBT6, STM32C092KBU6, STM32C092KCT6, STM32C092KCU6, STM32C092RBT6, STM32C092RCI6, STM32C092RCT6, STM32G071K8TXN, STM32G071K8UXN, STM32G081GBU6N, STM32G081KBT6N, STM32G081KBUXN, STM32G0B1CCT6N, STM32G0B1KCT6, STM32G0B1NEY6TR, STM32G0B1RCT6N, STM32G0C1CCT6, STM32G0C1CCT6N, STM32G0C1CCU6N, STM32G0C1CET6N, STM32G0C1CEU6N, STM32G0C1KCT6, STM32G0C1NEY6TR, STM32G0C1RCI6N, STM32G0C1RCT6N, STM32G0C1REI6N, STM32G0C1RET6N, STM32G0C1VCI6, STM32G0C1VEI6, STM32G411C6T3, STM32G411C6T6, STM32G411C6U3, STM32G411C6U6, STM32G411C8T3, STM32G411C8T6, STM32G411C8U3, STM32G411C8U6, STM32G411CBT3, STM32G411CBT6, STM32G411CBU3, STM32G411CBU6, STM32G411CCT3, STM32G411CCT6, STM32G411CCU3, STM32G411CCU6, STM32G411K6T3, STM32G411K6T6, STM32G411K6U3, STM32G411K6U6, STM32G411K8T3, STM32G411K8T6, STM32G411K8U3, STM32G411K8U6, STM32G411KBT3, STM32G411KBT6, STM32G411KBU3, STM32G411KBU6, STM32G411M6T3, STM32G411M6T6, STM32G411M8T3, STM32G411M8T6, STM32G411MBT3, STM32G411MBT6, STM32G411MCT3, STM32G411MCT6, STM32G411R6T3, STM32G411R6T6, STM32G411R8T3, STM32G411R8T6, STM32G411RBT3, STM32G411RBT6, STM32G411RCT3, STM32G411RCT6, STM32G414CBT3, STM32G414CBT6, STM32G414CBU3, STM32G414CBU6, STM32G414CCT3, STM32G414CCT6, STM32G414CCU3, STM32G414CCU6, STM32G414MBT3, STM32G414MBT6, STM32G414MCT3, STM32G414MCT6, STM32G414RBT3, STM32G414RBT6, STM32G414RCT3, STM32G414RCT6, STM32G414VBT3, STM32G414VBT6, STM32G414VCT3, STM32G414VCT6, STM32G431CBT3Z, STM32G431RBT3Z, STM32G471CCT6, STM32G471CCU6, STM32G471CET3, STM32G471CET6, STM32G471CEU3, STM32G471CEU6, STM32G471MCT6, STM32G471MET3, STM32G471MET6, STM32G471MEY6TR, STM32G471QCT6, STM32G471QET3, STM32G471RCT6, STM32G471RET3, STM32G471RET6, STM32G471VCH6, STM32G471VCI6, STM32G471VCT6, STM32G471VEH3, STM32G471VEH6, STM32G471VEI3, STM32G471VEI6, STM32G471VET3, STM32G471VET6, STM32G473QET3Z, STM32G473RET3Z, STM32G474CCT6, STM32G491RET3Z, STM32H503CBT6, STM32H503CBU6, STM32H503EBY6TR, STM32H503KBU6, STM32H503RBT6, STM32H523CCT6, STM32H523CCU6, STM32H523CET6, STM32H523CEU6, STM32H523HEY6TR, STM32H523RCT6, STM32H523RET6, STM32H523VCI6, STM32H523VCT6, STM32H523VEI6, STM32H523VET6, STM32H523ZCJ6, STM32H523ZCT6, STM32H523ZEJ6, STM32H523ZET6, STM32H533CET6, STM32H533CEU6, STM32H533HEY6TR, STM32H533RET6, STM32H533VEI6, STM32H533VET6, STM32H533ZEJ6, STM32H533ZET6, STM32H562AGI6, STM32H562AII6, STM32H562IGK6, STM32H562IGT6, STM32H562IIK6, STM32H562IIT6, STM32H562RGT6, STM32H562RGV6, STM32H562RIT6, STM32H562RIV6, STM32H562VGT6, STM32H562VIT6, STM32H562ZGT6, STM32H562ZIT6, STM32H563AGI6, STM32H563AII3Q, STM32H563AII6, STM32H563IGK6, STM32H563IGT6, STM32H563IIK3Q, STM32H563IIK6, STM32H563IIT3Q, STM32H563IIT6, STM32H563MIY3QTR, STM32H563RGT6, STM32H563RGV6, STM32H563RIT6, STM32H563RIV6, STM32H563VGT6, STM32H563VIT3Q, STM32H563VIT6, STM32H563ZGT6, STM32H563ZIT3Q, STM32H563ZIT6, STM32H573AII3Q, STM32H573AII6, STM32H573I-DK, STM32H573IIK3Q, STM32H573IIK6, STM32H573IIT3Q, STM32H573IIT6, STM32H573MIY3QTR, STM32H573RIT6, STM32H573RIV6, STM32H573VIT3Q, STM32H573VIT6, STM32H573ZIT3Q, STM32H573ZIT6, STM32H7R3A8I6, STM32H7R3I8K6, STM32H7R3I8T6, STM32H7R3L8H6, STM32H7R3L8H6H, STM32H7R3R8V6, STM32H7R3V8H6, STM32H7R3V8T6, STM32H7R3V8Y6TR, STM32H7R3Z8J6, STM32H7R3Z8T6, STM32H7R7A8I6, STM32H7R7I8K6, STM32H7R7I8T6, STM32H7R7L8H6, STM32H7R7L8H6H, STM32H7R7Z8J6, STM32H7S3A8I6, STM32H7S3I8K6, STM32H7S3I8T6, STM32H7S3L8H6, STM32H7S3L8H6H, STM32H7S3R8V6, STM32H7S3V8H6, STM32H7S3V8T6, STM32H7S3V8Y6TR, STM32H7S3Z8J6, STM32H7S3Z8T6, STM32H7S78-DK, STM32H7S7A8I6, STM32H7S7I8K6, STM32H7S7I8T6, STM32H7S7L8H6, STM32H7S7L8H6H, STM32H7S7Z8J6, STM32L4R5QGI6STR, STM32MP131AAE3, STM32MP131AAF3, STM32MP131AAG3, STM32MP131CAE3, STM32MP131CAF3, STM32MP131CAG3, STM32MP131DAE7, STM32MP131DAF7, STM32MP131DAG7, STM32MP131FAE7, STM32MP131FAF7, STM32MP131FAG7, STM32MP133AAE3, STM32MP133AAF3, STM32MP133AAG3, STM32MP133CAE3, STM32MP133CAF3, STM32MP133CAG3, STM32MP133DAE7, STM32MP133DAF7, STM32MP133DAG7, STM32MP133FAE7, STM32MP133FAF7, STM32MP133FAG7, STM32MP135AAE3, STM32MP135AAF3, STM32MP135AAG3, STM32MP135CAE3, STM32MP135CAF3, STM32MP135CAG3, STM32MP135DAE7, STM32MP135DAF7, STM32MP135DAG7, STM32MP135F-DK, STM32MP135FAE7, STM32MP135FAF7, STM32MP135FAF7T, STM32MP135FAF7U, STM32MP135FAG7, STM32MP231AAJ3, STM32MP231AAK3, STM32MP231AAL3, STM32MP231CAJ3, STM32MP231CAK3, STM32MP231CAL3, STM32MP231DAJ3, STM32MP231DAK3, STM32MP231DAL3, STM32MP231FAJ3, STM32MP231FAK3, STM32MP231FAL3, STM32MP233AAJ3, STM32MP233AAK3, STM32MP233AAL3, STM32MP233CAJ3, STM32MP233CAK3, STM32MP233CAL3, STM32MP233DAJ3, STM32MP233DAK3, STM32MP233DAL3, STM32MP233FAJ3, STM32MP233FAK3, STM32MP233FAL3, STM32MP235AAJ3, STM32MP235AAK3, STM32MP235AAL3, STM32MP235CAJ3, STM32MP235CAK3, STM32MP235CAL3, STM32MP235DAJ3, STM32MP235DAK3, STM32MP235DAL3, STM32MP235FAJ3, STM32MP235FAK3, STM32MP235FAL3, STM32MP251AAI3, STM32MP251AAJ3, STM32MP251AAK3, STM32MP251AAL3, STM32MP251CAI3, STM32MP251CAJ3, STM32MP251CAK3, STM32MP251CAL3, STM32MP251DAI3, STM32MP251DAJ3, STM32MP251DAK3, STM32MP251DAL3, STM32MP251FAI3, STM32MP251FAJ3, STM32MP251FAK3, STM32MP251FAL3, STM32MP253AAI3, STM32MP253AAJ3, STM32MP253AAK3, STM32MP253AAL3, STM32MP253CAI3, STM32MP253CAJ3, STM32MP253CAK3, STM32MP253CAL3, STM32MP253DAI3, STM32MP253DAJ3, STM32MP253DAK3, STM32MP253DAL3, STM32MP253FAI3, STM32MP253FAJ3, STM32MP253FAK3, STM32MP253FAL3, STM32MP255AAI3, STM32MP255AAJ3, STM32MP255AAK3, STM32MP255AAL3, STM32MP255CAI3, STM32MP255CAJ3, STM32MP255CAK3, STM32MP255CAL3, STM32MP255DAI3, STM32MP255DAJ3, STM32MP255DAK3, STM32MP255DAL3, STM32MP255FAI3, STM32MP255FAJ3, STM32MP255FAK3, STM32MP255FAL3, STM32MP257AAI3, STM32MP257AAJ3, STM32MP257AAK3, STM32MP257AAL3, STM32MP257CAI3, STM32MP257CAJ3, STM32MP257CAK3, STM32MP257CAL3, STM32MP257DAI3, STM32MP257DAJ3, STM32MP257DAK3, STM32MP257DAL3, STM32MP257F-DK, STM32MP257F-EV1, STM32MP257FAI3, STM32MP257FAJ3, STM32MP257FAK3, STM32MP257FAL3, STM32N645A0H3Q, STM32N645B0H3Q, STM32N645I0H3Q, STM32N645L0H3Q, STM32N645X0H3Q, STM32N645Z0H3Q, STM32N647A0H3Q, STM32N647B0H3Q, STM32N647I0H3Q, STM32N647L0H3Q, STM32N647X0H3Q, STM32N647Z0H3Q, STM32N655A0H3Q, STM32N655B0H3Q, STM32N655I0H3Q, STM32N655L0H3Q, STM32N655X0H3Q, STM32N655Z0H3Q, STM32N6570-DK, STM32N657A0H3Q, STM32N657B0H3Q, STM32N657I0H3Q, STM32N657L0H3Q, STM32N657X0H3Q, STM32N657Z0H3Q, STM32U031C6T6, STM32U031C6U6, STM32U031C8T6, STM32U031C8U6, STM32U031F4P6, STM32U031F6P6, STM32U031F8P6, STM32U031G6Y6TR, STM32U031G8Y6TR, STM32U031K4U6, STM32U031K6U6, STM32U031K8U6, STM32U031R6I6, STM32U031R6T6, STM32U031R8I6, STM32U031R8T6, STM32U073C8T6, STM32U073C8U6, STM32U073CBT6, STM32U073CBU6, STM32U073CCT6, STM32U073CCU6, STM32U073H8Y6TR, STM32U073HBY6TR, STM32U073HCY6TR, STM32U073K8U6, STM32U073KBU6, STM32U073KCU6, STM32U073M8I6, STM32U073M8T6, STM32U073MBI6, STM32U073MBT6, STM32U073MCI6, STM32U073MCT6, STM32U073R8I6, STM32U073R8T6, STM32U073RBI6, STM32U073RBT6, STM32U073RCI6, STM32U073RCT6, STM32U083C-DK, STM32U083CCT6, STM32U083CCU6, STM32U083HCY6TR, STM32U083KCU6, STM32U083MCI6, STM32U083MCT6, STM32U083RCI6, STM32U083RCT6, STM32U375CET6, STM32U375CET6Q, STM32U375CEU6, STM32U375CEU6Q, STM32U375CEY6QTR, STM32U375CGT6, STM32U375CGT6Q, STM32U375CGU6, STM32U375CGU6Q, STM32U375CGY6QTR, STM32U375KEU6, STM32U375KGU6, STM32U375REI6, STM32U375REI6Q, STM32U375RET6, STM32U375RET6Q, STM32U375REY6GTR, STM32U375REY6QTR, STM32U375RGI6, STM32U375RGI6Q, STM32U375RGT6, STM32U375RGT6Q, STM32U375RGY6GTR, STM32U375RGY6QTR, STM32U375VEI6, STM32U375VEI6Q, STM32U375VET6, STM32U375VET6Q, STM32U375VGI6, STM32U375VGI6Q, STM32U375VGT6, STM32U375VGT6Q, STM32U385CGT6, STM32U385CGT6Q, STM32U385CGU6, STM32U385CGU6Q, STM32U385CGY6QTR, STM32U385KGU6, STM32U385RGI6, STM32U385RGI6Q, STM32U385RGT6, STM32U385RGT6Q, STM32U385RGY6GTR, STM32U385RGY6QTR, STM32U385VGI6, STM32U385VGI6Q, STM32U385VGT6, STM32U385VGT6Q, STM32U535CBT6, STM32U535CBT6Q, STM32U535CBU6, STM32U535CBU6Q, STM32U535CCT6, STM32U535CCT6Q, STM32U535CCU6, STM32U535CCU6Q, STM32U535CET6, STM32U535CET6Q, STM32U535CEU6, STM32U535CEU6Q, STM32U535JEY6QTR, STM32U535NCY6QTR, STM32U535NEY6QTR, STM32U535RBI6, STM32U535RBI6Q, STM32U535RBT6, STM32U535RBT6Q, STM32U535RCI6, STM32U535RCI6Q, STM32U535RCT6, STM32U535RCT6Q, STM32U535REI6, STM32U535REI6Q, STM32U535RET6, STM32U535RET6Q, STM32U535VCI6, STM32U535VCI6Q, STM32U535VCT6, STM32U535VCT6Q, STM32U535VEI6, STM32U535VEI6Q, STM32U535VET6, STM32U535VET6Q, STM32U545CET6, STM32U545CET6Q, STM32U545CEU6, STM32U545CEU6Q, STM32U545JEY6QTR, STM32U545NEY6QTR, STM32U545REI6, STM32U545REI6Q, STM32U545RET6, STM32U545RET6Q, STM32U545VEI6, STM32U545VEI6Q, STM32U545VET6, STM32U545VET6Q, STM32U595AIH6, STM32U595AIH6Q, STM32U595AJH6, STM32U595AJH6Q, STM32U595QII6, STM32U595QII6Q, STM32U595QJI6, STM32U595QJI6Q, STM32U595RIT6, STM32U595RIT6Q, STM32U595RJT6, STM32U595RJT6Q, STM32U595VIT6, STM32U595VIT6Q, STM32U595VJT6, STM32U595VJT6Q, STM32U595ZIT6, STM32U595ZIT6Q, STM32U595ZIY6QTR, STM32U595ZJT6, STM32U595ZJT6Q, STM32U595ZJY6QTR, STM32U599BJY6QTR, STM32U599NIH6Q, STM32U599NJH6Q, STM32U599VIT6Q, STM32U599VJT6, STM32U599VJT6Q, STM32U599ZIT6Q, STM32U599ZIY6QTR, STM32U599ZJT6Q, STM32U599ZJY6QTR, STM32U5A5AJH6, STM32U5A5AJH6Q, STM32U5A5QII3Q , STM32U5A5QJI6, STM32U5A5QJI6Q, STM32U5A5RJT6, STM32U5A5RJT6Q, STM32U5A5VJT6, STM32U5A5VJT6Q, STM32U5A5ZJT6, STM32U5A5ZJT6Q, STM32U5A5ZJY6QTR, STM32U5A9BJY6QTR, STM32U5A9J-DK, STM32U5A9NJH6Q, STM32U5A9VJT6Q, STM32U5A9ZJT6Q, STM32U5A9ZJY6QTR, STM32U5F7VIT6, STM32U5F7VIT6Q, STM32U5F7VJT6, STM32U5F7VJT6Q, STM32U5F9BJY6QTR, STM32U5F9NJH6Q, STM32U5F9VIT6Q, STM32U5F9VJT6Q, STM32U5F9ZIJ6QTR, STM32U5F9ZIT6Q, STM32U5F9ZJJ6QTR, STM32U5F9ZJT6Q, STM32U5G7VJT6, STM32U5G7VJT6Q, STM32U5G9BJY6QTR, STM32U5G9J-DK1, STM32U5G9J-DK2, STM32U5G9NJH6Q, STM32U5G9VJT6Q, STM32U5G9ZJJ6QTR, STM32U5G9ZJT6Q, STM32WB05KZV6TR, STM32WB05KZV7TR, STM32WB05TZF6TR, STM32WB05TZF7TR, STM32WB06CCF6TR, STM32WB06CCF7TR, STM32WB06CCV6TR, STM32WB06CCV7TR, STM32WB06KCV6TR, STM32WB06KCV7TR, STM32WB07CCF6TR, STM32WB07CCF7TR, STM32WB07CCV6TR, STM32WB07CCV7TR, STM32WB07KCV6TR, STM32WB07KCV7TR, STM32WB09KEV6TR, STM32WB09KEV7TR, STM32WB09TEF6TR, STM32WB09TEF7TR, STM32WB1MMCH6, STM32WBA50KGU6, STM32WBA50KGU6TR, STM32WBA52CEU6, STM32WBA52CEU6TR, STM32WBA52CEU7, STM32WBA52CEU7TR, STM32WBA52CGU6, STM32WBA52CGU6TR, STM32WBA52CGU6U, STM32WBA52CGU7, STM32WBA52CGU7TR, STM32WBA52KEU6, STM32WBA52KEU6TR, STM32WBA52KGU6, STM32WBA52KGU6TR, STM32WBA54CEU6, STM32WBA54CEU6TR, STM32WBA54CEU7, STM32WBA54CEU7TR, STM32WBA54CGU6, STM32WBA54CGU6TR, STM32WBA54CGU7, STM32WBA54CGU7TR, STM32WBA54KEU6, STM32WBA54KEU6TR, STM32WBA54KEU7, STM32WBA54KEU7TR, STM32WBA54KGU6, STM32WBA54KGU6TR, STM32WBA54KGU7, STM32WBA54KGU7TR, STM32WBA55CEU6, STM32WBA55CEU6TR, STM32WBA55CEU7, STM32WBA55CEU7TR, STM32WBA55CGU6, STM32WBA55CGU6TR, STM32WBA55CGU6U, STM32WBA55CGU7, STM32WBA55CGU7TR, STM32WBA55G-DK1, STM32WBA55HEF6, STM32WBA55HEF7, STM32WBA55HGF6, STM32WBA55HGF7, STM32WBA55UEI6, STM32WBA55UEI6TR, STM32WBA55UEI7, STM32WBA55UEI7TR, STM32WBA55UGI6, STM32WBA55UGI6TR, STM32WBA55UGI7, STM32WBA55UGI7TR, STM32WBA5MJGH6TR, STM32WBA62CGU6, STM32WBA62CIU6, STM32WBA62MGF6, STM32WBA62MIF6, STM32WBA62PGI6, STM32WBA62PII6, STM32WBA63CGU6, STM32WBA63CGU7, STM32WBA63CIU6, STM32WBA63CIU7, STM32WBA64CGU6, STM32WBA64CGU7, STM32WBA64CIU6, STM32WBA64CIU7, STM32WBA65CGU6, STM32WBA65CGU7, STM32WBA65CIU6, STM32WBA65CIU7, STM32WBA65I-DK1, STM32WBA65MGF6, STM32WBA65MGF7, STM32WBA65MIF6, STM32WBA65MIF7, STM32WBA65PGI6, STM32WBA65PGI7, STM32WBA65PII6, STM32WBA65PII7, STM32WBA65RGV6, STM32WBA65RGV7, STM32WBA65RIV6, STM32WBA65RIV7, STM32WL30K8V6, STM32WL30KBV6, STM32WL31C8V6, STM32WL31CBV6, STM32WL31K8V6, STM32WL31KBV6, STM32WL33C8V6, STM32WL33C8V6TR, STM32WL33C8V7, STM32WL33C8V7TR, STM32WL33CBV6, STM32WL33CBV6TR, STM32WL33CBV7, STM32WL33CBV7TR, STM32WL33CCV6, STM32WL33CCV6TR, STM32WL33CCV7, STM32WL33CCV7A, STM32WL33CCV7ATR, STM32WL33CCV7TR, STM32WL33K8V6, STM32WL33K8V6TR, STM32WL33K8V7, STM32WL33K8V7TR, STM32WL33KBV6, STM32WL33KBV6TR, STM32WL33KBV7, STM32WL33KBV7TR, STM32WL33KCV6, STM32WL33KCV6TR, STM32WL33KCV7, STM32WL33KCV7TR, STM32WL5MOCH6, STM32WL5MOCH6TR]
2025-10-02 22:25:21,189 [INFO] ApiDb:668 - CubeFinder database Data Model version=2.1
2025-10-02 22:25:21,189 [INFO] ApiDb:669 - CubeFinder database Configuration version=3.0.39
2025-10-02 22:25:21,189 [INFO] ApiDb:670 - CubeFinder database generation date=2025-08-25 (1756130511)
2025-10-02 22:25:21,189 [INFO] ApiDb:671 - CubeFinder database FW Pack versions=[FP-ATR-ASTRA1_V2.0.0, FP-SNS-FLIGHT1_V5.1.0, FP-SNS-MOTENV1_V5.0.0, FP-SNS-MOTENVWB1_V1.4.0, FP-SNS-SMARTAG2_V1.2.0, FP-SNS-STBOX1_V2.1.0, STM32Cube_FW_C0_V1.4.0, STM32Cube_FW_F4_V1.28.3, STM32Cube_FW_F7_V1.17.4, STM32Cube_FW_G0_V1.6.2, STM32Cube_FW_G4_V1.6.1, STM32Cube_FW_H5_V1.5.0, STM32Cube_FW_H7RS_V1.2.0, STM32Cube_FW_H7_V1.12.1, STM32Cube_FW_L0_V1.12.2, STM32Cube_FW_L4_V1.18.1, STM32Cube_FW_L5_V1.5.1, STM32Cube_FW_N6_V1.2.0, STM32Cube_FW_U0_V1.3.0, STM32Cube_FW_U3_V1.2.0, STM32Cube_FW_U5_V1.8.0, STM32Cube_FW_WB0_V1.3.0, STM32Cube_FW_WBA_V1.7.0, STM32Cube_FW_WB_V1.23.0, STM32Cube_FW_WL3_V1.2.0, STM32Cube_FW_WL_V1.3.1, X-CUBE-ALGOBUILD_V1.4.0, X-CUBE-ALS_V1.0.2, X-CUBE-AZRTOS-F4_V1.1.0, X-CUBE-AZRTOS-F7_V1.1.0, X-CUBE-AZRTOS-G0_V1.1.0, X-CUBE-AZRTOS-G4_V2.0.0, X-CUBE-AZRTOS-H7RS_V1.1.0, X-CUBE-AZRTOS-H7_V3.4.0, X-CUBE-AZRTOS-L4_V2.0.0, X-CUBE-AZRTOS-L5_V2.0.0, X-CUBE-AZRTOS-WB_V2.0.0, X-CUBE-AZRTOS-WL_V2.0.0, X-CUBE-BLE1_V7.1.0, X-CUBE-BLE2_V3.3.0, X-CUBE-BLEMGR_V4.1.0, X-CUBE-EEPRMA1_V5.2.0, X-CUBE-FREERTOS_V1.3.1, X-CUBE-GNSS1_V6.0.0, X-CUBE-MEMS1_V11.3.0, X-CUBE-NFC4_V3.0.0, X-CUBE-NFC7_V2.0.0, X-CUBE-SFXS2LP1_V4.0.0, X-CUBE-ST67W61_V1.0.0, X-CUBE-SUBG2_V5.0.0, X-CUBE-TOF1_V3.4.3]
2025-10-02 22:25:23,254 [INFO] ApiDb:240 - Found 895 in-development CPN: [B-G473E-ZEST1S, B-WB1M-WPAN1, B-WBA5M-WPAN, B-WL5M-SUBG1, NUCLEO-C031C6, NUCLEO-C051C8, NUCLEO-C071RB, NUCLEO-C092RC, NUCLEO-H503RB, NUCLEO-H533RE, NUCLEO-H563ZI, NUCLEO-H7S3L8, NUCLEO-N657X0-Q, NUCLEO-U031R8, NUCLEO-U083RC, NUCLEO-U385RG-Q, NUCLEO-U545RE-Q, NUCLEO-U5A5ZJ-Q, NUCLEO-WB05KZ, NUCLEO-WB07CC, NUCLEO-WB09KE, NUCLEO-WBA52CG, NUCLEO-WBA55CG, NUCLEO-WBA65RI, NUCLEO-WL33CC1, NUCLEO-WL33CC2, STEVAL-PROTEUS1, STEVAL-SMARTAG2, STEVAL-STWINBX1, STM320518-EVAL, STM32C0116-DK, STM32C011D6Y3TR, STM32C011D6Y6TR, STM32C011F4P3, STM32C011F4P6, STM32C011F4U3, STM32C011F4U6TR, STM32C011F6P3, STM32C011F6P6, STM32C011F6U3, STM32C011F6U6TR, STM32C011J4M3, STM32C011J4M6, STM32C011J6M3, STM32C011J6M6, STM32C0316-DK, STM32C031C4T3, STM32C031C4T6, STM32C031C4U3, STM32C031C4U6, STM32C031C6T3, STM32C031C6T6, STM32C031C6U3, STM32C031C6U6, STM32C031F4P3, STM32C031F4P6, STM32C031F6P3, STM32C031F6P6, STM32C031G4U3, STM32C031G4U6, STM32C031G6U3, STM32C031G6U6, STM32C031K4T3, STM32C031K4T6, STM32C031K4U3, STM32C031K4U6, STM32C031K6T3, STM32C031K6T6, STM32C031K6U3, STM32C031K6U6, STM32C051C6T6, STM32C051C6U6, STM32C051C8T6, STM32C051C8U6, STM32C051D8Y6TR, STM32C051F6P6, STM32C051F8P6, STM32C051G6U6, STM32C051G8U6, STM32C051K6T6, STM32C051K6U6, STM32C051K8T6, STM32C071C8T6, STM32C071C8T6N, STM32C071C8U6, STM32C071C8U6N, STM32C071CBT6, STM32C071CBT6N, STM32C071CBU6, STM32C071CBU6N, STM32C071F8P6, STM32C071F8P6N, STM32C071FBP6, STM32C071FBP6N, STM32C071FBY6TR, STM32C071G8U6, STM32C071G8U6N, STM32C071GBU6, STM32C071GBU6N, STM32C071K8T6, STM32C071K8T6N, STM32C071K8U6, STM32C071K8U6N, STM32C071KBT6, STM32C071KBT6N, STM32C071KBU6, STM32C071KBU6N, STM32C071R8T6, STM32C071R8T6N, STM32C071RBI6N, STM32C071RBT6, STM32C071RBT6N, STM32C091CBT6, STM32C091CBU6, STM32C091CCT6, STM32C091CCU6, STM32C091ECY6TR, STM32C091FBP6, STM32C091FCP6, STM32C091GBU6, STM32C091GCU6, STM32C091KBT6, STM32C091KBU6, STM32C091KCT6, STM32C091KCU6, STM32C091RBT6, STM32C091RCI6, STM32C091RCT6, STM32C092CBT6, STM32C092CBU6, STM32C092CCT6, STM32C092CCU6, STM32C092ECY6TR, STM32C092FBP6, STM32C092FCP6, STM32C092GBU6, STM32C092GCU6, STM32C092KBT6, STM32C092KBU6, STM32C092KCT6, STM32C092KCU6, STM32C092RBT6, STM32C092RCI6, STM32C092RCT6, STM32G071K8TXN, STM32G071K8UXN, STM32G081GBU6N, STM32G081KBT6N, STM32G081KBUXN, STM32G0B1CCT6N, STM32G0B1KCT6, STM32G0B1NEY6TR, STM32G0B1RCT6N, STM32G0C1CCT6, STM32G0C1CCT6N, STM32G0C1CCU6N, STM32G0C1CET6N, STM32G0C1CEU6N, STM32G0C1KCT6, STM32G0C1NEY6TR, STM32G0C1RCI6N, STM32G0C1RCT6N, STM32G0C1REI6N, STM32G0C1RET6N, STM32G0C1VCI6, STM32G0C1VEI6, STM32G411C6T3, STM32G411C6T6, STM32G411C6U3, STM32G411C6U6, STM32G411C8T3, STM32G411C8T6, STM32G411C8U3, STM32G411C8U6, STM32G411CBT3, STM32G411CBT6, STM32G411CBU3, STM32G411CBU6, STM32G411CCT3, STM32G411CCT6, STM32G411CCU3, STM32G411CCU6, STM32G411K6T3, STM32G411K6T6, STM32G411K6U3, STM32G411K6U6, STM32G411K8T3, STM32G411K8T6, STM32G411K8U3, STM32G411K8U6, STM32G411KBT3, STM32G411KBT6, STM32G411KBU3, STM32G411KBU6, STM32G411M6T3, STM32G411M6T6, STM32G411M8T3, STM32G411M8T6, STM32G411MBT3, STM32G411MBT6, STM32G411MCT3, STM32G411MCT6, STM32G411R6T3, STM32G411R6T6, STM32G411R8T3, STM32G411R8T6, STM32G411RBT3, STM32G411RBT6, STM32G411RCT3, STM32G411RCT6, STM32G414CBT3, STM32G414CBT6, STM32G414CBU3, STM32G414CBU6, STM32G414CCT3, STM32G414CCT6, STM32G414CCU3, STM32G414CCU6, STM32G414MBT3, STM32G414MBT6, STM32G414MCT3, STM32G414MCT6, STM32G414RBT3, STM32G414RBT6, STM32G414RCT3, STM32G414RCT6, STM32G414VBT3, STM32G414VBT6, STM32G414VCT3, STM32G414VCT6, STM32G431CBT3Z, STM32G431RBT3Z, STM32G471CCT6, STM32G471CCU6, STM32G471CET3, STM32G471CET6, STM32G471CEU3, STM32G471CEU6, STM32G471MCT6, STM32G471MET3, STM32G471MET6, STM32G471MEY6TR, STM32G471QCT6, STM32G471QET3, STM32G471RCT6, STM32G471RET3, STM32G471RET6, STM32G471VCH6, STM32G471VCI6, STM32G471VCT6, STM32G471VEH3, STM32G471VEH6, STM32G471VEI3, STM32G471VEI6, STM32G471VET3, STM32G471VET6, STM32G473QET3Z, STM32G473RET3Z, STM32G474CCT6, STM32G491RET3Z, STM32H503CBT6, STM32H503CBU6, STM32H503EBY6TR, STM32H503KBU6, STM32H503RBT6, STM32H523CCT6, STM32H523CCU6, STM32H523CET6, STM32H523CEU6, STM32H523HEY6TR, STM32H523RCT6, STM32H523RET6, STM32H523VCI6, STM32H523VCT6, STM32H523VEI6, STM32H523VET6, STM32H523ZCJ6, STM32H523ZCT6, STM32H523ZEJ6, STM32H523ZET6, STM32H533CET6, STM32H533CEU6, STM32H533HEY6TR, STM32H533RET6, STM32H533VEI6, STM32H533VET6, STM32H533ZEJ6, STM32H533ZET6, STM32H562AGI6, STM32H562AII6, STM32H562IGK6, STM32H562IGT6, STM32H562IIK6, STM32H562IIT6, STM32H562RGT6, STM32H562RGV6, STM32H562RIT6, STM32H562RIV6, STM32H562VGT6, STM32H562VIT6, STM32H562ZGT6, STM32H562ZIT6, STM32H563AGI6, STM32H563AII3Q, STM32H563AII6, STM32H563IGK6, STM32H563IGT6, STM32H563IIK3Q, STM32H563IIK6, STM32H563IIT3Q, STM32H563IIT6, STM32H563MIY3QTR, STM32H563RGT6, STM32H563RGV6, STM32H563RIT6, STM32H563RIV6, STM32H563VGT6, STM32H563VIT3Q, STM32H563VIT6, STM32H563ZGT6, STM32H563ZIT3Q, STM32H563ZIT6, STM32H573AII3Q, STM32H573AII6, STM32H573I-DK, STM32H573IIK3Q, STM32H573IIK6, STM32H573IIT3Q, STM32H573IIT6, STM32H573MIY3QTR, STM32H573RIT6, STM32H573RIV6, STM32H573VIT3Q, STM32H573VIT6, STM32H573ZIT3Q, STM32H573ZIT6, STM32H7R3A8I6, STM32H7R3I8K6, STM32H7R3I8T6, STM32H7R3L8H6, STM32H7R3L8H6H, STM32H7R3R8V6, STM32H7R3V8H6, STM32H7R3V8T6, STM32H7R3V8Y6TR, STM32H7R3Z8J6, STM32H7R3Z8T6, STM32H7R7A8I6, STM32H7R7I8K6, STM32H7R7I8T6, STM32H7R7L8H6, STM32H7R7L8H6H, STM32H7R7Z8J6, STM32H7S3A8I6, STM32H7S3I8K6, STM32H7S3I8T6, STM32H7S3L8H6, STM32H7S3L8H6H, STM32H7S3R8V6, STM32H7S3V8H6, STM32H7S3V8T6, STM32H7S3V8Y6TR, STM32H7S3Z8J6, STM32H7S3Z8T6, STM32H7S78-DK, STM32H7S7A8I6, STM32H7S7I8K6, STM32H7S7I8T6, STM32H7S7L8H6, STM32H7S7L8H6H, STM32H7S7Z8J6, STM32L4R5QGI6STR, STM32MP131AAE3, STM32MP131AAF3, STM32MP131AAG3, STM32MP131CAE3, STM32MP131CAF3, STM32MP131CAG3, STM32MP131DAE7, STM32MP131DAF7, STM32MP131DAG7, STM32MP131FAE7, STM32MP131FAF7, STM32MP131FAG7, STM32MP133AAE3, STM32MP133AAF3, STM32MP133AAG3, STM32MP133CAE3, STM32MP133CAF3, STM32MP133CAG3, STM32MP133DAE7, STM32MP133DAF7, STM32MP133DAG7, STM32MP133FAE7, STM32MP133FAF7, STM32MP133FAG7, STM32MP135AAE3, STM32MP135AAF3, STM32MP135AAG3, STM32MP135CAE3, STM32MP135CAF3, STM32MP135CAG3, STM32MP135DAE7, STM32MP135DAF7, STM32MP135DAG7, STM32MP135F-DK, STM32MP135FAE7, STM32MP135FAF7, STM32MP135FAF7T, STM32MP135FAF7U, STM32MP135FAG7, STM32MP231AAJ3, STM32MP231AAK3, STM32MP231AAL3, STM32MP231CAJ3, STM32MP231CAK3, STM32MP231CAL3, STM32MP231DAJ3, STM32MP231DAK3, STM32MP231DAL3, STM32MP231FAJ3, STM32MP231FAK3, STM32MP231FAL3, STM32MP233AAJ3, STM32MP233AAK3, STM32MP233AAL3, STM32MP233CAJ3, STM32MP233CAK3, STM32MP233CAL3, STM32MP233DAJ3, STM32MP233DAK3, STM32MP233DAL3, STM32MP233FAJ3, STM32MP233FAK3, STM32MP233FAL3, STM32MP235AAJ3, STM32MP235AAK3, STM32MP235AAL3, STM32MP235CAJ3, STM32MP235CAK3, STM32MP235CAL3, STM32MP235DAJ3, STM32MP235DAK3, STM32MP235DAL3, STM32MP235FAJ3, STM32MP235FAK3, STM32MP235FAL3, STM32MP251AAI3, STM32MP251AAJ3, STM32MP251AAK3, STM32MP251AAL3, STM32MP251CAI3, STM32MP251CAJ3, STM32MP251CAK3, STM32MP251CAL3, STM32MP251DAI3, STM32MP251DAJ3, STM32MP251DAK3, STM32MP251DAL3, STM32MP251FAI3, STM32MP251FAJ3, STM32MP251FAK3, STM32MP251FAL3, STM32MP253AAI3, STM32MP253AAJ3, STM32MP253AAK3, STM32MP253AAL3, STM32MP253CAI3, STM32MP253CAJ3, STM32MP253CAK3, STM32MP253CAL3, STM32MP253DAI3, STM32MP253DAJ3, STM32MP253DAK3, STM32MP253DAL3, STM32MP253FAI3, STM32MP253FAJ3, STM32MP253FAK3, STM32MP253FAL3, STM32MP255AAI3, STM32MP255AAJ3, STM32MP255AAK3, STM32MP255AAL3, STM32MP255CAI3, STM32MP255CAJ3, STM32MP255CAK3, STM32MP255CAL3, STM32MP255DAI3, STM32MP255DAJ3, STM32MP255DAK3, STM32MP255DAL3, STM32MP255FAI3, STM32MP255FAJ3, STM32MP255FAK3, STM32MP255FAL3, STM32MP257AAI3, STM32MP257AAJ3, STM32MP257AAK3, STM32MP257AAL3, STM32MP257CAI3, STM32MP257CAJ3, STM32MP257CAK3, STM32MP257CAL3, STM32MP257DAI3, STM32MP257DAJ3, STM32MP257DAK3, STM32MP257DAL3, STM32MP257F-DK, STM32MP257F-EV1, STM32MP257FAI3, STM32MP257FAJ3, STM32MP257FAK3, STM32MP257FAL3, STM32N645A0H3Q, STM32N645B0H3Q, STM32N645I0H3Q, STM32N645L0H3Q, STM32N645X0H3Q, STM32N645Z0H3Q, STM32N647A0H3Q, STM32N647B0H3Q, STM32N647I0H3Q, STM32N647L0H3Q, STM32N647X0H3Q, STM32N647Z0H3Q, STM32N655A0H3Q, STM32N655B0H3Q, STM32N655I0H3Q, STM32N655L0H3Q, STM32N655X0H3Q, STM32N655Z0H3Q, STM32N6570-DK, STM32N657A0H3Q, STM32N657B0H3Q, STM32N657I0H3Q, STM32N657L0H3Q, STM32N657X0H3Q, STM32N657Z0H3Q, STM32U031C6T6, STM32U031C6U6, STM32U031C8T6, STM32U031C8U6, STM32U031F4P6, STM32U031F6P6, STM32U031F8P6, STM32U031G6Y6TR, STM32U031G8Y6TR, STM32U031K4U6, STM32U031K6U6, STM32U031K8U6, STM32U031R6I6, STM32U031R6T6, STM32U031R8I6, STM32U031R8T6, STM32U073C8T6, STM32U073C8U6, STM32U073CBT6, STM32U073CBU6, STM32U073CCT6, STM32U073CCU6, STM32U073H8Y6TR, STM32U073HBY6TR, STM32U073HCY6TR, STM32U073K8U6, STM32U073KBU6, STM32U073KCU6, STM32U073M8I6, STM32U073M8T6, STM32U073MBI6, STM32U073MBT6, STM32U073MCI6, STM32U073MCT6, STM32U073R8I6, STM32U073R8T6, STM32U073RBI6, STM32U073RBT6, STM32U073RCI6, STM32U073RCT6, STM32U083C-DK, STM32U083CCT6, STM32U083CCU6, STM32U083HCY6TR, STM32U083KCU6, STM32U083MCI6, STM32U083MCT6, STM32U083RCI6, STM32U083RCT6, STM32U375CET6, STM32U375CET6Q, STM32U375CEU6, STM32U375CEU6Q, STM32U375CEY6QTR, STM32U375CGT6, STM32U375CGT6Q, STM32U375CGU6, STM32U375CGU6Q, STM32U375CGY6QTR, STM32U375KEU6, STM32U375KGU6, STM32U375REI6, STM32U375REI6Q, STM32U375RET6, STM32U375RET6Q, STM32U375REY6GTR, STM32U375REY6QTR, STM32U375RGI6, STM32U375RGI6Q, STM32U375RGT6, STM32U375RGT6Q, STM32U375RGY6GTR, STM32U375RGY6QTR, STM32U375VEI6, STM32U375VEI6Q, STM32U375VET6, STM32U375VET6Q, STM32U375VGI6, STM32U375VGI6Q, STM32U375VGT6, STM32U375VGT6Q, STM32U385CGT6, STM32U385CGT6Q, STM32U385CGU6, STM32U385CGU6Q, STM32U385CGY6QTR, STM32U385KGU6, STM32U385RGI6, STM32U385RGI6Q, STM32U385RGT6, STM32U385RGT6Q, STM32U385RGY6GTR, STM32U385RGY6QTR, STM32U385VGI6, STM32U385VGI6Q, STM32U385VGT6, STM32U385VGT6Q, STM32U535CBT6, STM32U535CBT6Q, STM32U535CBU6, STM32U535CBU6Q, STM32U535CCT6, STM32U535CCT6Q, STM32U535CCU6, STM32U535CCU6Q, STM32U535CET6, STM32U535CET6Q, STM32U535CEU6, STM32U535CEU6Q, STM32U535JEY6QTR, STM32U535NCY6QTR, STM32U535NEY6QTR, STM32U535RBI6, STM32U535RBI6Q, STM32U535RBT6, STM32U535RBT6Q, STM32U535RCI6, STM32U535RCI6Q, STM32U535RCT6, STM32U535RCT6Q, STM32U535REI6, STM32U535REI6Q, STM32U535RET6, STM32U535RET6Q, STM32U535VCI6, STM32U535VCI6Q, STM32U535VCT6, STM32U535VCT6Q, STM32U535VEI6, STM32U535VEI6Q, STM32U535VET6, STM32U535VET6Q, STM32U545CET6, STM32U545CET6Q, STM32U545CEU6, STM32U545CEU6Q, STM32U545JEY6QTR, STM32U545NEY6QTR, STM32U545REI6, STM32U545REI6Q, STM32U545RET6, STM32U545RET6Q, STM32U545VEI6, STM32U545VEI6Q, STM32U545VET6, STM32U545VET6Q, STM32U595AIH6, STM32U595AIH6Q, STM32U595AJH6, STM32U595AJH6Q, STM32U595QII6, STM32U595QII6Q, STM32U595QJI6, STM32U595QJI6Q, STM32U595RIT6, STM32U595RIT6Q, STM32U595RJT6, STM32U595RJT6Q, STM32U595VIT6, STM32U595VIT6Q, STM32U595VJT6, STM32U595VJT6Q, STM32U595ZIT6, STM32U595ZIT6Q, STM32U595ZIY6QTR, STM32U595ZJT6, STM32U595ZJT6Q, STM32U595ZJY6QTR, STM32U599BJY6QTR, STM32U599NIH6Q, STM32U599NJH6Q, STM32U599VIT6Q, STM32U599VJT6, STM32U599VJT6Q, STM32U599ZIT6Q, STM32U599ZIY6QTR, STM32U599ZJT6Q, STM32U599ZJY6QTR, STM32U5A5AJH6, STM32U5A5AJH6Q, STM32U5A5QII3Q , STM32U5A5QJI6, STM32U5A5QJI6Q, STM32U5A5RJT6, STM32U5A5RJT6Q, STM32U5A5VJT6, STM32U5A5VJT6Q, STM32U5A5ZJT6, STM32U5A5ZJT6Q, STM32U5A5ZJY6QTR, STM32U5A9BJY6QTR, STM32U5A9J-DK, STM32U5A9NJH6Q, STM32U5A9VJT6Q, STM32U5A9ZJT6Q, STM32U5A9ZJY6QTR, STM32U5F7VIT6, STM32U5F7VIT6Q, STM32U5F7VJT6, STM32U5F7VJT6Q, STM32U5F9BJY6QTR, STM32U5F9NJH6Q, STM32U5F9VIT6Q, STM32U5F9VJT6Q, STM32U5F9ZIJ6QTR, STM32U5F9ZIT6Q, STM32U5F9ZJJ6QTR, STM32U5F9ZJT6Q, STM32U5G7VJT6, STM32U5G7VJT6Q, STM32U5G9BJY6QTR, STM32U5G9J-DK1, STM32U5G9J-DK2, STM32U5G9NJH6Q, STM32U5G9VJT6Q, STM32U5G9ZJJ6QTR, STM32U5G9ZJT6Q, STM32WB05KZV6TR, STM32WB05KZV7TR, STM32WB05TZF6TR, STM32WB05TZF7TR, STM32WB06CCF6TR, STM32WB06CCF7TR, STM32WB06CCV6TR, STM32WB06CCV7TR, STM32WB06KCV6TR, STM32WB06KCV7TR, STM32WB07CCF6TR, STM32WB07CCF7TR, STM32WB07CCV6TR, STM32WB07CCV7TR, STM32WB07KCV6TR, STM32WB07KCV7TR, STM32WB09KEV6TR, STM32WB09KEV7TR, STM32WB09TEF6TR, STM32WB09TEF7TR, STM32WB1MMCH6, STM32WBA50KGU6, STM32WBA50KGU6TR, STM32WBA52CEU6, STM32WBA52CEU6TR, STM32WBA52CEU7, STM32WBA52CEU7TR, STM32WBA52CGU6, STM32WBA52CGU6TR, STM32WBA52CGU6U, STM32WBA52CGU7, STM32WBA52CGU7TR, STM32WBA52KEU6, STM32WBA52KEU6TR, STM32WBA52KGU6, STM32WBA52KGU6TR, STM32WBA54CEU6, STM32WBA54CEU6TR, STM32WBA54CEU7, STM32WBA54CEU7TR, STM32WBA54CGU6, STM32WBA54CGU6TR, STM32WBA54CGU7, STM32WBA54CGU7TR, STM32WBA54KEU6, STM32WBA54KEU6TR, STM32WBA54KEU7, STM32WBA54KEU7TR, STM32WBA54KGU6, STM32WBA54KGU6TR, STM32WBA54KGU7, STM32WBA54KGU7TR, STM32WBA55CEU6, STM32WBA55CEU6TR, STM32WBA55CEU7, STM32WBA55CEU7TR, STM32WBA55CGU6, STM32WBA55CGU6TR, STM32WBA55CGU6U, STM32WBA55CGU7, STM32WBA55CGU7TR, STM32WBA55G-DK1, STM32WBA55HEF6, STM32WBA55HEF7, STM32WBA55HGF6, STM32WBA55HGF7, STM32WBA55UEI6, STM32WBA55UEI6TR, STM32WBA55UEI7, STM32WBA55UEI7TR, STM32WBA55UGI6, STM32WBA55UGI6TR, STM32WBA55UGI7, STM32WBA55UGI7TR, STM32WBA5MJGH6TR, STM32WBA62CGU6, STM32WBA62CIU6, STM32WBA62MGF6, STM32WBA62MIF6, STM32WBA62PGI6, STM32WBA62PII6, STM32WBA63CGU6, STM32WBA63CGU7, STM32WBA63CIU6, STM32WBA63CIU7, STM32WBA64CGU6, STM32WBA64CGU7, STM32WBA64CIU6, STM32WBA64CIU7, STM32WBA65CGU6, STM32WBA65CGU7, STM32WBA65CIU6, STM32WBA65CIU7, STM32WBA65I-DK1, STM32WBA65MGF6, STM32WBA65MGF7, STM32WBA65MIF6, STM32WBA65MIF7, STM32WBA65PGI6, STM32WBA65PGI7, STM32WBA65PII6, STM32WBA65PII7, STM32WBA65RGV6, STM32WBA65RGV7, STM32WBA65RIV6, STM32WBA65RIV7, STM32WL30K8V6, STM32WL30KBV6, STM32WL31C8V6, STM32WL31CBV6, STM32WL31K8V6, STM32WL31KBV6, STM32WL33C8V6, STM32WL33C8V6TR, STM32WL33C8V7, STM32WL33C8V7TR, STM32WL33CBV6, STM32WL33CBV6TR, STM32WL33CBV7, STM32WL33CBV7TR, STM32WL33CCV6, STM32WL33CCV6TR, STM32WL33CCV7, STM32WL33CCV7A, STM32WL33CCV7ATR, STM32WL33CCV7TR, STM32WL33K8V6, STM32WL33K8V6TR, STM32WL33K8V7, STM32WL33K8V7TR, STM32WL33KBV6, STM32WL33KBV6TR, STM32WL33KBV7, STM32WL33KBV7TR, STM32WL33KCV6, STM32WL33KCV6TR, STM32WL33KCV7, STM32WL33KCV7TR, STM32WL5MOCH6, STM32WL5MOCH6TR]
2025-10-02 22:25:23,259 [INFO] DbMcus:218 - Found 4747 MCUs, 4747 are supported
2025-10-02 22:25:23,261 [INFO] ApiDb:423 - Load user favorites file C:\Users\m-ren/.stm32cubeide/favorites.mcus.txt: 3 item(s)
2025-10-02 22:25:23,261 [INFO] ApiDb:427 - User favorites MCUs=[STM32F303K8T6, STM32F446RET6, STM32G431KBT6]
2025-10-02 22:25:23,261 [INFO] DbMcus:224 - Set 3 / 3 favorites MCUs
2025-10-02 22:25:23,993 [INFO] BoardInfo:889 - No configuration file found for board P-NUCLEO-WB55
2025-10-02 22:25:23,995 [INFO] DbBoards:161 - Kit is not supported: P-NUCLEO-WB55
2025-10-02 22:25:24,008 [INFO] BoardInfo:889 - No configuration file found for board STEVAL-BFA001V1B
2025-10-02 22:25:24,011 [INFO] DbBoards:161 - Kit is not supported: STEVAL-BFA001V1B
2025-10-02 22:25:24,013 [INFO] BoardInfo:889 - No configuration file found for board STEVAL-BFA001V2B
2025-10-02 22:25:24,015 [INFO] DbBoards:161 - Kit is not supported: STEVAL-BFA001V2B
2025-10-02 22:25:24,254 [INFO] DbBoards:168 - Found 211 boards, 208 are supported
2025-10-02 22:25:24,254 [INFO] DbBoards:169 - Found 211 boards, 43 of them is supported for  Bsp
2025-10-02 22:25:24,257 [INFO] ApiDb:423 - Load user favorites file C:\Users\m-ren/.stm32cubeide/favorites.boards.txt: 5 item(s)
2025-10-02 22:25:24,257 [INFO] ApiDb:427 - User favorites Boards=[NUCLEO-F303K8, NUCLEO-F446RE, NUCLEO-F767ZI, NUCLEO-G431KB, NUCLEO-H563ZI]
2025-10-02 22:25:24,257 [INFO] DbBoards:198 - Set 5 / 5 favorites Boards
2025-10-02 22:25:24,355 [INFO] UtilMem:75 - End LoadConfig() Used Memory: 627017648 Bytes (812646400)
2025-10-02 22:25:24,500 [WARN] ThirdParty:833 - waiting for thirdparty lock release [change project]
2025-10-02 22:25:24,501 [INFO] ThirdParty:835 - entering critical section [change project]
2025-10-02 22:25:24,501 [INFO] ThirdParty:1030 - CMSIS Pack Vendor :STMicroelectronics X-CUBE-PM33A1 1.0.0
2025-10-02 22:25:24,501 [INFO] ThirdParty:1030 - CMSIS Pack Vendor :STMicroelectronics USBPD 4.1
2025-10-02 22:25:24,501 [INFO] ThirdParty:1030 - CMSIS Pack Vendor :STMicroelectronics X-CUBE-GNSS1 6.0.0
2025-10-02 22:25:24,501 [INFO] ThirdParty:1030 - CMSIS Pack Vendor :STMicroelectronics USB_HOST 2.0.0
2025-10-02 22:25:24,501 [INFO] ThirdParty:1030 - CMSIS Pack Vendor :STMicroelectronics FP-SNS-MOTENVWB1 1.4.0
2025-10-02 22:25:24,501 [INFO] ThirdParty:1030 - CMSIS Pack Vendor :STMicroelectronics X-CUBE-AZRTOS-F4 1.1.0
2025-10-02 22:25:24,501 [INFO] ThirdParty:1030 - CMSIS Pack Vendor :STMicroelectronics LIBJPEG 8.0.0
2025-10-02 22:25:24,501 [INFO] ThirdParty:1030 - CMSIS Pack Vendor :STMicroelectronics FP-ATR-ASTRA1 2.0.2
2025-10-02 22:25:24,501 [INFO] ThirdParty:1030 - CMSIS Pack Vendor :STMicroelectronics FP-ATR-ASTRA1 2.0.1
2025-10-02 22:25:24,501 [INFO] ThirdParty:1030 - CMSIS Pack Vendor :Avnet-IotConnect X-CUBE-IoTC-DA16k-PMOD 1.0.0
2025-10-02 22:25:24,501 [INFO] ThirdParty:1030 - CMSIS Pack Vendor :STMicroelectronics X-CUBE-SMBUS 2.1.0
2025-10-02 22:25:24,501 [INFO] ThirdParty:1030 - CMSIS Pack Vendor :STMicroelectronics X-CUBE-WB05N 1.1.0
2025-10-02 22:25:24,501 [INFO] ThirdParty:1030 - CMSIS Pack Vendor :STMicroelectronics X-CUBE-ISPU 2.1.0
2025-10-02 22:25:24,501 [INFO] ThirdParty:1030 - CMSIS Pack Vendor :STMicroelectronics X-CUBE-FREERTOS 1.2.0
2025-10-02 22:25:24,501 [INFO] ThirdParty:1030 - CMSIS Pack Vendor :STMicroelectronics X-CUBE-NFC12 1.0.0
2025-10-02 22:25:24,501 [INFO] ThirdParty:1030 - CMSIS Pack Vendor :STMicroelectronics X-CUBE-TOUCHGFX 4.23.2
2025-10-02 22:25:24,501 [INFO] ThirdParty:1030 - CMSIS Pack Vendor :STMicroelectronics X-CUBE-AZRTOS-F7 1.1.0
2025-10-02 22:25:24,501 [INFO] ThirdParty:1030 - CMSIS Pack Vendor :STMicroelectronics X-CUBE-AZRTOS-L5 2.0.0
2025-10-02 22:25:24,501 [INFO] ThirdParty:1030 - CMSIS Pack Vendor :STMicroelectronics USB_DEVICE 2.0.0
2025-10-02 22:25:24,501 [INFO] ThirdParty:1030 - CMSIS Pack Vendor :STMicroelectronics X-CUBE-NFC6 3.1.0
2025-10-02 22:25:24,501 [INFO] ThirdParty:1030 - CMSIS Pack Vendor :STMicroelectronics X-CUBE-MEMS1 11.0.0
2025-10-02 22:25:24,501 [INFO] ThirdParty:1030 - CMSIS Pack Vendor :STMicroelectronics FreeRTOS 0.0.1
2025-10-02 22:25:24,501 [INFO] ThirdParty:1030 - CMSIS Pack Vendor :STMicroelectronics X-CUBE-DPower 1.2.0
2025-10-02 22:25:24,501 [INFO] ThirdParty:1030 - CMSIS Pack Vendor :STMicroelectronics FP-SNS-FLIGHT1 5.0.2
2025-10-02 22:25:24,501 [INFO] ThirdParty:1030 - CMSIS Pack Vendor :STMicroelectronics X-CUBE-AI 9.0.0
2025-10-02 22:25:24,501 [INFO] ThirdParty:1030 - CMSIS Pack Vendor :STMicroelectronics PDM2PCM 3.3.0
2025-10-02 22:25:24,501 [INFO] ThirdParty:1030 - CMSIS Pack Vendor :STMicroelectronics X-CUBE-AZRTOS-H7 3.4.0
2025-10-02 22:25:24,501 [INFO] ThirdParty:1030 - CMSIS Pack Vendor :STMicroelectronics X-CUBE-DISPLAY 3.0.0
2025-10-02 22:25:24,502 [INFO] ThirdParty:1030 - CMSIS Pack Vendor :STMicroelectronics X-CUBE-BLE1 7.0.0
2025-10-02 22:25:24,502 [INFO] ThirdParty:1030 - CMSIS Pack Vendor :STMicroelectronics X-CUBE-NFC10 1.0.0
2025-10-02 22:25:24,502 [INFO] ThirdParty:1030 - CMSIS Pack Vendor :STMicroelectronics X-CUBE-BLEMGR 4.0.0
2025-10-02 22:25:24,502 [INFO] ThirdParty:1030 - CMSIS Pack Vendor :STMicroelectronics X-CUBE-FREERTOS 1.3.1
2025-10-02 22:25:24,502 [INFO] ThirdParty:1030 - CMSIS Pack Vendor :STMicroelectronics HAL Drivers 0.0.0
2025-10-02 22:25:24,502 [INFO] ThirdParty:1030 - CMSIS Pack Vendor :emotas I-CUBE-CANOPEN 1.3.0
2025-10-02 22:25:24,502 [INFO] ThirdParty:1030 - CMSIS Pack Vendor :STMicroelectronics X-CUBE-FREERTOS 1.3.0
2025-10-02 22:25:24,502 [INFO] ThirdParty:1030 - CMSIS Pack Vendor :STMicroelectronics X-CUBE-NFC7 1.0.1
2025-10-02 22:25:24,502 [INFO] ThirdParty:1030 - CMSIS Pack Vendor :STMicroelectronics MBEDTLS 2.14.1
2025-10-02 22:25:24,502 [INFO] ThirdParty:1030 - CMSIS Pack Vendor :wolfSSL I-CUBE-wolfTPM 3.2.0
2025-10-02 22:25:24,502 [INFO] ThirdParty:1030 - CMSIS Pack Vendor :STMicroelectronics X-CUBE-TOUCHGFX 4.26.0
2025-10-02 22:25:24,502 [INFO] ThirdParty:1030 - CMSIS Pack Vendor :STMicroelectronics X-CUBE-BLEMGR 3.1.0
2025-10-02 22:25:24,502 [INFO] ThirdParty:1030 - CMSIS Pack Vendor :STMicroelectronics X-CUBE-AI 10.0.0
2025-10-02 22:25:24,502 [INFO] ThirdParty:1030 - CMSIS Pack Vendor :STMicroelectronics FP-SNS-STAIOTCFT 1.0.0
2025-10-02 22:25:24,502 [INFO] ThirdParty:1030 - CMSIS Pack Vendor :STMicroelectronics FP-SNS-SMARTAG2 1.2.0
2025-10-02 22:25:24,502 [INFO] ThirdParty:1030 - CMSIS Pack Vendor :STMicroelectronics FP-SNS-FLIGHT1 5.1.0
2025-10-02 22:25:24,502 [INFO] ThirdParty:1030 - CMSIS Pack Vendor :STMicroelectronics X-CUBE-MEMS1 11.1.0
2025-10-02 22:25:24,502 [INFO] ThirdParty:1030 - CMSIS Pack Vendor :STMicroelectronics X-CUBE-AZRTOS-WL 2.0.0
2025-10-02 22:25:24,502 [INFO] ThirdParty:1030 - CMSIS Pack Vendor :STMicroelectronics X-CUBE-DPower 1.3.0
2025-10-02 22:25:24,502 [INFO] ThirdParty:1030 - CMSIS Pack Vendor :STMicroelectronics FP-SNS-MOTENV1 5.0.0
2025-10-02 22:25:24,502 [INFO] ThirdParty:1030 - CMSIS Pack Vendor :STMicroelectronics USB_DEVICE 1.0.0
2025-10-02 22:25:24,502 [INFO] ThirdParty:1030 - CMSIS Pack Vendor :wolfSSL I-CUBE-wolfMQTT 1.19.0
2025-10-02 22:25:24,502 [INFO] ThirdParty:1030 - CMSIS Pack Vendor :STMicroelectronics X-CUBE-AZRTOS-L4 2.0.0
2025-10-02 22:25:24,502 [INFO] ThirdParty:1030 - CMSIS Pack Vendor :STMicroelectronics ThreadX 0.0.2
2025-10-02 22:25:24,502 [INFO] ThirdParty:1030 - CMSIS Pack Vendor :WES I-CUBE-Cesium 1.3.0
2025-10-02 22:25:24,502 [INFO] ThirdParty:1030 - CMSIS Pack Vendor :STMicroelectronics lwIP 2.1.2
2025-10-02 22:25:24,502 [INFO] ThirdParty:1030 - CMSIS Pack Vendor :STMicroelectronics X-CUBE-SFXS2LP1 4.0.0
2025-10-02 22:25:24,502 [INFO] ThirdParty:1030 - CMSIS Pack Vendor :STMicroelectronics X-CUBE-BLE2 3.3.0
2025-10-02 22:25:24,502 [INFO] ThirdParty:1030 - CMSIS Pack Vendor :STMicroelectronics PDM2PCM 3.2.0
2025-10-02 22:25:24,502 [INFO] ThirdParty:1030 - CMSIS Pack Vendor :STMicroelectronics X-CUBE-AZRTOS-H7 3.3.0
2025-10-02 22:25:24,502 [INFO] ThirdParty:1030 - CMSIS Pack Vendor :STMicroelectronics X-CUBE-NFC9 1.0.0
2025-10-02 22:25:24,502 [INFO] ThirdParty:1030 - CMSIS Pack Vendor :STMicroelectronics X-CUBE-BLE1 7.1.0
2025-10-02 22:25:24,502 [INFO] ThirdParty:1030 - CMSIS Pack Vendor :STMicroelectronics USB_DEVICE 3.0.0
2025-10-02 22:25:24,502 [INFO] ThirdParty:1030 - CMSIS Pack Vendor :STMicroelectronics X-CUBE-TCPP 4.1.0
2025-10-02 22:25:24,502 [INFO] ThirdParty:1030 - CMSIS Pack Vendor :STMicroelectronics X-CUBE-EEPRMA1 5.2.0
2025-10-02 22:25:24,502 [INFO] ThirdParty:1030 - CMSIS Pack Vendor :STMicroelectronics X-CUBE-BLEMGR 4.1.0
2025-10-02 22:25:24,502 [INFO] ThirdParty:1030 - CMSIS Pack Vendor :STMicroelectronics X-CUBE-IPS 3.0.0
2025-10-02 22:25:24,502 [INFO] ThirdParty:1030 - CMSIS Pack Vendor :STMicroelectronics X-CUBE-AZRTOS-WB 2.0.0
2025-10-02 22:25:24,502 [INFO] ThirdParty:1030 - CMSIS Pack Vendor :STMicroelectronics X-CUBE-GNSS1 7.0.0
2025-10-02 22:25:24,502 [INFO] ThirdParty:1030 - CMSIS Pack Vendor :STMicroelectronics X-CUBE-GNSS1 7.0.1
2025-10-02 22:25:24,502 [INFO] ThirdParty:1030 - CMSIS Pack Vendor :STMicroelectronics X-CUBE-TOUCHGFX 4.25.0
2025-10-02 22:25:24,503 [INFO] ThirdParty:1030 - CMSIS Pack Vendor :STMicroelectronics X-CUBE-AI 10.1.0
2025-10-02 22:25:24,503 [INFO] ThirdParty:1030 - CMSIS Pack Vendor :STMicroelectronics FP-SNS-STBOX1 2.0.0
2025-10-02 22:25:24,503 [INFO] ThirdParty:1030 - CMSIS Pack Vendor :STMicroelectronics X-CUBE-MEMS1 11.2.0
2025-10-02 22:25:24,503 [INFO] ThirdParty:1030 - CMSIS Pack Vendor :STMicroelectronics X-CUBE-AZRTOS-G0 1.1.0
2025-10-02 22:25:24,503 [INFO] ThirdParty:1030 - CMSIS Pack Vendor :STMicroelectronics X-CUBE-SAFEA1 1.2.2
2025-10-02 22:25:24,503 [INFO] ThirdParty:1030 - CMSIS Pack Vendor :STMicroelectronics X-CUBE-NFC4 3.0.0
2025-10-02 22:25:24,503 [INFO] ThirdParty:1030 - CMSIS Pack Vendor :STMicroelectronics X-CUBE-SUBG2 5.0.0
2025-10-02 22:25:24,503 [INFO] ThirdParty:1030 - CMSIS Pack Vendor :STMicroelectronics X-CUBE-AZRTOS-H7RS 1.1.0
2025-10-02 22:25:24,503 [INFO] ThirdParty:1030 - CMSIS Pack Vendor :STMicroelectronics STM32_WPAN 1.0.0
2025-10-02 22:25:24,503 [INFO] ThirdParty:1030 - CMSIS Pack Vendor :EmbeddedOffice I-CUBE-FS-RTOS 1.0.1
2025-10-02 22:25:24,503 [INFO] ThirdParty:1030 - CMSIS Pack Vendor :STMicroelectronics lwIP 2.0.3
2025-10-02 22:25:24,503 [INFO] ThirdParty:1030 - CMSIS Pack Vendor :Cesanta I-CUBE-Mongoose 7.13.0
2025-10-02 22:25:24,503 [INFO] ThirdParty:1030 - CMSIS Pack Vendor :STMicroelectronics USB_HOST 1.0.0
2025-10-02 22:25:24,503 [INFO] ThirdParty:1030 - CMSIS Pack Vendor :STMicroelectronics X-CUBE-AZRTOS-G4 2.0.0
2025-10-02 22:25:24,503 [INFO] ThirdParty:1030 - CMSIS Pack Vendor :STMicroelectronics X-CUBE-WB05N 2.0.0
2025-10-02 22:25:24,503 [INFO] ThirdParty:1030 - CMSIS Pack Vendor :STMicroelectronics PDM2PCM 3.1.0
2025-10-02 22:25:24,503 [INFO] ThirdParty:1030 - CMSIS Pack Vendor :STMicroelectronics X-CUBE-NFC7 2.0.0
2025-10-02 22:25:24,503 [INFO] ThirdParty:1030 - CMSIS Pack Vendor :STMicroelectronics X-CUBE-TCPP 4.2.0
2025-10-02 22:25:24,503 [INFO] ThirdParty:1030 - CMSIS Pack Vendor :RealThread X-CUBE-RT-Thread_Nano 4.1.1
2025-10-02 22:25:24,503 [INFO] ThirdParty:1030 - CMSIS Pack Vendor :wolfSSL I-CUBE-wolfSSL 5.7.0
2025-10-02 22:25:24,503 [INFO] ThirdParty:1030 - CMSIS Pack Vendor :STMicroelectronics FP-ATR-SIGFOX1 3.2.0
2025-10-02 22:25:24,503 [INFO] ThirdParty:1030 - CMSIS Pack Vendor :quantropi X-CUBE-qispace-sdk-base 1.9.3
2025-10-02 22:25:24,503 [INFO] ThirdParty:1030 - CMSIS Pack Vendor :STMicroelectronics X-CUBE-ISPU 2.0.0
2025-10-02 22:25:24,503 [INFO] ThirdParty:1030 - CMSIS Pack Vendor :STMicroelectronics X-CUBE-EEPRMA1 5.1.0
2025-10-02 22:25:24,504 [INFO] ThirdParty:1030 - CMSIS Pack Vendor :STMicroelectronics MBEDTLS 2.16.2
2025-10-02 22:25:24,504 [INFO] ThirdParty:1030 - CMSIS Pack Vendor :STMicroelectronics X-CUBE-IPS 3.1.0
2025-10-02 22:25:24,504 [INFO] ThirdParty:1030 - CMSIS Pack Vendor :STMicroelectronics X-CUBE-ALS 1.0.2
2025-10-02 22:25:24,504 [INFO] ThirdParty:1030 - CMSIS Pack Vendor :STMicroelectronics X-CUBE-MEMS1 10.0.0
2025-10-02 22:25:24,504 [INFO] ThirdParty:1030 - CMSIS Pack Vendor :STMicroelectronics X-CUBE-TOUCHGFX 4.24.0
2025-10-02 22:25:24,504 [INFO] ThirdParty:1030 - CMSIS Pack Vendor :ITTIA_DB I-CUBE-ITTIADB 8.9.0
2025-10-02 22:25:24,504 [INFO] ThirdParty:1030 - CMSIS Pack Vendor :STMicroelectronics X-CUBE-TOUCHGFX 4.24.2
2025-10-02 22:25:24,504 [INFO] ThirdParty:1030 - CMSIS Pack Vendor :STMicroelectronics X-CUBE-TOUCHGFX 4.24.1
2025-10-02 22:25:24,504 [INFO] ThirdParty:1030 - CMSIS Pack Vendor :STMicroelectronics X-CUBE-STSE01 1.0.0
2025-10-02 22:25:24,504 [INFO] ThirdParty:1030 - CMSIS Pack Vendor :portGmbH I-Cube-SoM-uGOAL 1.1.0
2025-10-02 22:25:24,504 [INFO] ThirdParty:1030 - CMSIS Pack Vendor :STMicroelectronics X-CUBE-ST67W61 1.0.0
2025-10-02 22:25:24,504 [INFO] ThirdParty:1030 - CMSIS Pack Vendor :STMicroelectronics X-CUBE-AI 10.2.0
2025-10-02 22:25:24,504 [INFO] ThirdParty:1030 - CMSIS Pack Vendor :STMicroelectronics ThreadX 1.0.0
2025-10-02 22:25:24,504 [INFO] ThirdParty:1030 - CMSIS Pack Vendor :SEGGER I-CUBE-embOS 1.3.1
2025-10-02 22:25:24,504 [INFO] ThirdParty:1030 - CMSIS Pack Vendor :STMicroelectronics X-CUBE-ALGOBUILD 1.4.0
2025-10-02 22:25:24,504 [INFO] ThirdParty:1030 - CMSIS Pack Vendor :STMicroelectronics X-CUBE-MEMS1 11.3.0
2025-10-02 22:25:24,504 [INFO] ThirdParty:1030 - CMSIS Pack Vendor :STMicroelectronics X-CUBE-AZRTOS-H7RS 1.0.0
2025-10-02 22:25:24,504 [INFO] ThirdParty:1030 - CMSIS Pack Vendor :STMicroelectronics FP-ATR-ASTRA1 2.0.0
2025-10-02 22:25:24,504 [INFO] ThirdParty:1030 - CMSIS Pack Vendor :STMicroelectronics X-CUBE-TOF1 3.4.2
2025-10-02 22:25:24,504 [INFO] ThirdParty:1030 - CMSIS Pack Vendor :STMicroelectronics X-CUBE-TOF1 3.4.3
2025-10-02 22:25:24,504 [INFO] ThirdParty:1030 - CMSIS Pack Vendor :STMicroelectronics X-CUBE-AI 9.1.0
2025-10-02 22:25:24,504 [INFO] ThirdParty:1030 - CMSIS Pack Vendor :STMicroelectronics X-CUBE-TOF1 3.4.1
2025-10-02 22:25:24,504 [INFO] ThirdParty:1030 - CMSIS Pack Vendor :STMicroelectronics X-CUBE-AZRTOS-H7 3.2.0
2025-10-02 22:25:24,504 [INFO] ThirdParty:1030 - CMSIS Pack Vendor :Infineon AIROC-Wi-Fi-Bluetooth-STM32 1.6.0
2025-10-02 22:25:24,504 [INFO] ThirdParty:1030 - CMSIS Pack Vendor :wolfSSL I-CUBE-wolfSSH 1.4.17
2025-10-02 22:25:24,504 [INFO] ThirdParty:841 - exiting critical section [change project]
2025-10-02 22:25:24,987 [INFO] PinOutPanel:1589 - setPackage(No Configuration,No Configuration)
2025-10-02 22:25:24,990 [INFO] PinOutPanel:1589 - setPackage(STM32G431KBTx,LQFP32)
2025-10-02 22:25:25,436 [INFO] UtilMem:75 - Before build in PCC Used Memory: 499713000 Bytes (812646400)
2025-10-02 22:25:26,428 [INFO] UtilMem:75 - After build in PCC Used Memory: 536204408 Bytes (812646400)
2025-10-02 22:25:26,473 [INFO] IPUIPlugin:80 - create IPUIPlugin
2025-10-02 22:25:26,473 [INFO] IPUIPlugin:80 - create IPUIPlugin
2025-10-02 22:25:26,473 [INFO] IPUIPlugin:80 - create IPUIPlugin
2025-10-02 22:25:26,473 [INFO] IPUIPlugin:80 - create IPUIPlugin
2025-10-02 22:25:26,473 [INFO] IPUIPlugin:80 - create IPUIPlugin
2025-10-02 22:25:26,473 [INFO] IPUIPlugin:80 - create IPUIPlugin
2025-10-02 22:25:26,473 [INFO] IPUIPlugin:80 - create IPUIPlugin
2025-10-02 22:25:26,474 [INFO] IPUIPlugin:80 - create IPUIPlugin
2025-10-02 22:25:26,474 [INFO] IPUIPlugin:80 - create IPUIPlugin
2025-10-02 22:25:26,474 [INFO] IPUIPlugin:80 - create IPUIPlugin
2025-10-02 22:25:26,474 [INFO] IPUIPlugin:80 - create IPUIPlugin
2025-10-02 22:25:26,474 [INFO] IPUIPlugin:80 - create IPUIPlugin
2025-10-02 22:25:26,474 [INFO] IPUIPlugin:80 - create IPUIPlugin
2025-10-02 22:25:26,476 [INFO] IPUIPlugin:80 - create IPUIPlugin
2025-10-02 22:25:26,476 [INFO] IPUIPlugin:80 - create IPUIPlugin
2025-10-02 22:25:26,476 [INFO] IPUIPlugin:80 - create IPUIPlugin
2025-10-02 22:25:26,476 [INFO] IPUIPlugin:80 - create IPUIPlugin
2025-10-02 22:25:26,476 [INFO] IPUIPlugin:80 - create IPUIPlugin
2025-10-02 22:25:26,476 [INFO] IPUIPlugin:80 - create IPUIPlugin
2025-10-02 22:25:26,476 [INFO] IPUIPlugin:80 - create IPUIPlugin
2025-10-02 22:25:26,476 [INFO] IPUIPlugin:80 - create IPUIPlugin
2025-10-02 22:25:26,476 [INFO] IPUIPlugin:80 - create IPUIPlugin
2025-10-02 22:25:26,476 [INFO] IPUIPlugin:80 - create IPUIPlugin
2025-10-02 22:25:26,476 [INFO] IPUIPlugin:80 - create IPUIPlugin
2025-10-02 22:25:26,477 [INFO] IPUIPlugin:80 - create IPUIPlugin
2025-10-02 22:25:26,477 [INFO] IPUIPlugin:80 - create IPUIPlugin
2025-10-02 22:25:26,477 [INFO] IPUIPlugin:80 - create IPUIPlugin
2025-10-02 22:25:26,477 [INFO] IPUIPlugin:80 - create IPUIPlugin
2025-10-02 22:25:26,477 [INFO] IPUIPlugin:80 - create IPUIPlugin
2025-10-02 22:25:26,477 [INFO] IPUIPlugin:80 - create IPUIPlugin
2025-10-02 22:25:26,477 [INFO] IPUIPlugin:80 - create IPUIPlugin
2025-10-02 22:25:26,477 [INFO] IPUIPlugin:80 - create IPUIPlugin
2025-10-02 22:25:26,478 [INFO] IPUIPlugin:80 - create IPUIPlugin
2025-10-02 22:25:26,478 [INFO] IPUIPlugin:80 - create IPUIPlugin
2025-10-02 22:25:26,478 [INFO] IPUIPlugin:80 - create IPUIPlugin
2025-10-02 22:25:26,478 [INFO] IPUIPlugin:80 - create IPUIPlugin
2025-10-02 22:25:26,478 [INFO] IPUIPlugin:80 - create IPUIPlugin
2025-10-02 22:25:26,478 [INFO] IPUIPlugin:80 - create IPUIPlugin
2025-10-02 22:25:26,478 [INFO] IPUIPlugin:80 - create IPUIPlugin
2025-10-02 22:25:26,479 [INFO] IPUIPlugin:80 - create IPUIPlugin
2025-10-02 22:25:26,479 [INFO] IPUIPlugin:80 - create IPUIPlugin
2025-10-02 22:25:26,479 [INFO] IPUIPlugin:80 - create IPUIPlugin
2025-10-02 22:25:26,479 [INFO] IPUIPlugin:80 - create IPUIPlugin
2025-10-02 22:25:26,480 [INFO] IPUIPlugin:80 - create IPUIPlugin
2025-10-02 22:25:26,480 [INFO] IPUIPlugin:80 - create IPUIPlugin
2025-10-02 22:25:26,480 [INFO] IPUIPlugin:80 - create IPUIPlugin
2025-10-02 22:25:26,481 [INFO] IPUIPlugin:80 - create IPUIPlugin
2025-10-02 22:25:26,481 [INFO] IPUIPlugin:80 - create IPUIPlugin
2025-10-02 22:25:26,481 [INFO] IPUIPlugin:80 - create IPUIPlugin
2025-10-02 22:25:26,481 [INFO] IPUIPlugin:80 - create IPUIPlugin
2025-10-02 22:25:26,481 [INFO] IPUIPlugin:80 - create IPUIPlugin
2025-10-02 22:25:26,481 [INFO] IPUIPlugin:80 - create IPUIPlugin
2025-10-02 22:25:26,482 [INFO] IPUIPlugin:80 - create IPUIPlugin
2025-10-02 22:25:26,482 [INFO] IPUIPlugin:80 - create IPUIPlugin
2025-10-02 22:25:26,482 [INFO] IPUIPlugin:80 - create IPUIPlugin
2025-10-02 22:25:26,482 [INFO] IPUIPlugin:80 - create IPUIPlugin
2025-10-02 22:25:26,483 [INFO] IPUIPlugin:80 - create IPUIPlugin
2025-10-02 22:25:26,784 [INFO] CADModel:165 - CPN selected for project levelSTM32G431KBT6
2025-10-02 22:25:26,784 [INFO] CADModel:114 - Register for checkConnection events
2025-10-02 22:25:26,866 [INFO] OpenFileManager:385 - Restore cursor
2025-10-02 22:28:39,656 [INFO] NvicIntPanel:101 - NVIC parent = com.st.microxplorer.plugins.ip.nvic.MultiNvicIntPanel[,0,0,0x0,invalid,layout=javax.swing.BoxLayout,alignmentX=0.0,alignmentY=0.0,border=,flags=9,maximumSize=,minimumSize=,preferredSize=]
2025-10-02 22:56:47,617 [INFO] UtilMem:75 - End SaveConfig() Used Memory: 703072256 Bytes (1073741824)
2025-10-02 22:56:49,775 [INFO] UtilMem:75 - End SaveConfig() Used Memory: 723517440 Bytes (1073741824)
2025-10-02 22:56:50,477 [INFO] UtilMem:75 - End SaveConfig() Used Memory: 807929856 Bytes (1073741824)
2025-10-02 22:56:51,191 [INFO] BlockDiagram:2775 - set Specific Code input for plugin: DAC
2025-10-02 22:56:51,191 [INFO] BlockDiagram:2775 - set Specific Code input for plugin: TIM6_7G4
2025-10-02 22:56:51,192 [INFO] BlockDiagram:2775 - set Specific Code input for plugin: TIM1_8G4
2025-10-02 22:56:51,192 [INFO] BlockDiagram:2775 - set Specific Code input for plugin: TIM1_8G4
2025-10-02 22:56:51,192 [INFO] BlockDiagram:2775 - set Specific Code input for plugin: SYS
2025-10-02 22:56:51,192 [INFO] BlockDiagram:2775 - set Specific Code input for plugin: RCC
2025-10-02 22:56:51,192 [INFO] BlockDiagram:2775 - set Specific Code input for plugin: NVIC
2025-10-02 22:56:51,194 [INFO] BlockDiagram:2775 - set Specific Code input for plugin: GPIO
2025-10-02 22:56:51,196 [INFO] CodeGenerator:882 - code generatio: config db path: C:\ST\STM32CubeIDE_1.15.1\STM32CubeIDE\plugins\com.st.stm32cube.common.mx_6.14.1.202504091515\\db\
2025-10-02 22:56:51,529 [INFO] CodeEngine:263 - oldGeneratedFile, C:\create\MyProjects\IndependentResearch\LRA-Dynamics\NucleoG431KB-AFT14A903A\MXTmpFiles\license.tmp_save
2025-10-02 22:56:52,023 [INFO] CodeEngine:287 - Generated code: C:\create\MyProjects\IndependentResearch\LRA-Dynamics\NucleoG431KB-AFT14A903A\MXTmpFiles\license.tmp
2025-10-02 22:56:52,177 [INFO] CodeEngine:263 - oldGeneratedFile, C:\create\MyProjects\IndependentResearch\LRA-Dynamics\NucleoG431KB-AFT14A903A\MXTmpFiles\gpio.tmp_save
2025-10-02 22:56:52,307 [INFO] CodeEngine:287 - Generated code: C:\create\MyProjects\IndependentResearch\LRA-Dynamics\NucleoG431KB-AFT14A903A\MXTmpFiles\gpio.tmp
2025-10-02 22:56:52,566 [INFO] CodeEngine:263 - oldGeneratedFile, C:\create\MyProjects\IndependentResearch\LRA-Dynamics\NucleoG431KB-AFT14A903A\Core\Src\stm32g4xx_it.c_save
2025-10-02 22:56:52,717 [INFO] CodeEngine:287 - Generated code: C:\create\MyProjects\IndependentResearch\LRA-Dynamics\NucleoG431KB-AFT14A903A\Core\Src\stm32g4xx_it.c
2025-10-02 22:56:52,723 [INFO] CodeEngine:263 - oldGeneratedFile, C:\create\MyProjects\IndependentResearch\LRA-Dynamics\NucleoG431KB-AFT14A903A\Core\Inc\stm32g4xx_it.h_save
2025-10-02 22:56:52,776 [INFO] CodeEngine:287 - Generated code: C:\create\MyProjects\IndependentResearch\LRA-Dynamics\NucleoG431KB-AFT14A903A\Core\Inc\stm32g4xx_it.h
2025-10-02 22:56:52,795 [INFO] CodeEngine:263 - oldGeneratedFile, C:\create\MyProjects\IndependentResearch\LRA-Dynamics\NucleoG431KB-AFT14A903A\Core\Src\stm32g4xx_hal_msp.c_save
2025-10-02 22:56:52,926 [INFO] CodeEngine:287 - Generated code: C:\create\MyProjects\IndependentResearch\LRA-Dynamics\NucleoG431KB-AFT14A903A\Core\Src\stm32g4xx_hal_msp.c
2025-10-02 22:56:52,931 [INFO] CodeEngine:263 - oldGeneratedFile, C:\create\MyProjects\IndependentResearch\LRA-Dynamics\NucleoG431KB-AFT14A903A\MXTmpFiles\system.tmp_save
2025-10-02 22:56:52,985 [INFO] CodeEngine:287 - Generated code: C:\create\MyProjects\IndependentResearch\LRA-Dynamics\NucleoG431KB-AFT14A903A\MXTmpFiles\system.tmp
2025-10-02 22:56:52,999 [INFO] CodeEngine:319 - oldGeneratedFile, C:\create\MyProjects\IndependentResearch\LRA-Dynamics\NucleoG431KB-AFT14A903A\Core\Inc\stm32g4xx_hal_conf.h_save
2025-10-02 22:56:53,074 [INFO] CodeEngine:343 - Generated code: C:\create\MyProjects\IndependentResearch\LRA-Dynamics\NucleoG431KB-AFT14A903A\Core\Inc\stm32g4xx_hal_conf.h
2025-10-02 22:56:53,103 [WARN] IPConfigManager:3217 - Warning: the RefConfig RCC_CommonPeriphClockConfig is not available in your config.xml file
2025-10-02 22:56:53,107 [INFO] ApiDbMcu:508 - Load IP Config File for DAC1
2025-10-02 22:56:53,125 [INFO] ApiDbMcu:508 - Load IP Config File for TIM2
2025-10-02 22:56:53,140 [INFO] ApiDbMcu:508 - Load IP Config File for TIM3
2025-10-02 22:56:53,180 [INFO] ApiDbMcu:508 - Load IP Config File for TIM6
2025-10-02 22:56:53,184 [INFO] ApiDbMcu:508 - Load IP Config File for RCC
2025-10-02 22:56:53,187 [WARN] IPConfigManager:3790 - IP not found : TIM
2025-10-02 22:56:53,190 [WARN] CodeGenerator:4198 - IP not found : null
2025-10-02 22:56:53,198 [INFO] CodeEngine:263 - oldGeneratedFile, C:\create\MyProjects\IndependentResearch\LRA-Dynamics\NucleoG431KB-AFT14A903A\Core\Inc\main.h_save
2025-10-02 22:56:53,291 [INFO] CodeEngine:287 - Generated code: C:\create\MyProjects\IndependentResearch\LRA-Dynamics\NucleoG431KB-AFT14A903A\Core\Inc\main.h
2025-10-02 22:56:53,297 [INFO] CodeEngine:263 - oldGeneratedFile, C:\create\MyProjects\IndependentResearch\LRA-Dynamics\NucleoG431KB-AFT14A903A\Core\Src\main.c_save
2025-10-02 22:56:53,431 [INFO] CodeEngine:287 - Generated code: C:\create\MyProjects\IndependentResearch\LRA-Dynamics\NucleoG431KB-AFT14A903A\Core\Src\main.c
2025-10-02 22:56:54,077 [INFO] ProjectBuilder:3324 - Time for Copy HAL[1] : 354mS.
2025-10-02 22:56:54,090 [INFO] ProjectBuilder:4912 - Project Generator version: 4.6.0.1-B1
2025-10-02 22:56:54,198 [INFO] ConfigFileManager:1590 - The Die is : DIE468
2025-10-02 22:56:54,203 [INFO] ApiDbMcu:508 - Load IP Config File for FATFS
2025-10-02 22:56:54,208 [INFO] ApiDbMcu:508 - Load IP Config File for FREERTOS
2025-10-02 22:56:54,214 [INFO] ApiDbMcu:508 - Load IP Config File for USBPD
2025-10-02 22:56:54,228 [INFO] ApiDbMcu:508 - Load IP Config File for USB_DEVICE
2025-10-02 22:56:54,609 [INFO] LogOutputStream:77 - [STDOUT_REDIRECT] 
2025-10-02 22:56:55,444 [INFO] ProjectBuilder:5191 - Time for Generating toolchain IDE Files: 1354mS.
2025-10-02 22:56:55,445 [INFO] ProjectBuilder:3181 - Time for Copy CMSIS : 0mS.
2025-10-02 22:56:55,447 [INFO] ProjectBuilder:3181 - Time for Copy CMSIS : 0mS.
2025-10-02 23:25:18,521 [INFO] NvicIntPanel:101 - NVIC parent = com.st.microxplorer.plugins.ip.nvic.MultiNvicIntPanel[,0,0,452x378,layout=javax.swing.BoxLayout,alignmentX=0.0,alignmentY=0.0,border=,flags=9,maximumSize=,minimumSize=,preferredSize=]
2025-10-02 23:25:49,591 [INFO] NvicIntPanel:101 - NVIC parent = com.st.microxplorer.plugins.ip.nvic.MultiNvicIntPanel[,0,0,0x0,invalid,layout=javax.swing.BoxLayout,alignmentX=0.0,alignmentY=0.0,border=,flags=9,maximumSize=,minimumSize=,preferredSize=]
2025-10-02 23:25:53,987 [INFO] NvicIntPanel:101 - NVIC parent = com.st.microxplorer.plugins.ip.nvic.MultiNvicIntPanel[,0,0,0x0,invalid,layout=javax.swing.BoxLayout,alignmentX=0.0,alignmentY=0.0,border=,flags=9,maximumSize=,minimumSize=,preferredSize=]
2025-10-02 23:26:03,151 [INFO] NvicIntPanel:101 - NVIC parent = com.st.microxplorer.plugins.ip.nvic.MultiNvicIntPanel[,0,0,0x0,invalid,layout=javax.swing.BoxLayout,alignmentX=0.0,alignmentY=0.0,border=,flags=9,maximumSize=,minimumSize=,preferredSize=]
2025-10-02 23:26:05,463 [INFO] UtilMem:75 - End SaveConfig() Used Memory: 930514592 Bytes (1073741824)
2025-10-02 23:26:07,187 [INFO] UtilMem:75 - End SaveConfig() Used Memory: 952534688 Bytes (1073741824)
2025-10-02 23:26:08,089 [INFO] UtilMem:75 - End SaveConfig() Used Memory: 713619032 Bytes (1073741824)
2025-10-02 23:26:08,490 [INFO] BlockDiagram:2775 - set Specific Code input for plugin: DAC
2025-10-02 23:26:08,490 [INFO] BlockDiagram:2775 - set Specific Code input for plugin: TIM6_7G4
2025-10-02 23:26:08,491 [INFO] BlockDiagram:2775 - set Specific Code input for plugin: TIM1_8G4
2025-10-02 23:26:08,491 [INFO] BlockDiagram:2775 - set Specific Code input for plugin: TIM1_8G4
2025-10-02 23:26:08,491 [INFO] BlockDiagram:2775 - set Specific Code input for plugin: SYS
2025-10-02 23:26:08,491 [INFO] BlockDiagram:2775 - set Specific Code input for plugin: RCC
2025-10-02 23:26:08,491 [INFO] BlockDiagram:2775 - set Specific Code input for plugin: NVIC
2025-10-02 23:26:08,491 [INFO] BlockDiagram:2775 - set Specific Code input for plugin: GPIO
2025-10-02 23:26:08,493 [INFO] CodeGenerator:882 - code generatio: config db path: C:\ST\STM32CubeIDE_1.15.1\STM32CubeIDE\plugins\com.st.stm32cube.common.mx_6.14.1.202504091515\\db\
2025-10-02 23:26:08,649 [INFO] CodeEngine:263 - oldGeneratedFile, C:\create\MyProjects\IndependentResearch\LRA-Dynamics\NucleoG431KB-AFT14A903A\MXTmpFiles\license.tmp_save
2025-10-02 23:26:08,945 [INFO] CodeEngine:287 - Generated code: C:\create\MyProjects\IndependentResearch\LRA-Dynamics\NucleoG431KB-AFT14A903A\MXTmpFiles\license.tmp
2025-10-02 23:26:09,002 [INFO] CodeEngine:263 - oldGeneratedFile, C:\create\MyProjects\IndependentResearch\LRA-Dynamics\NucleoG431KB-AFT14A903A\MXTmpFiles\gpio.tmp_save
2025-10-02 23:26:09,090 [INFO] CodeEngine:287 - Generated code: C:\create\MyProjects\IndependentResearch\LRA-Dynamics\NucleoG431KB-AFT14A903A\MXTmpFiles\gpio.tmp
2025-10-02 23:26:09,514 [INFO] CodeEngine:263 - oldGeneratedFile, C:\create\MyProjects\IndependentResearch\LRA-Dynamics\NucleoG431KB-AFT14A903A\Core\Src\stm32g4xx_it.c_save
2025-10-02 23:26:09,736 [INFO] CodeEngine:287 - Generated code: C:\create\MyProjects\IndependentResearch\LRA-Dynamics\NucleoG431KB-AFT14A903A\Core\Src\stm32g4xx_it.c
2025-10-02 23:26:09,744 [INFO] CodeEngine:263 - oldGeneratedFile, C:\create\MyProjects\IndependentResearch\LRA-Dynamics\NucleoG431KB-AFT14A903A\Core\Inc\stm32g4xx_it.h_save
2025-10-02 23:26:09,799 [INFO] CodeEngine:287 - Generated code: C:\create\MyProjects\IndependentResearch\LRA-Dynamics\NucleoG431KB-AFT14A903A\Core\Inc\stm32g4xx_it.h
2025-10-02 23:26:09,816 [INFO] CodeEngine:263 - oldGeneratedFile, C:\create\MyProjects\IndependentResearch\LRA-Dynamics\NucleoG431KB-AFT14A903A\Core\Src\stm32g4xx_hal_msp.c_save
2025-10-02 23:26:09,932 [INFO] CodeEngine:287 - Generated code: C:\create\MyProjects\IndependentResearch\LRA-Dynamics\NucleoG431KB-AFT14A903A\Core\Src\stm32g4xx_hal_msp.c
2025-10-02 23:26:09,939 [INFO] CodeEngine:263 - oldGeneratedFile, C:\create\MyProjects\IndependentResearch\LRA-Dynamics\NucleoG431KB-AFT14A903A\MXTmpFiles\system.tmp_save
2025-10-02 23:26:09,987 [INFO] CodeEngine:287 - Generated code: C:\create\MyProjects\IndependentResearch\LRA-Dynamics\NucleoG431KB-AFT14A903A\MXTmpFiles\system.tmp
2025-10-02 23:26:09,998 [INFO] CodeEngine:319 - oldGeneratedFile, C:\create\MyProjects\IndependentResearch\LRA-Dynamics\NucleoG431KB-AFT14A903A\Core\Inc\stm32g4xx_hal_conf.h_save
2025-10-02 23:26:10,056 [INFO] CodeEngine:343 - Generated code: C:\create\MyProjects\IndependentResearch\LRA-Dynamics\NucleoG431KB-AFT14A903A\Core\Inc\stm32g4xx_hal_conf.h
2025-10-02 23:26:10,074 [WARN] IPConfigManager:3217 - Warning: the RefConfig RCC_CommonPeriphClockConfig is not available in your config.xml file
2025-10-02 23:26:10,089 [INFO] ApiDbMcu:508 - Load IP Config File for TIM7
2025-10-02 23:26:10,091 [WARN] IPConfigManager:3790 - IP not found : TIM
2025-10-02 23:26:10,093 [WARN] CodeGenerator:4198 - IP not found : null
2025-10-02 23:26:10,104 [INFO] CodeEngine:263 - oldGeneratedFile, C:\create\MyProjects\IndependentResearch\LRA-Dynamics\NucleoG431KB-AFT14A903A\Core\Inc\main.h_save
2025-10-02 23:26:10,186 [INFO] CodeEngine:287 - Generated code: C:\create\MyProjects\IndependentResearch\LRA-Dynamics\NucleoG431KB-AFT14A903A\Core\Inc\main.h
2025-10-02 23:26:10,193 [INFO] CodeEngine:263 - oldGeneratedFile, C:\create\MyProjects\IndependentResearch\LRA-Dynamics\NucleoG431KB-AFT14A903A\Core\Src\main.c_save
2025-10-02 23:26:10,295 [INFO] CodeEngine:287 - Generated code: C:\create\MyProjects\IndependentResearch\LRA-Dynamics\NucleoG431KB-AFT14A903A\Core\Src\main.c
2025-10-02 23:26:10,647 [INFO] ProjectBuilder:3324 - Time for Copy HAL[1] : 222mS.
2025-10-02 23:26:10,650 [INFO] ProjectBuilder:4912 - Project Generator version: 4.6.0.1-B1
2025-10-02 23:26:10,738 [INFO] ConfigFileManager:1590 - The Die is : DIE468
2025-10-02 23:26:11,954 [INFO] ProjectBuilder:5191 - Time for Generating toolchain IDE Files: 1303mS.
2025-10-02 23:26:11,956 [INFO] ProjectBuilder:3181 - Time for Copy CMSIS : 0mS.
2025-10-02 23:26:11,960 [INFO] ProjectBuilder:3181 - Time for Copy CMSIS : 1mS.
2025-10-02 23:27:08,787 [INFO] NvicIntPanel:101 - NVIC parent = com.st.microxplorer.plugins.ip.nvic.MultiNvicIntPanel[,0,0,0x0,invalid,layout=javax.swing.BoxLayout,alignmentX=0.0,alignmentY=0.0,border=,flags=9,maximumSize=,minimumSize=,preferredSize=]
2025-10-02 23:27:09,751 [INFO] UtilMem:75 - End SaveConfig() Used Memory: 807850848 Bytes (1073741824)
2025-10-02 23:27:11,009 [INFO] UtilMem:75 - End SaveConfig() Used Memory: 829344608 Bytes (1073741824)
2025-10-02 23:27:11,643 [INFO] UtilMem:75 - End SaveConfig() Used Memory: 908514144 Bytes (1073741824)
2025-10-02 23:27:11,880 [INFO] BlockDiagram:2775 - set Specific Code input for plugin: DAC
2025-10-02 23:27:11,881 [INFO] BlockDiagram:2775 - set Specific Code input for plugin: TIM6_7G4
2025-10-02 23:27:11,881 [INFO] BlockDiagram:2775 - set Specific Code input for plugin: TIM1_8G4
2025-10-02 23:27:11,881 [INFO] BlockDiagram:2775 - set Specific Code input for plugin: TIM1_8G4
2025-10-02 23:27:11,881 [INFO] BlockDiagram:2775 - set Specific Code input for plugin: SYS
2025-10-02 23:27:11,881 [INFO] BlockDiagram:2775 - set Specific Code input for plugin: RCC
2025-10-02 23:27:11,882 [INFO] BlockDiagram:2775 - set Specific Code input for plugin: NVIC
2025-10-02 23:27:11,883 [INFO] BlockDiagram:2775 - set Specific Code input for plugin: GPIO
2025-10-02 23:27:11,885 [INFO] CodeGenerator:882 - code generatio: config db path: C:\ST\STM32CubeIDE_1.15.1\STM32CubeIDE\plugins\com.st.stm32cube.common.mx_6.14.1.202504091515\\db\
2025-10-02 23:27:11,977 [INFO] CodeEngine:263 - oldGeneratedFile, C:\create\MyProjects\IndependentResearch\LRA-Dynamics\NucleoG431KB-AFT14A903A\MXTmpFiles\license.tmp_save
2025-10-02 23:27:12,021 [INFO] CodeEngine:287 - Generated code: C:\create\MyProjects\IndependentResearch\LRA-Dynamics\NucleoG431KB-AFT14A903A\MXTmpFiles\license.tmp
2025-10-02 23:27:12,048 [INFO] CodeEngine:263 - oldGeneratedFile, C:\create\MyProjects\IndependentResearch\LRA-Dynamics\NucleoG431KB-AFT14A903A\MXTmpFiles\gpio.tmp_save
2025-10-02 23:27:12,096 [INFO] CodeEngine:287 - Generated code: C:\create\MyProjects\IndependentResearch\LRA-Dynamics\NucleoG431KB-AFT14A903A\MXTmpFiles\gpio.tmp
2025-10-02 23:27:12,265 [INFO] CodeEngine:263 - oldGeneratedFile, C:\create\MyProjects\IndependentResearch\LRA-Dynamics\NucleoG431KB-AFT14A903A\Core\Src\stm32g4xx_it.c_save
2025-10-02 23:27:12,337 [INFO] CodeEngine:287 - Generated code: C:\create\MyProjects\IndependentResearch\LRA-Dynamics\NucleoG431KB-AFT14A903A\Core\Src\stm32g4xx_it.c
2025-10-02 23:27:12,342 [INFO] CodeEngine:263 - oldGeneratedFile, C:\create\MyProjects\IndependentResearch\LRA-Dynamics\NucleoG431KB-AFT14A903A\Core\Inc\stm32g4xx_it.h_save
2025-10-02 23:27:12,390 [INFO] CodeEngine:287 - Generated code: C:\create\MyProjects\IndependentResearch\LRA-Dynamics\NucleoG431KB-AFT14A903A\Core\Inc\stm32g4xx_it.h
2025-10-02 23:27:12,401 [INFO] CodeEngine:263 - oldGeneratedFile, C:\create\MyProjects\IndependentResearch\LRA-Dynamics\NucleoG431KB-AFT14A903A\Core\Src\stm32g4xx_hal_msp.c_save
2025-10-02 23:27:12,481 [INFO] CodeEngine:287 - Generated code: C:\create\MyProjects\IndependentResearch\LRA-Dynamics\NucleoG431KB-AFT14A903A\Core\Src\stm32g4xx_hal_msp.c
2025-10-02 23:27:12,485 [INFO] CodeEngine:263 - oldGeneratedFile, C:\create\MyProjects\IndependentResearch\LRA-Dynamics\NucleoG431KB-AFT14A903A\MXTmpFiles\system.tmp_save
2025-10-02 23:27:12,528 [INFO] CodeEngine:287 - Generated code: C:\create\MyProjects\IndependentResearch\LRA-Dynamics\NucleoG431KB-AFT14A903A\MXTmpFiles\system.tmp
2025-10-02 23:27:12,536 [INFO] CodeEngine:319 - oldGeneratedFile, C:\create\MyProjects\IndependentResearch\LRA-Dynamics\NucleoG431KB-AFT14A903A\Core\Inc\stm32g4xx_hal_conf.h_save
2025-10-02 23:27:12,585 [INFO] CodeEngine:343 - Generated code: C:\create\MyProjects\IndependentResearch\LRA-Dynamics\NucleoG431KB-AFT14A903A\Core\Inc\stm32g4xx_hal_conf.h
2025-10-02 23:27:12,598 [WARN] IPConfigManager:3217 - Warning: the RefConfig RCC_CommonPeriphClockConfig is not available in your config.xml file
2025-10-02 23:27:12,599 [WARN] IPConfigManager:3790 - IP not found : TIM
2025-10-02 23:27:12,599 [WARN] CodeGenerator:4198 - IP not found : null
2025-10-02 23:27:12,607 [INFO] CodeEngine:263 - oldGeneratedFile, C:\create\MyProjects\IndependentResearch\LRA-Dynamics\NucleoG431KB-AFT14A903A\Core\Inc\main.h_save
2025-10-02 23:27:12,660 [INFO] CodeEngine:287 - Generated code: C:\create\MyProjects\IndependentResearch\LRA-Dynamics\NucleoG431KB-AFT14A903A\Core\Inc\main.h
2025-10-02 23:27:12,664 [INFO] CodeEngine:263 - oldGeneratedFile, C:\create\MyProjects\IndependentResearch\LRA-Dynamics\NucleoG431KB-AFT14A903A\Core\Src\main.c_save
2025-10-02 23:27:12,744 [INFO] CodeEngine:287 - Generated code: C:\create\MyProjects\IndependentResearch\LRA-Dynamics\NucleoG431KB-AFT14A903A\Core\Src\main.c
2025-10-02 23:27:13,150 [INFO] ProjectBuilder:3324 - Time for Copy HAL[1] : 223mS.
2025-10-02 23:27:13,154 [INFO] ProjectBuilder:4912 - Project Generator version: 4.6.0.1-B1
2025-10-02 23:27:13,252 [INFO] ConfigFileManager:1590 - The Die is : DIE468
2025-10-02 23:27:13,940 [INFO] ProjectBuilder:5191 - Time for Generating toolchain IDE Files: 786mS.
2025-10-02 23:27:13,941 [INFO] ProjectBuilder:3181 - Time for Copy CMSIS : 1mS.
2025-10-02 23:27:13,945 [INFO] ProjectBuilder:3181 - Time for Copy CMSIS : 0mS.
2025-10-02 23:29:59,781 [ERROR] LogOutputStream:75 - [STDERR_REDIRECT] java.lang.Error: no ComponentUI class for: com.st.microxplorer.plugins.ip.nvic.CheckBoxHeader[,0,0,0x0,invalid,alignmentX=0.0,alignmentY=0.0,border=,flags=0,maximumSize=,minimumSize=,preferredSize=,defaultIcon=,disabledIcon=,disabledSelectedIcon=,margin=null,paintBorder=true,paintFocus=true,pressedIcon=,rolloverEnabled=false,rolloverIcon=,rolloverSelectedIcon=,selectedIcon=,text=]
2025-10-02 23:29:59,783 [ERROR] LogOutputStream:75 - [STDERR_REDIRECT] 	at java.desktop/javax.swing.UIDefaults.getUIError(UIDefaults.java:763)
2025-10-02 23:29:59,784 [ERROR] LogOutputStream:75 - [STDERR_REDIRECT] 	at java.desktop/javax.swing.MultiUIDefaults.getUIError(MultiUIDefaults.java:144)
2025-10-02 23:29:59,784 [ERROR] LogOutputStream:75 - [STDERR_REDIRECT] 	at java.desktop/javax.swing.UIDefaults.getUI(UIDefaults.java:793)
2025-10-02 23:29:59,785 [ERROR] LogOutputStream:75 - [STDERR_REDIRECT] 	at java.desktop/javax.swing.UIManager.getUI(UIManager.java:1070)
2025-10-02 23:29:59,786 [ERROR] LogOutputStream:75 - [STDERR_REDIRECT] 	at java.desktop/javax.swing.JCheckBox.updateUI(JCheckBox.java:228)
2025-10-02 23:29:59,787 [ERROR] LogOutputStream:75 - [STDERR_REDIRECT] 	at java.desktop/javax.swing.AbstractButton.init(AbstractButton.java:2141)
2025-10-02 23:29:59,788 [ERROR] LogOutputStream:75 - [STDERR_REDIRECT] 	at java.desktop/javax.swing.JToggleButton.<init>(JToggleButton.java:187)
2025-10-02 23:29:59,789 [ERROR] LogOutputStream:75 - [STDERR_REDIRECT] 	at java.desktop/javax.swing.JCheckBox.<init>(JCheckBox.java:176)
2025-10-02 23:29:59,790 [ERROR] LogOutputStream:75 - [STDERR_REDIRECT] 	at java.desktop/javax.swing.JCheckBox.<init>(JCheckBox.java:97)
2025-10-02 23:29:59,791 [ERROR] LogOutputStream:75 - [STDERR_REDIRECT] 	at com.st.microxplorer.plugins.ip.nvic.CheckBoxHeader.<init>(CheckBoxHeader.java:55)
2025-10-02 23:29:59,792 [ERROR] LogOutputStream:75 - [STDERR_REDIRECT] 	at com.st.microxplorer.plugins.ip.nvic.NvicCodeSelectionTable.<init>(NvicCodeSelectionTable.java:75)
2025-10-02 23:29:59,793 [ERROR] LogOutputStream:75 - [STDERR_REDIRECT] 	at com.st.microxplorer.plugins.ip.nvic.NvicCodePanel.initComponents(NvicCodePanel.java:102)
2025-10-02 23:29:59,794 [ERROR] LogOutputStream:75 - [STDERR_REDIRECT] 	at com.st.microxplorer.plugins.ip.nvic.NvicCodePanel.<init>(NvicCodePanel.java:78)
2025-10-02 23:29:59,795 [ERROR] LogOutputStream:75 - [STDERR_REDIRECT] 	at com.st.microxplorer.plugins.ip.nvic.NvicTabbedPanel.<init>(NvicTabbedPanel.java:57)
2025-10-02 23:29:59,796 [ERROR] LogOutputStream:75 - [STDERR_REDIRECT] 	at com.st.microxplorer.plugins.ip.nvic.Nvic.getUI(Nvic.java:73)
2025-10-02 23:29:59,797 [ERROR] LogOutputStream:75 - [STDERR_REDIRECT] 	at com.st.microxplorer.plugins.ipmanager.gui.BlockDiagram.createIpPanel(BlockDiagram.java:402)
2025-10-02 23:29:59,798 [ERROR] LogOutputStream:75 - [STDERR_REDIRECT] 	at com.st.microxplorer.plugins.ipmanager.gui.BlockDiagram.getIPConfigPanel(BlockDiagram.java:552)
2025-10-02 23:29:59,799 [ERROR] LogOutputStream:75 - [STDERR_REDIRECT] 	at com.st.microxplorer.plugins.ipmanager.gui.BlockDiagram.getIPConfigPanel(BlockDiagram.java:458)
2025-10-02 23:29:59,800 [ERROR] LogOutputStream:75 - [STDERR_REDIRECT] 	at com.st.microxplorer.plugins.ipmanager.gui.BlockDiagram.propertyChange(BlockDiagram.java:1389)
2025-10-02 23:29:59,801 [ERROR] LogOutputStream:75 - [STDERR_REDIRECT] 	at java.desktop/java.beans.PropertyChangeSupport.fire(PropertyChangeSupport.java:343)
2025-10-02 23:29:59,803 [ERROR] LogOutputStream:75 - [STDERR_REDIRECT] 	at java.desktop/java.beans.PropertyChangeSupport.firePropertyChange(PropertyChangeSupport.java:335)
2025-10-02 23:29:59,805 [ERROR] LogOutputStream:75 - [STDERR_REDIRECT] 	at java.desktop/java.beans.PropertyChangeSupport.firePropertyChange(PropertyChangeSupport.java:268)
2025-10-02 23:29:59,806 [ERROR] LogOutputStream:75 - [STDERR_REDIRECT] 	at com.st.microxplorer.util.MXPropertyChangeSupport.firePropertyChange(MXPropertyChangeSupport.java:54)
2025-10-02 23:29:59,806 [ERROR] LogOutputStream:75 - [STDERR_REDIRECT] 	at com.st.microxplorer.mxsystem.MxSystem.firePropertyChange(MxSystem.java:357)
2025-10-02 23:29:59,808 [ERROR] LogOutputStream:75 - [STDERR_REDIRECT] 	at com.st.microxplorer.plugins.pinoutconfig.guiV5.PeripheralsSelectionPanel.selectIP(PeripheralsSelectionPanel.java:409)
2025-10-02 23:29:59,809 [ERROR] LogOutputStream:75 - [STDERR_REDIRECT] 	at com.st.microxplorer.plugins.pinoutconfig.guiV5.PeripheralsListListener.mouseClicked(PeripheralsListListener.java:103)
2025-10-02 23:29:59,810 [ERROR] LogOutputStream:75 - [STDERR_REDIRECT] 	at java.desktop/java.awt.AWTEventMulticaster.mouseClicked(AWTEventMulticaster.java:278)
2025-10-02 23:29:59,810 [ERROR] LogOutputStream:75 - [STDERR_REDIRECT] 	at java.desktop/java.awt.Component.processMouseEvent(Component.java:6624)
2025-10-02 23:29:59,811 [ERROR] LogOutputStream:75 - [STDERR_REDIRECT] 	at java.desktop/javax.swing.JComponent.processMouseEvent(JComponent.java:3398)
2025-10-02 23:29:59,812 [ERROR] LogOutputStream:75 - [STDERR_REDIRECT] 	at java.desktop/java.awt.Component.processEvent(Component.java:6386)
2025-10-02 23:29:59,813 [ERROR] LogOutputStream:75 - [STDERR_REDIRECT] 	at java.desktop/java.awt.Container.processEvent(Container.java:2266)
2025-10-02 23:29:59,813 [ERROR] LogOutputStream:75 - [STDERR_REDIRECT] 	at java.desktop/java.awt.Component.dispatchEventImpl(Component.java:4996)
2025-10-02 23:29:59,814 [ERROR] LogOutputStream:75 - [STDERR_REDIRECT] 	at java.desktop/java.awt.Container.dispatchEventImpl(Container.java:2324)
2025-10-02 23:29:59,815 [ERROR] LogOutputStream:75 - [STDERR_REDIRECT] 	at java.desktop/java.awt.Component.dispatchEvent(Component.java:4828)
2025-10-02 23:29:59,816 [ERROR] LogOutputStream:75 - [STDERR_REDIRECT] 	at java.desktop/java.awt.LightweightDispatcher.retargetMouseEvent(Container.java:4948)
2025-10-02 23:29:59,816 [ERROR] LogOutputStream:75 - [STDERR_REDIRECT] 	at java.desktop/java.awt.LightweightDispatcher.processMouseEvent(Container.java:4584)
2025-10-02 23:29:59,817 [ERROR] LogOutputStream:75 - [STDERR_REDIRECT] 	at java.desktop/java.awt.LightweightDispatcher.dispatchEvent(Container.java:4516)
2025-10-02 23:29:59,817 [ERROR] LogOutputStream:75 - [STDERR_REDIRECT] 	at java.desktop/java.awt.Container.dispatchEventImpl(Container.java:2310)
2025-10-02 23:29:59,819 [ERROR] LogOutputStream:75 - [STDERR_REDIRECT] 	at java.desktop/java.awt.Component.dispatchEvent(Component.java:4828)
2025-10-02 23:29:59,820 [ERROR] LogOutputStream:75 - [STDERR_REDIRECT] 	at java.desktop/java.awt.EventQueue.dispatchEventImpl(EventQueue.java:775)
2025-10-02 23:29:59,821 [ERROR] LogOutputStream:75 - [STDERR_REDIRECT] 	at java.desktop/java.awt.EventQueue$4.run(EventQueue.java:720)
2025-10-02 23:29:59,822 [ERROR] LogOutputStream:75 - [STDERR_REDIRECT] 	at java.desktop/java.awt.EventQueue$4.run(EventQueue.java:714)
2025-10-02 23:29:59,823 [ERROR] LogOutputStream:75 - [STDERR_REDIRECT] 	at java.base/java.security.AccessController.doPrivileged(AccessController.java:400)
2025-10-02 23:29:59,824 [ERROR] LogOutputStream:75 - [STDERR_REDIRECT] 	at java.base/java.security.ProtectionDomain$JavaSecurityAccessImpl.doIntersectionPrivilege(ProtectionDomain.java:87)
2025-10-02 23:29:59,825 [ERROR] LogOutputStream:75 - [STDERR_REDIRECT] 	at java.base/java.security.ProtectionDomain$JavaSecurityAccessImpl.doIntersectionPrivilege(ProtectionDomain.java:98)
2025-10-02 23:29:59,826 [ERROR] LogOutputStream:75 - [STDERR_REDIRECT] 	at java.desktop/java.awt.EventQueue$5.run(EventQueue.java:747)
2025-10-02 23:29:59,827 [ERROR] LogOutputStream:75 - [STDERR_REDIRECT] 	at java.desktop/java.awt.EventQueue$5.run(EventQueue.java:745)
2025-10-02 23:29:59,827 [ERROR] LogOutputStream:75 - [STDERR_REDIRECT] 	at java.base/java.security.AccessController.doPrivileged(AccessController.java:400)
2025-10-02 23:29:59,829 [ERROR] LogOutputStream:75 - [STDERR_REDIRECT] 	at java.base/java.security.ProtectionDomain$JavaSecurityAccessImpl.doIntersectionPrivilege(ProtectionDomain.java:87)
2025-10-02 23:29:59,829 [ERROR] LogOutputStream:75 - [STDERR_REDIRECT] 	at java.desktop/java.awt.EventQueue.dispatchEvent(EventQueue.java:744)
2025-10-02 23:29:59,830 [ERROR] LogOutputStream:75 - [STDERR_REDIRECT] 	at java.desktop/java.awt.EventDispatchThread.pumpOneEventForFilters(EventDispatchThread.java:203)
2025-10-02 23:29:59,831 [ERROR] LogOutputStream:75 - [STDERR_REDIRECT] 	at java.desktop/java.awt.EventDispatchThread.pumpEventsForFilter(EventDispatchThread.java:124)
2025-10-02 23:29:59,832 [ERROR] LogOutputStream:75 - [STDERR_REDIRECT] 	at java.desktop/java.awt.EventDispatchThread.pumpEventsForHierarchy(EventDispatchThread.java:113)
2025-10-02 23:29:59,833 [ERROR] LogOutputStream:75 - [STDERR_REDIRECT] 	at java.desktop/java.awt.EventDispatchThread.pumpEvents(EventDispatchThread.java:109)
2025-10-02 23:29:59,834 [ERROR] LogOutputStream:75 - [STDERR_REDIRECT] 	at java.desktop/java.awt.EventDispatchThread.pumpEvents(EventDispatchThread.java:101)
2025-10-02 23:29:59,835 [ERROR] LogOutputStream:75 - [STDERR_REDIRECT] 	at java.desktop/java.awt.EventDispatchThread.run(EventDispatchThread.java:90)
2025-10-02 23:29:59,839 [ERROR] LogOutputStream:75 - [STDERR_REDIRECT] java.lang.Error: no ComponentUI class for: com.st.microxplorer.plugins.ip.nvic.CheckBoxHeader[,0,0,0x0,invalid,alignmentX=0.0,alignmentY=0.0,border=,flags=0,maximumSize=,minimumSize=,preferredSize=,defaultIcon=,disabledIcon=,disabledSelectedIcon=,margin=null,paintBorder=true,paintFocus=true,pressedIcon=,rolloverEnabled=false,rolloverIcon=,rolloverSelectedIcon=,selectedIcon=,text=]
2025-10-02 23:29:59,841 [ERROR] LogOutputStream:75 - [STDERR_REDIRECT] 	at java.desktop/javax.swing.UIDefaults.getUIError(UIDefaults.java:763)
2025-10-02 23:29:59,841 [ERROR] LogOutputStream:75 - [STDERR_REDIRECT] 	at java.desktop/javax.swing.MultiUIDefaults.getUIError(MultiUIDefaults.java:144)
2025-10-02 23:29:59,842 [ERROR] LogOutputStream:75 - [STDERR_REDIRECT] 	at java.desktop/javax.swing.UIDefaults.getUI(UIDefaults.java:793)
2025-10-02 23:29:59,843 [ERROR] LogOutputStream:75 - [STDERR_REDIRECT] 	at java.desktop/javax.swing.UIManager.getUI(UIManager.java:1070)
2025-10-02 23:29:59,843 [ERROR] LogOutputStream:75 - [STDERR_REDIRECT] 	at java.desktop/javax.swing.JCheckBox.updateUI(JCheckBox.java:228)
2025-10-02 23:29:59,844 [ERROR] LogOutputStream:75 - [STDERR_REDIRECT] 	at java.desktop/javax.swing.AbstractButton.init(AbstractButton.java:2141)
2025-10-02 23:29:59,845 [ERROR] LogOutputStream:75 - [STDERR_REDIRECT] 	at java.desktop/javax.swing.JToggleButton.<init>(JToggleButton.java:187)
2025-10-02 23:29:59,845 [ERROR] LogOutputStream:75 - [STDERR_REDIRECT] 	at java.desktop/javax.swing.JCheckBox.<init>(JCheckBox.java:176)
2025-10-02 23:29:59,846 [ERROR] LogOutputStream:75 - [STDERR_REDIRECT] 	at java.desktop/javax.swing.JCheckBox.<init>(JCheckBox.java:97)
2025-10-02 23:29:59,847 [ERROR] LogOutputStream:75 - [STDERR_REDIRECT] 	at com.st.microxplorer.plugins.ip.nvic.CheckBoxHeader.<init>(CheckBoxHeader.java:55)
2025-10-02 23:29:59,860 [ERROR] LogOutputStream:75 - [STDERR_REDIRECT] 	at com.st.microxplorer.plugins.ip.nvic.NvicCodeSelectionTable.<init>(NvicCodeSelectionTable.java:78)
2025-10-02 23:29:59,861 [ERROR] LogOutputStream:75 - [STDERR_REDIRECT] 	at com.st.microxplorer.plugins.ip.nvic.NvicCodePanel.initComponents(NvicCodePanel.java:102)
2025-10-02 23:29:59,862 [ERROR] LogOutputStream:75 - [STDERR_REDIRECT] 	at com.st.microxplorer.plugins.ip.nvic.NvicCodePanel.<init>(NvicCodePanel.java:78)
2025-10-02 23:29:59,863 [ERROR] LogOutputStream:75 - [STDERR_REDIRECT] 	at com.st.microxplorer.plugins.ip.nvic.NvicTabbedPanel.<init>(NvicTabbedPanel.java:57)
2025-10-02 23:29:59,863 [ERROR] LogOutputStream:75 - [STDERR_REDIRECT] 	at com.st.microxplorer.plugins.ip.nvic.Nvic.getUI(Nvic.java:73)
2025-10-02 23:29:59,864 [ERROR] LogOutputStream:75 - [STDERR_REDIRECT] 	at com.st.microxplorer.plugins.ipmanager.gui.BlockDiagram.createIpPanel(BlockDiagram.java:402)
2025-10-02 23:29:59,867 [ERROR] LogOutputStream:75 - [STDERR_REDIRECT] 	at com.st.microxplorer.plugins.ipmanager.gui.BlockDiagram.getIPConfigPanel(BlockDiagram.java:552)
2025-10-02 23:29:59,868 [ERROR] LogOutputStream:75 - [STDERR_REDIRECT] 	at com.st.microxplorer.plugins.ipmanager.gui.BlockDiagram.getIPConfigPanel(BlockDiagram.java:458)
2025-10-02 23:29:59,869 [ERROR] LogOutputStream:75 - [STDERR_REDIRECT] 	at com.st.microxplorer.plugins.ipmanager.gui.BlockDiagram.propertyChange(BlockDiagram.java:1389)
2025-10-02 23:29:59,870 [ERROR] LogOutputStream:75 - [STDERR_REDIRECT] 	at java.desktop/java.beans.PropertyChangeSupport.fire(PropertyChangeSupport.java:343)
2025-10-02 23:29:59,873 [ERROR] LogOutputStream:75 - [STDERR_REDIRECT] 	at java.desktop/java.beans.PropertyChangeSupport.firePropertyChange(PropertyChangeSupport.java:335)
2025-10-02 23:29:59,874 [ERROR] LogOutputStream:75 - [STDERR_REDIRECT] 	at java.desktop/java.beans.PropertyChangeSupport.firePropertyChange(PropertyChangeSupport.java:268)
2025-10-02 23:29:59,875 [ERROR] LogOutputStream:75 - [STDERR_REDIRECT] 	at com.st.microxplorer.util.MXPropertyChangeSupport.firePropertyChange(MXPropertyChangeSupport.java:54)
2025-10-02 23:29:59,876 [ERROR] LogOutputStream:75 - [STDERR_REDIRECT] 	at com.st.microxplorer.mxsystem.MxSystem.firePropertyChange(MxSystem.java:357)
2025-10-02 23:29:59,877 [ERROR] LogOutputStream:75 - [STDERR_REDIRECT] 	at com.st.microxplorer.plugins.pinoutconfig.guiV5.PeripheralsSelectionPanel.selectIP(PeripheralsSelectionPanel.java:409)
2025-10-02 23:29:59,878 [ERROR] LogOutputStream:75 - [STDERR_REDIRECT] 	at com.st.microxplorer.plugins.pinoutconfig.guiV5.PeripheralsListListener.mouseClicked(PeripheralsListListener.java:103)
2025-10-02 23:29:59,879 [ERROR] LogOutputStream:75 - [STDERR_REDIRECT] 	at java.desktop/java.awt.AWTEventMulticaster.mouseClicked(AWTEventMulticaster.java:278)
2025-10-02 23:29:59,879 [ERROR] LogOutputStream:75 - [STDERR_REDIRECT] 	at java.desktop/java.awt.Component.processMouseEvent(Component.java:6624)
2025-10-02 23:29:59,880 [ERROR] LogOutputStream:75 - [STDERR_REDIRECT] 	at java.desktop/javax.swing.JComponent.processMouseEvent(JComponent.java:3398)
2025-10-02 23:29:59,881 [ERROR] LogOutputStream:75 - [STDERR_REDIRECT] 	at java.desktop/java.awt.Component.processEvent(Component.java:6386)
2025-10-02 23:29:59,881 [ERROR] LogOutputStream:75 - [STDERR_REDIRECT] 	at java.desktop/java.awt.Container.processEvent(Container.java:2266)
2025-10-02 23:29:59,882 [ERROR] LogOutputStream:75 - [STDERR_REDIRECT] 	at java.desktop/java.awt.Component.dispatchEventImpl(Component.java:4996)
2025-10-02 23:29:59,883 [ERROR] LogOutputStream:75 - [STDERR_REDIRECT] 	at java.desktop/java.awt.Container.dispatchEventImpl(Container.java:2324)
2025-10-02 23:29:59,883 [ERROR] LogOutputStream:75 - [STDERR_REDIRECT] 	at java.desktop/java.awt.Component.dispatchEvent(Component.java:4828)
2025-10-02 23:29:59,884 [ERROR] LogOutputStream:75 - [STDERR_REDIRECT] 	at java.desktop/java.awt.LightweightDispatcher.retargetMouseEvent(Container.java:4948)
2025-10-02 23:29:59,885 [ERROR] LogOutputStream:75 - [STDERR_REDIRECT] 	at java.desktop/java.awt.LightweightDispatcher.processMouseEvent(Container.java:4584)
2025-10-02 23:29:59,886 [ERROR] LogOutputStream:75 - [STDERR_REDIRECT] 	at java.desktop/java.awt.LightweightDispatcher.dispatchEvent(Container.java:4516)
2025-10-02 23:29:59,887 [ERROR] LogOutputStream:75 - [STDERR_REDIRECT] 	at java.desktop/java.awt.Container.dispatchEventImpl(Container.java:2310)
2025-10-02 23:29:59,888 [ERROR] LogOutputStream:75 - [STDERR_REDIRECT] 	at java.desktop/java.awt.Component.dispatchEvent(Component.java:4828)
2025-10-02 23:29:59,889 [ERROR] LogOutputStream:75 - [STDERR_REDIRECT] 	at java.desktop/java.awt.EventQueue.dispatchEventImpl(EventQueue.java:775)
2025-10-02 23:29:59,890 [ERROR] LogOutputStream:75 - [STDERR_REDIRECT] 	at java.desktop/java.awt.EventQueue$4.run(EventQueue.java:720)
2025-10-02 23:29:59,890 [ERROR] LogOutputStream:75 - [STDERR_REDIRECT] 	at java.desktop/java.awt.EventQueue$4.run(EventQueue.java:714)
2025-10-02 23:29:59,891 [ERROR] LogOutputStream:75 - [STDERR_REDIRECT] 	at java.base/java.security.AccessController.doPrivileged(AccessController.java:400)
2025-10-02 23:29:59,892 [ERROR] LogOutputStream:75 - [STDERR_REDIRECT] 	at java.base/java.security.ProtectionDomain$JavaSecurityAccessImpl.doIntersectionPrivilege(ProtectionDomain.java:87)
2025-10-02 23:29:59,893 [ERROR] LogOutputStream:75 - [STDERR_REDIRECT] 	at java.base/java.security.ProtectionDomain$JavaSecurityAccessImpl.doIntersectionPrivilege(ProtectionDomain.java:98)
2025-10-02 23:29:59,894 [ERROR] LogOutputStream:75 - [STDERR_REDIRECT] 	at java.desktop/java.awt.EventQueue$5.run(EventQueue.java:747)
2025-10-02 23:29:59,894 [ERROR] LogOutputStream:75 - [STDERR_REDIRECT] 	at java.desktop/java.awt.EventQueue$5.run(EventQueue.java:745)
2025-10-02 23:29:59,895 [ERROR] LogOutputStream:75 - [STDERR_REDIRECT] 	at java.base/java.security.AccessController.doPrivileged(AccessController.java:400)
2025-10-02 23:29:59,896 [ERROR] LogOutputStream:75 - [STDERR_REDIRECT] 	at java.base/java.security.ProtectionDomain$JavaSecurityAccessImpl.doIntersectionPrivilege(ProtectionDomain.java:87)
2025-10-02 23:29:59,897 [ERROR] LogOutputStream:75 - [STDERR_REDIRECT] 	at java.desktop/java.awt.EventQueue.dispatchEvent(EventQueue.java:744)
2025-10-02 23:29:59,897 [ERROR] LogOutputStream:75 - [STDERR_REDIRECT] 	at java.desktop/java.awt.EventDispatchThread.pumpOneEventForFilters(EventDispatchThread.java:203)
2025-10-02 23:29:59,898 [ERROR] LogOutputStream:75 - [STDERR_REDIRECT] 	at java.desktop/java.awt.EventDispatchThread.pumpEventsForFilter(EventDispatchThread.java:124)
2025-10-02 23:29:59,899 [ERROR] LogOutputStream:75 - [STDERR_REDIRECT] 	at java.desktop/java.awt.EventDispatchThread.pumpEventsForHierarchy(EventDispatchThread.java:113)
2025-10-02 23:29:59,900 [ERROR] LogOutputStream:75 - [STDERR_REDIRECT] 	at java.desktop/java.awt.EventDispatchThread.pumpEvents(EventDispatchThread.java:109)
2025-10-02 23:29:59,901 [ERROR] LogOutputStream:75 - [STDERR_REDIRECT] 	at java.desktop/java.awt.EventDispatchThread.pumpEvents(EventDispatchThread.java:101)
2025-10-02 23:29:59,901 [ERROR] LogOutputStream:75 - [STDERR_REDIRECT] 	at java.desktop/java.awt.EventDispatchThread.run(EventDispatchThread.java:90)
2025-10-02 23:30:21,069 [INFO] UtilMem:75 - End SaveConfig() Used Memory: 841664088 Bytes (1073741824)
2025-10-02 23:30:22,905 [INFO] UtilMem:75 - End SaveConfig() Used Memory: 863310976 Bytes (1073741824)
2025-10-02 23:30:23,443 [INFO] UtilMem:75 - End SaveConfig() Used Memory: 906824832 Bytes (1073741824)
2025-10-02 23:30:23,695 [INFO] BlockDiagram:2775 - set Specific Code input for plugin: DAC
2025-10-02 23:30:23,695 [INFO] BlockDiagram:2775 - set Specific Code input for plugin: TIM6_7G4
2025-10-02 23:30:23,695 [INFO] BlockDiagram:2775 - set Specific Code input for plugin: TIM1_8G4
2025-10-02 23:30:23,695 [INFO] BlockDiagram:2775 - set Specific Code input for plugin: TIM1_8G4
2025-10-02 23:30:23,695 [INFO] BlockDiagram:2775 - set Specific Code input for plugin: SYS
2025-10-02 23:30:23,695 [INFO] BlockDiagram:2775 - set Specific Code input for plugin: RCC
2025-10-02 23:30:23,695 [INFO] BlockDiagram:2775 - set Specific Code input for plugin: NVIC
2025-10-02 23:30:23,696 [INFO] BlockDiagram:2775 - set Specific Code input for plugin: GPIO
2025-10-02 23:30:23,696 [INFO] CodeGenerator:882 - code generatio: config db path: C:\ST\STM32CubeIDE_1.15.1\STM32CubeIDE\plugins\com.st.stm32cube.common.mx_6.14.1.202504091515\\db\
2025-10-02 23:30:23,791 [INFO] CodeEngine:263 - oldGeneratedFile, C:\create\MyProjects\IndependentResearch\LRA-Dynamics\NucleoG431KB-AFT14A903A\MXTmpFiles\license.tmp_save
2025-10-02 23:30:23,834 [INFO] CodeEngine:287 - Generated code: C:\create\MyProjects\IndependentResearch\LRA-Dynamics\NucleoG431KB-AFT14A903A\MXTmpFiles\license.tmp
2025-10-02 23:30:23,861 [INFO] CodeEngine:263 - oldGeneratedFile, C:\create\MyProjects\IndependentResearch\LRA-Dynamics\NucleoG431KB-AFT14A903A\MXTmpFiles\gpio.tmp_save
2025-10-02 23:30:23,911 [INFO] CodeEngine:287 - Generated code: C:\create\MyProjects\IndependentResearch\LRA-Dynamics\NucleoG431KB-AFT14A903A\MXTmpFiles\gpio.tmp
2025-10-02 23:30:24,107 [INFO] CodeEngine:263 - oldGeneratedFile, C:\create\MyProjects\IndependentResearch\LRA-Dynamics\NucleoG431KB-AFT14A903A\Core\Src\stm32g4xx_it.c_save
2025-10-02 23:30:24,165 [INFO] CodeEngine:287 - Generated code: C:\create\MyProjects\IndependentResearch\LRA-Dynamics\NucleoG431KB-AFT14A903A\Core\Src\stm32g4xx_it.c
2025-10-02 23:30:24,169 [INFO] CodeEngine:263 - oldGeneratedFile, C:\create\MyProjects\IndependentResearch\LRA-Dynamics\NucleoG431KB-AFT14A903A\Core\Inc\stm32g4xx_it.h_save
2025-10-02 23:30:24,215 [INFO] CodeEngine:287 - Generated code: C:\create\MyProjects\IndependentResearch\LRA-Dynamics\NucleoG431KB-AFT14A903A\Core\Inc\stm32g4xx_it.h
2025-10-02 23:30:24,226 [INFO] CodeEngine:263 - oldGeneratedFile, C:\create\MyProjects\IndependentResearch\LRA-Dynamics\NucleoG431KB-AFT14A903A\Core\Src\stm32g4xx_hal_msp.c_save
2025-10-02 23:30:24,315 [INFO] CodeEngine:287 - Generated code: C:\create\MyProjects\IndependentResearch\LRA-Dynamics\NucleoG431KB-AFT14A903A\Core\Src\stm32g4xx_hal_msp.c
2025-10-02 23:30:24,322 [INFO] CodeEngine:263 - oldGeneratedFile, C:\create\MyProjects\IndependentResearch\LRA-Dynamics\NucleoG431KB-AFT14A903A\MXTmpFiles\system.tmp_save
2025-10-02 23:30:24,365 [INFO] CodeEngine:287 - Generated code: C:\create\MyProjects\IndependentResearch\LRA-Dynamics\NucleoG431KB-AFT14A903A\MXTmpFiles\system.tmp
2025-10-02 23:30:24,375 [INFO] CodeEngine:319 - oldGeneratedFile, C:\create\MyProjects\IndependentResearch\LRA-Dynamics\NucleoG431KB-AFT14A903A\Core\Inc\stm32g4xx_hal_conf.h_save
2025-10-02 23:30:24,430 [INFO] CodeEngine:343 - Generated code: C:\create\MyProjects\IndependentResearch\LRA-Dynamics\NucleoG431KB-AFT14A903A\Core\Inc\stm32g4xx_hal_conf.h
2025-10-02 23:30:24,441 [WARN] IPConfigManager:3217 - Warning: the RefConfig RCC_CommonPeriphClockConfig is not available in your config.xml file
2025-10-02 23:30:24,442 [WARN] IPConfigManager:3790 - IP not found : TIM
2025-10-02 23:30:24,443 [WARN] CodeGenerator:4198 - IP not found : null
2025-10-02 23:30:24,450 [INFO] CodeEngine:263 - oldGeneratedFile, C:\create\MyProjects\IndependentResearch\LRA-Dynamics\NucleoG431KB-AFT14A903A\Core\Inc\main.h_save
2025-10-02 23:30:24,502 [INFO] CodeEngine:287 - Generated code: C:\create\MyProjects\IndependentResearch\LRA-Dynamics\NucleoG431KB-AFT14A903A\Core\Inc\main.h
2025-10-02 23:30:24,508 [INFO] CodeEngine:263 - oldGeneratedFile, C:\create\MyProjects\IndependentResearch\LRA-Dynamics\NucleoG431KB-AFT14A903A\Core\Src\main.c_save
2025-10-02 23:30:24,589 [INFO] CodeEngine:287 - Generated code: C:\create\MyProjects\IndependentResearch\LRA-Dynamics\NucleoG431KB-AFT14A903A\Core\Src\main.c
2025-10-02 23:30:24,995 [INFO] ProjectBuilder:3324 - Time for Copy HAL[1] : 236mS.
2025-10-02 23:30:24,999 [INFO] ProjectBuilder:4912 - Project Generator version: 4.6.0.1-B1
2025-10-02 23:30:25,104 [INFO] ConfigFileManager:1590 - The Die is : DIE468
2025-10-02 23:30:25,756 [INFO] ProjectBuilder:5191 - Time for Generating toolchain IDE Files: 757mS.
2025-10-02 23:30:25,758 [INFO] ProjectBuilder:3181 - Time for Copy CMSIS : 0mS.
2025-10-02 23:30:25,761 [INFO] ProjectBuilder:3181 - Time for Copy CMSIS : 0mS.
2025-10-02 23:49:47,030 [ERROR] LogOutputStream:75 - [STDERR_REDIRECT] 
